
software.elf:     file format elf32-littleriscv


Disassembly of section .text:

40000000 <_ftext>:
40000000:	4610106f          	j	  40001c60 <crt_init>
40000004:	00000013          	nop
40000008:	00000013          	nop
4000000c:	00000013          	nop
40000010:	00000013          	nop
40000014:	00000013          	nop
40000018:	00000013          	nop
4000001c:	00000013          	nop

40000020 <trap_handler>:
40000020:	34202773          	csrr	  a4,mcause
40000024:	00200793          	li	  a5,2
40000028:	02f70063          	beq	  a4,a5,40000048 <trap_handler+0x28>
4000002c:	fc0027f3          	csrr	  a5,0xfc0
40000030:	bc002773          	csrr	  a4,0xbc0
40000034:	00e7f7b3          	and	  a5,a5,a4
40000038:	0017f793          	andi	  a5,a5,1
4000003c:	00079463          	bnez	  a5,40000044 <trap_handler+0x24>
40000040:	00008067          	ret
40000044:	4990106f          	j	  40001cdc <uart_isr>
40000048:	4b90006f          	j	  40000d00 <instruction_handler>

4000004c <init_runtime>:
4000004c:	00000793          	li	  a5,0
40000050:	bc079073          	csrw	  0xbc0,a5
40000054:	30046073          	csrsi	  mstatus,8
40000058:	6350106f          	j	  40001e8c <uart_init>

4000005c <read_val>:
4000005c:	00050593          	mv	  a1,a0
40000060:	40004537          	lui	  a0,0x40004
40000064:	f8010113          	addi	  sp,sp,-128
40000068:	ac850513          	addi	  a0,a0,-1336 # 40003ac8 <_etext>
4000006c:	06112e23          	sw	  ra,124(sp)
40000070:	06812c23          	sw	  s0,120(sp)
40000074:	06912a23          	sw	  s1,116(sp)
40000078:	07212823          	sw	  s2,112(sp)
4000007c:	07312623          	sw	  s3,108(sp)
40000080:	7dd020ef          	jal	  ra,4000305c <printf>
40000084:	7cd020ef          	jal	  ra,40003050 <getchar>
40000088:	0ff57793          	andi	  a5,a0,255
4000008c:	00000413          	li	  s0,0
40000090:	00d00493          	li	  s1,13
40000094:	00a00913          	li	  s2,10
40000098:	05000993          	li	  s3,80
4000009c:	0280006f          	j	  400000c4 <read_val+0x68>
400000a0:	03278663          	beq	  a5,s2,400000cc <read_val+0x70>
400000a4:	00140413          	addi	  s0,s0,1
400000a8:	00c10713          	addi	  a4,sp,12
400000ac:	00870733          	add	  a4,a4,s0
400000b0:	fef70fa3          	sb	  a5,-1(a4)
400000b4:	7f1020ef          	jal	  ra,400030a4 <putchar>
400000b8:	799020ef          	jal	  ra,40003050 <getchar>
400000bc:	0ff57793          	andi	  a5,a0,255
400000c0:	01340663          	beq	  s0,s3,400000cc <read_val+0x70>
400000c4:	00078513          	mv	  a0,a5
400000c8:	fc979ce3          	bne	  a5,s1,400000a0 <read_val+0x44>
400000cc:	06010793          	addi	  a5,sp,96
400000d0:	00878433          	add	  s0,a5,s0
400000d4:	00a00513          	li	  a0,10
400000d8:	fa040623          	sb	  zero,-84(s0)
400000dc:	7c9020ef          	jal	  ra,400030a4 <putchar>
400000e0:	00c10513          	addi	  a0,sp,12
400000e4:	00000613          	li	  a2,0
400000e8:	00000593          	li	  a1,0
400000ec:	72d020ef          	jal	  ra,40003018 <strtol>
400000f0:	07c12083          	lw	  ra,124(sp)
400000f4:	07812403          	lw	  s0,120(sp)
400000f8:	07412483          	lw	  s1,116(sp)
400000fc:	07012903          	lw	  s2,112(sp)
40000100:	06c12983          	lw	  s3,108(sp)
40000104:	08010113          	addi	  sp,sp,128
40000108:	00008067          	ret

4000010c <do_increment_mem>:
4000010c:	ffffe337          	lui	  t1,0xffffe
40000110:	fe010113          	addi	  sp,sp,-32
40000114:	40004537          	lui	  a0,0x40004
40000118:	00112e23          	sw	  ra,28(sp)
4000011c:	ad050513          	addi	  a0,a0,-1328 # 40003ad0 <_etext+0x8>
40000120:	00610133          	add	  sp,sp,t1
40000124:	78d020ef          	jal	  ra,400030b0 <puts>
40000128:	b00028f3          	csrr	  a7,mcycle
4000012c:	00002737          	lui	  a4,0x2
40000130:	01010693          	addi	  a3,sp,16
40000134:	00d70733          	add	  a4,a4,a3
40000138:	ffffe7b7          	lui	  a5,0xffffe
4000013c:	00f707b3          	add	  a5,a4,a5
40000140:	00f12623          	sw	  a5,12(sp)
40000144:	00078513          	mv	  a0,a5
40000148:	00000693          	li	  a3,0
4000014c:	00000593          	li	  a1,0
40000150:	00070613          	mv	  a2,a4
40000154:	00800813          	li	  a6,8
40000158:	00c12783          	lw	  a5,12(sp)
4000015c:	0007a703          	lw	  a4,0(a5) # ffffe000 <_fstack+0xafffe004>
40000160:	00478793          	addi	  a5,a5,4
40000164:	00d70733          	add	  a4,a4,a3
40000168:	fee7ae23          	sw	  a4,-4(a5)
4000016c:	fec798e3          	bne	  a5,a2,4000015c <do_increment_mem+0x50>
40000170:	00052783          	lw	  a5,0(a0)
40000174:	00168693          	addi	  a3,a3,1
40000178:	00450513          	addi	  a0,a0,4
4000017c:	00f585b3          	add	  a1,a1,a5
40000180:	fd069ce3          	bne	  a3,a6,40000158 <do_increment_mem+0x4c>
40000184:	b0002673          	csrr	  a2,mcycle
40000188:	41160633          	sub	  a2,a2,a7
4000018c:	41f65693          	srai	  a3,a2,0x1f
40000190:	00002337          	lui	  t1,0x2
40000194:	01269693          	slli	  a3,a3,0x12
40000198:	00610133          	add	  sp,sp,t1
4000019c:	01c12083          	lw	  ra,28(sp)
400001a0:	0126d693          	srli	  a3,a3,0x12
400001a4:	00c686b3          	add	  a3,a3,a2
400001a8:	40004537          	lui	  a0,0x40004
400001ac:	40e6d693          	srai	  a3,a3,0xe
400001b0:	ae450513          	addi	  a0,a0,-1308 # 40003ae4 <_etext+0x1c>
400001b4:	02010113          	addi	  sp,sp,32
400001b8:	6a50206f          	j	  4000305c <printf>

400001bc <do_stores>:
400001bc:	ffffe337          	lui	  t1,0xffffe
400001c0:	fe010113          	addi	  sp,sp,-32
400001c4:	40004537          	lui	  a0,0x40004
400001c8:	00112e23          	sw	  ra,28(sp)
400001cc:	b1850513          	addi	  a0,a0,-1256 # 40003b18 <_etext+0x50>
400001d0:	00610133          	add	  sp,sp,t1
400001d4:	6dd020ef          	jal	  ra,400030b0 <puts>
400001d8:	b0002873          	csrr	  a6,mcycle
400001dc:	00002737          	lui	  a4,0x2
400001e0:	01010693          	addi	  a3,sp,16
400001e4:	00d70733          	add	  a4,a4,a3
400001e8:	ffffe7b7          	lui	  a5,0xffffe
400001ec:	00f707b3          	add	  a5,a4,a5
400001f0:	00f12623          	sw	  a5,12(sp)
400001f4:	00078613          	mv	  a2,a5
400001f8:	000026b7          	lui	  a3,0x2
400001fc:	01010793          	addi	  a5,sp,16
40000200:	00000713          	li	  a4,0
40000204:	00000593          	li	  a1,0
40000208:	00f686b3          	add	  a3,a3,a5
4000020c:	00800513          	li	  a0,8
40000210:	00c12783          	lw	  a5,12(sp)
40000214:	00e7a023          	sw	  a4,0(a5) # ffffe000 <_fstack+0xafffe004>
40000218:	00478793          	addi	  a5,a5,4
4000021c:	fed79ce3          	bne	  a5,a3,40000214 <do_stores+0x58>
40000220:	00062783          	lw	  a5,0(a2)
40000224:	00170713          	addi	  a4,a4,1 # 2001 <CUSTOM1+0x1fd6>
40000228:	00460613          	addi	  a2,a2,4
4000022c:	00f585b3          	add	  a1,a1,a5
40000230:	fea710e3          	bne	  a4,a0,40000210 <do_stores+0x54>
40000234:	b0002673          	csrr	  a2,mcycle
40000238:	41060633          	sub	  a2,a2,a6
4000023c:	41f65693          	srai	  a3,a2,0x1f
40000240:	00002337          	lui	  t1,0x2
40000244:	01269693          	slli	  a3,a3,0x12
40000248:	00610133          	add	  sp,sp,t1
4000024c:	01c12083          	lw	  ra,28(sp)
40000250:	0126d693          	srli	  a3,a3,0x12
40000254:	00c686b3          	add	  a3,a3,a2
40000258:	40004537          	lui	  a0,0x40004
4000025c:	40e6d693          	srai	  a3,a3,0xe
40000260:	b2850513          	addi	  a0,a0,-1240 # 40003b28 <_etext+0x60>
40000264:	02010113          	addi	  sp,sp,32
40000268:	5f50206f          	j	  4000305c <printf>

4000026c <do_loads_strided>:
4000026c:	ffffe337          	lui	  t1,0xffffe
40000270:	fe010113          	addi	  sp,sp,-32
40000274:	40004537          	lui	  a0,0x40004
40000278:	00112e23          	sw	  ra,28(sp)
4000027c:	b5450513          	addi	  a0,a0,-1196 # 40003b54 <_etext+0x8c>
40000280:	00610133          	add	  sp,sp,t1
40000284:	62d020ef          	jal	  ra,400030b0 <puts>
40000288:	b0002873          	csrr	  a6,mcycle
4000028c:	00002737          	lui	  a4,0x2
40000290:	01010693          	addi	  a3,sp,16
40000294:	00d70733          	add	  a4,a4,a3
40000298:	ffffe7b7          	lui	  a5,0xffffe
4000029c:	00f707b3          	add	  a5,a4,a5
400002a0:	00f12623          	sw	  a5,12(sp)
400002a4:	10078513          	addi	  a0,a5,256 # ffffe100 <_fstack+0xafffe104>
400002a8:	00078613          	mv	  a2,a5
400002ac:	00000593          	li	  a1,0
400002b0:	00070693          	mv	  a3,a4
400002b4:	00c12783          	lw	  a5,12(sp)
400002b8:	0007a703          	lw	  a4,0(a5)
400002bc:	02078793          	addi	  a5,a5,32
400002c0:	00e585b3          	add	  a1,a1,a4
400002c4:	fed79ae3          	bne	  a5,a3,400002b8 <do_loads_strided+0x4c>
400002c8:	00b62023          	sw	  a1,0(a2)
400002cc:	00460613          	addi	  a2,a2,4
400002d0:	fea612e3          	bne	  a2,a0,400002b4 <do_loads_strided+0x48>
400002d4:	b0002673          	csrr	  a2,mcycle
400002d8:	41060633          	sub	  a2,a2,a6
400002dc:	41f65693          	srai	  a3,a2,0x1f
400002e0:	00002337          	lui	  t1,0x2
400002e4:	01269693          	slli	  a3,a3,0x12
400002e8:	00610133          	add	  sp,sp,t1
400002ec:	01c12083          	lw	  ra,28(sp)
400002f0:	0126d693          	srli	  a3,a3,0x12
400002f4:	00c686b3          	add	  a3,a3,a2
400002f8:	40004537          	lui	  a0,0x40004
400002fc:	40e6d693          	srai	  a3,a3,0xe
40000300:	b6c50513          	addi	  a0,a0,-1172 # 40003b6c <_etext+0xa4>
40000304:	02010113          	addi	  sp,sp,32
40000308:	5550206f          	j	  4000305c <printf>

4000030c <do_loads_cached>:
4000030c:	fe010113          	addi	  sp,sp,-32
40000310:	ffffe337          	lui	  t1,0xffffe
40000314:	40004537          	lui	  a0,0x40004
40000318:	00112e23          	sw	  ra,28(sp)
4000031c:	b9450513          	addi	  a0,a0,-1132 # 40003b94 <_etext+0xcc>
40000320:	00610133          	add	  sp,sp,t1
40000324:	58d020ef          	jal	  ra,400030b0 <puts>
40000328:	01010693          	addi	  a3,sp,16
4000032c:	00002737          	lui	  a4,0x2
40000330:	00d70733          	add	  a4,a4,a3
40000334:	ffffe7b7          	lui	  a5,0xffffe
40000338:	00f707b3          	add	  a5,a4,a5
4000033c:	000016b7          	lui	  a3,0x1
40000340:	00f12623          	sw	  a5,12(sp)
40000344:	00d786b3          	add	  a3,a5,a3
40000348:	00000593          	li	  a1,0
4000034c:	0007a703          	lw	  a4,0(a5) # ffffe000 <_fstack+0xafffe004>
40000350:	00478793          	addi	  a5,a5,4
40000354:	00e585b3          	add	  a1,a1,a4
40000358:	fed79ae3          	bne	  a5,a3,4000034c <do_loads_cached+0x40>
4000035c:	b0002573          	csrr	  a0,mcycle
40000360:	00c12603          	lw	  a2,12(sp)
40000364:	00c12783          	lw	  a5,12(sp)
40000368:	0007a703          	lw	  a4,0(a5)
4000036c:	00478793          	addi	  a5,a5,4
40000370:	00e585b3          	add	  a1,a1,a4
40000374:	fed79ae3          	bne	  a5,a3,40000368 <do_loads_cached+0x5c>
40000378:	00b62023          	sw	  a1,0(a2)
4000037c:	00460613          	addi	  a2,a2,4
40000380:	fef612e3          	bne	  a2,a5,40000364 <do_loads_cached+0x58>
40000384:	b0002673          	csrr	  a2,mcycle
40000388:	40a60633          	sub	  a2,a2,a0
4000038c:	41f65693          	srai	  a3,a2,0x1f
40000390:	00002337          	lui	  t1,0x2
40000394:	00c69693          	slli	  a3,a3,0xc
40000398:	00610133          	add	  sp,sp,t1
4000039c:	01c12083          	lw	  ra,28(sp)
400003a0:	00c6d693          	srli	  a3,a3,0xc
400003a4:	00c686b3          	add	  a3,a3,a2
400003a8:	40004537          	lui	  a0,0x40004
400003ac:	4146d693          	srai	  a3,a3,0x14
400003b0:	b6c50513          	addi	  a0,a0,-1172 # 40003b6c <_etext+0xa4>
400003b4:	02010113          	addi	  sp,sp,32
400003b8:	4a50206f          	j	  4000305c <printf>

400003bc <do_loads>:
400003bc:	ffffe337          	lui	  t1,0xffffe
400003c0:	fe010113          	addi	  sp,sp,-32
400003c4:	40004537          	lui	  a0,0x40004
400003c8:	00112e23          	sw	  ra,28(sp)
400003cc:	bac50513          	addi	  a0,a0,-1108 # 40003bac <_etext+0xe4>
400003d0:	00610133          	add	  sp,sp,t1
400003d4:	4dd020ef          	jal	  ra,400030b0 <puts>
400003d8:	b0002873          	csrr	  a6,mcycle
400003dc:	00002737          	lui	  a4,0x2
400003e0:	01010693          	addi	  a3,sp,16
400003e4:	00d70733          	add	  a4,a4,a3
400003e8:	ffffe7b7          	lui	  a5,0xffffe
400003ec:	00f707b3          	add	  a5,a4,a5
400003f0:	00f12623          	sw	  a5,12(sp)
400003f4:	02078513          	addi	  a0,a5,32 # ffffe020 <_fstack+0xafffe024>
400003f8:	00078613          	mv	  a2,a5
400003fc:	00000593          	li	  a1,0
40000400:	00070693          	mv	  a3,a4
40000404:	00c12783          	lw	  a5,12(sp)
40000408:	0007a703          	lw	  a4,0(a5)
4000040c:	00478793          	addi	  a5,a5,4
40000410:	00e585b3          	add	  a1,a1,a4
40000414:	fed79ae3          	bne	  a5,a3,40000408 <do_loads+0x4c>
40000418:	00b62023          	sw	  a1,0(a2)
4000041c:	00460613          	addi	  a2,a2,4
40000420:	fea612e3          	bne	  a2,a0,40000404 <do_loads+0x48>
40000424:	b0002673          	csrr	  a2,mcycle
40000428:	41060633          	sub	  a2,a2,a6
4000042c:	41f65693          	srai	  a3,a2,0x1f
40000430:	00002337          	lui	  t1,0x2
40000434:	01269693          	slli	  a3,a3,0x12
40000438:	00610133          	add	  sp,sp,t1
4000043c:	01c12083          	lw	  ra,28(sp)
40000440:	0126d693          	srli	  a3,a3,0x12
40000444:	00c686b3          	add	  a3,a3,a2
40000448:	40004537          	lui	  a0,0x40004
4000044c:	40e6d693          	srai	  a3,a3,0xe
40000450:	b6c50513          	addi	  a0,a0,-1172 # 40003b6c <_etext+0xa4>
40000454:	02010113          	addi	  sp,sp,32
40000458:	4050206f          	j	  4000305c <printf>

4000045c <do_benchmarks_menu>:
4000045c:	40005537          	lui	  a0,0x40005
40000460:	a2850513          	addi	  a0,a0,-1496 # 40004a28 <MENU>
40000464:	1ed0006f          	j	  40000e50 <menu_run>

40000468 <donut>:
40000468:	40004537          	lui	  a0,0x40004
4000046c:	f8010113          	addi	  sp,sp,-128
40000470:	cec50513          	addi	  a0,a0,-788 # 40003cec <_etext+0x224>
40000474:	07612023          	sw	  s6,96(sp)
40000478:	05712e23          	sw	  s7,92(sp)
4000047c:	05812c23          	sw	  s8,88(sp)
40000480:	05912a23          	sw	  s9,84(sp)
40000484:	05a12823          	sw	  s10,80(sp)
40000488:	06112e23          	sw	  ra,124(sp)
4000048c:	06812c23          	sw	  s0,120(sp)
40000490:	06912a23          	sw	  s1,116(sp)
40000494:	07212823          	sw	  s2,112(sp)
40000498:	07312623          	sw	  s3,108(sp)
4000049c:	07412423          	sw	  s4,104(sp)
400004a0:	07512223          	sw	  s5,100(sp)
400004a4:	05b12623          	sw	  s11,76(sp)
400004a8:	409020ef          	jal	  ra,400030b0 <puts>
400004ac:	400057b7          	lui	  a5,0x40005
400004b0:	41878793          	addi	  a5,a5,1048 # 40005418 <z>
400004b4:	02f12623          	sw	  a5,44(sp)
400004b8:	000017b7          	lui	  a5,0x1
400004bc:	80078793          	addi	  a5,a5,-2048 # 800 <CUSTOM1+0x7d5>
400004c0:	02f12023          	sw	  a5,32(sp)
400004c4:	400047b7          	lui	  a5,0x40004
400004c8:	d5c78793          	addi	  a5,a5,-676 # 40003d5c <_etext+0x294>
400004cc:	02f12223          	sw	  a5,36(sp)
400004d0:	400057b7          	lui	  a5,0x40005
400004d4:	00100d13          	li	  s10,1
400004d8:	d3878793          	addi	  a5,a5,-712 # 40004d38 <b>
400004dc:	40fd07b3          	sub	  a5,s10,a5
400004e0:	02012a23          	sw	  zero,52(sp)
400004e4:	00000c93          	li	  s9,0
400004e8:	40000c13          	li	  s8,1024
400004ec:	00000b93          	li	  s7,0
400004f0:	40000b13          	li	  s6,1024
400004f4:	02f12e23          	sw	  a5,60(sp)
400004f8:	b00027f3          	csrr	  a5,mcycle
400004fc:	02f12c23          	sw	  a5,56(sp)
40000500:	400057b7          	lui	  a5,0x40005
40000504:	6e000613          	li	  a2,1760
40000508:	02000593          	li	  a1,32
4000050c:	d3878513          	addi	  a0,a5,-712 # 40004d38 <b>
40000510:	434030ef          	jal	  ra,40003944 <memset>
40000514:	400057b7          	lui	  a5,0x40005
40000518:	41878513          	addi	  a0,a5,1048 # 40005418 <z>
4000051c:	6e000613          	li	  a2,1760
40000520:	07f00593          	li	  a1,127
40000524:	420030ef          	jal	  ra,40003944 <memset>
40000528:	05a00793          	li	  a5,90
4000052c:	03912823          	sw	  s9,48(sp)
40000530:	02f12423          	sw	  a5,40(sp)
40000534:	000c0c93          	mv	  s9,s8
40000538:	40000d93          	li	  s11,1024
4000053c:	00000913          	li	  s2,0
40000540:	000b0993          	mv	  s3,s6
40000544:	000b8c13          	mv	  s8,s7
40000548:	03012a03          	lw	  s4,48(sp)
4000054c:	00000413          	li	  s0,0
40000550:	01212e23          	sw	  s2,28(sp)
40000554:	14400b93          	li	  s7,324
40000558:	40000b13          	li	  s6,1024
4000055c:	00040913          	mv	  s2,s0
40000560:	03bd148b          	cfu[1,1]  s1, s10, s11
40000564:	02012783          	lw	  a5,32(sp)
40000568:	00f484b3          	add	  s1,s1,a5
4000056c:	009b060b          	cfu[0,0]  a2, s6, s1
40000570:	01c12703          	lw	  a4,28(sp)
40000574:	00ec0a8b          	cfu[0,0]  s5, s8, a4
40000578:	0099048b          	cfu[0,0]  s1, s2, s1
4000057c:	035d178b          	cfu[1,1]  a5, s10, s5
40000580:	0099850b          	cfu[0,0]  a0, s3, s1
40000584:	40a787b3          	sub	  a5,a5,a0
40000588:	00e9840b          	cfu[0,0]  s0, s3, a4
4000058c:	028d170b          	cfu[1,1]  a4, s10, s0
40000590:	029c148b          	cfu[1,1]  s1, s8, s1
40000594:	005006b7          	lui	  a3,0x500
40000598:	00a71713          	slli	  a4,a4,0xa
4000059c:	00d70733          	add	  a4,a4,a3
400005a0:	009704b3          	add	  s1,a4,s1
400005a4:	012d880b          	cfu[0,0]  a6, s11, s2
400005a8:	01012623          	sw	  a6,12(sp)
400005ac:	02ca170b          	cfu[1,1]  a4, s4, a2
400005b0:	02fc958b          	cfu[1,1]  a1, s9, a5
400005b4:	40b70733          	sub	  a4,a4,a1
400005b8:	01e00593          	li	  a1,30
400005bc:	02e5970b          	cfu[1,1]  a4, a1, a4
400005c0:	00e12423          	sw	  a4,8(sp)
400005c4:	02fa150b          	cfu[1,1]  a0, s4, a5
400005c8:	02cc960b          	cfu[1,1]  a2, s9, a2
400005cc:	00f00793          	li	  a5,15
400005d0:	00c50533          	add	  a0,a0,a2
400005d4:	02a7950b          	cfu[1,1]  a0, a5, a0
400005d8:	00048593          	mv	  a1,s1
400005dc:	205010ef          	jal	  ra,40001fe0 <__divsi3>
400005e0:	00050793          	mv	  a5,a0
400005e4:	019d860b          	cfu[0,0]  a2, s11, s9
400005e8:	00c12803          	lw	  a6,12(sp)
400005ec:	030c188b          	cfu[1,1]  a7, s8, a6
400005f0:	01112a23          	sw	  a7,20(sp)
400005f4:	0109880b          	cfu[0,0]  a6, s3, a6
400005f8:	01012823          	sw	  a6,16(sp)
400005fc:	02cb160b          	cfu[1,1]  a2, s6, a2
40000600:	05000713          	li	  a4,80
40000604:	00c12c23          	sw	  a2,24(sp)
40000608:	00c50593          	addi	  a1,a0,12
4000060c:	02b7130b          	cfu[1,1]  t1, a4, a1
40000610:	00812703          	lw	  a4,8(sp)
40000614:	00612623          	sw	  t1,12(sp)
40000618:	00b78793          	addi	  a5,a5,11
4000061c:	00070513          	mv	  a0,a4
40000620:	01400713          	li	  a4,20
40000624:	00048593          	mv	  a1,s1
40000628:	0af76063          	bltu	  a4,a5,400006c8 <donut+0x260>
4000062c:	1b5010ef          	jal	  ra,40001fe0 <__divsi3>
40000630:	00c12303          	lw	  t1,12(sp)
40000634:	005006b7          	lui	  a3,0x500
40000638:	40d484b3          	sub	  s1,s1,a3
4000063c:	02850593          	addi	  a1,a0,40
40000640:	400057b7          	lui	  a5,0x40005
40000644:	40f4d493          	srai	  s1,s1,0xf
40000648:	006585b3          	add	  a1,a1,t1
4000064c:	41878793          	addi	  a5,a5,1048 # 40005418 <z>
40000650:	01849493          	slli	  s1,s1,0x18
40000654:	02750513          	addi	  a0,a0,39
40000658:	04e00713          	li	  a4,78
4000065c:	00b787b3          	add	  a5,a5,a1
40000660:	4184d493          	srai	  s1,s1,0x18
40000664:	06a76263          	bltu	  a4,a0,400006c8 <donut+0x260>
40000668:	01012803          	lw	  a6,16(sp)
4000066c:	01412883          	lw	  a7,20(sp)
40000670:	00078703          	lb	  a4,0(a5)
40000674:	400056b7          	lui	  a3,0x40005
40000678:	d3868693          	addi	  a3,a3,-712 # 40004d38 <b>
4000067c:	410a8833          	sub	  a6,s5,a6
40000680:	411008b3          	neg	  a7,a7
40000684:	00b685b3          	add	  a1,a3,a1
40000688:	04e4d063          	bge	  s1,a4,400006c8 <donut+0x260>
4000068c:	03480833          	mul	  a6,a6,s4
40000690:	01812603          	lw	  a2,24(sp)
40000694:	00978023          	sb	  s1,0(a5)
40000698:	41088833          	sub	  a6,a7,a6
4000069c:	40c80633          	sub	  a2,a6,a2
400006a0:	40a65613          	srai	  a2,a2,0xa
400006a4:	40860433          	sub	  s0,a2,s0
400006a8:	40745413          	srai	  s0,s0,0x7
400006ac:	fff44793          	not	  a5,s0
400006b0:	41f7d793          	srai	  a5,a5,0x1f
400006b4:	00f47433          	and	  s0,s0,a5
400006b8:	02412783          	lw	  a5,36(sp)
400006bc:	00878433          	add	  s0,a5,s0
400006c0:	00044783          	lbu	  a5,0(s0)
400006c4:	00f58023          	sb	  a5,0(a1)
400006c8:	00500793          	li	  a5,5
400006cc:	0327970b          	cfu[1,1]  a4, a5, s2
400006d0:	40875713          	srai	  a4,a4,0x8
400006d4:	40eb0733          	sub	  a4,s6,a4
400006d8:	0367978b          	cfu[1,1]  a5, a5, s6
400006dc:	4087d793          	srai	  a5,a5,0x8
400006e0:	012787b3          	add	  a5,a5,s2
400006e4:	02e7168b          	cfu[1,1]  a3, a4, a4
400006e8:	02f7960b          	cfu[1,1]  a2, a5, a5
400006ec:	00c686b3          	add	  a3,a3,a2
400006f0:	00300637          	lui	  a2,0x300
400006f4:	40d606b3          	sub	  a3,a2,a3
400006f8:	40b6d693          	srai	  a3,a3,0xb
400006fc:	02d7170b          	cfu[1,1]  a4, a4, a3
40000700:	40a75b13          	srai	  s6,a4,0xa
40000704:	02d7978b          	cfu[1,1]  a5, a5, a3
40000708:	fffb8b93          	addi	  s7,s7,-1
4000070c:	40a7d913          	srai	  s2,a5,0xa
40000710:	e40b98e3          	bnez	  s7,40000560 <donut+0xf8>
40000714:	01c12903          	lw	  s2,28(sp)
40000718:	00900793          	li	  a5,9
4000071c:	0327970b          	cfu[1,1]  a4, a5, s2
40000720:	40775713          	srai	  a4,a4,0x7
40000724:	40ed8733          	sub	  a4,s11,a4
40000728:	03b7978b          	cfu[1,1]  a5, a5, s11
4000072c:	4077d793          	srai	  a5,a5,0x7
40000730:	01278933          	add	  s2,a5,s2
40000734:	02e7178b          	cfu[1,1]  a5, a4, a4
40000738:	0329158b          	cfu[1,1]  a1, s2, s2
4000073c:	003006b7          	lui	  a3,0x300
40000740:	00b787b3          	add	  a5,a5,a1
40000744:	40f687b3          	sub	  a5,a3,a5
40000748:	40b7d793          	srai	  a5,a5,0xb
4000074c:	02f7170b          	cfu[1,1]  a4, a4, a5
40000750:	40a75d93          	srai	  s11,a4,0xa
40000754:	02f9190b          	cfu[1,1]  s2, s2, a5
40000758:	02812783          	lw	  a5,40(sp)
4000075c:	40a95913          	srai	  s2,s2,0xa
40000760:	fff78793          	addi	  a5,a5,-1
40000764:	02f12423          	sw	  a5,40(sp)
40000768:	de0790e3          	bnez	  a5,40000548 <donut+0xe0>
4000076c:	400057b7          	lui	  a5,0x40005
40000770:	00a00513          	li	  a0,10
40000774:	d3878913          	addi	  s2,a5,-712 # 40004d38 <b>
40000778:	000c0b93          	mv	  s7,s8
4000077c:	00098b13          	mv	  s6,s3
40000780:	000c8c13          	mv	  s8,s9
40000784:	03c12983          	lw	  s3,60(sp)
40000788:	03012c83          	lw	  s9,48(sp)
4000078c:	119020ef          	jal	  ra,400030a4 <putchar>
40000790:	02c12703          	lw	  a4,44(sp)
40000794:	ccccd4b7          	lui	  s1,0xccccd
40000798:	03333437          	lui	  s0,0x3333
4000079c:	ccd48493          	addi	  s1,s1,-819 # cccccccd <_fstack+0x7cccccd1>
400007a0:	33340413          	addi	  s0,s0,819 # 3333333 <CUSTOM1+0x3333308>
400007a4:	012987b3          	add	  a5,s3,s2
400007a8:	03270a63          	beq	  a4,s2,400007dc <donut+0x374>
400007ac:	029787b3          	mul	  a5,a5,s1
400007b0:	00a00513          	li	  a0,10
400007b4:	0047d713          	srli	  a4,a5,0x4
400007b8:	01c79793          	slli	  a5,a5,0x1c
400007bc:	00f767b3          	or	  a5,a4,a5
400007c0:	00f47463          	bgeu	  s0,a5,400007c8 <donut+0x360>
400007c4:	00190503          	lb	  a0,1(s2)
400007c8:	0dd020ef          	jal	  ra,400030a4 <putchar>
400007cc:	02c12703          	lw	  a4,44(sp)
400007d0:	00190913          	addi	  s2,s2,1
400007d4:	012987b3          	add	  a5,s3,s2
400007d8:	fd271ae3          	bne	  a4,s2,400007ac <donut+0x344>
400007dc:	00500793          	li	  a5,5
400007e0:	0367968b          	cfu[1,1]  a3, a5, s6
400007e4:	4076d693          	srai	  a3,a3,0x7
400007e8:	40db86b3          	sub	  a3,s7,a3
400007ec:	0377970b          	cfu[1,1]  a4, a5, s7
400007f0:	40775713          	srai	  a4,a4,0x7
400007f4:	01670b33          	add	  s6,a4,s6
400007f8:	02d6970b          	cfu[1,1]  a4, a3, a3
400007fc:	036b158b          	cfu[1,1]  a1, s6, s6
40000800:	00300637          	lui	  a2,0x300
40000804:	00b70733          	add	  a4,a4,a1
40000808:	40e60733          	sub	  a4,a2,a4
4000080c:	40b75713          	srai	  a4,a4,0xb
40000810:	02e6968b          	cfu[1,1]  a3, a3, a4
40000814:	40a6db93          	srai	  s7,a3,0xa
40000818:	02eb1b0b          	cfu[1,1]  s6, s6, a4
4000081c:	40ab5b13          	srai	  s6,s6,0xa
40000820:	0387970b          	cfu[1,1]  a4, a5, s8
40000824:	40875713          	srai	  a4,a4,0x8
40000828:	40ec8733          	sub	  a4,s9,a4
4000082c:	0397978b          	cfu[1,1]  a5, a5, s9
40000830:	4087d793          	srai	  a5,a5,0x8
40000834:	01878c33          	add	  s8,a5,s8
40000838:	02e7178b          	cfu[1,1]  a5, a4, a4
4000083c:	038c168b          	cfu[1,1]  a3, s8, s8
40000840:	00d787b3          	add	  a5,a5,a3
40000844:	40f607b3          	sub	  a5,a2,a5
40000848:	40b7d793          	srai	  a5,a5,0xb
4000084c:	02f7170b          	cfu[1,1]  a4, a4, a5
40000850:	40a75c93          	srai	  s9,a4,0xa
40000854:	02fc1c0b          	cfu[1,1]  s8, s8, a5
40000858:	40ac5c13          	srai	  s8,s8,0xa
4000085c:	47c010ef          	jal	  ra,40001cd8 <readchar_nonblock>
40000860:	04051a63          	bnez	  a0,400008b4 <donut+0x44c>
40000864:	b00025f3          	csrr	  a1,mcycle
40000868:	03812783          	lw	  a5,56(sp)
4000086c:	40004537          	lui	  a0,0x40004
40000870:	d1c50513          	addi	  a0,a0,-740 # 40003d1c <_etext+0x254>
40000874:	40f585b3          	sub	  a1,a1,a5
40000878:	7e4020ef          	jal	  ra,4000305c <printf>
4000087c:	40004537          	lui	  a0,0x40004
40000880:	d2850513          	addi	  a0,a0,-728 # 40003d28 <_etext+0x260>
40000884:	02d020ef          	jal	  ra,400030b0 <puts>
40000888:	03412403          	lw	  s0,52(sp)
4000088c:	40004537          	lui	  a0,0x40004
40000890:	d3050513          	addi	  a0,a0,-720 # 40003d30 <_etext+0x268>
40000894:	00040593          	mv	  a1,s0
40000898:	7c4020ef          	jal	  ra,4000305c <printf>
4000089c:	00140793          	addi	  a5,s0,1
400008a0:	00078713          	mv	  a4,a5
400008a4:	02f12a23          	sw	  a5,52(sp)
400008a8:	1f400793          	li	  a5,500
400008ac:	c4f716e3          	bne	  a4,a5,400004f8 <donut+0x90>
400008b0:	0080006f          	j	  400008b8 <donut+0x450>
400008b4:	79c020ef          	jal	  ra,40003050 <getchar>
400008b8:	07812403          	lw	  s0,120(sp)
400008bc:	07c12083          	lw	  ra,124(sp)
400008c0:	07412483          	lw	  s1,116(sp)
400008c4:	07012903          	lw	  s2,112(sp)
400008c8:	06c12983          	lw	  s3,108(sp)
400008cc:	06812a03          	lw	  s4,104(sp)
400008d0:	06412a83          	lw	  s5,100(sp)
400008d4:	06012b03          	lw	  s6,96(sp)
400008d8:	05c12b83          	lw	  s7,92(sp)
400008dc:	05812c03          	lw	  s8,88(sp)
400008e0:	05412c83          	lw	  s9,84(sp)
400008e4:	05012d03          	lw	  s10,80(sp)
400008e8:	04c12d83          	lw	  s11,76(sp)
400008ec:	40004537          	lui	  a0,0x40004
400008f0:	d3850513          	addi	  a0,a0,-712 # 40003d38 <_etext+0x270>
400008f4:	08010113          	addi	  sp,sp,128
400008f8:	7640206f          	j	  4000305c <printf>

400008fc <main>:
400008fc:	ff010113          	addi	  sp,sp,-16
40000900:	00112623          	sw	  ra,12(sp)
40000904:	f48ff0ef          	jal	  ra,4000004c <init_runtime>
40000908:	400045b7          	lui	  a1,0x40004
4000090c:	40004537          	lui	  a0,0x40004
40000910:	d6c58593          	addi	  a1,a1,-660 # 40003d6c <_etext+0x2a4>
40000914:	d7450513          	addi	  a0,a0,-652 # 40003d74 <_etext+0x2ac>
40000918:	744020ef          	jal	  ra,4000305c <printf>
4000091c:	40005537          	lui	  a0,0x40005
40000920:	aa050513          	addi	  a0,a0,-1376 # 40004aa0 <MENU>
40000924:	52c000ef          	jal	  ra,40000e50 <menu_run>
40000928:	00c12083          	lw	  ra,12(sp)
4000092c:	00000513          	li	  a0,0
40000930:	01010113          	addi	  sp,sp,16
40000934:	00008067          	ret

40000938 <readchar>:
40000938:	ff010113          	addi	  sp,sp,-16
4000093c:	00112623          	sw	  ra,12(sp)
40000940:	710020ef          	jal	  ra,40003050 <getchar>
40000944:	00c12083          	lw	  ra,12(sp)
40000948:	0ff57513          	andi	  a0,a0,255
4000094c:	01010113          	addi	  sp,sp,16
40000950:	00008067          	ret

40000954 <no_menu>:
40000954:	00008067          	ret

40000958 <embench_menu>:
40000958:	40005537          	lui	  a0,0x40005
4000095c:	b3850513          	addi	  a0,a0,-1224 # 40004b38 <MENU>
40000960:	4f00006f          	j	  40000e50 <menu_run>

40000964 <(anonymous namespace)::do_interactive_tests()>:
40000964:	40004537          	lui	  a0,0x40004
40000968:	ff010113          	addi	  sp,sp,-16
4000096c:	e8c50513          	addi	  a0,a0,-372 # 40003e8c <_etext+0x3c4>
40000970:	00112623          	sw	  ra,12(sp)
40000974:	00812423          	sw	  s0,8(sp)
40000978:	00912223          	sw	  s1,4(sp)
4000097c:	01212023          	sw	  s2,0(sp)
40000980:	730020ef          	jal	  ra,400030b0 <puts>
40000984:	40004537          	lui	  a0,0x40004
40000988:	ea450513          	addi	  a0,a0,-348 # 40003ea4 <_etext+0x3dc>
4000098c:	ed0ff0ef          	jal	  ra,4000005c <read_val>
40000990:	00050413          	mv	  s0,a0
40000994:	40004537          	lui	  a0,0x40004
40000998:	ebc50513          	addi	  a0,a0,-324 # 40003ebc <_etext+0x3f4>
4000099c:	ec0ff0ef          	jal	  ra,4000005c <read_val>
400009a0:	00050493          	mv	  s1,a0
400009a4:	00a4080b          	cfu[0,0]  a6, s0, a0
400009a8:	40004937          	lui	  s2,0x40004
400009ac:	00050693          	mv	  a3,a0
400009b0:	00080793          	mv	  a5,a6
400009b4:	00080713          	mv	  a4,a6
400009b8:	00040613          	mv	  a2,s0
400009bc:	00000593          	li	  a1,0
400009c0:	ed490513          	addi	  a0,s2,-300 # 40003ed4 <_etext+0x40c>
400009c4:	698020ef          	jal	  ra,4000305c <printf>
400009c8:	0094180b          	cfu[0,1]  a6, s0, s1
400009cc:	00100593          	li	  a1,1
400009d0:	00080793          	mv	  a5,a6
400009d4:	00080713          	mv	  a4,a6
400009d8:	00048693          	mv	  a3,s1
400009dc:	00040613          	mv	  a2,s0
400009e0:	ed490513          	addi	  a0,s2,-300
400009e4:	678020ef          	jal	  ra,4000305c <printf>
400009e8:	0094280b          	cfu[0,2]  a6, s0, s1
400009ec:	00200593          	li	  a1,2
400009f0:	00080793          	mv	  a5,a6
400009f4:	00080713          	mv	  a4,a6
400009f8:	00048693          	mv	  a3,s1
400009fc:	00040613          	mv	  a2,s0
40000a00:	ed490513          	addi	  a0,s2,-300
40000a04:	658020ef          	jal	  ra,4000305c <printf>
40000a08:	0094380b          	cfu[0,3]  a6, s0, s1
40000a0c:	00300593          	li	  a1,3
40000a10:	00080793          	mv	  a5,a6
40000a14:	00080713          	mv	  a4,a6
40000a18:	00048693          	mv	  a3,s1
40000a1c:	00040613          	mv	  a2,s0
40000a20:	ed490513          	addi	  a0,s2,-300
40000a24:	638020ef          	jal	  ra,4000305c <printf>
40000a28:	0094480b          	cfu[0,4]  a6, s0, s1
40000a2c:	00400593          	li	  a1,4
40000a30:	00080793          	mv	  a5,a6
40000a34:	00080713          	mv	  a4,a6
40000a38:	00048693          	mv	  a3,s1
40000a3c:	00040613          	mv	  a2,s0
40000a40:	ed490513          	addi	  a0,s2,-300
40000a44:	618020ef          	jal	  ra,4000305c <printf>
40000a48:	0094580b          	cfu[0,5]  a6, s0, s1
40000a4c:	00500593          	li	  a1,5
40000a50:	00080793          	mv	  a5,a6
40000a54:	00080713          	mv	  a4,a6
40000a58:	00048693          	mv	  a3,s1
40000a5c:	00040613          	mv	  a2,s0
40000a60:	ed490513          	addi	  a0,s2,-300
40000a64:	5f8020ef          	jal	  ra,4000305c <printf>
40000a68:	0094680b          	cfu[0,6]  a6, s0, s1
40000a6c:	00600593          	li	  a1,6
40000a70:	00080793          	mv	  a5,a6
40000a74:	00080713          	mv	  a4,a6
40000a78:	00048693          	mv	  a3,s1
40000a7c:	00040613          	mv	  a2,s0
40000a80:	ed490513          	addi	  a0,s2,-300
40000a84:	5d8020ef          	jal	  ra,4000305c <printf>
40000a88:	0094780b          	cfu[0,7]  a6, s0, s1
40000a8c:	00040613          	mv	  a2,s0
40000a90:	00812403          	lw	  s0,8(sp)
40000a94:	00c12083          	lw	  ra,12(sp)
40000a98:	00048693          	mv	  a3,s1
40000a9c:	ed490513          	addi	  a0,s2,-300
40000aa0:	00412483          	lw	  s1,4(sp)
40000aa4:	00012903          	lw	  s2,0(sp)
40000aa8:	00700593          	li	  a1,7
40000aac:	00080793          	mv	  a5,a6
40000ab0:	00080713          	mv	  a4,a6
40000ab4:	01010113          	addi	  sp,sp,16
40000ab8:	5a40206f          	j	  4000305c <printf>

40000abc <(anonymous namespace)::do_fixed_tests()>:
40000abc:	40004537          	lui	  a0,0x40004
40000ac0:	fe010113          	addi	  sp,sp,-32
40000ac4:	f1c50513          	addi	  a0,a0,-228 # 40003f1c <_etext+0x454>
40000ac8:	00112e23          	sw	  ra,28(sp)
40000acc:	00812c23          	sw	  s0,24(sp)
40000ad0:	00912a23          	sw	  s1,20(sp)
40000ad4:	01212823          	sw	  s2,16(sp)
40000ad8:	01312623          	sw	  s3,12(sp)
40000adc:	01412423          	sw	  s4,8(sp)
40000ae0:	5d0020ef          	jal	  ra,400030b0 <puts>
40000ae4:	40004537          	lui	  a0,0x40004
40000ae8:	f3850513          	addi	  a0,a0,-200 # 40003f38 <_etext+0x470>
40000aec:	000109b7          	lui	  s3,0x10
40000af0:	00008937          	lui	  s2,0x8
40000af4:	000514b7          	lui	  s1,0x51
40000af8:	5b8020ef          	jal	  ra,400030b0 <puts>
40000afc:	00000413          	li	  s0,0
40000b00:	40004a37          	lui	  s4,0x40004
40000b04:	fff98993          	addi	  s3,s3,-1 # ffff <CUSTOM1+0xffd4>
40000b08:	10390913          	addi	  s2,s2,259 # 8103 <CUSTOM1+0x80d8>
40000b0c:	a1e48493          	addi	  s1,s1,-1506 # 50a1e <CUSTOM1+0x509f3>
40000b10:	01344633          	xor	  a2,s0,s3
40000b14:	00c4068b          	cfu[0,0]  a3, s0, a2
40000b18:	00c4170b          	cfu[0,1]  a4, s0, a2
40000b1c:	00c4278b          	cfu[0,2]  a5, s0, a2
40000b20:	00040593          	mv	  a1,s0
40000b24:	f6ca0513          	addi	  a0,s4,-148 # 40003f6c <_etext+0x4a4>
40000b28:	01240433          	add	  s0,s0,s2
40000b2c:	530020ef          	jal	  ra,4000305c <printf>
40000b30:	fe9410e3          	bne	  s0,s1,40000b10 <(anonymous namespace)::do_fixed_tests()+0x54>
40000b34:	01c12083          	lw	  ra,28(sp)
40000b38:	01812403          	lw	  s0,24(sp)
40000b3c:	01412483          	lw	  s1,20(sp)
40000b40:	01012903          	lw	  s2,16(sp)
40000b44:	00c12983          	lw	  s3,12(sp)
40000b48:	00812a03          	lw	  s4,8(sp)
40000b4c:	02010113          	addi	  sp,sp,32
40000b50:	00008067          	ret

40000b54 <(anonymous namespace)::do_compare_tests()>:
40000b54:	fa010113          	addi	  sp,sp,-96
40000b58:	40004537          	lui	  a0,0x40004
40000b5c:	03712e23          	sw	  s7,60(sp)
40000b60:	03812c23          	sw	  s8,56(sp)
40000b64:	f9c50513          	addi	  a0,a0,-100 # 40003f9c <_etext+0x4d4>
40000b68:	00010c37          	lui	  s8,0x10
40000b6c:	0b100bb7          	lui	  s7,0xb100
40000b70:	04812c23          	sw	  s0,88(sp)
40000b74:	04112e23          	sw	  ra,92(sp)
40000b78:	04912a23          	sw	  s1,84(sp)
40000b7c:	05212823          	sw	  s2,80(sp)
40000b80:	05312623          	sw	  s3,76(sp)
40000b84:	05412423          	sw	  s4,72(sp)
40000b88:	05512223          	sw	  s5,68(sp)
40000b8c:	05612023          	sw	  s6,64(sp)
40000b90:	03912a23          	sw	  s9,52(sp)
40000b94:	03a12823          	sw	  s10,48(sp)
40000b98:	03b12623          	sw	  s11,44(sp)
40000b9c:	00000413          	li	  s0,0
40000ba0:	510020ef          	jal	  ra,400030b0 <puts>
40000ba4:	fffc0c13          	addi	  s8,s8,-1 # ffff <CUSTOM1+0xffd4>
40000ba8:	00012e23          	sw	  zero,28(sp)
40000bac:	233b8b93          	addi	  s7,s7,563 # b100233 <CUSTOM1+0xb100208>
40000bb0:	01c12903          	lw	  s2,28(sp)
40000bb4:	ff172b37          	lui	  s6,0xff172
40000bb8:	00000d93          	li	  s11,0
40000bbc:	7f3b0b13          	addi	  s6,s6,2035 # ff1727f3 <_fstack+0xaf1727f7>
40000bc0:	01b4098b          	cfu[0,0]  s3, s0, s11
40000bc4:	01b41a0b          	cfu[0,1]  s4, s0, s11
40000bc8:	01b42a8b          	cfu[0,2]  s5, s0, s11
40000bcc:	00000593          	li	  a1,0
40000bd0:	000d8693          	mv	  a3,s11
40000bd4:	00040613          	mv	  a2,s0
40000bd8:	00000513          	li	  a0,0
40000bdc:	76d000ef          	jal	  ra,40001b48 <software_cfu>
40000be0:	000d8693          	mv	  a3,s11
40000be4:	00040613          	mv	  a2,s0
40000be8:	00000593          	li	  a1,0
40000bec:	00050c93          	mv	  s9,a0
40000bf0:	00100513          	li	  a0,1
40000bf4:	755000ef          	jal	  ra,40001b48 <software_cfu>
40000bf8:	00050493          	mv	  s1,a0
40000bfc:	000d8693          	mv	  a3,s11
40000c00:	00040613          	mv	  a2,s0
40000c04:	00000593          	li	  a1,0
40000c08:	00200513          	li	  a0,2
40000c0c:	73d000ef          	jal	  ra,40001b48 <software_cfu>
40000c10:	400047b7          	lui	  a5,0x40004
40000c14:	00050d13          	mv	  s10,a0
40000c18:	00190913          	addi	  s2,s2,1
40000c1c:	fc078513          	addi	  a0,a5,-64 # 40003fc0 <_etext+0x4f8>
40000c20:	01999463          	bne	  s3,s9,40000c28 <(anonymous namespace)::do_compare_tests()+0xd4>
40000c24:	0c9a0463          	beq	  s4,s1,40000cec <(anonymous namespace)::do_compare_tests()+0x198>
40000c28:	488020ef          	jal	  ra,400030b0 <puts>
40000c2c:	40004537          	lui	  a0,0x40004
40000c30:	000d8613          	mv	  a2,s11
40000c34:	000a8893          	mv	  a7,s5
40000c38:	00048813          	mv	  a6,s1
40000c3c:	000a0793          	mv	  a5,s4
40000c40:	000c8713          	mv	  a4,s9
40000c44:	00098693          	mv	  a3,s3
40000c48:	00040593          	mv	  a1,s0
40000c4c:	01a12023          	sw	  s10,0(sp)
40000c50:	00450513          	addi	  a0,a0,4 # 40004004 <_etext+0x53c>
40000c54:	408020ef          	jal	  ra,4000305c <printf>
40000c58:	018977b3          	and	  a5,s2,s8
40000c5c:	017d8db3          	add	  s11,s11,s7
40000c60:	06078a63          	beqz	  a5,40000cd4 <(anonymous namespace)::do_compare_tests()+0x180>
40000c64:	f56d9ee3          	bne	  s11,s6,40000bc0 <(anonymous namespace)::do_compare_tests()+0x6c>
40000c68:	01c12703          	lw	  a4,28(sp)
40000c6c:	007107b7          	lui	  a5,0x710
40000c70:	00578793          	addi	  a5,a5,5 # 710005 <CUSTOM1+0x70ffda>
40000c74:	00f40433          	add	  s0,s0,a5
40000c78:	34170713          	addi	  a4,a4,833 # 2341 <CUSTOM1+0x2316>
40000c7c:	ff2217b7          	lui	  a5,0xff221
40000c80:	b4a78793          	addi	  a5,a5,-1206 # ff220b4a <_fstack+0xaf220b4e>
40000c84:	00e12e23          	sw	  a4,28(sp)
40000c88:	f2f414e3          	bne	  s0,a5,40000bb0 <(anonymous namespace)::do_compare_tests()+0x5c>
40000c8c:	05812403          	lw	  s0,88(sp)
40000c90:	05c12083          	lw	  ra,92(sp)
40000c94:	05412483          	lw	  s1,84(sp)
40000c98:	04c12983          	lw	  s3,76(sp)
40000c9c:	04812a03          	lw	  s4,72(sp)
40000ca0:	04412a83          	lw	  s5,68(sp)
40000ca4:	04012b03          	lw	  s6,64(sp)
40000ca8:	03c12b83          	lw	  s7,60(sp)
40000cac:	03812c03          	lw	  s8,56(sp)
40000cb0:	03412c83          	lw	  s9,52(sp)
40000cb4:	03012d03          	lw	  s10,48(sp)
40000cb8:	02c12d83          	lw	  s11,44(sp)
40000cbc:	00090593          	mv	  a1,s2
40000cc0:	05012903          	lw	  s2,80(sp)
40000cc4:	40004537          	lui	  a0,0x40004
40000cc8:	07450513          	addi	  a0,a0,116 # 40004074 <_etext+0x5ac>
40000ccc:	06010113          	addi	  sp,sp,96
40000cd0:	38c0206f          	j	  4000305c <printf>
40000cd4:	400047b7          	lui	  a5,0x40004
40000cd8:	00090593          	mv	  a1,s2
40000cdc:	05c78513          	addi	  a0,a5,92 # 4000405c <_etext+0x594>
40000ce0:	37c020ef          	jal	  ra,4000305c <printf>
40000ce4:	ed6d9ee3          	bne	  s11,s6,40000bc0 <(anonymous namespace)::do_compare_tests()+0x6c>
40000ce8:	f81ff06f          	j	  40000c68 <(anonymous namespace)::do_compare_tests()+0x114>
40000cec:	f3aa9ee3          	bne	  s5,s10,40000c28 <(anonymous namespace)::do_compare_tests()+0xd4>
40000cf0:	f69ff06f          	j	  40000c58 <(anonymous namespace)::do_compare_tests()+0x104>

40000cf4 <do_functional_cfu_tests>:
40000cf4:	40005537          	lui	  a0,0x40005
40000cf8:	b7050513          	addi	  a0,a0,-1168 # 40004b70 <(anonymous namespace)::MENU>
40000cfc:	1540006f          	j	  40000e50 <menu_run>

40000d00 <instruction_handler>:
40000d00:	ff010113          	addi	  sp,sp,-16
40000d04:	00112623          	sw	  ra,12(sp)
40000d08:	00812423          	sw	  s0,8(sp)
40000d0c:	00912223          	sw	  s1,4(sp)
40000d10:	01212023          	sw	  s2,0(sp)
40000d14:	343027f3          	csrr	  a5,mtval
40000d18:	341024f3          	csrr	  s1,mepc
40000d1c:	03300713          	li	  a4,51
40000d20:	07f7f693          	andi	  a3,a5,127
40000d24:	00e68e63          	beq	  a3,a4,40000d40 <instruction_handler+0x40>
40000d28:	00c12083          	lw	  ra,12(sp)
40000d2c:	00812403          	lw	  s0,8(sp)
40000d30:	00412483          	lw	  s1,4(sp)
40000d34:	00012903          	lw	  s2,0(sp)
40000d38:	01010113          	addi	  sp,sp,16
40000d3c:	00008067          	ret
40000d40:	00f7d693          	srli	  a3,a5,0xf
40000d44:	0147d713          	srli	  a4,a5,0x14
40000d48:	fff6c693          	not	  a3,a3
40000d4c:	fff74713          	not	  a4,a4
40000d50:	01f6f693          	andi	  a3,a3,31
40000d54:	01f77713          	andi	  a4,a4,31
40000d58:	00c7d593          	srli	  a1,a5,0xc
40000d5c:	00269693          	slli	  a3,a3,0x2
40000d60:	0077d793          	srli	  a5,a5,0x7
40000d64:	00271713          	slli	  a4,a4,0x2
40000d68:	00e50733          	add	  a4,a0,a4
40000d6c:	fff7c793          	not	  a5,a5
40000d70:	00d506b3          	add	  a3,a0,a3
40000d74:	0075f593          	andi	  a1,a1,7
40000d78:	00600813          	li	  a6,6
40000d7c:	00050913          	mv	  s2,a0
40000d80:	00072603          	lw	  a2,0(a4)
40000d84:	0006a503          	lw	  a0,0(a3) # 300000 <CUSTOM1+0x2fffd5>
40000d88:	01f7f413          	andi	  s0,a5,31
40000d8c:	09058463          	beq	  a1,a6,40000e14 <instruction_handler+0x114>
40000d90:	00700793          	li	  a5,7
40000d94:	06f58263          	beq	  a1,a5,40000df8 <instruction_handler+0xf8>
40000d98:	00400793          	li	  a5,4
40000d9c:	04f58063          	beq	  a1,a5,40000ddc <instruction_handler+0xdc>
40000da0:	00500793          	li	  a5,5
40000da4:	00f59c63          	bne	  a1,a5,40000dbc <instruction_handler+0xbc>
40000da8:	fff00693          	li	  a3,-1
40000dac:	08061263          	bnez	  a2,40000e30 <instruction_handler+0x130>
40000db0:	00241713          	slli	  a4,s0,0x2
40000db4:	00e907b3          	add	  a5,s2,a4
40000db8:	00d7a023          	sw	  a3,0(a5)
40000dbc:	00448493          	addi	  s1,s1,4
40000dc0:	34149073          	csrw	  mepc,s1
40000dc4:	00c12083          	lw	  ra,12(sp)
40000dc8:	00812403          	lw	  s0,8(sp)
40000dcc:	00412483          	lw	  s1,4(sp)
40000dd0:	00012903          	lw	  s2,0(sp)
40000dd4:	01010113          	addi	  sp,sp,16
40000dd8:	00008067          	ret
40000ddc:	fff00693          	li	  a3,-1
40000de0:	fc0608e3          	beqz	  a2,40000db0 <instruction_handler+0xb0>
40000de4:	41f65693          	srai	  a3,a2,0x1f
40000de8:	41f55593          	srai	  a1,a0,0x1f
40000dec:	1e5010ef          	jal	  ra,400027d0 <__divdi3>
40000df0:	00050693          	mv	  a3,a0
40000df4:	fbdff06f          	j	  40000db0 <instruction_handler+0xb0>
40000df8:	00000693          	li	  a3,0
40000dfc:	00000593          	li	  a1,0
40000e00:	77d010ef          	jal	  ra,40002d7c <__umoddi3>
40000e04:	00241793          	slli	  a5,s0,0x2
40000e08:	00f907b3          	add	  a5,s2,a5
40000e0c:	00a7a023          	sw	  a0,0(a5)
40000e10:	fadff06f          	j	  40000dbc <instruction_handler+0xbc>
40000e14:	41f65693          	srai	  a3,a2,0x1f
40000e18:	41f55593          	srai	  a1,a0,0x1f
40000e1c:	785010ef          	jal	  ra,40002da0 <__moddi3>
40000e20:	00241713          	slli	  a4,s0,0x2
40000e24:	00e907b3          	add	  a5,s2,a4
40000e28:	00a7a023          	sw	  a0,0(a5)
40000e2c:	f91ff06f          	j	  40000dbc <instruction_handler+0xbc>
40000e30:	00000693          	li	  a3,0
40000e34:	00000593          	li	  a1,0
40000e38:	73d010ef          	jal	  ra,40002d74 <__udivdi3>
40000e3c:	00050693          	mv	  a3,a0
40000e40:	f71ff06f          	j	  40000db0 <instruction_handler+0xb0>

40000e44 <do_instruction_tests>:
40000e44:	40004537          	lui	  a0,0x40004
40000e48:	0f850513          	addi	  a0,a0,248 # 400040f8 <_etext+0x630>
40000e4c:	2640206f          	j	  400030b0 <puts>

40000e50 <menu_run>:
40000e50:	f7010113          	addi	  sp,sp,-144
40000e54:	08912223          	sw	  s1,132(sp)
40000e58:	09212023          	sw	  s2,128(sp)
40000e5c:	07312e23          	sw	  s3,124(sp)
40000e60:	07412c23          	sw	  s4,120(sp)
40000e64:	07512a23          	sw	  s5,116(sp)
40000e68:	07612823          	sw	  s6,112(sp)
40000e6c:	07712623          	sw	  s7,108(sp)
40000e70:	07812423          	sw	  s8,104(sp)
40000e74:	07912223          	sw	  s9,100(sp)
40000e78:	07a12023          	sw	  s10,96(sp)
40000e7c:	08112623          	sw	  ra,140(sp)
40000e80:	08812423          	sw	  s0,136(sp)
40000e84:	05b12e23          	sw	  s11,92(sp)
40000e88:	00050a13          	mv	  s4,a0
40000e8c:	00850a93          	addi	  s5,a0,8
40000e90:	40004bb7          	lui	  s7,0x40004
40000e94:	40004b37          	lui	  s6,0x40004
40000e98:	400049b7          	lui	  s3,0x40004
40000e9c:	00a00493          	li	  s1,10
40000ea0:	00d00913          	li	  s2,13
40000ea4:	40004c37          	lui	  s8,0x40004
40000ea8:	40004d37          	lui	  s10,0x40004
40000eac:	40004cb7          	lui	  s9,0x40004
40000eb0:	000a2503          	lw	  a0,0(s4)
40000eb4:	000a8413          	mv	  s0,s5
40000eb8:	2a9020ef          	jal	  ra,40003960 <strlen>
40000ebc:	00050613          	mv	  a2,a0
40000ec0:	00050d93          	mv	  s11,a0
40000ec4:	03d00593          	li	  a1,61
40000ec8:	00010513          	mv	  a0,sp
40000ecc:	279020ef          	jal	  ra,40003944 <memset>
40000ed0:	000a2583          	lw	  a1,0(s4)
40000ed4:	05010793          	addi	  a5,sp,80
40000ed8:	01b78db3          	add	  s11,a5,s11
40000edc:	00010613          	mv	  a2,sp
40000ee0:	120b8513          	addi	  a0,s7,288 # 40004120 <_etext+0x658>
40000ee4:	fa0d8823          	sb	  zero,-80(s11)
40000ee8:	174020ef          	jal	  ra,4000305c <printf>
40000eec:	008a4583          	lbu	  a1,8(s4)
40000ef0:	00058e63          	beqz	  a1,40000f0c <menu_run+0xbc>
40000ef4:	00442603          	lw	  a2,4(s0)
40000ef8:	13098513          	addi	  a0,s3,304 # 40004130 <_etext+0x668>
40000efc:	01040413          	addi	  s0,s0,16
40000f00:	15c020ef          	jal	  ra,4000305c <printf>
40000f04:	00044583          	lbu	  a1,0(s0)
40000f08:	fe0596e3          	bnez	  a1,40000ef4 <menu_run+0xa4>
40000f0c:	004a2583          	lw	  a1,4(s4)
40000f10:	128b0513          	addi	  a0,s6,296 # 40004128 <_etext+0x660>
40000f14:	148020ef          	jal	  ra,4000305c <printf>
40000f18:	a21ff0ef          	jal	  ra,40000938 <readchar>
40000f1c:	00050413          	mv	  s0,a0
40000f20:	fe950ce3          	beq	  a0,s1,40000f18 <menu_run+0xc8>
40000f24:	ff250ae3          	beq	  a0,s2,40000f18 <menu_run+0xc8>
40000f28:	17c020ef          	jal	  ra,400030a4 <putchar>
40000f2c:	008a4783          	lbu	  a5,8(s4)
40000f30:	00078c63          	beqz	  a5,40000f48 <menu_run+0xf8>
40000f34:	000a8d93          	mv	  s11,s5
40000f38:	00878e63          	beq	  a5,s0,40000f54 <menu_run+0x104>
40000f3c:	010dc783          	lbu	  a5,16(s11)
40000f40:	010d8d93          	addi	  s11,s11,16
40000f44:	fe079ae3          	bnez	  a5,40000f38 <menu_run+0xe8>
40000f48:	13cc0513          	addi	  a0,s8,316 # 4000413c <_etext+0x674>
40000f4c:	110020ef          	jal	  ra,4000305c <printf>
40000f50:	f61ff06f          	j	  40000eb0 <menu_run+0x60>
40000f54:	00a00513          	li	  a0,10
40000f58:	14c020ef          	jal	  ra,400030a4 <putchar>
40000f5c:	00cdc783          	lbu	  a5,12(s11)
40000f60:	02079263          	bnez	  a5,40000f84 <menu_run+0x134>
40000f64:	004da583          	lw	  a1,4(s11)
40000f68:	148d0513          	addi	  a0,s10,328 # 40004148 <_etext+0x680>
40000f6c:	0f0020ef          	jal	  ra,4000305c <printf>
40000f70:	008da783          	lw	  a5,8(s11)
40000f74:	000780e7          	jalr	  a5
40000f78:	158c8513          	addi	  a0,s9,344 # 40004158 <_etext+0x690>
40000f7c:	134020ef          	jal	  ra,400030b0 <puts>
40000f80:	f31ff06f          	j	  40000eb0 <menu_run+0x60>
40000f84:	08c12083          	lw	  ra,140(sp)
40000f88:	08812403          	lw	  s0,136(sp)
40000f8c:	08412483          	lw	  s1,132(sp)
40000f90:	08012903          	lw	  s2,128(sp)
40000f94:	07c12983          	lw	  s3,124(sp)
40000f98:	07812a03          	lw	  s4,120(sp)
40000f9c:	07412a83          	lw	  s5,116(sp)
40000fa0:	07012b03          	lw	  s6,112(sp)
40000fa4:	06c12b83          	lw	  s7,108(sp)
40000fa8:	06812c03          	lw	  s8,104(sp)
40000fac:	06412c83          	lw	  s9,100(sp)
40000fb0:	06012d03          	lw	  s10,96(sp)
40000fb4:	05c12d83          	lw	  s11,92(sp)
40000fb8:	09010113          	addi	  sp,sp,144
40000fbc:	00008067          	ret

40000fc0 <do_perf_show()>:
40000fc0:	40004537          	lui	  a0,0x40004
40000fc4:	ff010113          	addi	  sp,sp,-16
40000fc8:	15c50513          	addi	  a0,a0,348 # 4000415c <_etext+0x694>
40000fcc:	00112623          	sw	  ra,12(sp)
40000fd0:	08c020ef          	jal	  ra,4000305c <printf>
40000fd4:	40004537          	lui	  a0,0x40004
40000fd8:	00000593          	li	  a1,0
40000fdc:	16850513          	addi	  a0,a0,360 # 40004168 <_etext+0x6a0>
40000fe0:	07c020ef          	jal	  ra,4000305c <printf>
40000fe4:	40004537          	lui	  a0,0x40004
40000fe8:	00000593          	li	  a1,0
40000fec:	17850513          	addi	  a0,a0,376 # 40004178 <_etext+0x6b0>
40000ff0:	06c020ef          	jal	  ra,4000305c <printf>
40000ff4:	b00025f3          	csrr	  a1,mcycle
40000ff8:	00c12083          	lw	  ra,12(sp)
40000ffc:	40004537          	lui	  a0,0x40004
40001000:	18850513          	addi	  a0,a0,392 # 40004188 <_etext+0x6c0>
40001004:	01010113          	addi	  sp,sp,16
40001008:	0540206f          	j	  4000305c <printf>

4000100c <do_perf_set_1()>:
4000100c:	40004537          	lui	  a0,0x40004
40001010:	400057b7          	lui	  a5,0x40005
40001014:	00100713          	li	  a4,1
40001018:	00000613          	li	  a2,0
4000101c:	00100593          	li	  a1,1
40001020:	19850513          	addi	  a0,a0,408 # 40004198 <_etext+0x6d0>
40001024:	d2e7a023          	sw	  a4,-736(a5) # 40004d20 <counter_num>
40001028:	0340206f          	j	  4000305c <printf>

4000102c <do_perf_set_0()>:
4000102c:	40004537          	lui	  a0,0x40004
40001030:	400057b7          	lui	  a5,0x40005
40001034:	00000613          	li	  a2,0
40001038:	00000593          	li	  a1,0
4000103c:	19850513          	addi	  a0,a0,408 # 40004198 <_etext+0x6d0>
40001040:	d207a023          	sw	  zero,-736(a5) # 40004d20 <counter_num>
40001044:	0180206f          	j	  4000305c <printf>

40001048 <do_perf_zero()>:
40001048:	400057b7          	lui	  a5,0x40005
4000104c:	d207a583          	lw	  a1,-736(a5) # 40004d20 <counter_num>
40001050:	40004537          	lui	  a0,0x40004
40001054:	ff010113          	addi	  sp,sp,-16
40001058:	1b450513          	addi	  a0,a0,436 # 400041b4 <_etext+0x6ec>
4000105c:	00112623          	sw	  ra,12(sp)
40001060:	7fd010ef          	jal	  ra,4000305c <printf>
40001064:	00000793          	li	  a5,0
40001068:	b0079073          	csrw	  mcycle,a5
4000106c:	00c12083          	lw	  ra,12(sp)
40001070:	01010113          	addi	  sp,sp,16
40001074:	00008067          	ret

40001078 <do_perf_pause()>:
40001078:	400057b7          	lui	  a5,0x40005
4000107c:	d207a583          	lw	  a1,-736(a5) # 40004d20 <counter_num>
40001080:	40004537          	lui	  a0,0x40004
40001084:	1d850513          	addi	  a0,a0,472 # 400041d8 <_etext+0x710>
40001088:	7d50106f          	j	  4000305c <printf>

4000108c <do_perf_enable()>:
4000108c:	400057b7          	lui	  a5,0x40005
40001090:	d207a583          	lw	  a1,-736(a5) # 40004d20 <counter_num>
40001094:	40004537          	lui	  a0,0x40004
40001098:	1f050513          	addi	  a0,a0,496 # 400041f0 <_etext+0x728>
4000109c:	7c10106f          	j	  4000305c <printf>

400010a0 <do_perf_measure()>:
400010a0:	ff010113          	addi	  sp,sp,-16
400010a4:	000f47b7          	lui	  a5,0xf4
400010a8:	00112623          	sw	  ra,12(sp)
400010ac:	24078793          	addi	  a5,a5,576 # f4240 <CUSTOM1+0xf4215>
400010b0:	00000013          	nop
400010b4:	fff78793          	addi	  a5,a5,-1
400010b8:	fe079ce3          	bnez	  a5,400010b0 <do_perf_measure()+0x10>
400010bc:	000f47b7          	lui	  a5,0xf4
400010c0:	24078793          	addi	  a5,a5,576 # f4240 <CUSTOM1+0xf4215>
400010c4:	00000013          	nop
400010c8:	fff78793          	addi	  a5,a5,-1
400010cc:	fe079ce3          	bnez	  a5,400010c4 <do_perf_measure()+0x24>
400010d0:	000f47b7          	lui	  a5,0xf4
400010d4:	24078793          	addi	  a5,a5,576 # f4240 <CUSTOM1+0xf4215>
400010d8:	00000013          	nop
400010dc:	fff78793          	addi	  a5,a5,-1
400010e0:	fe079ce3          	bnez	  a5,400010d8 <do_perf_measure()+0x38>
400010e4:	40004537          	lui	  a0,0x40004
400010e8:	00000593          	li	  a1,0
400010ec:	20850513          	addi	  a0,a0,520 # 40004208 <_etext+0x740>
400010f0:	76d010ef          	jal	  ra,4000305c <printf>
400010f4:	40004537          	lui	  a0,0x40004
400010f8:	00000593          	li	  a1,0
400010fc:	22450513          	addi	  a0,a0,548 # 40004224 <_etext+0x75c>
40001100:	75d010ef          	jal	  ra,4000305c <printf>
40001104:	40004537          	lui	  a0,0x40004
40001108:	00000593          	li	  a1,0
4000110c:	24050513          	addi	  a0,a0,576 # 40004240 <_etext+0x778>
40001110:	74d010ef          	jal	  ra,4000305c <printf>
40001114:	40004537          	lui	  a0,0x40004
40001118:	00000593          	li	  a1,0
4000111c:	25c50513          	addi	  a0,a0,604 # 4000425c <_etext+0x794>
40001120:	73d010ef          	jal	  ra,4000305c <printf>
40001124:	40004537          	lui	  a0,0x40004
40001128:	00000593          	li	  a1,0
4000112c:	27850513          	addi	  a0,a0,632 # 40004278 <_etext+0x7b0>
40001130:	72d010ef          	jal	  ra,4000305c <printf>
40001134:	40004537          	lui	  a0,0x40004
40001138:	29450513          	addi	  a0,a0,660 # 40004294 <_etext+0x7cc>
4000113c:	721010ef          	jal	  ra,4000305c <printf>
40001140:	40004537          	lui	  a0,0x40004
40001144:	00000593          	li	  a1,0
40001148:	29850513          	addi	  a0,a0,664 # 40004298 <_etext+0x7d0>
4000114c:	711010ef          	jal	  ra,4000305c <printf>
40001150:	00c12083          	lw	  ra,12(sp)
40001154:	40004537          	lui	  a0,0x40004
40001158:	00000593          	li	  a1,0
4000115c:	2cc50513          	addi	  a0,a0,716 # 400042cc <_etext+0x804>
40001160:	01010113          	addi	  sp,sp,16
40001164:	6f90106f          	j	  4000305c <printf>

40001168 <perf_test_menu>:
40001168:	40005537          	lui	  a0,0x40005
4000116c:	bc850513          	addi	  a0,a0,-1080 # 40004bc8 <MENU>
40001170:	ce1ff06f          	j	  40000e50 <menu_run>

40001174 <murmurhash3_32>:
40001174:	ffc5f613          	andi	  a2,a1,-4
40001178:	00c50633          	add	  a2,a0,a2
4000117c:	00000713          	li	  a4,0
40001180:	0ec50663          	beq	  a0,a2,4000126c <murmurhash3_32+0xf8>
40001184:	cc9e3337          	lui	  t1,0xcc9e3
40001188:	1b8738b7          	lui	  a7,0x1b873
4000118c:	e6547837          	lui	  a6,0xe6547
40001190:	d5130313          	addi	  t1,t1,-687 # cc9e2d51 <_fstack+0x7c9e2d55>
40001194:	59388893          	addi	  a7,a7,1427 # 1b873593 <CUSTOM1+0x1b873568>
40001198:	b6480813          	addi	  a6,a6,-1180 # e6546b64 <_fstack+0x96546b68>
4000119c:	00052783          	lw	  a5,0(a0)
400011a0:	00450513          	addi	  a0,a0,4
400011a4:	026787b3          	mul	  a5,a5,t1
400011a8:	00f79693          	slli	  a3,a5,0xf
400011ac:	0117d793          	srli	  a5,a5,0x11
400011b0:	00d7e7b3          	or	  a5,a5,a3
400011b4:	031787b3          	mul	  a5,a5,a7
400011b8:	00e7c7b3          	xor	  a5,a5,a4
400011bc:	00d79713          	slli	  a4,a5,0xd
400011c0:	0137d793          	srli	  a5,a5,0x13
400011c4:	00f767b3          	or	  a5,a4,a5
400011c8:	00279713          	slli	  a4,a5,0x2
400011cc:	00f707b3          	add	  a5,a4,a5
400011d0:	01078733          	add	  a4,a5,a6
400011d4:	fca614e3          	bne	  a2,a0,4000119c <murmurhash3_32+0x28>
400011d8:	00e5c7b3          	xor	  a5,a1,a4
400011dc:	0035f593          	andi	  a1,a1,3
400011e0:	04058c63          	beqz	  a1,40001238 <murmurhash3_32+0xc4>
400011e4:	00100693          	li	  a3,1
400011e8:	00064703          	lbu	  a4,0(a2) # 300000 <CUSTOM1+0x2fffd5>
400011ec:	02d58263          	beq	  a1,a3,40001210 <murmurhash3_32+0x9c>
400011f0:	00164683          	lbu	  a3,1(a2)
400011f4:	00200513          	li	  a0,2
400011f8:	00869693          	slli	  a3,a3,0x8
400011fc:	00d70733          	add	  a4,a4,a3
40001200:	00a58863          	beq	  a1,a0,40001210 <murmurhash3_32+0x9c>
40001204:	00264683          	lbu	  a3,2(a2)
40001208:	01069693          	slli	  a3,a3,0x10
4000120c:	00d70733          	add	  a4,a4,a3
40001210:	cc9e36b7          	lui	  a3,0xcc9e3
40001214:	d5168693          	addi	  a3,a3,-687 # cc9e2d51 <_fstack+0x7c9e2d55>
40001218:	02d70733          	mul	  a4,a4,a3
4000121c:	00f71693          	slli	  a3,a4,0xf
40001220:	01175713          	srli	  a4,a4,0x11
40001224:	00e6e733          	or	  a4,a3,a4
40001228:	1b8736b7          	lui	  a3,0x1b873
4000122c:	59368693          	addi	  a3,a3,1427 # 1b873593 <CUSTOM1+0x1b873568>
40001230:	02d70733          	mul	  a4,a4,a3
40001234:	00e7c7b3          	xor	  a5,a5,a4
40001238:	0107d713          	srli	  a4,a5,0x10
4000123c:	00f747b3          	xor	  a5,a4,a5
40001240:	85ebd737          	lui	  a4,0x85ebd
40001244:	a6b70713          	addi	  a4,a4,-1429 # 85ebca6b <_fstack+0x35ebca6f>
40001248:	02e78733          	mul	  a4,a5,a4
4000124c:	c2b2b537          	lui	  a0,0xc2b2b
40001250:	e3550513          	addi	  a0,a0,-459 # c2b2ae35 <_fstack+0x72b2ae39>
40001254:	00d75793          	srli	  a5,a4,0xd
40001258:	00e7c7b3          	xor	  a5,a5,a4
4000125c:	02a787b3          	mul	  a5,a5,a0
40001260:	0107d513          	srli	  a0,a5,0x10
40001264:	00f54533          	xor	  a0,a0,a5
40001268:	00008067          	ret
4000126c:	00058793          	mv	  a5,a1
40001270:	f6dff06f          	j	  400011dc <murmurhash3_32+0x68>

40001274 <(anonymous namespace)::do_murmur_tests()>:
40001274:	400047b7          	lui	  a5,0x40004
40001278:	d8010113          	addi	  sp,sp,-640
4000127c:	4c878793          	addi	  a5,a5,1224 # 400044c8 <_etext+0xa00>
40001280:	26112e23          	sw	  ra,636(sp)
40001284:	26812c23          	sw	  s0,632(sp)
40001288:	26912a23          	sw	  s1,628(sp)
4000128c:	27212823          	sw	  s2,624(sp)
40001290:	27312623          	sw	  s3,620(sp)
40001294:	27412423          	sw	  s4,616(sp)
40001298:	27512223          	sw	  s5,612(sp)
4000129c:	27612023          	sw	  s6,608(sp)
400012a0:	25712e23          	sw	  s7,604(sp)
400012a4:	00410713          	addi	  a4,sp,4
400012a8:	24478893          	addi	  a7,a5,580
400012ac:	0007a803          	lw	  a6,0(a5)
400012b0:	0047a503          	lw	  a0,4(a5)
400012b4:	0087a583          	lw	  a1,8(a5)
400012b8:	00c7a603          	lw	  a2,12(a5)
400012bc:	0107a683          	lw	  a3,16(a5)
400012c0:	01072023          	sw	  a6,0(a4)
400012c4:	00a72223          	sw	  a0,4(a4)
400012c8:	00b72423          	sw	  a1,8(a4)
400012cc:	00c72623          	sw	  a2,12(a4)
400012d0:	00d72823          	sw	  a3,16(a4)
400012d4:	01478793          	addi	  a5,a5,20
400012d8:	01470713          	addi	  a4,a4,20
400012dc:	fd1798e3          	bne	  a5,a7,400012ac <(anonymous namespace)::do_murmur_tests()+0x38>
400012e0:	0007a683          	lw	  a3,0(a5)
400012e4:	0047a783          	lw	  a5,4(a5)
400012e8:	00810413          	addi	  s0,sp,8
400012ec:	00d72023          	sw	  a3,0(a4)
400012f0:	00f72223          	sw	  a5,4(a4)
400012f4:	00000493          	li	  s1,0
400012f8:	00000993          	li	  s3,0
400012fc:	40004b37          	lui	  s6,0x40004
40001300:	40004937          	lui	  s2,0x40004
40001304:	40004ab7          	lui	  s5,0x40004
40001308:	fff00a13          	li	  s4,-1
4000130c:	40004bb7          	lui	  s7,0x40004
40001310:	00048593          	mv	  a1,s1
40001314:	404b0513          	addi	  a0,s6,1028 # 40004404 <_etext+0x93c>
40001318:	545010ef          	jal	  ra,4000305c <printf>
4000131c:	01442583          	lw	  a1,20(s0)
40001320:	00040513          	mv	  a0,s0
40001324:	e51ff0ef          	jal	  ra,40001174 <murmurhash3_32>
40001328:	ffc42603          	lw	  a2,-4(s0)
4000132c:	00050693          	mv	  a3,a0
40001330:	01442583          	lw	  a1,20(s0)
40001334:	460a8713          	addi	  a4,s5,1120 # 40004460 <_etext+0x998>
40001338:	42890513          	addi	  a0,s2,1064 # 40004428 <_etext+0x960>
4000133c:	04c68c63          	beq	  a3,a2,40001394 <(anonymous namespace)::do_murmur_tests()+0x120>
40001340:	01c40413          	addi	  s0,s0,28
40001344:	519010ef          	jal	  ra,4000305c <printf>
40001348:	01442783          	lw	  a5,20(s0)
4000134c:	00148493          	addi	  s1,s1,1
40001350:	fd4790e3          	bne	  a5,s4,40001310 <(anonymous namespace)::do_murmur_tests()+0x9c>
40001354:	40004537          	lui	  a0,0x40004
40001358:	00048613          	mv	  a2,s1
4000135c:	00098593          	mv	  a1,s3
40001360:	40c50513          	addi	  a0,a0,1036 # 4000440c <_etext+0x944>
40001364:	4f9010ef          	jal	  ra,4000305c <printf>
40001368:	27c12083          	lw	  ra,636(sp)
4000136c:	27812403          	lw	  s0,632(sp)
40001370:	27412483          	lw	  s1,628(sp)
40001374:	27012903          	lw	  s2,624(sp)
40001378:	26c12983          	lw	  s3,620(sp)
4000137c:	26812a03          	lw	  s4,616(sp)
40001380:	26412a83          	lw	  s5,612(sp)
40001384:	26012b03          	lw	  s6,608(sp)
40001388:	25c12b83          	lw	  s7,604(sp)
4000138c:	28010113          	addi	  sp,sp,640
40001390:	00008067          	ret
40001394:	424b8713          	addi	  a4,s7,1060 # 40004424 <_etext+0x95c>
40001398:	00068613          	mv	  a2,a3
4000139c:	42890513          	addi	  a0,s2,1064
400013a0:	01c40413          	addi	  s0,s0,28
400013a4:	4b9010ef          	jal	  ra,4000305c <printf>
400013a8:	01442783          	lw	  a5,20(s0)
400013ac:	00198993          	addi	  s3,s3,1
400013b0:	00148493          	addi	  s1,s1,1
400013b4:	f5479ee3          	bne	  a5,s4,40001310 <(anonymous namespace)::do_murmur_tests()+0x9c>
400013b8:	f9dff06f          	j	  40001354 <(anonymous namespace)::do_murmur_tests()+0xe0>

400013bc <(anonymous namespace)::do_fpu()>:
400013bc:	fc010113          	addi	  sp,sp,-64
400013c0:	400057b7          	lui	  a5,0x40005
400013c4:	02812c23          	sw	  s0,56(sp)
400013c8:	9f87a403          	lw	  s0,-1544(a5) # 400049f8 <_ctype_+0x158>
400013cc:	400057b7          	lui	  a5,0x40005
400013d0:	03212823          	sw	  s2,48(sp)
400013d4:	9fc7a903          	lw	  s2,-1540(a5) # 400049fc <_ctype_+0x15c>
400013d8:	400057b7          	lui	  a5,0x40005
400013dc:	03312623          	sw	  s3,44(sp)
400013e0:	a007a983          	lw	  s3,-1536(a5) # 40004a00 <_ctype_+0x160>
400013e4:	02912a23          	sw	  s1,52(sp)
400013e8:	03412423          	sw	  s4,40(sp)
400013ec:	03512223          	sw	  s5,36(sp)
400013f0:	03612023          	sw	  s6,32(sp)
400013f4:	01712e23          	sw	  s7,28(sp)
400013f8:	01912a23          	sw	  s9,20(sp)
400013fc:	01a12823          	sw	  s10,16(sp)
40001400:	01b12623          	sw	  s11,12(sp)
40001404:	02112e23          	sw	  ra,60(sp)
40001408:	01812c23          	sw	  s8,24(sp)
4000140c:	00000a13          	li	  s4,0
40001410:	02000b93          	li	  s7,32
40001414:	00040b13          	mv	  s6,s0
40001418:	40004d37          	lui	  s10,0x40004
4000141c:	400044b7          	lui	  s1,0x40004
40001420:	40004cb7          	lui	  s9,0x40004
40001424:	80000ab7          	lui	  s5,0x80000
40001428:	00040d93          	mv	  s11,s0
4000142c:	000b0513          	mv	  a0,s6
40001430:	7b8010ef          	jal	  ra,40002be8 <__fixsfsi>
40001434:	00050c13          	mv	  s8,a0
40001438:	6f4010ef          	jal	  ra,40002b2c <__floatsisf>
4000143c:	00050593          	mv	  a1,a0
40001440:	000b0513          	mv	  a0,s6
40001444:	735000ef          	jal	  ra,40002378 <__subsf3>
40001448:	00090593          	mv	  a1,s2
4000144c:	739000ef          	jal	  ra,40002384 <__mulsf3>
40001450:	798010ef          	jal	  ra,40002be8 <__fixsfsi>
40001454:	00050713          	mv	  a4,a0
40001458:	000c0693          	mv	  a3,s8
4000145c:	000b8613          	mv	  a2,s7
40001460:	468d0593          	addi	  a1,s10,1128 # 40004468 <_etext+0x9a0>
40001464:	46c48513          	addi	  a0,s1,1132 # 4000446c <_etext+0x9a4>
40001468:	3f5010ef          	jal	  ra,4000305c <printf>
4000146c:	38d00713          	li	  a4,909
40001470:	00400693          	li	  a3,4
40001474:	02000613          	li	  a2,32
40001478:	47cc8593          	addi	  a1,s9,1148 # 4000447c <_etext+0x9b4>
4000147c:	46c48513          	addi	  a0,s1,1132
40001480:	3dd010ef          	jal	  ra,4000305c <printf>
40001484:	00098593          	mv	  a1,s3
40001488:	00040513          	mv	  a0,s0
4000148c:	499000ef          	jal	  ra,40002124 <__addsf3>
40001490:	00000593          	li	  a1,0
40001494:	00050c13          	mv	  s8,a0
40001498:	481000ef          	jal	  ra,40002118 <__ltsf2>
4000149c:	02000b13          	li	  s6,32
400014a0:	00055663          	bgez	  a0,400014ac <(anonymous namespace)::do_fpu()+0xf0>
400014a4:	018acc33          	xor	  s8,s5,s8
400014a8:	02d00b13          	li	  s6,45
400014ac:	000c0513          	mv	  a0,s8
400014b0:	738010ef          	jal	  ra,40002be8 <__fixsfsi>
400014b4:	00050b93          	mv	  s7,a0
400014b8:	674010ef          	jal	  ra,40002b2c <__floatsisf>
400014bc:	00050593          	mv	  a1,a0
400014c0:	000c0513          	mv	  a0,s8
400014c4:	6b5000ef          	jal	  ra,40002378 <__subsf3>
400014c8:	00090593          	mv	  a1,s2
400014cc:	6b9000ef          	jal	  ra,40002384 <__mulsf3>
400014d0:	718010ef          	jal	  ra,40002be8 <__fixsfsi>
400014d4:	400047b7          	lui	  a5,0x40004
400014d8:	00050713          	mv	  a4,a0
400014dc:	000b0613          	mv	  a2,s6
400014e0:	48078593          	addi	  a1,a5,1152 # 40004480 <_etext+0x9b8>
400014e4:	000b8693          	mv	  a3,s7
400014e8:	46c48513          	addi	  a0,s1,1132
400014ec:	371010ef          	jal	  ra,4000305c <printf>
400014f0:	00098593          	mv	  a1,s3
400014f4:	00040513          	mv	  a0,s0
400014f8:	68d000ef          	jal	  ra,40002384 <__mulsf3>
400014fc:	00000593          	li	  a1,0
40001500:	00050c13          	mv	  s8,a0
40001504:	415000ef          	jal	  ra,40002118 <__ltsf2>
40001508:	02000b13          	li	  s6,32
4000150c:	00055663          	bgez	  a0,40001518 <(anonymous namespace)::do_fpu()+0x15c>
40001510:	018acc33          	xor	  s8,s5,s8
40001514:	02d00b13          	li	  s6,45
40001518:	000c0513          	mv	  a0,s8
4000151c:	6cc010ef          	jal	  ra,40002be8 <__fixsfsi>
40001520:	00050b93          	mv	  s7,a0
40001524:	608010ef          	jal	  ra,40002b2c <__floatsisf>
40001528:	00050593          	mv	  a1,a0
4000152c:	000c0513          	mv	  a0,s8
40001530:	649000ef          	jal	  ra,40002378 <__subsf3>
40001534:	00090593          	mv	  a1,s2
40001538:	64d000ef          	jal	  ra,40002384 <__mulsf3>
4000153c:	6ac010ef          	jal	  ra,40002be8 <__fixsfsi>
40001540:	400047b7          	lui	  a5,0x40004
40001544:	00050713          	mv	  a4,a0
40001548:	000b0613          	mv	  a2,s6
4000154c:	48478593          	addi	  a1,a5,1156 # 40004484 <_etext+0x9bc>
40001550:	000b8693          	mv	  a3,s7
40001554:	46c48513          	addi	  a0,s1,1132
40001558:	305010ef          	jal	  ra,4000305c <printf>
4000155c:	00098593          	mv	  a1,s3
40001560:	00040513          	mv	  a0,s0
40001564:	615000ef          	jal	  ra,40002378 <__subsf3>
40001568:	00000593          	li	  a1,0
4000156c:	00050c13          	mv	  s8,a0
40001570:	3a9000ef          	jal	  ra,40002118 <__ltsf2>
40001574:	02000b13          	li	  s6,32
40001578:	00055663          	bgez	  a0,40001584 <(anonymous namespace)::do_fpu()+0x1c8>
4000157c:	018acc33          	xor	  s8,s5,s8
40001580:	02d00b13          	li	  s6,45
40001584:	000c0513          	mv	  a0,s8
40001588:	660010ef          	jal	  ra,40002be8 <__fixsfsi>
4000158c:	00050b93          	mv	  s7,a0
40001590:	59c010ef          	jal	  ra,40002b2c <__floatsisf>
40001594:	00050593          	mv	  a1,a0
40001598:	000c0513          	mv	  a0,s8
4000159c:	5dd000ef          	jal	  ra,40002378 <__subsf3>
400015a0:	00090593          	mv	  a1,s2
400015a4:	5e1000ef          	jal	  ra,40002384 <__mulsf3>
400015a8:	640010ef          	jal	  ra,40002be8 <__fixsfsi>
400015ac:	400047b7          	lui	  a5,0x40004
400015b0:	00050713          	mv	  a4,a0
400015b4:	000b0613          	mv	  a2,s6
400015b8:	48878593          	addi	  a1,a5,1160 # 40004488 <_etext+0x9c0>
400015bc:	000b8693          	mv	  a3,s7
400015c0:	46c48513          	addi	  a0,s1,1132
400015c4:	299010ef          	jal	  ra,4000305c <printf>
400015c8:	00098593          	mv	  a1,s3
400015cc:	00040513          	mv	  a0,s0
400015d0:	7c9000ef          	jal	  ra,40002598 <__divsf3>
400015d4:	00000593          	li	  a1,0
400015d8:	00050413          	mv	  s0,a0
400015dc:	33d000ef          	jal	  ra,40002118 <__ltsf2>
400015e0:	02000b13          	li	  s6,32
400015e4:	00055663          	bgez	  a0,400015f0 <(anonymous namespace)::do_fpu()+0x234>
400015e8:	008ac433          	xor	  s0,s5,s0
400015ec:	02d00b13          	li	  s6,45
400015f0:	00040513          	mv	  a0,s0
400015f4:	5f4010ef          	jal	  ra,40002be8 <__fixsfsi>
400015f8:	00050b93          	mv	  s7,a0
400015fc:	530010ef          	jal	  ra,40002b2c <__floatsisf>
40001600:	00050593          	mv	  a1,a0
40001604:	00040513          	mv	  a0,s0
40001608:	571000ef          	jal	  ra,40002378 <__subsf3>
4000160c:	00090593          	mv	  a1,s2
40001610:	575000ef          	jal	  ra,40002384 <__mulsf3>
40001614:	5d4010ef          	jal	  ra,40002be8 <__fixsfsi>
40001618:	400047b7          	lui	  a5,0x40004
4000161c:	00050713          	mv	  a4,a0
40001620:	48c78593          	addi	  a1,a5,1164 # 4000448c <_etext+0x9c4>
40001624:	000b8693          	mv	  a3,s7
40001628:	000b0613          	mv	  a2,s6
4000162c:	46c48513          	addi	  a0,s1,1132
40001630:	22d010ef          	jal	  ra,4000305c <printf>
40001634:	400047b7          	lui	  a5,0x40004
40001638:	bb878513          	addi	  a0,a5,-1096 # 40003bb8 <_etext+0xf0>
4000163c:	221010ef          	jal	  ra,4000305c <printf>
40001640:	001a0a13          	addi	  s4,s4,1
40001644:	00a00793          	li	  a5,10
40001648:	02fa0c63          	beq	  s4,a5,40001680 <(anonymous namespace)::do_fpu()+0x2c4>
4000164c:	000a0513          	mv	  a0,s4
40001650:	4dc010ef          	jal	  ra,40002b2c <__floatsisf>
40001654:	000d8593          	mv	  a1,s11
40001658:	2cd000ef          	jal	  ra,40002124 <__addsf3>
4000165c:	00000593          	li	  a1,0
40001660:	00050413          	mv	  s0,a0
40001664:	2b5000ef          	jal	  ra,40002118 <__ltsf2>
40001668:	008acb33          	xor	  s6,s5,s0
4000166c:	02d00b93          	li	  s7,45
40001670:	da054ee3          	bltz	  a0,4000142c <(anonymous namespace)::do_fpu()+0x70>
40001674:	00040b13          	mv	  s6,s0
40001678:	02000b93          	li	  s7,32
4000167c:	db1ff06f          	j	  4000142c <(anonymous namespace)::do_fpu()+0x70>
40001680:	03c12083          	lw	  ra,60(sp)
40001684:	03812403          	lw	  s0,56(sp)
40001688:	03412483          	lw	  s1,52(sp)
4000168c:	03012903          	lw	  s2,48(sp)
40001690:	02c12983          	lw	  s3,44(sp)
40001694:	02812a03          	lw	  s4,40(sp)
40001698:	02412a83          	lw	  s5,36(sp)
4000169c:	02012b03          	lw	  s6,32(sp)
400016a0:	01c12b83          	lw	  s7,28(sp)
400016a4:	01812c03          	lw	  s8,24(sp)
400016a8:	01412c83          	lw	  s9,20(sp)
400016ac:	01012d03          	lw	  s10,16(sp)
400016b0:	00c12d83          	lw	  s11,12(sp)
400016b4:	04010113          	addi	  sp,sp,64
400016b8:	00008067          	ret

400016bc <do_util_tests_menu>:
400016bc:	40005537          	lui	  a0,0x40005
400016c0:	c6050513          	addi	  a0,a0,-928 # 40004c60 <(anonymous namespace)::MENU>
400016c4:	f8cff06f          	j	  40000e50 <menu_run>

400016c8 <(anonymous namespace)::do_hello_world()>:
400016c8:	40004537          	lui	  a0,0x40004
400016cc:	71450513          	addi	  a0,a0,1812 # 40004714 <_etext+0xc4c>
400016d0:	1e10106f          	j	  400030b0 <puts>

400016d4 <(anonymous namespace)::do_grid_cfu_op1()>:
400016d4:	40004537          	lui	  a0,0x40004
400016d8:	fe010113          	addi	  sp,sp,-32
400016dc:	72850513          	addi	  a0,a0,1832 # 40004728 <_etext+0xc60>
400016e0:	00112e23          	sw	  ra,28(sp)
400016e4:	00812c23          	sw	  s0,24(sp)
400016e8:	00912a23          	sw	  s1,20(sp)
400016ec:	01212823          	sw	  s2,16(sp)
400016f0:	01312623          	sw	  s3,12(sp)
400016f4:	01412423          	sw	  s4,8(sp)
400016f8:	01512223          	sw	  s5,4(sp)
400016fc:	1b5010ef          	jal	  ra,400030b0 <puts>
40001700:	40004537          	lui	  a0,0x40004
40001704:	73c50513          	addi	  a0,a0,1852 # 4000473c <_etext+0xc74>
40001708:	155010ef          	jal	  ra,4000305c <printf>
4000170c:	ffd00413          	li	  s0,-3
40001710:	40004937          	lui	  s2,0x40004
40001714:	00400493          	li	  s1,4
40001718:	00040593          	mv	  a1,s0
4000171c:	74890513          	addi	  a0,s2,1864 # 40004748 <_etext+0xc80>
40001720:	00140413          	addi	  s0,s0,1
40001724:	139010ef          	jal	  ra,4000305c <printf>
40001728:	fe9418e3          	bne	  s0,s1,40001718 <(anonymous namespace)::do_grid_cfu_op1()+0x44>
4000172c:	40004537          	lui	  a0,0x40004
40001730:	74c50513          	addi	  a0,a0,1868 # 4000474c <_etext+0xc84>
40001734:	17d010ef          	jal	  ra,400030b0 <puts>
40001738:	ffd00493          	li	  s1,-3
4000173c:	40004ab7          	lui	  s5,0x40004
40001740:	40004a37          	lui	  s4,0x40004
40001744:	00400993          	li	  s3,4
40001748:	00048593          	mv	  a1,s1
4000174c:	788a8513          	addi	  a0,s5,1928 # 40004788 <_etext+0xcc0>
40001750:	10d010ef          	jal	  ra,4000305c <printf>
40001754:	ffd00413          	li	  s0,-3
40001758:	0084958b          	cfu[0,1]  a1, s1, s0
4000175c:	00140413          	addi	  s0,s0,1
40001760:	74890513          	addi	  a0,s2,1864
40001764:	0f9010ef          	jal	  ra,4000305c <printf>
40001768:	ff3418e3          	bne	  s0,s3,40001758 <(anonymous namespace)::do_grid_cfu_op1()+0x84>
4000176c:	00148493          	addi	  s1,s1,1
40001770:	b50a0513          	addi	  a0,s4,-1200 # 40003b50 <_etext+0x88>
40001774:	13d010ef          	jal	  ra,400030b0 <puts>
40001778:	fc8498e3          	bne	  s1,s0,40001748 <(anonymous namespace)::do_grid_cfu_op1()+0x74>
4000177c:	01c12083          	lw	  ra,28(sp)
40001780:	01812403          	lw	  s0,24(sp)
40001784:	01412483          	lw	  s1,20(sp)
40001788:	01012903          	lw	  s2,16(sp)
4000178c:	00c12983          	lw	  s3,12(sp)
40001790:	00812a03          	lw	  s4,8(sp)
40001794:	00412a83          	lw	  s5,4(sp)
40001798:	02010113          	addi	  sp,sp,32
4000179c:	00008067          	ret

400017a0 <(anonymous namespace)::do_grid_cfu_op0()>:
400017a0:	40004537          	lui	  a0,0x40004
400017a4:	fe010113          	addi	  sp,sp,-32
400017a8:	72850513          	addi	  a0,a0,1832 # 40004728 <_etext+0xc60>
400017ac:	00112e23          	sw	  ra,28(sp)
400017b0:	00812c23          	sw	  s0,24(sp)
400017b4:	00912a23          	sw	  s1,20(sp)
400017b8:	01212823          	sw	  s2,16(sp)
400017bc:	01312623          	sw	  s3,12(sp)
400017c0:	01412423          	sw	  s4,8(sp)
400017c4:	01512223          	sw	  s5,4(sp)
400017c8:	0e9010ef          	jal	  ra,400030b0 <puts>
400017cc:	40004537          	lui	  a0,0x40004
400017d0:	73c50513          	addi	  a0,a0,1852 # 4000473c <_etext+0xc74>
400017d4:	089010ef          	jal	  ra,4000305c <printf>
400017d8:	00000413          	li	  s0,0
400017dc:	40004937          	lui	  s2,0x40004
400017e0:	00600493          	li	  s1,6
400017e4:	00040593          	mv	  a1,s0
400017e8:	74890513          	addi	  a0,s2,1864 # 40004748 <_etext+0xc80>
400017ec:	00140413          	addi	  s0,s0,1
400017f0:	06d010ef          	jal	  ra,4000305c <printf>
400017f4:	fe9418e3          	bne	  s0,s1,400017e4 <(anonymous namespace)::do_grid_cfu_op0()+0x44>
400017f8:	40004537          	lui	  a0,0x40004
400017fc:	74c50513          	addi	  a0,a0,1868 # 4000474c <_etext+0xc84>
40001800:	0b1010ef          	jal	  ra,400030b0 <puts>
40001804:	00000493          	li	  s1,0
40001808:	40004ab7          	lui	  s5,0x40004
4000180c:	40004a37          	lui	  s4,0x40004
40001810:	00600993          	li	  s3,6
40001814:	00048593          	mv	  a1,s1
40001818:	788a8513          	addi	  a0,s5,1928 # 40004788 <_etext+0xcc0>
4000181c:	041010ef          	jal	  ra,4000305c <printf>
40001820:	00000413          	li	  s0,0
40001824:	0084858b          	cfu[0,0]  a1, s1, s0
40001828:	00140413          	addi	  s0,s0,1
4000182c:	74890513          	addi	  a0,s2,1864
40001830:	02d010ef          	jal	  ra,4000305c <printf>
40001834:	ff3418e3          	bne	  s0,s3,40001824 <(anonymous namespace)::do_grid_cfu_op0()+0x84>
40001838:	00148493          	addi	  s1,s1,1
4000183c:	b50a0513          	addi	  a0,s4,-1200 # 40003b50 <_etext+0x88>
40001840:	071010ef          	jal	  ra,400030b0 <puts>
40001844:	fc8498e3          	bne	  s1,s0,40001814 <(anonymous namespace)::do_grid_cfu_op0()+0x74>
40001848:	01c12083          	lw	  ra,28(sp)
4000184c:	01812403          	lw	  s0,24(sp)
40001850:	01412483          	lw	  s1,20(sp)
40001854:	01012903          	lw	  s2,16(sp)
40001858:	00c12983          	lw	  s3,12(sp)
4000185c:	00812a03          	lw	  s4,8(sp)
40001860:	00412a83          	lw	  s5,4(sp)
40001864:	02010113          	addi	  sp,sp,32
40001868:	00008067          	ret

4000186c <(anonymous namespace)::do_exercise_cfu_op1()>:
4000186c:	fd010113          	addi	  sp,sp,-48
40001870:	40004537          	lui	  a0,0x40004
40001874:	01312e23          	sw	  s3,28(sp)
40001878:	01512a23          	sw	  s5,20(sp)
4000187c:	01612823          	sw	  s6,16(sp)
40001880:	01712623          	sw	  s7,12(sp)
40001884:	01912223          	sw	  s9,4(sp)
40001888:	01a12023          	sw	  s10,0(sp)
4000188c:	79050513          	addi	  a0,a0,1936 # 40004790 <_etext+0xcc8>
40001890:	23e21cb7          	lui	  s9,0x23e21
40001894:	b5b9cab7          	lui	  s5,0xb5b9c
40001898:	8edcc9b7          	lui	  s3,0x8edcc
4000189c:	10770b37          	lui	  s6,0x10770
400018a0:	781c5bb7          	lui	  s7,0x781c5
400018a4:	10012d37          	lui	  s10,0x10012
400018a8:	01412c23          	sw	  s4,24(sp)
400018ac:	01812423          	sw	  s8,8(sp)
400018b0:	02112623          	sw	  ra,44(sp)
400018b4:	02812423          	sw	  s0,40(sp)
400018b8:	02912223          	sw	  s1,36(sp)
400018bc:	03212023          	sw	  s2,32(sp)
400018c0:	b28c8c93          	addi	  s9,s9,-1240 # 23e20b28 <CUSTOM1+0x23e20afd>
400018c4:	7ec010ef          	jal	  ra,400030b0 <puts>
400018c8:	d1fa8a93          	addi	  s5,s5,-737 # b5b9bd1f <_fstack+0x65b9bd23>
400018cc:	a9998993          	addi	  s3,s3,-1383 # 8edcba99 <_fstack+0x3edcba9d>
400018d0:	00000a13          	li	  s4,0
400018d4:	40004c37          	lui	  s8,0x40004
400018d8:	077b0b13          	addi	  s6,s6,119 # 10770077 <CUSTOM1+0x1077004c>
400018dc:	c61b8b93          	addi	  s7,s7,-927 # 781c4c61 <_fstack+0x281c4c65>
400018e0:	345d0d13          	addi	  s10,s10,837 # 10012345 <CUSTOM1+0x1001231a>
400018e4:	81234437          	lui	  s0,0x81234
400018e8:	000c8493          	mv	  s1,s9
400018ec:	56840413          	addi	  s0,s0,1384 # 81234568 <_fstack+0x3123456c>
400018f0:	0089990b          	cfu[0,1]  s2, s3, s0
400018f4:	00040613          	mv	  a2,s0
400018f8:	00090693          	mv	  a3,s2
400018fc:	00098593          	mv	  a1,s3
40001900:	7a4c0513          	addi	  a0,s8,1956 # 400047a4 <_etext+0xcdc>
40001904:	01640433          	add	  s0,s0,s6
40001908:	754010ef          	jal	  ra,4000305c <printf>
4000190c:	05249463          	bne	  s1,s2,40001954 <(anonymous namespace)::do_exercise_cfu_op1()+0xe8>
40001910:	001a0a13          	addi	  s4,s4,1
40001914:	015484b3          	add	  s1,s1,s5
40001918:	fd741ce3          	bne	  s0,s7,400018f0 <(anonymous namespace)::do_exercise_cfu_op1()+0x84>
4000191c:	259a6737          	lui	  a4,0x259a6
40001920:	51370713          	addi	  a4,a4,1299 # 259a6513 <CUSTOM1+0x259a64e8>
40001924:	6eecb7b7          	lui	  a5,0x6eecb
40001928:	00ea8ab3          	add	  s5,s5,a4
4000192c:	6666f737          	lui	  a4,0x6666f
40001930:	d0870713          	addi	  a4,a4,-760 # 6666ed08 <_fstack+0x1666ed0c>
40001934:	01a989b3          	add	  s3,s3,s10
40001938:	85f78793          	addi	  a5,a5,-1953 # 6eeca85f <_fstack+0x1eeca863>
4000193c:	00ec8cb3          	add	  s9,s9,a4
40001940:	faf992e3          	bne	  s3,a5,400018e4 <(anonymous namespace)::do_exercise_cfu_op1()+0x78>
40001944:	40004537          	lui	  a0,0x40004
40001948:	000a0593          	mv	  a1,s4
4000194c:	7dc50513          	addi	  a0,a0,2012 # 400047dc <_etext+0xd14>
40001950:	01c0006f          	j	  4000196c <(anonymous namespace)::do_exercise_cfu_op1()+0x100>
40001954:	40004537          	lui	  a0,0x40004
40001958:	7c050513          	addi	  a0,a0,1984 # 400047c0 <_etext+0xcf8>
4000195c:	700010ef          	jal	  ra,4000305c <printf>
40001960:	40004537          	lui	  a0,0x40004
40001964:	00048593          	mv	  a1,s1
40001968:	7cc50513          	addi	  a0,a0,1996 # 400047cc <_etext+0xd04>
4000196c:	02812403          	lw	  s0,40(sp)
40001970:	02c12083          	lw	  ra,44(sp)
40001974:	02412483          	lw	  s1,36(sp)
40001978:	02012903          	lw	  s2,32(sp)
4000197c:	01c12983          	lw	  s3,28(sp)
40001980:	01812a03          	lw	  s4,24(sp)
40001984:	01412a83          	lw	  s5,20(sp)
40001988:	01012b03          	lw	  s6,16(sp)
4000198c:	00c12b83          	lw	  s7,12(sp)
40001990:	00812c03          	lw	  s8,8(sp)
40001994:	00412c83          	lw	  s9,4(sp)
40001998:	00012d03          	lw	  s10,0(sp)
4000199c:	03010113          	addi	  sp,sp,48
400019a0:	6bc0106f          	j	  4000305c <printf>

400019a4 <(anonymous namespace)::do_exercise_cfu_op0()>:
400019a4:	40004537          	lui	  a0,0x40004
400019a8:	fb010113          	addi	  sp,sp,-80
400019ac:	72850513          	addi	  a0,a0,1832 # 40004728 <_etext+0xc60>
400019b0:	05212023          	sw	  s2,64(sp)
400019b4:	03412c23          	sw	  s4,56(sp)
400019b8:	03512a23          	sw	  s5,52(sp)
400019bc:	03612823          	sw	  s6,48(sp)
400019c0:	03712623          	sw	  s7,44(sp)
400019c4:	03812423          	sw	  s8,40(sp)
400019c8:	03912223          	sw	  s9,36(sp)
400019cc:	03a12023          	sw	  s10,32(sp)
400019d0:	04112623          	sw	  ra,76(sp)
400019d4:	04812423          	sw	  s0,72(sp)
400019d8:	04912223          	sw	  s1,68(sp)
400019dc:	03312e23          	sw	  s3,60(sp)
400019e0:	01b12e23          	sw	  s11,28(sp)
400019e4:	10012d37          	lui	  s10,0x10012
400019e8:	6c8010ef          	jal	  ra,400030b0 <puts>
400019ec:	23e21cb7          	lui	  s9,0x23e21
400019f0:	b5b9cab7          	lui	  s5,0xb5b9c
400019f4:	8edcc937          	lui	  s2,0x8edcc
400019f8:	10770b37          	lui	  s6,0x10770
400019fc:	781c5bb7          	lui	  s7,0x781c5
40001a00:	345d0793          	addi	  a5,s10,837 # 10012345 <CUSTOM1+0x1001231a>
40001a04:	b28c8c93          	addi	  s9,s9,-1240 # 23e20b28 <CUSTOM1+0x23e20afd>
40001a08:	d1fa8a93          	addi	  s5,s5,-737 # b5b9bd1f <_fstack+0x65b9bd23>
40001a0c:	a9990913          	addi	  s2,s2,-1383 # 8edcba99 <_fstack+0x3edcba9d>
40001a10:	00000a13          	li	  s4,0
40001a14:	40004c37          	lui	  s8,0x40004
40001a18:	077b0b13          	addi	  s6,s6,119 # 10770077 <CUSTOM1+0x1077004c>
40001a1c:	c61b8b93          	addi	  s7,s7,-927 # 781c4c61 <_fstack+0x281c4c65>
40001a20:	00f12623          	sw	  a5,12(sp)
40001a24:	81234437          	lui	  s0,0x81234
40001a28:	000c8493          	mv	  s1,s9
40001a2c:	56840413          	addi	  s0,s0,1384 # 81234568 <_fstack+0x3123456c>
40001a30:	00890d0b          	cfu[0,0]  s10, s2, s0
40001a34:	40a4d993          	srai	  s3,s1,0xa
40001a38:	02891d8b          	cfu[1,1]  s11, s2, s0
40001a3c:	00040613          	mv	  a2,s0
40001a40:	00048793          	mv	  a5,s1
40001a44:	00098713          	mv	  a4,s3
40001a48:	000d0693          	mv	  a3,s10
40001a4c:	00090593          	mv	  a1,s2
40001a50:	7f8c0513          	addi	  a0,s8,2040 # 400047f8 <_etext+0xd30>
40001a54:	01640433          	add	  s0,s0,s6
40001a58:	604010ef          	jal	  ra,4000305c <printf>
40001a5c:	093d1263          	bne	  s10,s3,40001ae0 <(anonymous namespace)::do_exercise_cfu_op0()+0x13c>
40001a60:	001a0a13          	addi	  s4,s4,1
40001a64:	015484b3          	add	  s1,s1,s5
40001a68:	fd7414e3          	bne	  s0,s7,40001a30 <(anonymous namespace)::do_exercise_cfu_op0()+0x8c>
40001a6c:	00c12783          	lw	  a5,12(sp)
40001a70:	259a6737          	lui	  a4,0x259a6
40001a74:	51370713          	addi	  a4,a4,1299 # 259a6513 <CUSTOM1+0x259a64e8>
40001a78:	00f90933          	add	  s2,s2,a5
40001a7c:	00ea8ab3          	add	  s5,s5,a4
40001a80:	6eecb7b7          	lui	  a5,0x6eecb
40001a84:	6666f737          	lui	  a4,0x6666f
40001a88:	d0870713          	addi	  a4,a4,-760 # 6666ed08 <_fstack+0x1666ed0c>
40001a8c:	85f78793          	addi	  a5,a5,-1953 # 6eeca85f <_fstack+0x1eeca863>
40001a90:	00ec8cb3          	add	  s9,s9,a4
40001a94:	f8f918e3          	bne	  s2,a5,40001a24 <(anonymous namespace)::do_exercise_cfu_op0()+0x80>
40001a98:	04812403          	lw	  s0,72(sp)
40001a9c:	04c12083          	lw	  ra,76(sp)
40001aa0:	04412483          	lw	  s1,68(sp)
40001aa4:	04012903          	lw	  s2,64(sp)
40001aa8:	03c12983          	lw	  s3,60(sp)
40001aac:	03412a83          	lw	  s5,52(sp)
40001ab0:	03012b03          	lw	  s6,48(sp)
40001ab4:	02c12b83          	lw	  s7,44(sp)
40001ab8:	02812c03          	lw	  s8,40(sp)
40001abc:	02412c83          	lw	  s9,36(sp)
40001ac0:	02012d03          	lw	  s10,32(sp)
40001ac4:	01c12d83          	lw	  s11,28(sp)
40001ac8:	000a0593          	mv	  a1,s4
40001acc:	03812a03          	lw	  s4,56(sp)
40001ad0:	40004537          	lui	  a0,0x40004
40001ad4:	7dc50513          	addi	  a0,a0,2012 # 400047dc <_etext+0xd14>
40001ad8:	05010113          	addi	  sp,sp,80
40001adc:	5800106f          	j	  4000305c <printf>
40001ae0:	40004537          	lui	  a0,0x40004
40001ae4:	7c050513          	addi	  a0,a0,1984 # 400047c0 <_etext+0xcf8>
40001ae8:	574010ef          	jal	  ra,4000305c <printf>
40001aec:	04812403          	lw	  s0,72(sp)
40001af0:	04c12083          	lw	  ra,76(sp)
40001af4:	04012903          	lw	  s2,64(sp)
40001af8:	03812a03          	lw	  s4,56(sp)
40001afc:	03412a83          	lw	  s5,52(sp)
40001b00:	03012b03          	lw	  s6,48(sp)
40001b04:	02c12b83          	lw	  s7,44(sp)
40001b08:	02812c03          	lw	  s8,40(sp)
40001b0c:	02412c83          	lw	  s9,36(sp)
40001b10:	02012d03          	lw	  s10,32(sp)
40001b14:	000d8693          	mv	  a3,s11
40001b18:	00048613          	mv	  a2,s1
40001b1c:	01c12d83          	lw	  s11,28(sp)
40001b20:	04412483          	lw	  s1,68(sp)
40001b24:	00098593          	mv	  a1,s3
40001b28:	03c12983          	lw	  s3,60(sp)
40001b2c:	40005537          	lui	  a0,0x40005
40001b30:	82450513          	addi	  a0,a0,-2012 # 40004824 <_etext+0xd5c>
40001b34:	05010113          	addi	  sp,sp,80
40001b38:	5240106f          	j	  4000305c <printf>

40001b3c <do_proj_menu>:
40001b3c:	40005537          	lui	  a0,0x40005
40001b40:	ca850513          	addi	  a0,a0,-856 # 40004ca8 <(anonymous namespace)::MENU>
40001b44:	b0cff06f          	j	  40000e50 <menu_run>

40001b48 <software_cfu>:
40001b48:	00157793          	andi	  a5,a0,1
40001b4c:	02d60533          	mul	  a0,a2,a3
40001b50:	00079463          	bnez	  a5,40001b58 <software_cfu+0x10>
40001b54:	40a55513          	srai	  a0,a0,0xa
40001b58:	00008067          	ret

40001b5c <trap_entry>:
40001b5c:	fe112e23          	sw	  ra,-4(sp)
40001b60:	fe312a23          	sw	  gp,-12(sp)
40001b64:	fe412823          	sw	  tp,-16(sp)
40001b68:	fe512623          	sw	  t0,-20(sp)
40001b6c:	fe612423          	sw	  t1,-24(sp)
40001b70:	fe712223          	sw	  t2,-28(sp)
40001b74:	fe812023          	sw	  s0,-32(sp)
40001b78:	fc912e23          	sw	  s1,-36(sp)
40001b7c:	fca12c23          	sw	  a0,-40(sp)
40001b80:	fcb12a23          	sw	  a1,-44(sp)
40001b84:	fcc12823          	sw	  a2,-48(sp)
40001b88:	fcd12623          	sw	  a3,-52(sp)
40001b8c:	fce12423          	sw	  a4,-56(sp)
40001b90:	fcf12223          	sw	  a5,-60(sp)
40001b94:	fd012023          	sw	  a6,-64(sp)
40001b98:	fb112e23          	sw	  a7,-68(sp)
40001b9c:	fb212c23          	sw	  s2,-72(sp)
40001ba0:	fb312a23          	sw	  s3,-76(sp)
40001ba4:	fb412823          	sw	  s4,-80(sp)
40001ba8:	fb512623          	sw	  s5,-84(sp)
40001bac:	fb612423          	sw	  s6,-88(sp)
40001bb0:	fb712223          	sw	  s7,-92(sp)
40001bb4:	fb812023          	sw	  s8,-96(sp)
40001bb8:	f9912e23          	sw	  s9,-100(sp)
40001bbc:	f9a12c23          	sw	  s10,-104(sp)
40001bc0:	f9b12a23          	sw	  s11,-108(sp)
40001bc4:	f9c12823          	sw	  t3,-112(sp)
40001bc8:	f9d12623          	sw	  t4,-116(sp)
40001bcc:	f9e12423          	sw	  t5,-120(sp)
40001bd0:	f9f12223          	sw	  t6,-124(sp)
40001bd4:	f8410113          	addi	  sp,sp,-124
40001bd8:	00010513          	mv	  a0,sp
40001bdc:	c44fe0ef          	jal	  ra,40000020 <trap_handler>
40001be0:	07812083          	lw	  ra,120(sp)
40001be4:	07012183          	lw	  gp,112(sp)
40001be8:	06c12203          	lw	  tp,108(sp)
40001bec:	06812283          	lw	  t0,104(sp)
40001bf0:	06412303          	lw	  t1,100(sp)
40001bf4:	06012383          	lw	  t2,96(sp)
40001bf8:	05c12403          	lw	  s0,92(sp)
40001bfc:	05812483          	lw	  s1,88(sp)
40001c00:	05412503          	lw	  a0,84(sp)
40001c04:	05012583          	lw	  a1,80(sp)
40001c08:	04c12603          	lw	  a2,76(sp)
40001c0c:	04812683          	lw	  a3,72(sp)
40001c10:	04412703          	lw	  a4,68(sp)
40001c14:	04012783          	lw	  a5,64(sp)
40001c18:	03c12803          	lw	  a6,60(sp)
40001c1c:	03812883          	lw	  a7,56(sp)
40001c20:	03412903          	lw	  s2,52(sp)
40001c24:	03012983          	lw	  s3,48(sp)
40001c28:	02c12a03          	lw	  s4,44(sp)
40001c2c:	02812a83          	lw	  s5,40(sp)
40001c30:	02412b03          	lw	  s6,36(sp)
40001c34:	02012b83          	lw	  s7,32(sp)
40001c38:	01c12c03          	lw	  s8,28(sp)
40001c3c:	01812c83          	lw	  s9,24(sp)
40001c40:	01412d03          	lw	  s10,20(sp)
40001c44:	01012d83          	lw	  s11,16(sp)
40001c48:	00c12e03          	lw	  t3,12(sp)
40001c4c:	00812e83          	lw	  t4,8(sp)
40001c50:	00412f03          	lw	  t5,4(sp)
40001c54:	00012f83          	lw	  t6,0(sp)
40001c58:	07c10113          	addi	  sp,sp,124
40001c5c:	30200073          	mret

40001c60 <crt_init>:
40001c60:	0fffe117          	auipc	  sp,0xfffe
40001c64:	3a010113          	addi	  sp,sp,928 # 50000000 <_fstack+0x4>
40001c68:	00000517          	auipc	  a0,0x0
40001c6c:	ef450513          	addi	  a0,a0,-268 # 40001b5c <trap_entry>
40001c70:	30551073          	csrw	  mtvec,a0
40001c74:	00003297          	auipc	  t0,0x3
40001c78:	da428293          	addi	  t0,t0,-604 # 40004a18 <__stdio>
40001c7c:	00003317          	auipc	  t1,0x3
40001c80:	d9c30313          	addi	  t1,t1,-612 # 40004a18 <__stdio>
40001c84:	00003397          	auipc	  t2,0x3
40001c88:	09c38393          	addi	  t2,t2,156 # 40004d20 <counter_num>
40001c8c:	00730c63          	beq	  t1,t2,40001ca4 <crt_init+0x44>
40001c90:	0002ae03          	lw	  t3,0(t0)
40001c94:	01c32023          	sw	  t3,0(t1)
40001c98:	00428293          	addi	  t0,t0,4
40001c9c:	00430313          	addi	  t1,t1,4
40001ca0:	fedff06f          	j	  40001c8c <crt_init+0x2c>
40001ca4:	00003517          	auipc	  a0,0x3
40001ca8:	07c50513          	addi	  a0,a0,124 # 40004d20 <counter_num>
40001cac:	00004597          	auipc	  a1,0x4
40001cb0:	f4c58593          	addi	  a1,a1,-180 # 40005bf8 <_ebss>
40001cb4:	00b50863          	beq	  a0,a1,40001cc4 <crt_init+0x64>
40001cb8:	00052023          	sw	  zero,0(a0)
40001cbc:	00450513          	addi	  a0,a0,4
40001cc0:	ff5ff06f          	j	  40001cb4 <crt_init+0x54>
40001cc4:	00001537          	lui	  a0,0x1
40001cc8:	88050513          	addi	  a0,a0,-1920 # 880 <CUSTOM1+0x855>
40001ccc:	30451073          	csrw	  mie,a0
40001cd0:	c2dfe0ef          	jal	  ra,400008fc <main>

40001cd4 <infinit_loop>:
40001cd4:	0000006f          	j	  40001cd4 <infinit_loop>

40001cd8 <readchar_nonblock>:
40001cd8:	1200006f          	j	  40001df8 <uart_read_nonblock>

40001cdc <uart_isr>:
40001cdc:	f00037b7          	lui	  a5,0xf0003
40001ce0:	0107a703          	lw	  a4,16(a5) # f0003010 <_fstack+0xa0003014>
40001ce4:	00277793          	andi	  a5,a4,2
40001ce8:	00079863          	bnez	  a5,40001cf8 <uart_isr+0x1c>
40001cec:	00177713          	andi	  a4,a4,1
40001cf0:	04071c63          	bnez	  a4,40001d48 <uart_isr+0x6c>
40001cf4:	00008067          	ret
40001cf8:	400057b7          	lui	  a5,0x40005
40001cfc:	d2c7a803          	lw	  a6,-724(a5) # 40004d2c <rx_consume>
40001d00:	400065b7          	lui	  a1,0x40006
40001d04:	f00036b7          	lui	  a3,0xf0003
40001d08:	40005637          	lui	  a2,0x40005
40001d0c:	af858593          	addi	  a1,a1,-1288 # 40005af8 <rx_buf>
40001d10:	00200893          	li	  a7,2
40001d14:	0086a783          	lw	  a5,8(a3) # f0003008 <_fstack+0xa000300c>
40001d18:	fc079ae3          	bnez	  a5,40001cec <uart_isr+0x10>
40001d1c:	d3062783          	lw	  a5,-720(a2) # 40004d30 <rx_produce>
40001d20:	00178793          	addi	  a5,a5,1
40001d24:	07f7f793          	andi	  a5,a5,127
40001d28:	00f80c63          	beq	  a6,a5,40001d40 <uart_isr+0x64>
40001d2c:	0006a303          	lw	  t1,0(a3)
40001d30:	d3062503          	lw	  a0,-720(a2)
40001d34:	d2f62823          	sw	  a5,-720(a2)
40001d38:	00a58533          	add	  a0,a1,a0
40001d3c:	00650023          	sb	  t1,0(a0)
40001d40:	0116a823          	sw	  a7,16(a3)
40001d44:	fd1ff06f          	j	  40001d14 <uart_isr+0x38>
40001d48:	f00037b7          	lui	  a5,0xf0003
40001d4c:	00100713          	li	  a4,1
40001d50:	00e7a823          	sw	  a4,16(a5) # f0003010 <_fstack+0xa0003014>
40001d54:	400057b7          	lui	  a5,0x40005
40001d58:	d287a583          	lw	  a1,-728(a5) # 40004d28 <tx_produce>
40001d5c:	400066b7          	lui	  a3,0x40006
40001d60:	40005737          	lui	  a4,0x40005
40001d64:	f0003637          	lui	  a2,0xf0003
40001d68:	af868693          	addi	  a3,a3,-1288 # 40005af8 <rx_buf>
40001d6c:	d2472783          	lw	  a5,-732(a4) # 40004d24 <tx_consume>
40001d70:	00b78663          	beq	  a5,a1,40001d7c <uart_isr+0xa0>
40001d74:	00462783          	lw	  a5,4(a2) # f0003004 <_fstack+0xa0003008>
40001d78:	00078463          	beqz	  a5,40001d80 <uart_isr+0xa4>
40001d7c:	00008067          	ret
40001d80:	d2472783          	lw	  a5,-732(a4)
40001d84:	00f687b3          	add	  a5,a3,a5
40001d88:	0807c783          	lbu	  a5,128(a5)
40001d8c:	00f62023          	sw	  a5,0(a2)
40001d90:	d2472783          	lw	  a5,-732(a4)
40001d94:	00178793          	addi	  a5,a5,1
40001d98:	07f7f793          	andi	  a5,a5,127
40001d9c:	d2f72223          	sw	  a5,-732(a4)
40001da0:	fcdff06f          	j	  40001d6c <uart_isr+0x90>

40001da4 <uart_read>:
40001da4:	30002673          	csrr	  a2,mstatus
40001da8:	40005737          	lui	  a4,0x40005
40001dac:	00867613          	andi	  a2,a2,8
40001db0:	d2c72783          	lw	  a5,-724(a4) # 40004d2c <rx_consume>
40001db4:	00070693          	mv	  a3,a4
40001db8:	40005737          	lui	  a4,0x40005
40001dbc:	02060663          	beqz	  a2,40001de8 <uart_read+0x44>
40001dc0:	d3072603          	lw	  a2,-720(a4) # 40004d30 <rx_produce>
40001dc4:	fef60ee3          	beq	  a2,a5,40001dc0 <uart_read+0x1c>
40001dc8:	40006737          	lui	  a4,0x40006
40001dcc:	af870713          	addi	  a4,a4,-1288 # 40005af8 <rx_buf>
40001dd0:	00f70733          	add	  a4,a4,a5
40001dd4:	00178793          	addi	  a5,a5,1
40001dd8:	07f7f793          	andi	  a5,a5,127
40001ddc:	00074503          	lbu	  a0,0(a4)
40001de0:	d2f6a623          	sw	  a5,-724(a3)
40001de4:	0100006f          	j	  40001df4 <uart_read+0x50>
40001de8:	d3072703          	lw	  a4,-720(a4)
40001dec:	00000513          	li	  a0,0
40001df0:	fcf71ce3          	bne	  a4,a5,40001dc8 <uart_read+0x24>
40001df4:	00008067          	ret

40001df8 <uart_read_nonblock>:
40001df8:	40005737          	lui	  a4,0x40005
40001dfc:	400057b7          	lui	  a5,0x40005
40001e00:	d307a783          	lw	  a5,-720(a5) # 40004d30 <rx_produce>
40001e04:	d2c72503          	lw	  a0,-724(a4) # 40004d2c <rx_consume>
40001e08:	40f50533          	sub	  a0,a0,a5
40001e0c:	00a03533          	snez	  a0,a0
40001e10:	00008067          	ret

40001e14 <uart_write>:
40001e14:	400056b7          	lui	  a3,0x40005
40001e18:	d286a603          	lw	  a2,-728(a3) # 40004d28 <tx_produce>
40001e1c:	00160793          	addi	  a5,a2,1
40001e20:	07f7f793          	andi	  a5,a5,127
40001e24:	300025f3          	csrr	  a1,mstatus
40001e28:	0085f593          	andi	  a1,a1,8
40001e2c:	40005737          	lui	  a4,0x40005
40001e30:	04058463          	beqz	  a1,40001e78 <uart_write+0x64>
40001e34:	d2472583          	lw	  a1,-732(a4) # 40004d24 <tx_consume>
40001e38:	fef58ee3          	beq	  a1,a5,40001e34 <uart_write+0x20>
40001e3c:	bc0025f3          	csrr	  a1,0xbc0
40001e40:	ffe5f813          	andi	  a6,a1,-2
40001e44:	bc081073          	csrw	  0xbc0,a6
40001e48:	d2472703          	lw	  a4,-732(a4)
40001e4c:	00e61863          	bne	  a2,a4,40001e5c <uart_write+0x48>
40001e50:	f0003737          	lui	  a4,0xf0003
40001e54:	00472803          	lw	  a6,4(a4) # f0003004 <_fstack+0xa0003008>
40001e58:	02080663          	beqz	  a6,40001e84 <uart_write+0x70>
40001e5c:	40006737          	lui	  a4,0x40006
40001e60:	af870713          	addi	  a4,a4,-1288 # 40005af8 <rx_buf>
40001e64:	00c70733          	add	  a4,a4,a2
40001e68:	08a70023          	sb	  a0,128(a4)
40001e6c:	d2f6a423          	sw	  a5,-728(a3)
40001e70:	bc059073          	csrw	  0xbc0,a1
40001e74:	00c0006f          	j	  40001e80 <uart_write+0x6c>
40001e78:	d2472583          	lw	  a1,-732(a4)
40001e7c:	fcf590e3          	bne	  a1,a5,40001e3c <uart_write+0x28>
40001e80:	00008067          	ret
40001e84:	00a72023          	sw	  a0,0(a4)
40001e88:	fe9ff06f          	j	  40001e70 <uart_write+0x5c>

40001e8c <uart_init>:
40001e8c:	400057b7          	lui	  a5,0x40005
40001e90:	d207a823          	sw	  zero,-720(a5) # 40004d30 <rx_produce>
40001e94:	400057b7          	lui	  a5,0x40005
40001e98:	d207a623          	sw	  zero,-724(a5) # 40004d2c <rx_consume>
40001e9c:	400057b7          	lui	  a5,0x40005
40001ea0:	d207a423          	sw	  zero,-728(a5) # 40004d28 <tx_produce>
40001ea4:	400057b7          	lui	  a5,0x40005
40001ea8:	d207a223          	sw	  zero,-732(a5) # 40004d24 <tx_consume>
40001eac:	f00037b7          	lui	  a5,0xf0003
40001eb0:	0107a703          	lw	  a4,16(a5) # f0003010 <_fstack+0xa0003014>
40001eb4:	00e7a823          	sw	  a4,16(a5)
40001eb8:	00300713          	li	  a4,3
40001ebc:	00e7aa23          	sw	  a4,20(a5)
40001ec0:	bc0027f3          	csrr	  a5,0xbc0
40001ec4:	0017e793          	ori	  a5,a5,1
40001ec8:	bc079073          	csrw	  0xbc0,a5
40001ecc:	00008067          	ret

40001ed0 <uart_sync>:
40001ed0:	400057b7          	lui	  a5,0x40005
40001ed4:	d287a783          	lw	  a5,-728(a5) # 40004d28 <tx_produce>
40001ed8:	400056b7          	lui	  a3,0x40005
40001edc:	d246a703          	lw	  a4,-732(a3) # 40004d24 <tx_consume>
40001ee0:	fef71ee3          	bne	  a4,a5,40001edc <uart_sync+0xc>
40001ee4:	00008067          	ret

40001ee8 <__umodsi3>:
40001ee8:	ff010113          	addi	  sp,sp,-16
40001eec:	00812423          	sw	  s0,8(sp)
40001ef0:	00912223          	sw	  s1,4(sp)
40001ef4:	00112623          	sw	  ra,12(sp)
40001ef8:	00050493          	mv	  s1,a0
40001efc:	00058413          	mv	  s0,a1
40001f00:	020000ef          	jal	  ra,40001f20 <__udivsi3>
40001f04:	02a40533          	mul	  a0,s0,a0
40001f08:	00c12083          	lw	  ra,12(sp)
40001f0c:	00812403          	lw	  s0,8(sp)
40001f10:	40a48533          	sub	  a0,s1,a0
40001f14:	00412483          	lw	  s1,4(sp)
40001f18:	01010113          	addi	  sp,sp,16
40001f1c:	00008067          	ret

40001f20 <__udivsi3>:
40001f20:	ff010113          	addi	  sp,sp,-16
40001f24:	00112623          	sw	  ra,12(sp)
40001f28:	00812423          	sw	  s0,8(sp)
40001f2c:	00912223          	sw	  s1,4(sp)
40001f30:	01212023          	sw	  s2,0(sp)
40001f34:	0a058263          	beqz	  a1,40001fd8 <__udivsi3+0xb8>
40001f38:	00050413          	mv	  s0,a0
40001f3c:	08050063          	beqz	  a0,40001fbc <__udivsi3+0x9c>
40001f40:	00058513          	mv	  a0,a1
40001f44:	00058913          	mv	  s2,a1
40001f48:	51d000ef          	jal	  ra,40002c64 <__clzsi2>
40001f4c:	00050493          	mv	  s1,a0
40001f50:	00040513          	mv	  a0,s0
40001f54:	511000ef          	jal	  ra,40002c64 <__clzsi2>
40001f58:	40a48733          	sub	  a4,s1,a0
40001f5c:	01f00793          	li	  a5,31
40001f60:	06e7ec63          	bltu	  a5,a4,40001fd8 <__udivsi3+0xb8>
40001f64:	04f70c63          	beq	  a4,a5,40001fbc <__udivsi3+0x9c>
40001f68:	00170713          	addi	  a4,a4,1
40001f6c:	02000693          	li	  a3,32
40001f70:	40e686b3          	sub	  a3,a3,a4
40001f74:	00d416b3          	sll	  a3,s0,a3
40001f78:	00000793          	li	  a5,0
40001f7c:	00e45433          	srl	  s0,s0,a4
40001f80:	fff90593          	addi	  a1,s2,-1
40001f84:	00141413          	slli	  s0,s0,0x1
40001f88:	01f6d513          	srli	  a0,a3,0x1f
40001f8c:	00856533          	or	  a0,a0,s0
40001f90:	40a58433          	sub	  s0,a1,a0
40001f94:	00169693          	slli	  a3,a3,0x1
40001f98:	41f45613          	srai	  a2,s0,0x1f
40001f9c:	00f6e6b3          	or	  a3,a3,a5
40001fa0:	fff70713          	addi	  a4,a4,-1
40001fa4:	01f45793          	srli	  a5,s0,0x1f
40001fa8:	01267433          	and	  s0,a2,s2
40001fac:	40850433          	sub	  s0,a0,s0
40001fb0:	fc071ae3          	bnez	  a4,40001f84 <__udivsi3+0x64>
40001fb4:	00169693          	slli	  a3,a3,0x1
40001fb8:	00f6e433          	or	  s0,a3,a5
40001fbc:	00c12083          	lw	  ra,12(sp)
40001fc0:	00040513          	mv	  a0,s0
40001fc4:	00812403          	lw	  s0,8(sp)
40001fc8:	00412483          	lw	  s1,4(sp)
40001fcc:	00012903          	lw	  s2,0(sp)
40001fd0:	01010113          	addi	  sp,sp,16
40001fd4:	00008067          	ret
40001fd8:	00000413          	li	  s0,0
40001fdc:	fe1ff06f          	j	  40001fbc <__udivsi3+0x9c>

40001fe0 <__divsi3>:
40001fe0:	41f55793          	srai	  a5,a0,0x1f
40001fe4:	41f5d713          	srai	  a4,a1,0x1f
40001fe8:	00f54533          	xor	  a0,a0,a5
40001fec:	00e5c5b3          	xor	  a1,a1,a4
40001ff0:	ff010113          	addi	  sp,sp,-16
40001ff4:	40e585b3          	sub	  a1,a1,a4
40001ff8:	40f50533          	sub	  a0,a0,a5
40001ffc:	00812423          	sw	  s0,8(sp)
40002000:	00112623          	sw	  ra,12(sp)
40002004:	00e7c433          	xor	  s0,a5,a4
40002008:	f19ff0ef          	jal	  ra,40001f20 <__udivsi3>
4000200c:	00854533          	xor	  a0,a0,s0
40002010:	00c12083          	lw	  ra,12(sp)
40002014:	40850533          	sub	  a0,a0,s0
40002018:	00812403          	lw	  s0,8(sp)
4000201c:	01010113          	addi	  sp,sp,16
40002020:	00008067          	ret

40002024 <__cmpsf2>:
40002024:	80000737          	lui	  a4,0x80000
40002028:	fff74713          	not	  a4,a4
4000202c:	00a776b3          	and	  a3,a4,a0
40002030:	7f8008b7          	lui	  a7,0x7f800
40002034:	00050793          	mv	  a5,a0
40002038:	04d8e263          	bltu	  a7,a3,4000207c <__cmpsf2+0x58>
4000203c:	00b776b3          	and	  a3,a4,a1
40002040:	00100513          	li	  a0,1
40002044:	02d8ea63          	bltu	  a7,a3,40002078 <__cmpsf2+0x54>
40002048:	00f5e6b3          	or	  a3,a1,a5
4000204c:	00e6f733          	and	  a4,a3,a4
40002050:	00000513          	li	  a0,0
40002054:	02070263          	beqz	  a4,40002078 <__cmpsf2+0x54>
40002058:	00f5f733          	and	  a4,a1,a5
4000205c:	fff00513          	li	  a0,-1
40002060:	00074a63          	bltz	  a4,40002074 <__cmpsf2+0x50>
40002064:	00b7ca63          	blt	  a5,a1,40002078 <__cmpsf2+0x54>
40002068:	40b787b3          	sub	  a5,a5,a1
4000206c:	00f03533          	snez	  a0,a5
40002070:	00008067          	ret
40002074:	fef5dae3          	bge	  a1,a5,40002068 <__cmpsf2+0x44>
40002078:	00008067          	ret
4000207c:	00100513          	li	  a0,1
40002080:	ff9ff06f          	j	  40002078 <__cmpsf2+0x54>

40002084 <__gesf2>:
40002084:	80000737          	lui	  a4,0x80000
40002088:	fff74713          	not	  a4,a4
4000208c:	00a776b3          	and	  a3,a4,a0
40002090:	7f8008b7          	lui	  a7,0x7f800
40002094:	00050793          	mv	  a5,a0
40002098:	04d8e263          	bltu	  a7,a3,400020dc <__gesf2+0x58>
4000209c:	00b776b3          	and	  a3,a4,a1
400020a0:	fff00513          	li	  a0,-1
400020a4:	02d8ea63          	bltu	  a7,a3,400020d8 <__gesf2+0x54>
400020a8:	00f5e6b3          	or	  a3,a1,a5
400020ac:	00e6f733          	and	  a4,a3,a4
400020b0:	00000513          	li	  a0,0
400020b4:	02070263          	beqz	  a4,400020d8 <__gesf2+0x54>
400020b8:	00f5f733          	and	  a4,a1,a5
400020bc:	fff00513          	li	  a0,-1
400020c0:	00074a63          	bltz	  a4,400020d4 <__gesf2+0x50>
400020c4:	00b7ca63          	blt	  a5,a1,400020d8 <__gesf2+0x54>
400020c8:	40b787b3          	sub	  a5,a5,a1
400020cc:	00f03533          	snez	  a0,a5
400020d0:	00008067          	ret
400020d4:	fef5dae3          	bge	  a1,a5,400020c8 <__gesf2+0x44>
400020d8:	00008067          	ret
400020dc:	fff00513          	li	  a0,-1
400020e0:	ff9ff06f          	j	  400020d8 <__gesf2+0x54>

400020e4 <__unordsf2>:
400020e4:	80000737          	lui	  a4,0x80000
400020e8:	fff74713          	not	  a4,a4
400020ec:	00a77533          	and	  a0,a4,a0
400020f0:	7f8007b7          	lui	  a5,0x7f800
400020f4:	00a7ec63          	bltu	  a5,a0,4000210c <__unordsf2+0x28>
400020f8:	00e5f533          	and	  a0,a1,a4
400020fc:	00178793          	addi	  a5,a5,1 # 7f800001 <_fstack+0x2f800005>
40002100:	00f53533          	sltu	  a0,a0,a5
40002104:	00154513          	xori	  a0,a0,1
40002108:	00008067          	ret
4000210c:	00100513          	li	  a0,1
40002110:	00008067          	ret

40002114 <__eqsf2>:
40002114:	f11ff06f          	j	  40002024 <__cmpsf2>

40002118 <__ltsf2>:
40002118:	f0dff06f          	j	  40002024 <__cmpsf2>

4000211c <__nesf2>:
4000211c:	f09ff06f          	j	  40002024 <__cmpsf2>

40002120 <__gtsf2>:
40002120:	f65ff06f          	j	  40002084 <__gesf2>

40002124 <__addsf3>:
40002124:	fe010113          	addi	  sp,sp,-32
40002128:	00050713          	mv	  a4,a0
4000212c:	01212823          	sw	  s2,16(sp)
40002130:	00058513          	mv	  a0,a1
40002134:	00058913          	mv	  s2,a1
40002138:	800005b7          	lui	  a1,0x80000
4000213c:	fff5c793          	not	  a5,a1
40002140:	00e7f633          	and	  a2,a5,a4
40002144:	7f8006b7          	lui	  a3,0x7f800
40002148:	01512223          	sw	  s5,4(sp)
4000214c:	00112e23          	sw	  ra,28(sp)
40002150:	00812c23          	sw	  s0,24(sp)
40002154:	00912a23          	sw	  s1,20(sp)
40002158:	01312623          	sw	  s3,12(sp)
4000215c:	01412423          	sw	  s4,8(sp)
40002160:	01612023          	sw	  s6,0(sp)
40002164:	fff60893          	addi	  a7,a2,-1
40002168:	ffe68813          	addi	  a6,a3,-2 # 7f7ffffe <_fstack+0x2f800002>
4000216c:	00070a93          	mv	  s5,a4
40002170:	00a7f7b3          	and	  a5,a5,a0
40002174:	13186863          	bltu	  a6,a7,400022a4 <__addsf3+0x180>
40002178:	fff78593          	addi	  a1,a5,-1
4000217c:	1eb86463          	bltu	  a6,a1,40002364 <__addsf3+0x240>
40002180:	00f67663          	bgeu	  a2,a5,4000218c <__addsf3+0x68>
40002184:	00090a93          	mv	  s5,s2
40002188:	00070913          	mv	  s2,a4
4000218c:	017ad413          	srli	  s0,s5,0x17
40002190:	008004b7          	lui	  s1,0x800
40002194:	fff48493          	addi	  s1,s1,-1 # 7fffff <CUSTOM1+0x7fffd4>
40002198:	01795a13          	srli	  s4,s2,0x17
4000219c:	0ff47413          	andi	  s0,s0,255
400021a0:	009af9b3          	and	  s3,s5,s1
400021a4:	0ffa7a13          	andi	  s4,s4,255
400021a8:	009974b3          	and	  s1,s2,s1
400021ac:	00041e63          	bnez	  s0,400021c8 <__addsf3+0xa4>
400021b0:	00098513          	mv	  a0,s3
400021b4:	2b1000ef          	jal	  ra,40002c64 <__clzsi2>
400021b8:	ff850513          	addi	  a0,a0,-8
400021bc:	00100413          	li	  s0,1
400021c0:	00a999b3          	sll	  s3,s3,a0
400021c4:	40a40433          	sub	  s0,s0,a0
400021c8:	000a1e63          	bnez	  s4,400021e4 <__addsf3+0xc0>
400021cc:	00048513          	mv	  a0,s1
400021d0:	295000ef          	jal	  ra,40002c64 <__clzsi2>
400021d4:	ff850513          	addi	  a0,a0,-8
400021d8:	00100a13          	li	  s4,1
400021dc:	00a494b3          	sll	  s1,s1,a0
400021e0:	40aa0a33          	sub	  s4,s4,a0
400021e4:	04000737          	lui	  a4,0x4000
400021e8:	80000537          	lui	  a0,0x80000
400021ec:	00399993          	slli	  s3,s3,0x3
400021f0:	00349793          	slli	  a5,s1,0x3
400021f4:	00aafb33          	and	  s6,s5,a0
400021f8:	012ac933          	xor	  s2,s5,s2
400021fc:	00e9e9b3          	or	  s3,s3,a4
40002200:	00e7e7b3          	or	  a5,a5,a4
40002204:	414406b3          	sub	  a3,s0,s4
40002208:	03440263          	beq	  s0,s4,4000222c <__addsf3+0x108>
4000220c:	01f00713          	li	  a4,31
40002210:	10d76463          	bltu	  a4,a3,40002318 <__addsf3+0x1f4>
40002214:	02000713          	li	  a4,32
40002218:	40d70733          	sub	  a4,a4,a3
4000221c:	00e79733          	sll	  a4,a5,a4
40002220:	00e03733          	snez	  a4,a4
40002224:	00d7d7b3          	srl	  a5,a5,a3
40002228:	00f767b3          	or	  a5,a4,a5
4000222c:	0e095a63          	bgez	  s2,40002320 <__addsf3+0x1fc>
40002230:	40f984b3          	sub	  s1,s3,a5
40002234:	00000513          	li	  a0,0
40002238:	06f98c63          	beq	  s3,a5,400022b0 <__addsf3+0x18c>
4000223c:	040007b7          	lui	  a5,0x4000
40002240:	10f4f063          	bgeu	  s1,a5,40002340 <__addsf3+0x21c>
40002244:	00048513          	mv	  a0,s1
40002248:	21d000ef          	jal	  ra,40002c64 <__clzsi2>
4000224c:	ffb50513          	addi	  a0,a0,-5 # 7ffffffb <_fstack+0x2fffffff>
40002250:	00a494b3          	sll	  s1,s1,a0
40002254:	40a40433          	sub	  s0,s0,a0
40002258:	02804263          	bgtz	  s0,4000227c <__addsf3+0x158>
4000225c:	01f40793          	addi	  a5,s0,31
40002260:	00100513          	li	  a0,1
40002264:	00f497b3          	sll	  a5,s1,a5
40002268:	40850433          	sub	  s0,a0,s0
4000226c:	0084d4b3          	srl	  s1,s1,s0
40002270:	00f037b3          	snez	  a5,a5
40002274:	0097e4b3          	or	  s1,a5,s1
40002278:	00000413          	li	  s0,0
4000227c:	0074f713          	andi	  a4,s1,7
40002280:	00649493          	slli	  s1,s1,0x6
40002284:	0094d493          	srli	  s1,s1,0x9
40002288:	01741513          	slli	  a0,s0,0x17
4000228c:	00956533          	or	  a0,a0,s1
40002290:	00400793          	li	  a5,4
40002294:	00ab6533          	or	  a0,s6,a0
40002298:	0ae7de63          	bge	  a5,a4,40002354 <__addsf3+0x230>
4000229c:	00150513          	addi	  a0,a0,1
400022a0:	0100006f          	j	  400022b0 <__addsf3+0x18c>
400022a4:	02c6fa63          	bgeu	  a3,a2,400022d8 <__addsf3+0x1b4>
400022a8:	004005b7          	lui	  a1,0x400
400022ac:	00e5e533          	or	  a0,a1,a4
400022b0:	01c12083          	lw	  ra,28(sp)
400022b4:	01812403          	lw	  s0,24(sp)
400022b8:	01412483          	lw	  s1,20(sp)
400022bc:	01012903          	lw	  s2,16(sp)
400022c0:	00c12983          	lw	  s3,12(sp)
400022c4:	00812a03          	lw	  s4,8(sp)
400022c8:	00412a83          	lw	  s5,4(sp)
400022cc:	00012b03          	lw	  s6,0(sp)
400022d0:	02010113          	addi	  sp,sp,32
400022d4:	00008067          	ret
400022d8:	00f6f863          	bgeu	  a3,a5,400022e8 <__addsf3+0x1c4>
400022dc:	00400537          	lui	  a0,0x400
400022e0:	00a96533          	or	  a0,s2,a0
400022e4:	fcdff06f          	j	  400022b0 <__addsf3+0x18c>
400022e8:	00d61e63          	bne	  a2,a3,40002304 <__addsf3+0x1e0>
400022ec:	00e54933          	xor	  s2,a0,a4
400022f0:	00070513          	mv	  a0,a4
400022f4:	fab91ee3          	bne	  s2,a1,400022b0 <__addsf3+0x18c>
400022f8:	400057b7          	lui	  a5,0x40005
400022fc:	a047a503          	lw	  a0,-1532(a5) # 40004a04 <_ctype_+0x164>
40002300:	fb1ff06f          	j	  400022b0 <__addsf3+0x18c>
40002304:	fad786e3          	beq	  a5,a3,400022b0 <__addsf3+0x18c>
40002308:	06061263          	bnez	  a2,4000236c <__addsf3+0x248>
4000230c:	fa0792e3          	bnez	  a5,400022b0 <__addsf3+0x18c>
40002310:	00e57533          	and	  a0,a0,a4
40002314:	f9dff06f          	j	  400022b0 <__addsf3+0x18c>
40002318:	00100793          	li	  a5,1
4000231c:	f11ff06f          	j	  4000222c <__addsf3+0x108>
40002320:	00f984b3          	add	  s1,s3,a5
40002324:	080007b7          	lui	  a5,0x8000
40002328:	00f4f7b3          	and	  a5,s1,a5
4000232c:	00078a63          	beqz	  a5,40002340 <__addsf3+0x21c>
40002330:	0014d793          	srli	  a5,s1,0x1
40002334:	0014f493          	andi	  s1,s1,1
40002338:	0097e4b3          	or	  s1,a5,s1
4000233c:	00140413          	addi	  s0,s0,1
40002340:	0fe00793          	li	  a5,254
40002344:	f087dae3          	bge	  a5,s0,40002258 <__addsf3+0x134>
40002348:	7f800537          	lui	  a0,0x7f800
4000234c:	00ab6533          	or	  a0,s6,a0
40002350:	f61ff06f          	j	  400022b0 <__addsf3+0x18c>
40002354:	f4f71ee3          	bne	  a4,a5,400022b0 <__addsf3+0x18c>
40002358:	00150513          	addi	  a0,a0,1 # 7f800001 <_fstack+0x2f800005>
4000235c:	ffe57513          	andi	  a0,a0,-2
40002360:	f51ff06f          	j	  400022b0 <__addsf3+0x18c>
40002364:	f6f6ece3          	bltu	  a3,a5,400022dc <__addsf3+0x1b8>
40002368:	f4d784e3          	beq	  a5,a3,400022b0 <__addsf3+0x18c>
4000236c:	00070513          	mv	  a0,a4
40002370:	e00798e3          	bnez	  a5,40002180 <__addsf3+0x5c>
40002374:	f3dff06f          	j	  400022b0 <__addsf3+0x18c>

40002378 <__subsf3>:
40002378:	800007b7          	lui	  a5,0x80000
4000237c:	00b7c5b3          	xor	  a1,a5,a1
40002380:	da5ff06f          	j	  40002124 <__addsf3>

40002384 <__mulsf3>:
40002384:	fe010113          	addi	  sp,sp,-32
40002388:	01212823          	sw	  s2,16(sp)
4000238c:	01755913          	srli	  s2,a0,0x17
40002390:	0175d713          	srli	  a4,a1,0x17
40002394:	00912a23          	sw	  s1,20(sp)
40002398:	0ff97913          	andi	  s2,s2,255
4000239c:	008004b7          	lui	  s1,0x800
400023a0:	00050613          	mv	  a2,a0
400023a4:	fff48493          	addi	  s1,s1,-1 # 7fffff <CUSTOM1+0x7fffd4>
400023a8:	00812c23          	sw	  s0,24(sp)
400023ac:	01312623          	sw	  s3,12(sp)
400023b0:	00a5c433          	xor	  s0,a1,a0
400023b4:	01512223          	sw	  s5,4(sp)
400023b8:	01612023          	sw	  s6,0(sp)
400023bc:	0ff77993          	andi	  s3,a4,255
400023c0:	80000537          	lui	  a0,0x80000
400023c4:	00112e23          	sw	  ra,28(sp)
400023c8:	01412423          	sw	  s4,8(sp)
400023cc:	fff90713          	addi	  a4,s2,-1
400023d0:	0fd00793          	li	  a5,253
400023d4:	00c4fb33          	and	  s6,s1,a2
400023d8:	00058a93          	mv	  s5,a1
400023dc:	00a47433          	and	  s0,s0,a0
400023e0:	00b4f4b3          	and	  s1,s1,a1
400023e4:	00e7e663          	bltu	  a5,a4,400023f0 <__mulsf3+0x6c>
400023e8:	fff98713          	addi	  a4,s3,-1
400023ec:	10e7fa63          	bgeu	  a5,a4,40002500 <__mulsf3+0x17c>
400023f0:	800006b7          	lui	  a3,0x80000
400023f4:	fff6c693          	not	  a3,a3
400023f8:	00c6f533          	and	  a0,a3,a2
400023fc:	7f8007b7          	lui	  a5,0x7f800
40002400:	02a7fa63          	bgeu	  a5,a0,40002434 <__mulsf3+0xb0>
40002404:	004005b7          	lui	  a1,0x400
40002408:	00c5e533          	or	  a0,a1,a2
4000240c:	01c12083          	lw	  ra,28(sp)
40002410:	01812403          	lw	  s0,24(sp)
40002414:	01412483          	lw	  s1,20(sp)
40002418:	01012903          	lw	  s2,16(sp)
4000241c:	00c12983          	lw	  s3,12(sp)
40002420:	00812a03          	lw	  s4,8(sp)
40002424:	00412a83          	lw	  s5,4(sp)
40002428:	00012b03          	lw	  s6,0(sp)
4000242c:	02010113          	addi	  sp,sp,32
40002430:	00008067          	ret
40002434:	0156f6b3          	and	  a3,a3,s5
40002438:	00d7f863          	bgeu	  a5,a3,40002448 <__mulsf3+0xc4>
4000243c:	00400537          	lui	  a0,0x400
40002440:	01556533          	or	  a0,a0,s5
40002444:	fc9ff06f          	j	  4000240c <__mulsf3+0x88>
40002448:	00f51863          	bne	  a0,a5,40002458 <__mulsf3+0xd4>
4000244c:	14068063          	beqz	  a3,4000258c <__mulsf3+0x208>
40002450:	00a46533          	or	  a0,s0,a0
40002454:	fb9ff06f          	j	  4000240c <__mulsf3+0x88>
40002458:	00f69863          	bne	  a3,a5,40002468 <__mulsf3+0xe4>
4000245c:	12050863          	beqz	  a0,4000258c <__mulsf3+0x208>
40002460:	00d46533          	or	  a0,s0,a3
40002464:	fa9ff06f          	j	  4000240c <__mulsf3+0x88>
40002468:	00051663          	bnez	  a0,40002474 <__mulsf3+0xf0>
4000246c:	00040513          	mv	  a0,s0
40002470:	f9dff06f          	j	  4000240c <__mulsf3+0x88>
40002474:	fe068ce3          	beqz	  a3,4000246c <__mulsf3+0xe8>
40002478:	00c7f533          	and	  a0,a5,a2
4000247c:	00000a13          	li	  s4,0
40002480:	00051e63          	bnez	  a0,4000249c <__mulsf3+0x118>
40002484:	000b0513          	mv	  a0,s6
40002488:	7dc000ef          	jal	  ra,40002c64 <__clzsi2>
4000248c:	ff850a13          	addi	  s4,a0,-8 # 3ffff8 <CUSTOM1+0x3fffcd>
40002490:	00100713          	li	  a4,1
40002494:	014b1b33          	sll	  s6,s6,s4
40002498:	41470a33          	sub	  s4,a4,s4
4000249c:	7f800537          	lui	  a0,0x7f800
400024a0:	01557533          	and	  a0,a0,s5
400024a4:	00051e63          	bnez	  a0,400024c0 <__mulsf3+0x13c>
400024a8:	00048513          	mv	  a0,s1
400024ac:	7b8000ef          	jal	  ra,40002c64 <__clzsi2>
400024b0:	ff850713          	addi	  a4,a0,-8 # 7f7ffff8 <_fstack+0x2f7ffffc>
400024b4:	00e494b3          	sll	  s1,s1,a4
400024b8:	40ea0733          	sub	  a4,s4,a4
400024bc:	00170a13          	addi	  s4,a4,1 # 4000001 <CUSTOM1+0x3ffffd6>
400024c0:	00849793          	slli	  a5,s1,0x8
400024c4:	008006b7          	lui	  a3,0x800
400024c8:	800004b7          	lui	  s1,0x80000
400024cc:	00db6b33          	or	  s6,s6,a3
400024d0:	0097e7b3          	or	  a5,a5,s1
400024d4:	0367b533          	mulhu	  a0,a5,s6
400024d8:	01390733          	add	  a4,s2,s3
400024dc:	01470733          	add	  a4,a4,s4
400024e0:	00d576b3          	and	  a3,a0,a3
400024e4:	036787b3          	mul	  a5,a5,s6
400024e8:	02068063          	beqz	  a3,40002508 <__mulsf3+0x184>
400024ec:	f8270713          	addi	  a4,a4,-126
400024f0:	0fe00693          	li	  a3,254
400024f4:	02e6d663          	bge	  a3,a4,40002520 <__mulsf3+0x19c>
400024f8:	7f800537          	lui	  a0,0x7f800
400024fc:	f55ff06f          	j	  40002450 <__mulsf3+0xcc>
40002500:	00000a13          	li	  s4,0
40002504:	fbdff06f          	j	  400024c0 <__mulsf3+0x13c>
40002508:	01f7d693          	srli	  a3,a5,0x1f
4000250c:	00151513          	slli	  a0,a0,0x1
40002510:	f8170713          	addi	  a4,a4,-127
40002514:	00d56533          	or	  a0,a0,a3
40002518:	00179793          	slli	  a5,a5,0x1
4000251c:	fd5ff06f          	j	  400024f0 <__mulsf3+0x16c>
40002520:	04e04463          	bgtz	  a4,40002568 <__mulsf3+0x1e4>
40002524:	00100693          	li	  a3,1
40002528:	40e686b3          	sub	  a3,a3,a4
4000252c:	01f00613          	li	  a2,31
40002530:	f2d66ee3          	bltu	  a2,a3,4000246c <__mulsf3+0xe8>
40002534:	01f70713          	addi	  a4,a4,31
40002538:	00e51633          	sll	  a2,a0,a4
4000253c:	00d7d5b3          	srl	  a1,a5,a3
40002540:	00e797b3          	sll	  a5,a5,a4
40002544:	00b66633          	or	  a2,a2,a1
40002548:	00f037b3          	snez	  a5,a5
4000254c:	00f667b3          	or	  a5,a2,a5
40002550:	00d55533          	srl	  a0,a0,a3
40002554:	80000737          	lui	  a4,0x80000
40002558:	00a46533          	or	  a0,s0,a0
4000255c:	02f77063          	bgeu	  a4,a5,4000257c <__mulsf3+0x1f8>
40002560:	00150513          	addi	  a0,a0,1 # 7f800001 <_fstack+0x2f800005>
40002564:	ea9ff06f          	j	  4000240c <__mulsf3+0x88>
40002568:	00951513          	slli	  a0,a0,0x9
4000256c:	00955513          	srli	  a0,a0,0x9
40002570:	01771713          	slli	  a4,a4,0x17
40002574:	00e56533          	or	  a0,a0,a4
40002578:	fddff06f          	j	  40002554 <__mulsf3+0x1d0>
4000257c:	e8e798e3          	bne	  a5,a4,4000240c <__mulsf3+0x88>
40002580:	00150513          	addi	  a0,a0,1
40002584:	ffe57513          	andi	  a0,a0,-2
40002588:	e85ff06f          	j	  4000240c <__mulsf3+0x88>
4000258c:	400057b7          	lui	  a5,0x40005
40002590:	a047a503          	lw	  a0,-1532(a5) # 40004a04 <_ctype_+0x164>
40002594:	e79ff06f          	j	  4000240c <__mulsf3+0x88>

40002598 <__divsf3>:
40002598:	fe010113          	addi	  sp,sp,-32
4000259c:	00912a23          	sw	  s1,20(sp)
400025a0:	01755493          	srli	  s1,a0,0x17
400025a4:	01312623          	sw	  s3,12(sp)
400025a8:	0ff4f493          	andi	  s1,s1,255
400025ac:	008009b7          	lui	  s3,0x800
400025b0:	00050813          	mv	  a6,a0
400025b4:	fff98993          	addi	  s3,s3,-1 # 7fffff <CUSTOM1+0x7fffd4>
400025b8:	00812c23          	sw	  s0,24(sp)
400025bc:	01412423          	sw	  s4,8(sp)
400025c0:	00b54433          	xor	  s0,a0,a1
400025c4:	01512223          	sw	  s5,4(sp)
400025c8:	01612023          	sw	  s6,0(sp)
400025cc:	0175da13          	srli	  s4,a1,0x17
400025d0:	80000537          	lui	  a0,0x80000
400025d4:	00112e23          	sw	  ra,28(sp)
400025d8:	01212823          	sw	  s2,16(sp)
400025dc:	fff48713          	addi	  a4,s1,-1 # 7fffffff <_fstack+0x30000003>
400025e0:	0fd00793          	li	  a5,253
400025e4:	0109fb33          	and	  s6,s3,a6
400025e8:	00058a93          	mv	  s5,a1
400025ec:	0ffa7a13          	andi	  s4,s4,255
400025f0:	00a47433          	and	  s0,s0,a0
400025f4:	00b9f9b3          	and	  s3,s3,a1
400025f8:	00e7e663          	bltu	  a5,a4,40002604 <__divsf3+0x6c>
400025fc:	fffa0713          	addi	  a4,s4,-1
40002600:	18e7f663          	bgeu	  a5,a4,4000278c <__divsf3+0x1f4>
40002604:	800007b7          	lui	  a5,0x80000
40002608:	fff7c793          	not	  a5,a5
4000260c:	0107f533          	and	  a0,a5,a6
40002610:	7f8005b7          	lui	  a1,0x7f800
40002614:	02a5fc63          	bgeu	  a1,a0,4000264c <__divsf3+0xb4>
40002618:	004005b7          	lui	  a1,0x400
4000261c:	0105e433          	or	  s0,a1,a6
40002620:	01c12083          	lw	  ra,28(sp)
40002624:	00040513          	mv	  a0,s0
40002628:	01812403          	lw	  s0,24(sp)
4000262c:	01412483          	lw	  s1,20(sp)
40002630:	01012903          	lw	  s2,16(sp)
40002634:	00c12983          	lw	  s3,12(sp)
40002638:	00812a03          	lw	  s4,8(sp)
4000263c:	00412a83          	lw	  s5,4(sp)
40002640:	00012b03          	lw	  s6,0(sp)
40002644:	02010113          	addi	  sp,sp,32
40002648:	00008067          	ret
4000264c:	0157f7b3          	and	  a5,a5,s5
40002650:	00f5f863          	bgeu	  a1,a5,40002660 <__divsf3+0xc8>
40002654:	00400537          	lui	  a0,0x400
40002658:	01556433          	or	  s0,a0,s5
4000265c:	fc5ff06f          	j	  40002620 <__divsf3+0x88>
40002660:	00b51863          	bne	  a0,a1,40002670 <__divsf3+0xd8>
40002664:	00a78c63          	beq	  a5,a0,4000267c <__divsf3+0xe4>
40002668:	00a46433          	or	  s0,s0,a0
4000266c:	fb5ff06f          	j	  40002620 <__divsf3+0x88>
40002670:	fab788e3          	beq	  a5,a1,40002620 <__divsf3+0x88>
40002674:	00051a63          	bnez	  a0,40002688 <__divsf3+0xf0>
40002678:	fa0794e3          	bnez	  a5,40002620 <__divsf3+0x88>
4000267c:	400057b7          	lui	  a5,0x40005
40002680:	a047a403          	lw	  s0,-1532(a5) # 40004a04 <_ctype_+0x164>
40002684:	f9dff06f          	j	  40002620 <__divsf3+0x88>
40002688:	00079663          	bnez	  a5,40002694 <__divsf3+0xfc>
4000268c:	00b46433          	or	  s0,s0,a1
40002690:	f91ff06f          	j	  40002620 <__divsf3+0x88>
40002694:	0105f533          	and	  a0,a1,a6
40002698:	00000913          	li	  s2,0
4000269c:	00051e63          	bnez	  a0,400026b8 <__divsf3+0x120>
400026a0:	000b0513          	mv	  a0,s6
400026a4:	5c0000ef          	jal	  ra,40002c64 <__clzsi2>
400026a8:	ff850913          	addi	  s2,a0,-8 # 3ffff8 <CUSTOM1+0x3fffcd>
400026ac:	00100613          	li	  a2,1
400026b0:	012b1b33          	sll	  s6,s6,s2
400026b4:	41260933          	sub	  s2,a2,s2
400026b8:	7f800537          	lui	  a0,0x7f800
400026bc:	01557533          	and	  a0,a0,s5
400026c0:	00051e63          	bnez	  a0,400026dc <__divsf3+0x144>
400026c4:	00098513          	mv	  a0,s3
400026c8:	59c000ef          	jal	  ra,40002c64 <__clzsi2>
400026cc:	ff850613          	addi	  a2,a0,-8 # 7f7ffff8 <_fstack+0x2f7ffffc>
400026d0:	00c999b3          	sll	  s3,s3,a2
400026d4:	00c90633          	add	  a2,s2,a2
400026d8:	fff60913          	addi	  s2,a2,-1
400026dc:	00800537          	lui	  a0,0x800
400026e0:	00a9e9b3          	or	  s3,s3,a0
400026e4:	7504f6b7          	lui	  a3,0x7504f
400026e8:	00899793          	slli	  a5,s3,0x8
400026ec:	33368693          	addi	  a3,a3,819 # 7504f333 <_fstack+0x2504f337>
400026f0:	00ab6733          	or	  a4,s6,a0
400026f4:	40f68533          	sub	  a0,a3,a5
400026f8:	02f536b3          	mulhu	  a3,a0,a5
400026fc:	41448633          	sub	  a2,s1,s4
40002700:	01260633          	add	  a2,a2,s2
40002704:	40d006b3          	neg	  a3,a3
40002708:	02a685b3          	mul	  a1,a3,a0
4000270c:	02a6b6b3          	mulhu	  a3,a3,a0
40002710:	01f5d513          	srli	  a0,a1,0x1f
40002714:	00169693          	slli	  a3,a3,0x1
40002718:	00a6e533          	or	  a0,a3,a0
4000271c:	02f535b3          	mulhu	  a1,a0,a5
40002720:	40b005b3          	neg	  a1,a1
40002724:	02a586b3          	mul	  a3,a1,a0
40002728:	02a5b5b3          	mulhu	  a1,a1,a0
4000272c:	01f6d513          	srli	  a0,a3,0x1f
40002730:	00159593          	slli	  a1,a1,0x1
40002734:	00a5e533          	or	  a0,a1,a0
40002738:	02a7b7b3          	mulhu	  a5,a5,a0
4000273c:	40f006b3          	neg	  a3,a5
40002740:	02a687b3          	mul	  a5,a3,a0
40002744:	02a6b6b3          	mulhu	  a3,a3,a0
40002748:	01f7d793          	srli	  a5,a5,0x1f
4000274c:	00169693          	slli	  a3,a3,0x1
40002750:	00f6e7b3          	or	  a5,a3,a5
40002754:	ffe78793          	addi	  a5,a5,-2
40002758:	00171693          	slli	  a3,a4,0x1
4000275c:	02d7b7b3          	mulhu	  a5,a5,a3
40002760:	010006b7          	lui	  a3,0x1000
40002764:	02d7f863          	bgeu	  a5,a3,40002794 <__divsf3+0x1fc>
40002768:	02f98533          	mul	  a0,s3,a5
4000276c:	01871713          	slli	  a4,a4,0x18
40002770:	fff60613          	addi	  a2,a2,-1
40002774:	40a70733          	sub	  a4,a4,a0
40002778:	07f60693          	addi	  a3,a2,127
4000277c:	0fe00613          	li	  a2,254
40002780:	02d65463          	bge	  a2,a3,400027a8 <__divsf3+0x210>
40002784:	7f800537          	lui	  a0,0x7f800
40002788:	ee1ff06f          	j	  40002668 <__divsf3+0xd0>
4000278c:	00000913          	li	  s2,0
40002790:	f4dff06f          	j	  400026dc <__divsf3+0x144>
40002794:	0017d793          	srli	  a5,a5,0x1
40002798:	02f98533          	mul	  a0,s3,a5
4000279c:	01771713          	slli	  a4,a4,0x17
400027a0:	40a70733          	sub	  a4,a4,a0
400027a4:	fd5ff06f          	j	  40002778 <__divsf3+0x1e0>
400027a8:	e6d05ce3          	blez	  a3,40002620 <__divsf3+0x88>
400027ac:	00979793          	slli	  a5,a5,0x9
400027b0:	0097d793          	srli	  a5,a5,0x9
400027b4:	01769693          	slli	  a3,a3,0x17
400027b8:	00171713          	slli	  a4,a4,0x1
400027bc:	00f6e7b3          	or	  a5,a3,a5
400027c0:	00e9b733          	sltu	  a4,s3,a4
400027c4:	00f707b3          	add	  a5,a4,a5
400027c8:	0087e433          	or	  s0,a5,s0
400027cc:	e55ff06f          	j	  40002620 <__divsf3+0x88>

400027d0 <__divdi3>:
400027d0:	41f5d893          	srai	  a7,a1,0x1f
400027d4:	41f6d313          	srai	  t1,a3,0x1f
400027d8:	00664733          	xor	  a4,a2,t1
400027dc:	011547b3          	xor	  a5,a0,a7
400027e0:	40670633          	sub	  a2,a4,t1
400027e4:	0115c5b3          	xor	  a1,a1,a7
400027e8:	0066c6b3          	xor	  a3,a3,t1
400027ec:	41178533          	sub	  a0,a5,a7
400027f0:	00c73833          	sltu	  a6,a4,a2
400027f4:	00a7b7b3          	sltu	  a5,a5,a0
400027f8:	406686b3          	sub	  a3,a3,t1
400027fc:	411585b3          	sub	  a1,a1,a7
40002800:	ff010113          	addi	  sp,sp,-16
40002804:	40f585b3          	sub	  a1,a1,a5
40002808:	00000713          	li	  a4,0
4000280c:	410686b3          	sub	  a3,a3,a6
40002810:	00812423          	sw	  s0,8(sp)
40002814:	00112623          	sw	  ra,12(sp)
40002818:	0068c433          	xor	  s0,a7,t1
4000281c:	02c000ef          	jal	  ra,40002848 <__udivmoddi4>
40002820:	00a447b3          	xor	  a5,s0,a0
40002824:	00b445b3          	xor	  a1,s0,a1
40002828:	40878533          	sub	  a0,a5,s0
4000282c:	00c12083          	lw	  ra,12(sp)
40002830:	408585b3          	sub	  a1,a1,s0
40002834:	00812403          	lw	  s0,8(sp)
40002838:	00a7b7b3          	sltu	  a5,a5,a0
4000283c:	40f585b3          	sub	  a1,a1,a5
40002840:	01010113          	addi	  sp,sp,16
40002844:	00008067          	ret

40002848 <__udivmoddi4>:
40002848:	fe010113          	addi	  sp,sp,-32
4000284c:	00812c23          	sw	  s0,24(sp)
40002850:	01212823          	sw	  s2,16(sp)
40002854:	01312623          	sw	  s3,12(sp)
40002858:	01412423          	sw	  s4,8(sp)
4000285c:	01512223          	sw	  s5,4(sp)
40002860:	00112e23          	sw	  ra,28(sp)
40002864:	00912a23          	sw	  s1,20(sp)
40002868:	00050413          	mv	  s0,a0
4000286c:	00058913          	mv	  s2,a1
40002870:	00060a93          	mv	  s5,a2
40002874:	00068a13          	mv	  s4,a3
40002878:	00070993          	mv	  s3,a4
4000287c:	04059463          	bnez	  a1,400028c4 <__udivmoddi4+0x7c>
40002880:	02069863          	bnez	  a3,400028b0 <__udivmoddi4+0x68>
40002884:	00070a63          	beqz	  a4,40002898 <__udivmoddi4+0x50>
40002888:	00060593          	mv	  a1,a2
4000288c:	e5cff0ef          	jal	  ra,40001ee8 <__umodsi3>
40002890:	00a9a023          	sw	  a0,0(s3)
40002894:	0009a223          	sw	  zero,4(s3)
40002898:	000a8593          	mv	  a1,s5
4000289c:	00040513          	mv	  a0,s0
400028a0:	e80ff0ef          	jal	  ra,40001f20 <__udivsi3>
400028a4:	00050413          	mv	  s0,a0
400028a8:	00000913          	li	  s2,0
400028ac:	1080006f          	j	  400029b4 <__udivmoddi4+0x16c>
400028b0:	00070663          	beqz	  a4,400028bc <__udivmoddi4+0x74>
400028b4:	00a9a023          	sw	  a0,0(s3)
400028b8:	00072223          	sw	  zero,4(a4) # 80000004 <_fstack+0x30000008>
400028bc:	00000413          	li	  s0,0
400028c0:	0f40006f          	j	  400029b4 <__udivmoddi4+0x16c>
400028c4:	0a061463          	bnez	  a2,4000296c <__udivmoddi4+0x124>
400028c8:	00069463          	bnez	  a3,400028d0 <__udivmoddi4+0x88>
400028cc:	00100073          	ebreak
400028d0:	02051463          	bnez	  a0,400028f8 <__udivmoddi4+0xb0>
400028d4:	00070c63          	beqz	  a4,400028ec <__udivmoddi4+0xa4>
400028d8:	00068593          	mv	  a1,a3
400028dc:	00090513          	mv	  a0,s2
400028e0:	e08ff0ef          	jal	  ra,40001ee8 <__umodsi3>
400028e4:	00a9a223          	sw	  a0,4(s3)
400028e8:	0009a023          	sw	  zero,0(s3)
400028ec:	000a0593          	mv	  a1,s4
400028f0:	00090513          	mv	  a0,s2
400028f4:	fadff06f          	j	  400028a0 <__udivmoddi4+0x58>
400028f8:	fff68793          	addi	  a5,a3,-1 # ffffff <CUSTOM1+0xffffd4>
400028fc:	00d7f733          	and	  a4,a5,a3
40002900:	02071263          	bnez	  a4,40002924 <__udivmoddi4+0xdc>
40002904:	00098863          	beqz	  s3,40002914 <__udivmoddi4+0xcc>
40002908:	00b7f7b3          	and	  a5,a5,a1
4000290c:	00a9a023          	sw	  a0,0(s3)
40002910:	00f9a223          	sw	  a5,4(s3)
40002914:	000a0513          	mv	  a0,s4
40002918:	3e4000ef          	jal	  ra,40002cfc <__ctzsi2>
4000291c:	00a95433          	srl	  s0,s2,a0
40002920:	f89ff06f          	j	  400028a8 <__udivmoddi4+0x60>
40002924:	00068513          	mv	  a0,a3
40002928:	33c000ef          	jal	  ra,40002c64 <__clzsi2>
4000292c:	00050493          	mv	  s1,a0
40002930:	00090513          	mv	  a0,s2
40002934:	330000ef          	jal	  ra,40002c64 <__clzsi2>
40002938:	40a48333          	sub	  t1,s1,a0
4000293c:	01e00793          	li	  a5,30
40002940:	0067fc63          	bgeu	  a5,t1,40002958 <__udivmoddi4+0x110>
40002944:	00098663          	beqz	  s3,40002950 <__udivmoddi4+0x108>
40002948:	0089a023          	sw	  s0,0(s3)
4000294c:	0129a223          	sw	  s2,4(s3)
40002950:	00000413          	li	  s0,0
40002954:	f55ff06f          	j	  400028a8 <__udivmoddi4+0x60>
40002958:	00130313          	addi	  t1,t1,1
4000295c:	00000693          	li	  a3,0
40002960:	02000793          	li	  a5,32
40002964:	406787b3          	sub	  a5,a5,t1
40002968:	0b00006f          	j	  40002a18 <__udivmoddi4+0x1d0>
4000296c:	18069063          	bnez	  a3,40002aec <__udivmoddi4+0x2a4>
40002970:	fff60793          	addi	  a5,a2,-1
40002974:	00c7f733          	and	  a4,a5,a2
40002978:	06071463          	bnez	  a4,400029e0 <__udivmoddi4+0x198>
4000297c:	00098863          	beqz	  s3,4000298c <__udivmoddi4+0x144>
40002980:	00a7f7b3          	and	  a5,a5,a0
40002984:	00f9a023          	sw	  a5,0(s3)
40002988:	0009a223          	sw	  zero,4(s3)
4000298c:	00100793          	li	  a5,1
40002990:	02fa8263          	beq	  s5,a5,400029b4 <__udivmoddi4+0x16c>
40002994:	000a8513          	mv	  a0,s5
40002998:	364000ef          	jal	  ra,40002cfc <__ctzsi2>
4000299c:	02000793          	li	  a5,32
400029a0:	40a787b3          	sub	  a5,a5,a0
400029a4:	00f917b3          	sll	  a5,s2,a5
400029a8:	00a45433          	srl	  s0,s0,a0
400029ac:	0087e433          	or	  s0,a5,s0
400029b0:	00a95933          	srl	  s2,s2,a0
400029b4:	01c12083          	lw	  ra,28(sp)
400029b8:	00040513          	mv	  a0,s0
400029bc:	01812403          	lw	  s0,24(sp)
400029c0:	01412483          	lw	  s1,20(sp)
400029c4:	00c12983          	lw	  s3,12(sp)
400029c8:	00812a03          	lw	  s4,8(sp)
400029cc:	00412a83          	lw	  s5,4(sp)
400029d0:	00090593          	mv	  a1,s2
400029d4:	01012903          	lw	  s2,16(sp)
400029d8:	02010113          	addi	  sp,sp,32
400029dc:	00008067          	ret
400029e0:	00060513          	mv	  a0,a2
400029e4:	280000ef          	jal	  ra,40002c64 <__clzsi2>
400029e8:	00050493          	mv	  s1,a0
400029ec:	00090513          	mv	  a0,s2
400029f0:	274000ef          	jal	  ra,40002c64 <__clzsi2>
400029f4:	40a487b3          	sub	  a5,s1,a0
400029f8:	02178313          	addi	  t1,a5,33
400029fc:	02000593          	li	  a1,32
40002a00:	00000693          	li	  a3,0
40002a04:	10b30c63          	beq	  t1,a1,40002b1c <__udivmoddi4+0x2d4>
40002a08:	01f00713          	li	  a4,31
40002a0c:	02676263          	bltu	  a4,t1,40002a30 <__udivmoddi4+0x1e8>
40002a10:	00000693          	li	  a3,0
40002a14:	406587b3          	sub	  a5,a1,t1
40002a18:	00f41833          	sll	  a6,s0,a5
40002a1c:	00645533          	srl	  a0,s0,t1
40002a20:	00f917b3          	sll	  a5,s2,a5
40002a24:	00695633          	srl	  a2,s2,t1
40002a28:	00a7e7b3          	or	  a5,a5,a0
40002a2c:	0280006f          	j	  40002a54 <__udivmoddi4+0x20c>
40002a30:	04000893          	li	  a7,64
40002a34:	406888b3          	sub	  a7,a7,t1
40002a38:	00178793          	addi	  a5,a5,1
40002a3c:	00f45533          	srl	  a0,s0,a5
40002a40:	011416b3          	sll	  a3,s0,a7
40002a44:	011918b3          	sll	  a7,s2,a7
40002a48:	00a8e833          	or	  a6,a7,a0
40002a4c:	00000613          	li	  a2,0
40002a50:	00f957b3          	srl	  a5,s2,a5
40002a54:	00000413          	li	  s0,0
40002a58:	01f7d593          	srli	  a1,a5,0x1f
40002a5c:	00161713          	slli	  a4,a2,0x1
40002a60:	00b76633          	or	  a2,a4,a1
40002a64:	00179793          	slli	  a5,a5,0x1
40002a68:	01f85713          	srli	  a4,a6,0x1f
40002a6c:	00e7e7b3          	or	  a5,a5,a4
40002a70:	fff7c593          	not	  a1,a5
40002a74:	01f6d713          	srli	  a4,a3,0x1f
40002a78:	00181813          	slli	  a6,a6,0x1
40002a7c:	00169513          	slli	  a0,a3,0x1
40002a80:	00e86833          	or	  a6,a6,a4
40002a84:	008566b3          	or	  a3,a0,s0
40002a88:	fff64713          	not	  a4,a2
40002a8c:	01558433          	add	  s0,a1,s5
40002a90:	00b43433          	sltu	  s0,s0,a1
40002a94:	01470733          	add	  a4,a4,s4
40002a98:	00e40433          	add	  s0,s0,a4
40002a9c:	41f45713          	srai	  a4,s0,0x1f
40002aa0:	015775b3          	and	  a1,a4,s5
40002aa4:	40b785b3          	sub	  a1,a5,a1
40002aa8:	01477733          	and	  a4,a4,s4
40002aac:	00b7b8b3          	sltu	  a7,a5,a1
40002ab0:	40e60733          	sub	  a4,a2,a4
40002ab4:	fff30313          	addi	  t1,t1,-1
40002ab8:	01f45413          	srli	  s0,s0,0x1f
40002abc:	00058793          	mv	  a5,a1
40002ac0:	41170633          	sub	  a2,a4,a7
40002ac4:	f8031ae3          	bnez	  t1,40002a58 <__udivmoddi4+0x210>
40002ac8:	01f6d913          	srli	  s2,a3,0x1f
40002acc:	00181813          	slli	  a6,a6,0x1
40002ad0:	00169513          	slli	  a0,a3,0x1
40002ad4:	00856433          	or	  s0,a0,s0
40002ad8:	01096933          	or	  s2,s2,a6
40002adc:	ec098ce3          	beqz	  s3,400029b4 <__udivmoddi4+0x16c>
40002ae0:	00b9a023          	sw	  a1,0(s3)
40002ae4:	00c9a223          	sw	  a2,4(s3)
40002ae8:	ecdff06f          	j	  400029b4 <__udivmoddi4+0x16c>
40002aec:	00068513          	mv	  a0,a3
40002af0:	174000ef          	jal	  ra,40002c64 <__clzsi2>
40002af4:	00050493          	mv	  s1,a0
40002af8:	00090513          	mv	  a0,s2
40002afc:	168000ef          	jal	  ra,40002c64 <__clzsi2>
40002b00:	40a48333          	sub	  t1,s1,a0
40002b04:	01f00793          	li	  a5,31
40002b08:	e267eee3          	bltu	  a5,t1,40002944 <__udivmoddi4+0xfc>
40002b0c:	00130313          	addi	  t1,t1,1
40002b10:	02000793          	li	  a5,32
40002b14:	00000693          	li	  a3,0
40002b18:	e4f316e3          	bne	  t1,a5,40002964 <__udivmoddi4+0x11c>
40002b1c:	00040813          	mv	  a6,s0
40002b20:	00000613          	li	  a2,0
40002b24:	00090793          	mv	  a5,s2
40002b28:	f2dff06f          	j	  40002a54 <__udivmoddi4+0x20c>

40002b2c <__floatsisf>:
40002b2c:	0a050a63          	beqz	  a0,40002be0 <__floatsisf+0xb4>
40002b30:	ff010113          	addi	  sp,sp,-16
40002b34:	00812423          	sw	  s0,8(sp)
40002b38:	00912223          	sw	  s1,4(sp)
40002b3c:	00112623          	sw	  ra,12(sp)
40002b40:	00050413          	mv	  s0,a0
40002b44:	00000493          	li	  s1,0
40002b48:	00055663          	bgez	  a0,40002b54 <__floatsisf+0x28>
40002b4c:	40a00433          	neg	  s0,a0
40002b50:	800004b7          	lui	  s1,0x80000
40002b54:	00040513          	mv	  a0,s0
40002b58:	10c000ef          	jal	  ra,40002c64 <__clzsi2>
40002b5c:	01f00713          	li	  a4,31
40002b60:	40a70733          	sub	  a4,a4,a0
40002b64:	01700793          	li	  a5,23
40002b68:	02e7ce63          	blt	  a5,a4,40002ba4 <__floatsisf+0x78>
40002b6c:	ff850793          	addi	  a5,a0,-8 # 7f7ffff8 <_fstack+0x2f7ffffc>
40002b70:	00f41433          	sll	  s0,s0,a5
40002b74:	008007b7          	lui	  a5,0x800
40002b78:	00f447b3          	xor	  a5,s0,a5
40002b7c:	09e00713          	li	  a4,158
40002b80:	00c12083          	lw	  ra,12(sp)
40002b84:	00812403          	lw	  s0,8(sp)
40002b88:	40a70533          	sub	  a0,a4,a0
40002b8c:	01751513          	slli	  a0,a0,0x17
40002b90:	00f50533          	add	  a0,a0,a5
40002b94:	00956533          	or	  a0,a0,s1
40002b98:	00412483          	lw	  s1,4(sp)
40002b9c:	01010113          	addi	  sp,sp,16
40002ba0:	00008067          	ret
40002ba4:	00800793          	li	  a5,8
40002ba8:	40a787b3          	sub	  a5,a5,a0
40002bac:	00f457b3          	srl	  a5,s0,a5
40002bb0:	00800737          	lui	  a4,0x800
40002bb4:	00e7c7b3          	xor	  a5,a5,a4
40002bb8:	01850713          	addi	  a4,a0,24
40002bbc:	00e41433          	sll	  s0,s0,a4
40002bc0:	80000737          	lui	  a4,0x80000
40002bc4:	00877663          	bgeu	  a4,s0,40002bd0 <__floatsisf+0xa4>
40002bc8:	00178793          	addi	  a5,a5,1 # 800001 <CUSTOM1+0x7fffd6>
40002bcc:	fb1ff06f          	j	  40002b7c <__floatsisf+0x50>
40002bd0:	fae416e3          	bne	  s0,a4,40002b7c <__floatsisf+0x50>
40002bd4:	00178793          	addi	  a5,a5,1
40002bd8:	ffe7f793          	andi	  a5,a5,-2
40002bdc:	fa1ff06f          	j	  40002b7c <__floatsisf+0x50>
40002be0:	00000513          	li	  a0,0
40002be4:	00008067          	ret

40002be8 <__fixsfsi>:
40002be8:	00050693          	mv	  a3,a0
40002bec:	fff00613          	li	  a2,-1
40002bf0:	00054463          	bltz	  a0,40002bf8 <__fixsfsi+0x10>
40002bf4:	00100613          	li	  a2,1
40002bf8:	0176d713          	srli	  a4,a3,0x17
40002bfc:	0ff77713          	andi	  a4,a4,255
40002c00:	f8170593          	addi	  a1,a4,-127 # 7fffff81 <_fstack+0x2fffff85>
40002c04:	00000513          	li	  a0,0
40002c08:	0405cc63          	bltz	  a1,40002c60 <__fixsfsi+0x78>
40002c0c:	01f00793          	li	  a5,31
40002c10:	00b7fa63          	bgeu	  a5,a1,40002c24 <__fixsfsi+0x3c>
40002c14:	00100793          	li	  a5,1
40002c18:	80000537          	lui	  a0,0x80000
40002c1c:	04f60063          	beq	  a2,a5,40002c5c <__fixsfsi+0x74>
40002c20:	00008067          	ret
40002c24:	00800837          	lui	  a6,0x800
40002c28:	fff80793          	addi	  a5,a6,-1 # 7fffff <CUSTOM1+0x7fffd4>
40002c2c:	00d7f533          	and	  a0,a5,a3
40002c30:	01600793          	li	  a5,22
40002c34:	01056533          	or	  a0,a0,a6
40002c38:	00b7cc63          	blt	  a5,a1,40002c50 <__fixsfsi+0x68>
40002c3c:	01700793          	li	  a5,23
40002c40:	40b785b3          	sub	  a1,a5,a1
40002c44:	00b55533          	srl	  a0,a0,a1
40002c48:	02c50533          	mul	  a0,a0,a2
40002c4c:	00008067          	ret
40002c50:	f6a70713          	addi	  a4,a4,-150
40002c54:	00e51533          	sll	  a0,a0,a4
40002c58:	ff1ff06f          	j	  40002c48 <__fixsfsi+0x60>
40002c5c:	fff54513          	not	  a0,a0
40002c60:	00008067          	ret

40002c64 <__clzsi2>:
40002c64:	ffff07b7          	lui	  a5,0xffff0
40002c68:	00f577b3          	and	  a5,a0,a5
40002c6c:	0017b713          	seqz	  a4,a5
40002c70:	00471713          	slli	  a4,a4,0x4
40002c74:	01000793          	li	  a5,16
40002c78:	40e787b3          	sub	  a5,a5,a4
40002c7c:	00f55533          	srl	  a0,a0,a5
40002c80:	000107b7          	lui	  a5,0x10
40002c84:	f0078793          	addi	  a5,a5,-256 # ff00 <CUSTOM1+0xfed5>
40002c88:	00f577b3          	and	  a5,a0,a5
40002c8c:	0017b793          	seqz	  a5,a5
40002c90:	00379793          	slli	  a5,a5,0x3
40002c94:	00800693          	li	  a3,8
40002c98:	40f686b3          	sub	  a3,a3,a5
40002c9c:	00d55533          	srl	  a0,a0,a3
40002ca0:	0f057693          	andi	  a3,a0,240
40002ca4:	0016b693          	seqz	  a3,a3
40002ca8:	00269693          	slli	  a3,a3,0x2
40002cac:	00e787b3          	add	  a5,a5,a4
40002cb0:	00400713          	li	  a4,4
40002cb4:	40d70733          	sub	  a4,a4,a3
40002cb8:	00e55533          	srl	  a0,a0,a4
40002cbc:	00f687b3          	add	  a5,a3,a5
40002cc0:	00c57693          	andi	  a3,a0,12
40002cc4:	0016b693          	seqz	  a3,a3
40002cc8:	00200613          	li	  a2,2
40002ccc:	00169693          	slli	  a3,a3,0x1
40002cd0:	40d60733          	sub	  a4,a2,a3
40002cd4:	00e55533          	srl	  a0,a0,a4
40002cd8:	00155713          	srli	  a4,a0,0x1
40002cdc:	00174713          	xori	  a4,a4,1
40002ce0:	00177713          	andi	  a4,a4,1
40002ce4:	40e00733          	neg	  a4,a4
40002ce8:	40a60533          	sub	  a0,a2,a0
40002cec:	00a77533          	and	  a0,a4,a0
40002cf0:	00f686b3          	add	  a3,a3,a5
40002cf4:	00d50533          	add	  a0,a0,a3
40002cf8:	00008067          	ret

40002cfc <__ctzsi2>:
40002cfc:	01051693          	slli	  a3,a0,0x10
40002d00:	0106d693          	srli	  a3,a3,0x10
40002d04:	0016b693          	seqz	  a3,a3
40002d08:	00469693          	slli	  a3,a3,0x4
40002d0c:	00d557b3          	srl	  a5,a0,a3
40002d10:	0ff7f713          	andi	  a4,a5,255
40002d14:	00173713          	seqz	  a4,a4
40002d18:	00371713          	slli	  a4,a4,0x3
40002d1c:	00e7d7b3          	srl	  a5,a5,a4
40002d20:	00d706b3          	add	  a3,a4,a3
40002d24:	00f7f713          	andi	  a4,a5,15
40002d28:	00173713          	seqz	  a4,a4
40002d2c:	00271713          	slli	  a4,a4,0x2
40002d30:	00e7d7b3          	srl	  a5,a5,a4
40002d34:	00d706b3          	add	  a3,a4,a3
40002d38:	0037f713          	andi	  a4,a5,3
40002d3c:	00173713          	seqz	  a4,a4
40002d40:	00171713          	slli	  a4,a4,0x1
40002d44:	00e7d7b3          	srl	  a5,a5,a4
40002d48:	0017d613          	srli	  a2,a5,0x1
40002d4c:	00200513          	li	  a0,2
40002d50:	00167613          	andi	  a2,a2,1
40002d54:	40c50633          	sub	  a2,a0,a2
40002d58:	fff7c513          	not	  a0,a5
40002d5c:	00157513          	andi	  a0,a0,1
40002d60:	40a00533          	neg	  a0,a0
40002d64:	00a67533          	and	  a0,a2,a0
40002d68:	00d70733          	add	  a4,a4,a3
40002d6c:	00e50533          	add	  a0,a0,a4
40002d70:	00008067          	ret

40002d74 <__udivdi3>:
40002d74:	00000713          	li	  a4,0
40002d78:	ad1ff06f          	j	  40002848 <__udivmoddi4>

40002d7c <__umoddi3>:
40002d7c:	fe010113          	addi	  sp,sp,-32
40002d80:	00810713          	addi	  a4,sp,8
40002d84:	00112e23          	sw	  ra,28(sp)
40002d88:	ac1ff0ef          	jal	  ra,40002848 <__udivmoddi4>
40002d8c:	01c12083          	lw	  ra,28(sp)
40002d90:	00812503          	lw	  a0,8(sp)
40002d94:	00c12583          	lw	  a1,12(sp)
40002d98:	02010113          	addi	  sp,sp,32
40002d9c:	00008067          	ret

40002da0 <__moddi3>:
40002da0:	fe010113          	addi	  sp,sp,-32
40002da4:	00812c23          	sw	  s0,24(sp)
40002da8:	41f6d893          	srai	  a7,a3,0x1f
40002dac:	41f5d413          	srai	  s0,a1,0x1f
40002db0:	01164733          	xor	  a4,a2,a7
40002db4:	008547b3          	xor	  a5,a0,s0
40002db8:	41170633          	sub	  a2,a4,a7
40002dbc:	40878533          	sub	  a0,a5,s0
40002dc0:	0116c6b3          	xor	  a3,a3,a7
40002dc4:	0085c5b3          	xor	  a1,a1,s0
40002dc8:	00c73833          	sltu	  a6,a4,a2
40002dcc:	00a7b7b3          	sltu	  a5,a5,a0
40002dd0:	411686b3          	sub	  a3,a3,a7
40002dd4:	408585b3          	sub	  a1,a1,s0
40002dd8:	00810713          	addi	  a4,sp,8
40002ddc:	40f585b3          	sub	  a1,a1,a5
40002de0:	410686b3          	sub	  a3,a3,a6
40002de4:	00112e23          	sw	  ra,28(sp)
40002de8:	a61ff0ef          	jal	  ra,40002848 <__udivmoddi4>
40002dec:	00812583          	lw	  a1,8(sp)
40002df0:	00c12783          	lw	  a5,12(sp)
40002df4:	01c12083          	lw	  ra,28(sp)
40002df8:	0085c5b3          	xor	  a1,a1,s0
40002dfc:	40858533          	sub	  a0,a1,s0
40002e00:	0087c7b3          	xor	  a5,a5,s0
40002e04:	40878433          	sub	  s0,a5,s0
40002e08:	00a5b5b3          	sltu	  a1,a1,a0
40002e0c:	40b405b3          	sub	  a1,s0,a1
40002e10:	01812403          	lw	  s0,24(sp)
40002e14:	02010113          	addi	  sp,sp,32
40002e18:	00008067          	ret

40002e1c <_strtol_l.part.0>:
40002e1c:	fd010113          	addi	  sp,sp,-48
40002e20:	40005737          	lui	  a4,0x40005
40002e24:	01312e23          	sw	  s3,28(sp)
40002e28:	01412c23          	sw	  s4,24(sp)
40002e2c:	01512a23          	sw	  s5,20(sp)
40002e30:	01612823          	sw	  s6,16(sp)
40002e34:	02112623          	sw	  ra,44(sp)
40002e38:	02812423          	sw	  s0,40(sp)
40002e3c:	02912223          	sw	  s1,36(sp)
40002e40:	03212023          	sw	  s2,32(sp)
40002e44:	01712623          	sw	  s7,12(sp)
40002e48:	00050a93          	mv	  s5,a0
40002e4c:	00058b13          	mv	  s6,a1
40002e50:	00060a13          	mv	  s4,a2
40002e54:	00050993          	mv	  s3,a0
40002e58:	8a170713          	addi	  a4,a4,-1887 # 400048a1 <_ctype_+0x1>
40002e5c:	00098693          	mv	  a3,s3
40002e60:	0009c403          	lbu	  s0,0(s3)
40002e64:	00198993          	addi	  s3,s3,1
40002e68:	00e407b3          	add	  a5,s0,a4
40002e6c:	0007c783          	lbu	  a5,0(a5)
40002e70:	0087f793          	andi	  a5,a5,8
40002e74:	fe0794e3          	bnez	  a5,40002e5c <_strtol_l.part.0+0x40>
40002e78:	02d00793          	li	  a5,45
40002e7c:	0cf41e63          	bne	  s0,a5,40002f58 <_strtol_l.part.0+0x13c>
40002e80:	0009c403          	lbu	  s0,0(s3)
40002e84:	00100b93          	li	  s7,1
40002e88:	00268993          	addi	  s3,a3,2
40002e8c:	160a0e63          	beqz	  s4,40003008 <_strtol_l.part.0+0x1ec>
40002e90:	01000793          	li	  a5,16
40002e94:	04fa1663          	bne	  s4,a5,40002ee0 <_strtol_l.part.0+0xc4>
40002e98:	03000793          	li	  a5,48
40002e9c:	04f41263          	bne	  s0,a5,40002ee0 <_strtol_l.part.0+0xc4>
40002ea0:	0009c783          	lbu	  a5,0(s3)
40002ea4:	05800713          	li	  a4,88
40002ea8:	0df7f793          	andi	  a5,a5,223
40002eac:	14e79663          	bne	  a5,a4,40002ff8 <_strtol_l.part.0+0x1dc>
40002eb0:	0019c403          	lbu	  s0,1(s3)
40002eb4:	00900713          	li	  a4,9
40002eb8:	fd040793          	addi	  a5,s0,-48
40002ebc:	0ff7f793          	andi	  a5,a5,255
40002ec0:	00f77c63          	bgeu	  a4,a5,40002ed8 <_strtol_l.part.0+0xbc>
40002ec4:	fdf47793          	andi	  a5,s0,-33
40002ec8:	fbf78793          	addi	  a5,a5,-65
40002ecc:	0ff7f793          	andi	  a5,a5,255
40002ed0:	00500713          	li	  a4,5
40002ed4:	12f76263          	bltu	  a4,a5,40002ff8 <_strtol_l.part.0+0x1dc>
40002ed8:	00298993          	addi	  s3,s3,2
40002edc:	01000a13          	li	  s4,16
40002ee0:	800004b7          	lui	  s1,0x80000
40002ee4:	fff4c493          	not	  s1,s1
40002ee8:	009b84b3          	add	  s1,s7,s1
40002eec:	000a0593          	mv	  a1,s4
40002ef0:	00048513          	mv	  a0,s1
40002ef4:	ff5fe0ef          	jal	  ra,40001ee8 <__umodsi3>
40002ef8:	000a0593          	mv	  a1,s4
40002efc:	00050913          	mv	  s2,a0
40002f00:	00048513          	mv	  a0,s1
40002f04:	81cff0ef          	jal	  ra,40001f20 <__udivsi3>
40002f08:	00050693          	mv	  a3,a0
40002f0c:	00000713          	li	  a4,0
40002f10:	00000513          	li	  a0,0
40002f14:	00900593          	li	  a1,9
40002f18:	01900613          	li	  a2,25
40002f1c:	fd040793          	addi	  a5,s0,-48
40002f20:	04f5e863          	bltu	  a1,a5,40002f70 <_strtol_l.part.0+0x154>
40002f24:	00078413          	mv	  s0,a5
40002f28:	07445863          	bge	  s0,s4,40002f98 <_strtol_l.part.0+0x17c>
40002f2c:	06074263          	bltz	  a4,40002f90 <_strtol_l.part.0+0x174>
40002f30:	fff00713          	li	  a4,-1
40002f34:	00a6ec63          	bltu	  a3,a0,40002f4c <_strtol_l.part.0+0x130>
40002f38:	00a69463          	bne	  a3,a0,40002f40 <_strtol_l.part.0+0x124>
40002f3c:	00894863          	blt	  s2,s0,40002f4c <_strtol_l.part.0+0x130>
40002f40:	02aa07b3          	mul	  a5,s4,a0
40002f44:	00100713          	li	  a4,1
40002f48:	00f40533          	add	  a0,s0,a5
40002f4c:	00198993          	addi	  s3,s3,1
40002f50:	fff9c403          	lbu	  s0,-1(s3)
40002f54:	fc9ff06f          	j	  40002f1c <_strtol_l.part.0+0x100>
40002f58:	02b00793          	li	  a5,43
40002f5c:	00000b93          	li	  s7,0
40002f60:	f2f416e3          	bne	  s0,a5,40002e8c <_strtol_l.part.0+0x70>
40002f64:	0009c403          	lbu	  s0,0(s3)
40002f68:	00268993          	addi	  s3,a3,2
40002f6c:	f21ff06f          	j	  40002e8c <_strtol_l.part.0+0x70>
40002f70:	fbf40793          	addi	  a5,s0,-65
40002f74:	00f66663          	bltu	  a2,a5,40002f80 <_strtol_l.part.0+0x164>
40002f78:	fc940413          	addi	  s0,s0,-55
40002f7c:	fadff06f          	j	  40002f28 <_strtol_l.part.0+0x10c>
40002f80:	f9f40793          	addi	  a5,s0,-97
40002f84:	00f66a63          	bltu	  a2,a5,40002f98 <_strtol_l.part.0+0x17c>
40002f88:	fa940413          	addi	  s0,s0,-87
40002f8c:	f9dff06f          	j	  40002f28 <_strtol_l.part.0+0x10c>
40002f90:	fff00713          	li	  a4,-1
40002f94:	fb9ff06f          	j	  40002f4c <_strtol_l.part.0+0x130>
40002f98:	04075263          	bgez	  a4,40002fdc <_strtol_l.part.0+0x1c0>
40002f9c:	400057b7          	lui	  a5,0x40005
40002fa0:	02200713          	li	  a4,34
40002fa4:	d2e7aa23          	sw	  a4,-716(a5) # 40004d34 <errno>
40002fa8:	00048513          	mv	  a0,s1
40002fac:	040b1063          	bnez	  s6,40002fec <_strtol_l.part.0+0x1d0>
40002fb0:	02c12083          	lw	  ra,44(sp)
40002fb4:	02812403          	lw	  s0,40(sp)
40002fb8:	02412483          	lw	  s1,36(sp)
40002fbc:	02012903          	lw	  s2,32(sp)
40002fc0:	01c12983          	lw	  s3,28(sp)
40002fc4:	01812a03          	lw	  s4,24(sp)
40002fc8:	01412a83          	lw	  s5,20(sp)
40002fcc:	01012b03          	lw	  s6,16(sp)
40002fd0:	00c12b83          	lw	  s7,12(sp)
40002fd4:	03010113          	addi	  sp,sp,48
40002fd8:	00008067          	ret
40002fdc:	000b8463          	beqz	  s7,40002fe4 <_strtol_l.part.0+0x1c8>
40002fe0:	40a00533          	neg	  a0,a0
40002fe4:	fc0b06e3          	beqz	  s6,40002fb0 <_strtol_l.part.0+0x194>
40002fe8:	00070463          	beqz	  a4,40002ff0 <_strtol_l.part.0+0x1d4>
40002fec:	fff98a93          	addi	  s5,s3,-1
40002ff0:	015b2023          	sw	  s5,0(s6)
40002ff4:	fbdff06f          	j	  40002fb0 <_strtol_l.part.0+0x194>
40002ff8:	03000413          	li	  s0,48
40002ffc:	ee0a12e3          	bnez	  s4,40002ee0 <_strtol_l.part.0+0xc4>
40003000:	00800a13          	li	  s4,8
40003004:	eddff06f          	j	  40002ee0 <_strtol_l.part.0+0xc4>
40003008:	03000793          	li	  a5,48
4000300c:	e8f40ae3          	beq	  s0,a5,40002ea0 <_strtol_l.part.0+0x84>
40003010:	00a00a13          	li	  s4,10
40003014:	ecdff06f          	j	  40002ee0 <_strtol_l.part.0+0xc4>

40003018 <strtol>:
40003018:	00100813          	li	  a6,1
4000301c:	00050693          	mv	  a3,a0
40003020:	00058793          	mv	  a5,a1
40003024:	01060663          	beq	  a2,a6,40003030 <strtol+0x18>
40003028:	02400813          	li	  a6,36
4000302c:	02c87063          	bgeu	  a6,a2,4000304c <strtol+0x34>
40003030:	40005737          	lui	  a4,0x40005
40003034:	01600613          	li	  a2,22
40003038:	d2c72a23          	sw	  a2,-716(a4) # 40004d34 <errno>
4000303c:	00078463          	beqz	  a5,40003044 <strtol+0x2c>
40003040:	00d7a023          	sw	  a3,0(a5)
40003044:	00000513          	li	  a0,0
40003048:	00008067          	ret
4000304c:	dd1ff06f          	j	  40002e1c <_strtol_l.part.0>

40003050 <getchar>:
40003050:	400057b7          	lui	  a5,0x40005
40003054:	a087a503          	lw	  a0,-1528(a5) # 40004a08 <stdin>
40003058:	1a50006f          	j	  400039fc <fgetc>

4000305c <printf>:
4000305c:	fc010113          	addi	  sp,sp,-64
40003060:	02f12a23          	sw	  a5,52(sp)
40003064:	400057b7          	lui	  a5,0x40005
40003068:	02b12223          	sw	  a1,36(sp)
4000306c:	00050593          	mv	  a1,a0
40003070:	a107a503          	lw	  a0,-1520(a5) # 40004a10 <stdout>
40003074:	02c12423          	sw	  a2,40(sp)
40003078:	02410613          	addi	  a2,sp,36
4000307c:	00112e23          	sw	  ra,28(sp)
40003080:	02d12623          	sw	  a3,44(sp)
40003084:	02e12823          	sw	  a4,48(sp)
40003088:	03012c23          	sw	  a6,56(sp)
4000308c:	03112e23          	sw	  a7,60(sp)
40003090:	00c12623          	sw	  a2,12(sp)
40003094:	18c000ef          	jal	  ra,40003220 <__i_vfprintf>
40003098:	01c12083          	lw	  ra,28(sp)
4000309c:	04010113          	addi	  sp,sp,64
400030a0:	00008067          	ret

400030a4 <putchar>:
400030a4:	400057b7          	lui	  a5,0x40005
400030a8:	a107a583          	lw	  a1,-1520(a5) # 40004a10 <stdout>
400030ac:	1cd0006f          	j	  40003a78 <fputc>

400030b0 <puts>:
400030b0:	400057b7          	lui	  a5,0x40005
400030b4:	a107a583          	lw	  a1,-1520(a5) # 40004a10 <stdout>
400030b8:	fe010113          	addi	  sp,sp,-32
400030bc:	00812c23          	sw	  s0,24(sp)
400030c0:	00912a23          	sw	  s1,20(sp)
400030c4:	00112e23          	sw	  ra,28(sp)
400030c8:	0025c783          	lbu	  a5,2(a1) # 400002 <CUSTOM1+0x3fffd7>
400030cc:	00050413          	mv	  s0,a0
400030d0:	00000493          	li	  s1,0
400030d4:	0027f793          	andi	  a5,a5,2
400030d8:	02079a63          	bnez	  a5,4000310c <puts+0x5c>
400030dc:	fff00493          	li	  s1,-1
400030e0:	01c12083          	lw	  ra,28(sp)
400030e4:	01812403          	lw	  s0,24(sp)
400030e8:	00048513          	mv	  a0,s1
400030ec:	01412483          	lw	  s1,20(sp)
400030f0:	02010113          	addi	  sp,sp,32
400030f4:	00008067          	ret
400030f8:	00b12623          	sw	  a1,12(sp)
400030fc:	000780e7          	jalr	  a5
40003100:	00c12583          	lw	  a1,12(sp)
40003104:	00055463          	bgez	  a0,4000310c <puts+0x5c>
40003108:	fff00493          	li	  s1,-1
4000310c:	00044503          	lbu	  a0,0(s0)
40003110:	00140413          	addi	  s0,s0,1
40003114:	0045a783          	lw	  a5,4(a1)
40003118:	fe0510e3          	bnez	  a0,400030f8 <puts+0x48>
4000311c:	00a00513          	li	  a0,10
40003120:	000780e7          	jalr	  a5
40003124:	fa055ee3          	bgez	  a0,400030e0 <puts+0x30>
40003128:	fb5ff06f          	j	  400030dc <puts+0x2c>

4000312c <__ultoa_invert>:
4000312c:	fd010113          	addi	  sp,sp,-48
40003130:	02912223          	sw	  s1,36(sp)
40003134:	03212023          	sw	  s2,32(sp)
40003138:	01312e23          	sw	  s3,28(sp)
4000313c:	01412c23          	sw	  s4,24(sp)
40003140:	01612823          	sw	  s6,16(sp)
40003144:	02112623          	sw	  ra,44(sp)
40003148:	02812423          	sw	  s0,40(sp)
4000314c:	01512a23          	sw	  s5,20(sp)
40003150:	01712623          	sw	  s7,12(sp)
40003154:	01812423          	sw	  s8,8(sp)
40003158:	01912223          	sw	  s9,4(sp)
4000315c:	2006f793          	andi	  a5,a3,512
40003160:	00050993          	mv	  s3,a0
40003164:	00058a13          	mv	  s4,a1
40003168:	00060913          	mv	  s2,a2
4000316c:	00068493          	mv	  s1,a3
40003170:	02700b13          	li	  s6,39
40003174:	00078663          	beqz	  a5,40003180 <__ultoa_invert+0x54>
40003178:	dff6f493          	andi	  s1,a3,-513
4000317c:	00700b13          	li	  s6,7
40003180:	41f4da93          	srai	  s5,s1,0x1f
40003184:	00900c93          	li	  s9,9
40003188:	00048613          	mv	  a2,s1
4000318c:	000a8693          	mv	  a3,s5
40003190:	00098513          	mv	  a0,s3
40003194:	000a0593          	mv	  a1,s4
40003198:	be5ff0ef          	jal	  ra,40002d7c <__umoddi3>
4000319c:	000a0593          	mv	  a1,s4
400031a0:	0ff57413          	andi	  s0,a0,255
400031a4:	00048613          	mv	  a2,s1
400031a8:	00098513          	mv	  a0,s3
400031ac:	000a8693          	mv	  a3,s5
400031b0:	bc5ff0ef          	jal	  ra,40002d74 <__udivdi3>
400031b4:	00098c13          	mv	  s8,s3
400031b8:	000a0b93          	mv	  s7,s4
400031bc:	00050993          	mv	  s3,a0
400031c0:	00058a13          	mv	  s4,a1
400031c4:	008cf663          	bgeu	  s9,s0,400031d0 <__ultoa_invert+0xa4>
400031c8:	01640433          	add	  s0,s0,s6
400031cc:	0ff47413          	andi	  s0,s0,255
400031d0:	00190913          	addi	  s2,s2,1
400031d4:	03040413          	addi	  s0,s0,48
400031d8:	fe890fa3          	sb	  s0,-1(s2)
400031dc:	015be663          	bltu	  s7,s5,400031e8 <__ultoa_invert+0xbc>
400031e0:	fb7a94e3          	bne	  s5,s7,40003188 <__ultoa_invert+0x5c>
400031e4:	fa9c72e3          	bgeu	  s8,s1,40003188 <__ultoa_invert+0x5c>
400031e8:	02c12083          	lw	  ra,44(sp)
400031ec:	02812403          	lw	  s0,40(sp)
400031f0:	02412483          	lw	  s1,36(sp)
400031f4:	01c12983          	lw	  s3,28(sp)
400031f8:	01812a03          	lw	  s4,24(sp)
400031fc:	01412a83          	lw	  s5,20(sp)
40003200:	01012b03          	lw	  s6,16(sp)
40003204:	00c12b83          	lw	  s7,12(sp)
40003208:	00812c03          	lw	  s8,8(sp)
4000320c:	00412c83          	lw	  s9,4(sp)
40003210:	00090513          	mv	  a0,s2
40003214:	02012903          	lw	  s2,32(sp)
40003218:	03010113          	addi	  sp,sp,48
4000321c:	00008067          	ret

40003220 <__i_vfprintf>:
40003220:	f9010113          	addi	  sp,sp,-112
40003224:	05412c23          	sw	  s4,88(sp)
40003228:	06112623          	sw	  ra,108(sp)
4000322c:	06812423          	sw	  s0,104(sp)
40003230:	06912223          	sw	  s1,100(sp)
40003234:	07212023          	sw	  s2,96(sp)
40003238:	05312e23          	sw	  s3,92(sp)
4000323c:	05512a23          	sw	  s5,84(sp)
40003240:	05612823          	sw	  s6,80(sp)
40003244:	05712623          	sw	  s7,76(sp)
40003248:	05812423          	sw	  s8,72(sp)
4000324c:	05912223          	sw	  s9,68(sp)
40003250:	05a12023          	sw	  s10,64(sp)
40003254:	03b12e23          	sw	  s11,60(sp)
40003258:	00254783          	lbu	  a5,2(a0) # 80000002 <_fstack+0x30000006>
4000325c:	00452a03          	lw	  s4,4(a0)
40003260:	0027f793          	andi	  a5,a5,2
40003264:	2c078663          	beqz	  a5,40003530 <__i_vfprintf+0x310>
40003268:	40005c37          	lui	  s8,0x40005
4000326c:	9b4c0793          	addi	  a5,s8,-1612 # 400049b4 <_ctype_+0x114>
40003270:	40005cb7          	lui	  s9,0x40005
40003274:	00f12023          	sw	  a5,0(sp)
40003278:	40005d37          	lui	  s10,0x40005
4000327c:	9acc8793          	addi	  a5,s9,-1620 # 400049ac <_ctype_+0x10c>
40003280:	00f12223          	sw	  a5,4(sp)
40003284:	9a4d0793          	addi	  a5,s10,-1628 # 400049a4 <_ctype_+0x104>
40003288:	00050993          	mv	  s3,a0
4000328c:	00060493          	mv	  s1,a2
40003290:	00000d93          	li	  s11,0
40003294:	01810a93          	addi	  s5,sp,24
40003298:	00f12423          	sw	  a5,8(sp)
4000329c:	0005cb03          	lbu	  s6,0(a1)
400032a0:	280b0a63          	beqz	  s6,40003534 <__i_vfprintf+0x314>
400032a4:	02500793          	li	  a5,37
400032a8:	00158b93          	addi	  s7,a1,1
400032ac:	00fb1863          	bne	  s6,a5,400032bc <__i_vfprintf+0x9c>
400032b0:	0015cb03          	lbu	  s6,1(a1)
400032b4:	00258b93          	addi	  s7,a1,2
400032b8:	02fb1063          	bne	  s6,a5,400032d8 <__i_vfprintf+0xb8>
400032bc:	001d8d93          	addi	  s11,s11,1
400032c0:	00098593          	mv	  a1,s3
400032c4:	000b0513          	mv	  a0,s6
400032c8:	000a00e7          	jalr	  s4
400032cc:	26054263          	bltz	  a0,40003530 <__i_vfprintf+0x310>
400032d0:	000b8593          	mv	  a1,s7
400032d4:	fc9ff06f          	j	  4000329c <__i_vfprintf+0x7c>
400032d8:	00000d13          	li	  s10,0
400032dc:	00000913          	li	  s2,0
400032e0:	00000413          	li	  s0,0
400032e4:	01f00613          	li	  a2,31
400032e8:	06c00593          	li	  a1,108
400032ec:	06800513          	li	  a0,104
400032f0:	04c00813          	li	  a6,76
400032f4:	06a00893          	li	  a7,106
400032f8:	07a00313          	li	  t1,122
400032fc:	07400e13          	li	  t3,116
40003300:	00900e93          	li	  t4,9
40003304:	02a00f13          	li	  t5,42
40003308:	02e00f93          	li	  t6,46
4000330c:	00a00693          	li	  a3,10
40003310:	07f00293          	li	  t0,127
40003314:	01000393          	li	  t2,16
40003318:	04866a63          	bltu	  a2,s0,4000336c <__i_vfprintf+0x14c>
4000331c:	fe0b0713          	addi	  a4,s6,-32
40003320:	0ff77713          	andi	  a4,a4,255
40003324:	04e3e663          	bltu	  t2,a4,40003370 <__i_vfprintf+0x150>
40003328:	00012783          	lw	  a5,0(sp)
4000332c:	00271713          	slli	  a4,a4,0x2
40003330:	00f70733          	add	  a4,a4,a5
40003334:	00072703          	lw	  a4,0(a4)
40003338:	00070067          	jr	  a4
4000333c:	00146413          	ori	  s0,s0,1
40003340:	000bcb03          	lbu	  s6,0(s7)
40003344:	001b8b93          	addi	  s7,s7,1
40003348:	fc0b18e3          	bnez	  s6,40003318 <__i_vfprintf+0xf8>
4000334c:	0e00006f          	j	  4000342c <__i_vfprintf+0x20c>
40003350:	00246413          	ori	  s0,s0,2
40003354:	00446413          	ori	  s0,s0,4
40003358:	fe9ff06f          	j	  40003340 <__i_vfprintf+0x120>
4000335c:	00846413          	ori	  s0,s0,8
40003360:	fe1ff06f          	j	  40003340 <__i_vfprintf+0x120>
40003364:	01046413          	ori	  s0,s0,16
40003368:	fd9ff06f          	j	  40003340 <__i_vfprintf+0x120>
4000336c:	0682ec63          	bltu	  t0,s0,400033e4 <__i_vfprintf+0x1c4>
40003370:	fd0b0713          	addi	  a4,s6,-48
40003374:	0ff77713          	andi	  a4,a4,255
40003378:	02eee463          	bltu	  t4,a4,400033a0 <__i_vfprintf+0x180>
4000337c:	04047b13          	andi	  s6,s0,64
40003380:	000b0863          	beqz	  s6,40003390 <__i_vfprintf+0x170>
40003384:	02dd07b3          	mul	  a5,s10,a3
40003388:	00e78d33          	add	  s10,a5,a4
4000338c:	fb5ff06f          	j	  40003340 <__i_vfprintf+0x120>
40003390:	02d90933          	mul	  s2,s2,a3
40003394:	02046413          	ori	  s0,s0,32
40003398:	00e90933          	add	  s2,s2,a4
4000339c:	fa5ff06f          	j	  40003340 <__i_vfprintf+0x120>
400033a0:	03eb1863          	bne	  s6,t5,400033d0 <__i_vfprintf+0x1b0>
400033a4:	04047b13          	andi	  s6,s0,64
400033a8:	0004a703          	lw	  a4,0(s1) # 80000000 <_fstack+0x30000004>
400033ac:	00448493          	addi	  s1,s1,4
400033b0:	0c0b1a63          	bnez	  s6,40003484 <__i_vfprintf+0x264>
400033b4:	00074863          	bltz	  a4,400033c4 <__i_vfprintf+0x1a4>
400033b8:	02046413          	ori	  s0,s0,32
400033bc:	00070913          	mv	  s2,a4
400033c0:	f81ff06f          	j	  40003340 <__i_vfprintf+0x120>
400033c4:	40e00933          	neg	  s2,a4
400033c8:	02846413          	ori	  s0,s0,40
400033cc:	f75ff06f          	j	  40003340 <__i_vfprintf+0x120>
400033d0:	01fb1a63          	bne	  s6,t6,400033e4 <__i_vfprintf+0x1c4>
400033d4:	04047713          	andi	  a4,s0,64
400033d8:	14071e63          	bnez	  a4,40003534 <__i_vfprintf+0x314>
400033dc:	04046413          	ori	  s0,s0,64
400033e0:	f61ff06f          	j	  40003340 <__i_vfprintf+0x120>
400033e4:	00bb1c63          	bne	  s6,a1,400033fc <__i_vfprintf+0x1dc>
400033e8:	08047713          	andi	  a4,s0,128
400033ec:	00070463          	beqz	  a4,400033f4 <__i_vfprintf+0x1d4>
400033f0:	20046413          	ori	  s0,s0,512
400033f4:	08046413          	ori	  s0,s0,128
400033f8:	f49ff06f          	j	  40003340 <__i_vfprintf+0x120>
400033fc:	00ab1c63          	bne	  s6,a0,40003414 <__i_vfprintf+0x1f4>
40003400:	10047713          	andi	  a4,s0,256
40003404:	00070463          	beqz	  a4,4000340c <__i_vfprintf+0x1ec>
40003408:	20046413          	ori	  s0,s0,512
4000340c:	10046413          	ori	  s0,s0,256
40003410:	f31ff06f          	j	  40003340 <__i_vfprintf+0x120>
40003414:	010b1663          	bne	  s6,a6,40003420 <__i_vfprintf+0x200>
40003418:	28046413          	ori	  s0,s0,640
4000341c:	f25ff06f          	j	  40003340 <__i_vfprintf+0x120>
40003420:	ff1b0ce3          	beq	  s6,a7,40003418 <__i_vfprintf+0x1f8>
40003424:	f06b0ee3          	beq	  s6,t1,40003340 <__i_vfprintf+0x120>
40003428:	f1cb0ce3          	beq	  s6,t3,40003340 <__i_vfprintf+0x120>
4000342c:	000d5a63          	bgez	  s10,40003440 <__i_vfprintf+0x220>
40003430:	fbf47413          	andi	  s0,s0,-65
40003434:	01041413          	slli	  s0,s0,0x10
40003438:	01045413          	srli	  s0,s0,0x10
4000343c:	00000d13          	li	  s10,0
40003440:	020b6713          	ori	  a4,s6,32
40003444:	f9b70693          	addi	  a3,a4,-101
40003448:	0ff6f693          	andi	  a3,a3,255
4000344c:	00200613          	li	  a2,2
40003450:	00d67663          	bgeu	  a2,a3,4000345c <__i_vfprintf+0x23c>
40003454:	06100693          	li	  a3,97
40003458:	02d71a63          	bne	  a4,a3,4000348c <__i_vfprintf+0x26c>
4000345c:	00748493          	addi	  s1,s1,7
40003460:	00412c83          	lw	  s9,4(sp)
40003464:	ff84f493          	andi	  s1,s1,-8
40003468:	00848493          	addi	  s1,s1,8
4000346c:	00700b13          	li	  s6,7
40003470:	00847413          	andi	  s0,s0,8
40003474:	000d8c13          	mv	  s8,s11
40003478:	08041663          	bnez	  s0,40003504 <__i_vfprintf+0x2e4>
4000347c:	012d8db3          	add	  s11,s11,s2
40003480:	07c0006f          	j	  400034fc <__i_vfprintf+0x2dc>
40003484:	00070d13          	mv	  s10,a4
40003488:	eb9ff06f          	j	  40003340 <__i_vfprintf+0x120>
4000348c:	06300693          	li	  a3,99
40003490:	00db1e63          	bne	  s6,a3,400034ac <__i_vfprintf+0x28c>
40003494:	0004a783          	lw	  a5,0(s1)
40003498:	00100b13          	li	  s6,1
4000349c:	00448493          	addi	  s1,s1,4
400034a0:	00f10c23          	sb	  a5,24(sp)
400034a4:	000a8c93          	mv	  s9,s5
400034a8:	fc9ff06f          	j	  40003470 <__i_vfprintf+0x250>
400034ac:	07300693          	li	  a3,115
400034b0:	0cdb1263          	bne	  s6,a3,40003574 <__i_vfprintf+0x354>
400034b4:	0004ac83          	lw	  s9,0(s1)
400034b8:	00448c13          	addi	  s8,s1,4
400034bc:	000c9463          	bnez	  s9,400034c4 <__i_vfprintf+0x2a4>
400034c0:	00812c83          	lw	  s9,8(sp)
400034c4:	04047693          	andi	  a3,s0,64
400034c8:	fff00593          	li	  a1,-1
400034cc:	00068463          	beqz	  a3,400034d4 <__i_vfprintf+0x2b4>
400034d0:	000d0593          	mv	  a1,s10
400034d4:	000c8513          	mv	  a0,s9
400034d8:	500000ef          	jal	  ra,400039d8 <strnlen>
400034dc:	00050b13          	mv	  s6,a0
400034e0:	000c0493          	mv	  s1,s8
400034e4:	f8dff06f          	j	  40003470 <__i_vfprintf+0x250>
400034e8:	00098593          	mv	  a1,s3
400034ec:	02000513          	li	  a0,32
400034f0:	000a00e7          	jalr	  s4
400034f4:	02054e63          	bltz	  a0,40003530 <__i_vfprintf+0x310>
400034f8:	fff90913          	addi	  s2,s2,-1
400034fc:	412d8c33          	sub	  s8,s11,s2
40003500:	ff2b64e3          	bltu	  s6,s2,400034e8 <__i_vfprintf+0x2c8>
40003504:	00000413          	li	  s0,0
40003508:	008c0db3          	add	  s11,s8,s0
4000350c:	008b1663          	bne	  s6,s0,40003518 <__i_vfprintf+0x2f8>
40003510:	41690933          	sub	  s2,s2,s6
40003514:	2680006f          	j	  4000377c <__i_vfprintf+0x55c>
40003518:	008c86b3          	add	  a3,s9,s0
4000351c:	0006c503          	lbu	  a0,0(a3)
40003520:	00098593          	mv	  a1,s3
40003524:	00140413          	addi	  s0,s0,1
40003528:	000a00e7          	jalr	  s4
4000352c:	fc055ee3          	bgez	  a0,40003508 <__i_vfprintf+0x2e8>
40003530:	fff00d93          	li	  s11,-1
40003534:	06c12083          	lw	  ra,108(sp)
40003538:	06812403          	lw	  s0,104(sp)
4000353c:	06412483          	lw	  s1,100(sp)
40003540:	06012903          	lw	  s2,96(sp)
40003544:	05c12983          	lw	  s3,92(sp)
40003548:	05812a03          	lw	  s4,88(sp)
4000354c:	05412a83          	lw	  s5,84(sp)
40003550:	05012b03          	lw	  s6,80(sp)
40003554:	04c12b83          	lw	  s7,76(sp)
40003558:	04812c03          	lw	  s8,72(sp)
4000355c:	04412c83          	lw	  s9,68(sp)
40003560:	04012d03          	lw	  s10,64(sp)
40003564:	000d8513          	mv	  a0,s11
40003568:	03c12d83          	lw	  s11,60(sp)
4000356c:	07010113          	addi	  sp,sp,112
40003570:	00008067          	ret
40003574:	06400693          	li	  a3,100
40003578:	00db0663          	beq	  s6,a3,40003584 <__i_vfprintf+0x364>
4000357c:	06900693          	li	  a3,105
40003580:	0cdb1063          	bne	  s6,a3,40003640 <__i_vfprintf+0x420>
40003584:	08047713          	andi	  a4,s0,128
40003588:	08070463          	beqz	  a4,40003610 <__i_vfprintf+0x3f0>
4000358c:	20047713          	andi	  a4,s0,512
40003590:	06070863          	beqz	  a4,40003600 <__i_vfprintf+0x3e0>
40003594:	00748493          	addi	  s1,s1,7
40003598:	ff84f493          	andi	  s1,s1,-8
4000359c:	0004a503          	lw	  a0,0(s1)
400035a0:	0044a583          	lw	  a1,4(s1)
400035a4:	00848b13          	addi	  s6,s1,8
400035a8:	0005dc63          	bgez	  a1,400035c0 <__i_vfprintf+0x3a0>
400035ac:	00a03733          	snez	  a4,a0
400035b0:	40b005b3          	neg	  a1,a1
400035b4:	40e585b3          	sub	  a1,a1,a4
400035b8:	40a00533          	neg	  a0,a0
400035bc:	40046413          	ori	  s0,s0,1024
400035c0:	fef47713          	andi	  a4,s0,-17
400035c4:	01071713          	slli	  a4,a4,0x10
400035c8:	04047413          	andi	  s0,s0,64
400035cc:	01075713          	srli	  a4,a4,0x10
400035d0:	00040a63          	beqz	  s0,400035e4 <__i_vfprintf+0x3c4>
400035d4:	000d1863          	bnez	  s10,400035e4 <__i_vfprintf+0x3c4>
400035d8:	00b566b3          	or	  a3,a0,a1
400035dc:	00000c93          	li	  s9,0
400035e0:	0c068663          	beqz	  a3,400036ac <__i_vfprintf+0x48c>
400035e4:	00e12623          	sw	  a4,12(sp)
400035e8:	00a00693          	li	  a3,10
400035ec:	000a8613          	mv	  a2,s5
400035f0:	b3dff0ef          	jal	  ra,4000312c <__ultoa_invert>
400035f4:	00c12703          	lw	  a4,12(sp)
400035f8:	41550cb3          	sub	  s9,a0,s5
400035fc:	0b00006f          	j	  400036ac <__i_vfprintf+0x48c>
40003600:	0004a503          	lw	  a0,0(s1)
40003604:	00448b13          	addi	  s6,s1,4
40003608:	41f55593          	srai	  a1,a0,0x1f
4000360c:	f9dff06f          	j	  400035a8 <__i_vfprintf+0x388>
40003610:	10047713          	andi	  a4,s0,256
40003614:	0004a503          	lw	  a0,0(s1)
40003618:	00448b13          	addi	  s6,s1,4
4000361c:	fe0706e3          	beqz	  a4,40003608 <__i_vfprintf+0x3e8>
40003620:	20047713          	andi	  a4,s0,512
40003624:	00070863          	beqz	  a4,40003634 <__i_vfprintf+0x414>
40003628:	01851513          	slli	  a0,a0,0x18
4000362c:	41855513          	srai	  a0,a0,0x18
40003630:	fd9ff06f          	j	  40003608 <__i_vfprintf+0x3e8>
40003634:	01051513          	slli	  a0,a0,0x10
40003638:	41055513          	srai	  a0,a0,0x10
4000363c:	fcdff06f          	j	  40003608 <__i_vfprintf+0x3e8>
40003640:	07500693          	li	  a3,117
40003644:	14db1063          	bne	  s6,a3,40003784 <__i_vfprintf+0x564>
40003648:	fef47413          	andi	  s0,s0,-17
4000364c:	01041413          	slli	  s0,s0,0x10
40003650:	01045413          	srli	  s0,s0,0x10
40003654:	00a00693          	li	  a3,10
40003658:	08047713          	andi	  a4,s0,128
4000365c:	1a070863          	beqz	  a4,4000380c <__i_vfprintf+0x5ec>
40003660:	20047713          	andi	  a4,s0,512
40003664:	18070c63          	beqz	  a4,400037fc <__i_vfprintf+0x5dc>
40003668:	00748493          	addi	  s1,s1,7
4000366c:	ff84f493          	andi	  s1,s1,-8
40003670:	0004a503          	lw	  a0,0(s1)
40003674:	0044a583          	lw	  a1,4(s1)
40003678:	00848b13          	addi	  s6,s1,8
4000367c:	ff947713          	andi	  a4,s0,-7
40003680:	01071713          	slli	  a4,a4,0x10
40003684:	04047613          	andi	  a2,s0,64
40003688:	01075713          	srli	  a4,a4,0x10
4000368c:	1a060663          	beqz	  a2,40003838 <__i_vfprintf+0x618>
40003690:	1a0d1463          	bnez	  s10,40003838 <__i_vfprintf+0x618>
40003694:	00b56633          	or	  a2,a0,a1
40003698:	1a061063          	bnez	  a2,40003838 <__i_vfprintf+0x618>
4000369c:	fe947413          	andi	  s0,s0,-23
400036a0:	01041713          	slli	  a4,s0,0x10
400036a4:	01075713          	srli	  a4,a4,0x10
400036a8:	00000c93          	li	  s9,0
400036ac:	04077693          	andi	  a3,a4,64
400036b0:	18068863          	beqz	  a3,40003840 <__i_vfprintf+0x620>
400036b4:	ffe77493          	andi	  s1,a4,-2
400036b8:	01049493          	slli	  s1,s1,0x10
400036bc:	0104d493          	srli	  s1,s1,0x10
400036c0:	000c8c13          	mv	  s8,s9
400036c4:	03acd063          	bge	  s9,s10,400036e4 <__i_vfprintf+0x4c4>
400036c8:	000015b7          	lui	  a1,0x1
400036cc:	00b775b3          	and	  a1,a4,a1
400036d0:	000d0c13          	mv	  s8,s10
400036d4:	00059863          	bnez	  a1,400036e4 <__i_vfprintf+0x4c4>
400036d8:	fee77413          	andi	  s0,a4,-18
400036dc:	01041493          	slli	  s1,s0,0x10
400036e0:	0104d493          	srli	  s1,s1,0x10
400036e4:	0104f713          	andi	  a4,s1,16
400036e8:	18070063          	beqz	  a4,40003868 <__i_vfprintf+0x648>
400036ec:	03010793          	addi	  a5,sp,48
400036f0:	01978733          	add	  a4,a5,s9
400036f4:	fe774583          	lbu	  a1,-25(a4)
400036f8:	03000713          	li	  a4,48
400036fc:	14e59863          	bne	  a1,a4,4000384c <__i_vfprintf+0x62c>
40003700:	fef4f493          	andi	  s1,s1,-17
40003704:	01049493          	slli	  s1,s1,0x10
40003708:	0104d493          	srli	  s1,s1,0x10
4000370c:	0084f713          	andi	  a4,s1,8
40003710:	02071063          	bnez	  a4,40003730 <__i_vfprintf+0x510>
40003714:	0014f713          	andi	  a4,s1,1
40003718:	16070e63          	beqz	  a4,40003894 <__i_vfprintf+0x674>
4000371c:	000c8d13          	mv	  s10,s9
40003720:	012c5863          	bge	  s8,s2,40003730 <__i_vfprintf+0x510>
40003724:	41890433          	sub	  s0,s2,s8
40003728:	01940d33          	add	  s10,s0,s9
4000372c:	00090c13          	mv	  s8,s2
40003730:	0104f713          	andi	  a4,s1,16
40003734:	18070863          	beqz	  a4,400038c4 <__i_vfprintf+0x6a4>
40003738:	00098593          	mv	  a1,s3
4000373c:	03000513          	li	  a0,48
40003740:	000a00e7          	jalr	  s4
40003744:	de0546e3          	bltz	  a0,40003530 <__i_vfprintf+0x310>
40003748:	00c4d713          	srli	  a4,s1,0xc
4000374c:	00177713          	andi	  a4,a4,1
40003750:	14071663          	bnez	  a4,4000389c <__i_vfprintf+0x67c>
40003754:	001d8d93          	addi	  s11,s11,1
40003758:	01bd04b3          	add	  s1,s10,s11
4000375c:	41b487b3          	sub	  a5,s1,s11
40003760:	18fcc863          	blt	  s9,a5,400038f0 <__i_vfprintf+0x6d0>
40003764:	000c8413          	mv	  s0,s9
40003768:	01bc84b3          	add	  s1,s9,s11
4000376c:	40848db3          	sub	  s11,s1,s0
40003770:	18041c63          	bnez	  s0,40003908 <__i_vfprintf+0x6e8>
40003774:	41890933          	sub	  s2,s2,s8
40003778:	000b0493          	mv	  s1,s6
4000377c:	01b90933          	add	  s2,s2,s11
40003780:	1b80006f          	j	  40003938 <__i_vfprintf+0x718>
40003784:	06f00693          	li	  a3,111
40003788:	06db0663          	beq	  s6,a3,400037f4 <__i_vfprintf+0x5d4>
4000378c:	07000693          	li	  a3,112
40003790:	00db1c63          	bne	  s6,a3,400037a8 <__i_vfprintf+0x588>
40003794:	00001737          	lui	  a4,0x1
40003798:	01070713          	addi	  a4,a4,16 # 1010 <CUSTOM1+0xfe5>
4000379c:	00e46433          	or	  s0,s0,a4
400037a0:	01000693          	li	  a3,16
400037a4:	eb5ff06f          	j	  40003658 <__i_vfprintf+0x438>
400037a8:	07800693          	li	  a3,120
400037ac:	02d71863          	bne	  a4,a3,400037dc <__i_vfprintf+0x5bc>
400037b0:	05800713          	li	  a4,88
400037b4:	00eb0663          	beq	  s6,a4,400037c0 <__i_vfprintf+0x5a0>
400037b8:	00001737          	lui	  a4,0x1
400037bc:	fe1ff06f          	j	  4000379c <__i_vfprintf+0x57c>
400037c0:	00002737          	lui	  a4,0x2
400037c4:	80070713          	addi	  a4,a4,-2048 # 1800 <CUSTOM1+0x17d5>
400037c8:	00e46433          	or	  s0,s0,a4
400037cc:	01041413          	slli	  s0,s0,0x10
400037d0:	01045413          	srli	  s0,s0,0x10
400037d4:	21000693          	li	  a3,528
400037d8:	e81ff06f          	j	  40003658 <__i_vfprintf+0x438>
400037dc:	00098593          	mv	  a1,s3
400037e0:	02500513          	li	  a0,37
400037e4:	000a00e7          	jalr	  s4
400037e8:	d40544e3          	bltz	  a0,40003530 <__i_vfprintf+0x310>
400037ec:	002d8d93          	addi	  s11,s11,2
400037f0:	ad1ff06f          	j	  400032c0 <__i_vfprintf+0xa0>
400037f4:	00800693          	li	  a3,8
400037f8:	e61ff06f          	j	  40003658 <__i_vfprintf+0x438>
400037fc:	0004a503          	lw	  a0,0(s1)
40003800:	00448b13          	addi	  s6,s1,4
40003804:	00000593          	li	  a1,0
40003808:	e75ff06f          	j	  4000367c <__i_vfprintf+0x45c>
4000380c:	10047713          	andi	  a4,s0,256
40003810:	0004a503          	lw	  a0,0(s1)
40003814:	00448b13          	addi	  s6,s1,4
40003818:	fe0706e3          	beqz	  a4,40003804 <__i_vfprintf+0x5e4>
4000381c:	20047713          	andi	  a4,s0,512
40003820:	00070663          	beqz	  a4,4000382c <__i_vfprintf+0x60c>
40003824:	0ff57513          	andi	  a0,a0,255
40003828:	fddff06f          	j	  40003804 <__i_vfprintf+0x5e4>
4000382c:	01051513          	slli	  a0,a0,0x10
40003830:	01055513          	srli	  a0,a0,0x10
40003834:	fd1ff06f          	j	  40003804 <__i_vfprintf+0x5e4>
40003838:	00e12623          	sw	  a4,12(sp)
4000383c:	db1ff06f          	j	  400035ec <__i_vfprintf+0x3cc>
40003840:	000c8c13          	mv	  s8,s9
40003844:	00070493          	mv	  s1,a4
40003848:	e9dff06f          	j	  400036e4 <__i_vfprintf+0x4c4>
4000384c:	00c4d713          	srli	  a4,s1,0xc
40003850:	00177713          	andi	  a4,a4,1
40003854:	00071663          	bnez	  a4,40003860 <__i_vfprintf+0x640>
40003858:	001c0c13          	addi	  s8,s8,1
4000385c:	eb1ff06f          	j	  4000370c <__i_vfprintf+0x4ec>
40003860:	002c0c13          	addi	  s8,s8,2
40003864:	ea9ff06f          	j	  4000370c <__i_vfprintf+0x4ec>
40003868:	4064f713          	andi	  a4,s1,1030
4000386c:	ea0700e3          	beqz	  a4,4000370c <__i_vfprintf+0x4ec>
40003870:	fe9ff06f          	j	  40003858 <__i_vfprintf+0x638>
40003874:	00098593          	mv	  a1,s3
40003878:	02000513          	li	  a0,32
4000387c:	000a00e7          	jalr	  s4
40003880:	ca0548e3          	bltz	  a0,40003530 <__i_vfprintf+0x310>
40003884:	001c0c13          	addi	  s8,s8,1
40003888:	01840db3          	add	  s11,s0,s8
4000388c:	ff2c44e3          	blt	  s8,s2,40003874 <__i_vfprintf+0x654>
40003890:	ea1ff06f          	j	  40003730 <__i_vfprintf+0x510>
40003894:	418d8433          	sub	  s0,s11,s8
40003898:	ff1ff06f          	j	  40003888 <__i_vfprintf+0x668>
4000389c:	00b4d493          	srli	  s1,s1,0xb
400038a0:	0014f493          	andi	  s1,s1,1
400038a4:	002d8d93          	addi	  s11,s11,2
400038a8:	05800513          	li	  a0,88
400038ac:	00049463          	bnez	  s1,400038b4 <__i_vfprintf+0x694>
400038b0:	07800513          	li	  a0,120
400038b4:	00098593          	mv	  a1,s3
400038b8:	000a00e7          	jalr	  s4
400038bc:	e8055ee3          	bgez	  a0,40003758 <__i_vfprintf+0x538>
400038c0:	c71ff06f          	j	  40003530 <__i_vfprintf+0x310>
400038c4:	4064f713          	andi	  a4,s1,1030
400038c8:	e80708e3          	beqz	  a4,40003758 <__i_vfprintf+0x538>
400038cc:	0024f713          	andi	  a4,s1,2
400038d0:	02000513          	li	  a0,32
400038d4:	00070463          	beqz	  a4,400038dc <__i_vfprintf+0x6bc>
400038d8:	02b00513          	li	  a0,43
400038dc:	4004f493          	andi	  s1,s1,1024
400038e0:	00048463          	beqz	  s1,400038e8 <__i_vfprintf+0x6c8>
400038e4:	02d00513          	li	  a0,45
400038e8:	001d8d93          	addi	  s11,s11,1
400038ec:	fc9ff06f          	j	  400038b4 <__i_vfprintf+0x694>
400038f0:	00098593          	mv	  a1,s3
400038f4:	03000513          	li	  a0,48
400038f8:	001d8d93          	addi	  s11,s11,1
400038fc:	000a00e7          	jalr	  s4
40003900:	e4055ee3          	bgez	  a0,4000375c <__i_vfprintf+0x53c>
40003904:	c2dff06f          	j	  40003530 <__i_vfprintf+0x310>
40003908:	fff40413          	addi	  s0,s0,-1
4000390c:	008a87b3          	add	  a5,s5,s0
40003910:	0007c503          	lbu	  a0,0(a5)
40003914:	00098593          	mv	  a1,s3
40003918:	000a00e7          	jalr	  s4
4000391c:	e40558e3          	bgez	  a0,4000376c <__i_vfprintf+0x54c>
40003920:	c11ff06f          	j	  40003530 <__i_vfprintf+0x310>
40003924:	00098593          	mv	  a1,s3
40003928:	02000513          	li	  a0,32
4000392c:	001d8d93          	addi	  s11,s11,1
40003930:	000a00e7          	jalr	  s4
40003934:	be054ee3          	bltz	  a0,40003530 <__i_vfprintf+0x310>
40003938:	41b907b3          	sub	  a5,s2,s11
4000393c:	fef044e3          	bgtz	  a5,40003924 <__i_vfprintf+0x704>
40003940:	991ff06f          	j	  400032d0 <__i_vfprintf+0xb0>

40003944 <memset>:
40003944:	00050313          	mv	  t1,a0
40003948:	00060a63          	beqz	  a2,4000395c <memset+0x18>
4000394c:	00b30023          	sb	  a1,0(t1)
40003950:	fff60613          	addi	  a2,a2,-1
40003954:	00130313          	addi	  t1,t1,1
40003958:	fe061ae3          	bnez	  a2,4000394c <memset+0x8>
4000395c:	00008067          	ret

40003960 <strlen>:
40003960:	00050793          	mv	  a5,a0
40003964:	0007c703          	lbu	  a4,0(a5)
40003968:	00178793          	addi	  a5,a5,1
4000396c:	fe071ce3          	bnez	  a4,40003964 <strlen+0x4>
40003970:	40a78533          	sub	  a0,a5,a0
40003974:	fff50513          	addi	  a0,a0,-1
40003978:	00008067          	ret

4000397c <litex_getc>:
4000397c:	ff010113          	addi	  sp,sp,-16
40003980:	00112623          	sw	  ra,12(sp)
40003984:	c74fe0ef          	jal	  ra,40001df8 <uart_read_nonblock>
40003988:	fe050ee3          	beqz	  a0,40003984 <litex_getc+0x8>
4000398c:	c18fe0ef          	jal	  ra,40001da4 <uart_read>
40003990:	00c12083          	lw	  ra,12(sp)
40003994:	01010113          	addi	  sp,sp,16
40003998:	00008067          	ret

4000399c <litex_putc>:
4000399c:	ff010113          	addi	  sp,sp,-16
400039a0:	00812423          	sw	  s0,8(sp)
400039a4:	00112623          	sw	  ra,12(sp)
400039a8:	00050413          	mv	  s0,a0
400039ac:	c68fe0ef          	jal	  ra,40001e14 <uart_write>
400039b0:	00a00793          	li	  a5,10
400039b4:	00f41863          	bne	  s0,a5,400039c4 <litex_putc+0x28>
400039b8:	00000593          	li	  a1,0
400039bc:	00d00513          	li	  a0,13
400039c0:	fddff0ef          	jal	  ra,4000399c <litex_putc>
400039c4:	00c12083          	lw	  ra,12(sp)
400039c8:	00040513          	mv	  a0,s0
400039cc:	00812403          	lw	  s0,8(sp)
400039d0:	01010113          	addi	  sp,sp,16
400039d4:	00008067          	ret

400039d8 <strnlen>:
400039d8:	00b505b3          	add	  a1,a0,a1
400039dc:	00050793          	mv	  a5,a0
400039e0:	00b78663          	beq	  a5,a1,400039ec <strnlen+0x14>
400039e4:	0007c703          	lbu	  a4,0(a5)
400039e8:	00071663          	bnez	  a4,400039f4 <strnlen+0x1c>
400039ec:	40a78533          	sub	  a0,a5,a0
400039f0:	00008067          	ret
400039f4:	00178793          	addi	  a5,a5,1
400039f8:	fe9ff06f          	j	  400039e0 <strnlen+0x8>

400039fc <fgetc>:
400039fc:	00254783          	lbu	  a5,2(a0)
40003a00:	0017f793          	andi	  a5,a5,1
40003a04:	06078663          	beqz	  a5,40003a70 <fgetc+0x74>
40003a08:	ff010113          	addi	  sp,sp,-16
40003a0c:	00055783          	lhu	  a5,0(a0)
40003a10:	00812423          	sw	  s0,8(sp)
40003a14:	00112623          	sw	  ra,12(sp)
40003a18:	00051023          	sh	  zero,0(a0)
40003a1c:	00050413          	mv	  s0,a0
40003a20:	00078c63          	beqz	  a5,40003a38 <fgetc+0x3c>
40003a24:	0ff7f513          	andi	  a0,a5,255
40003a28:	00c12083          	lw	  ra,12(sp)
40003a2c:	00812403          	lw	  s0,8(sp)
40003a30:	01010113          	addi	  sp,sp,16
40003a34:	00008067          	ret
40003a38:	00852783          	lw	  a5,8(a0)
40003a3c:	000780e7          	jalr	  a5
40003a40:	00050793          	mv	  a5,a0
40003a44:	0ff57513          	andi	  a0,a0,255
40003a48:	fe07d0e3          	bgez	  a5,40003a28 <fgetc+0x2c>
40003a4c:	fff00613          	li	  a2,-1
40003a50:	00240703          	lb	  a4,2(s0)
40003a54:	00400693          	li	  a3,4
40003a58:	00c78463          	beq	  a5,a2,40003a60 <fgetc+0x64>
40003a5c:	00800693          	li	  a3,8
40003a60:	00d767b3          	or	  a5,a4,a3
40003a64:	00f40123          	sb	  a5,2(s0)
40003a68:	fff00513          	li	  a0,-1
40003a6c:	fbdff06f          	j	  40003a28 <fgetc+0x2c>
40003a70:	fff00513          	li	  a0,-1
40003a74:	00008067          	ret

40003a78 <fputc>:
40003a78:	0025c703          	lbu	  a4,2(a1) # 1002 <CUSTOM1+0xfd7>
40003a7c:	00277713          	andi	  a4,a4,2
40003a80:	02071063          	bnez	  a4,40003aa0 <fputc+0x28>
40003a84:	fff00513          	li	  a0,-1
40003a88:	00008067          	ret
40003a8c:	fff00513          	li	  a0,-1
40003a90:	00c12083          	lw	  ra,12(sp)
40003a94:	00812403          	lw	  s0,8(sp)
40003a98:	01010113          	addi	  sp,sp,16
40003a9c:	00008067          	ret
40003aa0:	0045a783          	lw	  a5,4(a1)
40003aa4:	ff010113          	addi	  sp,sp,-16
40003aa8:	00812423          	sw	  s0,8(sp)
40003aac:	00112623          	sw	  ra,12(sp)
40003ab0:	00050413          	mv	  s0,a0
40003ab4:	0ff57513          	andi	  a0,a0,255
40003ab8:	000780e7          	jalr	  a5
40003abc:	fc0548e3          	bltz	  a0,40003a8c <fputc+0x14>
40003ac0:	0ff47513          	andi	  a0,s0,255
40003ac4:	fcdff06f          	j	  40003a90 <fputc+0x18>
