Copyright 1986-2022 Xilinx, Inc. All Rights Reserved. Copyright 2022-2024 Advanced Micro Devices, Inc. All Rights Reserved.
---------------------------------------------------------------------------------------------------------------------------------------------
| Tool Version : Vivado v.2024.1 (lin64) Build 5076996 Wed May 22 18:36:09 MDT 2024
| Date         : Fri Nov 21 12:50:28 2025
| Host         : jsp-H370M-D3H running 64-bit Ubuntu 24.04.3 LTS
| Command      : report_timing_summary -datasheet -max_paths 10 -file digilent_arty_timing.rpt
| Design       : digilent_arty
| Device       : 7a35ti-csg324
| Speed File   : -1L  PRODUCTION 1.23 2018-06-13
| Design State : Physopt postRoute
---------------------------------------------------------------------------------------------------------------------------------------------

Timing Summary Report

------------------------------------------------------------------------------------------------
| Timer Settings
| --------------
------------------------------------------------------------------------------------------------

  Enable Multi Corner Analysis               :  Yes
  Enable Pessimism Removal                   :  Yes
  Pessimism Removal Resolution               :  Nearest Common Node
  Enable Input Delay Default Clock           :  No
  Enable Preset / Clear Arcs                 :  No
  Disable Flight Delays                      :  No
  Ignore I/O Paths                           :  No
  Timing Early Launch at Borrowing Latches   :  No
  Borrow Time for Max Delay Exceptions       :  Yes
  Merge Timing Exceptions                    :  Yes
  Inter-SLR Compensation                     :  Conservative

  Corner  Analyze    Analyze    
  Name    Max Paths  Min Paths  
  ------  ---------  ---------  
  Slow    Yes        Yes        
  Fast    Yes        Yes        


------------------------------------------------------------------------------------------------
| Report Methodology
| ------------------
------------------------------------------------------------------------------------------------

No report available as report_methodology has not been run prior. Run report_methodology on the current design for the summary of methodology violations.



check_timing report

Table of Contents
-----------------
1. checking no_clock (0)
2. checking constant_clock (0)
3. checking pulse_width_clock (0)
4. checking unconstrained_internal_endpoints (0)
5. checking no_input_delay (18)
6. checking no_output_delay (50)
7. checking multiple_clock (0)
8. checking generated_clocks (0)
9. checking loops (0)
10. checking partial_input_delay (0)
11. checking partial_output_delay (0)
12. checking latch_loops (0)

1. checking no_clock (0)
------------------------
 There are 0 register/latch pins with no clock.


2. checking constant_clock (0)
------------------------------
 There are 0 register/latch pins with constant_clock.


3. checking pulse_width_clock (0)
---------------------------------
 There are 0 register/latch pins which need pulse_width check


4. checking unconstrained_internal_endpoints (0)
------------------------------------------------
 There are 0 pins that are not constrained for maximum delay.

 There are 0 pins that are not constrained for maximum delay due to constant clock.


5. checking no_input_delay (18)
-------------------------------
 There are 18 input ports with no input delay specified. (HIGH)

 There are 0 input ports with no input delay but user has a false path constraint.


6. checking no_output_delay (50)
--------------------------------
 There are 50 ports with no output delay specified. (HIGH)

 There are 0 ports with no output delay but user has a false path constraint

 There are 0 ports with no output delay but with a timing clock defined on it or propagating through it


7. checking multiple_clock (0)
------------------------------
 There are 0 register/latch pins with multiple clocks.


8. checking generated_clocks (0)
--------------------------------
 There are 0 generated clocks that are not connected to a clock source.


9. checking loops (0)
---------------------
 There are 0 combinational loops in the design.


10. checking partial_input_delay (0)
------------------------------------
 There are 0 input ports with partial input delay specified.


11. checking partial_output_delay (0)
-------------------------------------
 There are 0 ports with partial output delay specified.


12. checking latch_loops (0)
----------------------------
 There are 0 combinational latch loops in the design through latch input



------------------------------------------------------------------------------------------------
| Design Timing Summary
| ---------------------
------------------------------------------------------------------------------------------------

    WNS(ns)      TNS(ns)  TNS Failing Endpoints  TNS Total Endpoints      WHS(ns)      THS(ns)  THS Failing Endpoints  THS Total Endpoints     WPWS(ns)     TPWS(ns)  TPWS Failing Endpoints  TPWS Total Endpoints  
    -------      -------  ---------------------  -------------------      -------      -------  ---------------------  -------------------     --------     --------  ----------------------  --------------------  
      0.121        0.000                      0                11236        0.033        0.000                      0                11236        0.264        0.000                       0                  4387  


All user specified timing constraints are met.


------------------------------------------------------------------------------------------------
| Clock Summary
| -------------
------------------------------------------------------------------------------------------------

Clock                         Waveform(ns)         Period(ns)      Frequency(MHz)
-----                         ------------         ----------      --------------
clk100                        {0.000 5.000}        10.000          100.000         
  soc_builder_basesoc_pll_fb  {0.000 5.000}        10.000          100.000         
  soc_crg_clkout0             {0.000 5.000}        10.000          100.000         
  soc_crg_clkout1             {0.000 20.000}       40.000          25.000          
  soc_crg_clkout2             {0.000 1.250}        2.500           400.000         
  soc_crg_clkout3             {0.625 1.875}        2.500           400.000         
  soc_crg_clkout4             {0.000 2.500}        5.000           200.000         


------------------------------------------------------------------------------------------------
| Intra Clock Table
| -----------------
------------------------------------------------------------------------------------------------

Clock                             WNS(ns)      TNS(ns)  TNS Failing Endpoints  TNS Total Endpoints      WHS(ns)      THS(ns)  THS Failing Endpoints  THS Total Endpoints     WPWS(ns)     TPWS(ns)  TPWS Failing Endpoints  TPWS Total Endpoints  
-----                             -------      -------  ---------------------  -------------------      -------      -------  ---------------------  -------------------     --------     --------  ----------------------  --------------------  
clk100                              8.623        0.000                      0                    7        0.174        0.000                      0                    7        3.000        0.000                       0                    10  
  soc_builder_basesoc_pll_fb                                                                                                                                                    8.751        0.000                       0                     2  
  soc_crg_clkout0                   0.121        0.000                      0                11215        0.033        0.000                      0                11215        3.750        0.000                       0                  4282  
  soc_crg_clkout1                                                                                                                                                              37.845        0.000                       0                     2  
  soc_crg_clkout2                                                                                                                                                               0.345        0.000                       0                    77  
  soc_crg_clkout3                                                                                                                                                               0.345        0.000                       0                     4  
  soc_crg_clkout4                   1.254        0.000                      0                   14        0.122        0.000                      0                   14        0.264        0.000                       0                    10  


------------------------------------------------------------------------------------------------
| Inter Clock Table
| -----------------
------------------------------------------------------------------------------------------------

From Clock    To Clock          WNS(ns)      TNS(ns)  TNS Failing Endpoints  TNS Total Endpoints      WHS(ns)      THS(ns)  THS Failing Endpoints  THS Total Endpoints  
----------    --------          -------      -------  ---------------------  -------------------      -------      -------  ---------------------  -------------------  


------------------------------------------------------------------------------------------------
| Other Path Groups Table
| -----------------------
------------------------------------------------------------------------------------------------

Path Group    From Clock    To Clock          WNS(ns)      TNS(ns)  TNS Failing Endpoints  TNS Total Endpoints      WHS(ns)      THS(ns)  THS Failing Endpoints  THS Total Endpoints  
----------    ----------    --------          -------      -------  ---------------------  -------------------      -------      -------  ---------------------  -------------------  


------------------------------------------------------------------------------------------------
| Timing Details
| --------------
------------------------------------------------------------------------------------------------


---------------------------------------------------------------------------------------------------
From Clock:  clk100
  To Clock:  clk100

Setup :            0  Failing Endpoints,  Worst Slack        8.623ns,  Total Violation        0.000ns
Hold  :            0  Failing Endpoints,  Worst Slack        0.174ns,  Total Violation        0.000ns
PW    :            0  Failing Endpoints,  Worst Slack        3.000ns,  Total Violation        0.000ns
---------------------------------------------------------------------------------------------------


Max Delay Paths
--------------------------------------------------------------------------------------
Slack (MET) :             8.623ns  (required time - arrival time)
  Source:                 FDCE/C
                            (rising edge-triggered cell FDCE clocked by clk100  {rise@0.000ns fall@5.000ns period=10.000ns})
  Destination:            FDCE_1/D
                            (rising edge-triggered cell FDCE clocked by clk100  {rise@0.000ns fall@5.000ns period=10.000ns})
  Path Group:             clk100
  Path Type:              Setup (Max at Slow Process Corner)
  Requirement:            10.000ns  (clk100 rise@10.000ns - clk100 rise@0.000ns)
  Data Path Delay:        0.968ns  (logic 0.456ns (47.113%)  route 0.512ns (52.887%))
  Logic Levels:           0  
  Clock Path Skew:        -0.307ns (DCD - SCD + CPR)
    Destination Clock Delay (DCD):    6.594ns = ( 16.594 - 10.000 ) 
    Source Clock Delay      (SCD):    7.427ns
    Clock Pessimism Removal (CPR):    0.526ns
  Clock Uncertainty:      0.035ns  ((TSJ^2 + TIJ^2)^1/2 + DJ) / 2 + PE
    Total System Jitter     (TSJ):    0.071ns
    Total Input Jitter      (TIJ):    0.000ns
    Discrete Jitter          (DJ):    0.000ns
    Phase Error              (PE):    0.000ns

    Location             Delay type                Incr(ns)  Path(ns)    Netlist Resource(s)
  -------------------------------------------------------------------    -------------------
                         (clock clk100 rise edge)     0.000     0.000 r  
    E3                                                0.000     0.000 r  clk100 (IN)
                         net (fo=0)                   0.000     0.000    clk100
    E3                   IBUF (Prop_ibuf_I_O)         1.489     1.489 r  clk100_IBUF_inst/O
                         net (fo=1, routed)           1.967     3.455    clk100_IBUF
    BUFGCTRL_X0Y16       BUFG (Prop_bufg_I_O)         0.096     3.551 r  clk100_IBUF_BUFG_inst/O
                         net (fo=1, routed)           2.126     5.678    clk100_IBUF_BUFG
    SLICE_X65Y37         LUT1 (Prop_lut1_I0_O)        0.124     5.802 r  clk100_inst/O
                         net (fo=9, routed)           1.625     7.427    soc_crg_clkin
    SLICE_X47Y27         FDCE                                         r  FDCE/C
  -------------------------------------------------------------------    -------------------
    SLICE_X47Y27         FDCE (Prop_fdce_C_Q)         0.456     7.883 r  FDCE/Q
                         net (fo=1, routed)           0.512     8.395    soc_builder_basesoc_reset0
    SLICE_X36Y27         FDCE                                         r  FDCE_1/D
  -------------------------------------------------------------------    -------------------

                         (clock clk100 rise edge)    10.000    10.000 r  
    E3                                                0.000    10.000 r  clk100 (IN)
                         net (fo=0)                   0.000    10.000    clk100
    E3                   IBUF (Prop_ibuf_I_O)         1.418    11.418 r  clk100_IBUF_inst/O
                         net (fo=1, routed)           1.862    13.280    clk100_IBUF
    BUFGCTRL_X0Y16       BUFG (Prop_bufg_I_O)         0.091    13.371 r  clk100_IBUF_BUFG_inst/O
                         net (fo=1, routed)           1.911    15.282    clk100_IBUF_BUFG
    SLICE_X65Y37         LUT1 (Prop_lut1_I0_O)        0.100    15.382 r  clk100_inst/O
                         net (fo=9, routed)           1.211    16.594    soc_crg_clkin
    SLICE_X36Y27         FDCE                                         r  FDCE_1/C
                         clock pessimism              0.526    17.120    
                         clock uncertainty           -0.035    17.085    
    SLICE_X36Y27         FDCE (Setup_fdce_C_D)       -0.067    17.018    FDCE_1
  -------------------------------------------------------------------
                         required time                         17.018    
                         arrival time                          -8.395    
  -------------------------------------------------------------------
                         slack                                  8.623    

Slack (MET) :             8.792ns  (required time - arrival time)
  Source:                 FDCE_1/C
                            (rising edge-triggered cell FDCE clocked by clk100  {rise@0.000ns fall@5.000ns period=10.000ns})
  Destination:            FDCE_2/D
                            (rising edge-triggered cell FDCE clocked by clk100  {rise@0.000ns fall@5.000ns period=10.000ns})
  Path Group:             clk100
  Path Type:              Setup (Max at Slow Process Corner)
  Requirement:            10.000ns  (clk100 rise@10.000ns - clk100 rise@0.000ns)
  Data Path Delay:        1.092ns  (logic 0.456ns (41.773%)  route 0.636ns (58.227%))
  Logic Levels:           0  
  Clock Path Skew:        0.000ns (DCD - SCD + CPR)
    Destination Clock Delay (DCD):    6.594ns = ( 16.594 - 10.000 ) 
    Source Clock Delay      (SCD):    7.219ns
    Clock Pessimism Removal (CPR):    0.625ns
  Clock Uncertainty:      0.035ns  ((TSJ^2 + TIJ^2)^1/2 + DJ) / 2 + PE
    Total System Jitter     (TSJ):    0.071ns
    Total Input Jitter      (TIJ):    0.000ns
    Discrete Jitter          (DJ):    0.000ns
    Phase Error              (PE):    0.000ns

    Location             Delay type                Incr(ns)  Path(ns)    Netlist Resource(s)
  -------------------------------------------------------------------    -------------------
                         (clock clk100 rise edge)     0.000     0.000 r  
    E3                                                0.000     0.000 r  clk100 (IN)
                         net (fo=0)                   0.000     0.000    clk100
    E3                   IBUF (Prop_ibuf_I_O)         1.489     1.489 r  clk100_IBUF_inst/O
                         net (fo=1, routed)           1.967     3.455    clk100_IBUF
    BUFGCTRL_X0Y16       BUFG (Prop_bufg_I_O)         0.096     3.551 r  clk100_IBUF_BUFG_inst/O
                         net (fo=1, routed)           2.126     5.678    clk100_IBUF_BUFG
    SLICE_X65Y37         LUT1 (Prop_lut1_I0_O)        0.124     5.802 r  clk100_inst/O
                         net (fo=9, routed)           1.417     7.219    soc_crg_clkin
    SLICE_X36Y27         FDCE                                         r  FDCE_1/C
  -------------------------------------------------------------------    -------------------
    SLICE_X36Y27         FDCE (Prop_fdce_C_Q)         0.456     7.675 r  FDCE_1/Q
                         net (fo=1, routed)           0.636     8.311    soc_builder_basesoc_reset1
    SLICE_X36Y27         FDCE                                         r  FDCE_2/D
  -------------------------------------------------------------------    -------------------

                         (clock clk100 rise edge)    10.000    10.000 r  
    E3                                                0.000    10.000 r  clk100 (IN)
                         net (fo=0)                   0.000    10.000    clk100
    E3                   IBUF (Prop_ibuf_I_O)         1.418    11.418 r  clk100_IBUF_inst/O
                         net (fo=1, routed)           1.862    13.280    clk100_IBUF
    BUFGCTRL_X0Y16       BUFG (Prop_bufg_I_O)         0.091    13.371 r  clk100_IBUF_BUFG_inst/O
                         net (fo=1, routed)           1.911    15.282    clk100_IBUF_BUFG
    SLICE_X65Y37         LUT1 (Prop_lut1_I0_O)        0.100    15.382 r  clk100_inst/O
                         net (fo=9, routed)           1.211    16.594    soc_crg_clkin
    SLICE_X36Y27         FDCE                                         r  FDCE_2/C
                         clock pessimism              0.625    17.219    
                         clock uncertainty           -0.035    17.184    
    SLICE_X36Y27         FDCE (Setup_fdce_C_D)       -0.081    17.103    FDCE_2
  -------------------------------------------------------------------
                         required time                         17.103    
                         arrival time                          -8.311    
  -------------------------------------------------------------------
                         slack                                  8.792    

Slack (MET) :             8.822ns  (required time - arrival time)
  Source:                 FDCE_6/C
                            (rising edge-triggered cell FDCE clocked by clk100  {rise@0.000ns fall@5.000ns period=10.000ns})
  Destination:            FDCE_7/D
                            (rising edge-triggered cell FDCE clocked by clk100  {rise@0.000ns fall@5.000ns period=10.000ns})
  Path Group:             clk100
  Path Type:              Setup (Max at Slow Process Corner)
  Requirement:            10.000ns  (clk100 rise@10.000ns - clk100 rise@0.000ns)
  Data Path Delay:        1.085ns  (logic 0.456ns (42.026%)  route 0.629ns (57.974%))
  Logic Levels:           0  
  Clock Path Skew:        0.000ns (DCD - SCD + CPR)
    Destination Clock Delay (DCD):    6.594ns = ( 16.594 - 10.000 ) 
    Source Clock Delay      (SCD):    7.219ns
    Clock Pessimism Removal (CPR):    0.625ns
  Clock Uncertainty:      0.035ns  ((TSJ^2 + TIJ^2)^1/2 + DJ) / 2 + PE
    Total System Jitter     (TSJ):    0.071ns
    Total Input Jitter      (TIJ):    0.000ns
    Discrete Jitter          (DJ):    0.000ns
    Phase Error              (PE):    0.000ns

    Location             Delay type                Incr(ns)  Path(ns)    Netlist Resource(s)
  -------------------------------------------------------------------    -------------------
                         (clock clk100 rise edge)     0.000     0.000 r  
    E3                                                0.000     0.000 r  clk100 (IN)
                         net (fo=0)                   0.000     0.000    clk100
    E3                   IBUF (Prop_ibuf_I_O)         1.489     1.489 r  clk100_IBUF_inst/O
                         net (fo=1, routed)           1.967     3.455    clk100_IBUF
    BUFGCTRL_X0Y16       BUFG (Prop_bufg_I_O)         0.096     3.551 r  clk100_IBUF_BUFG_inst/O
                         net (fo=1, routed)           2.126     5.678    clk100_IBUF_BUFG
    SLICE_X65Y37         LUT1 (Prop_lut1_I0_O)        0.124     5.802 r  clk100_inst/O
                         net (fo=9, routed)           1.417     7.219    soc_crg_clkin
    SLICE_X37Y27         FDCE                                         r  FDCE_6/C
  -------------------------------------------------------------------    -------------------
    SLICE_X37Y27         FDCE (Prop_fdce_C_Q)         0.456     7.675 r  FDCE_6/Q
                         net (fo=1, routed)           0.629     8.304    soc_builder_basesoc_reset6
    SLICE_X37Y27         FDCE                                         r  FDCE_7/D
  -------------------------------------------------------------------    -------------------

                         (clock clk100 rise edge)    10.000    10.000 r  
    E3                                                0.000    10.000 r  clk100 (IN)
                         net (fo=0)                   0.000    10.000    clk100
    E3                   IBUF (Prop_ibuf_I_O)         1.418    11.418 r  clk100_IBUF_inst/O
                         net (fo=1, routed)           1.862    13.280    clk100_IBUF
    BUFGCTRL_X0Y16       BUFG (Prop_bufg_I_O)         0.091    13.371 r  clk100_IBUF_BUFG_inst/O
                         net (fo=1, routed)           1.911    15.282    clk100_IBUF_BUFG
    SLICE_X65Y37         LUT1 (Prop_lut1_I0_O)        0.100    15.382 r  clk100_inst/O
                         net (fo=9, routed)           1.211    16.594    soc_crg_clkin
    SLICE_X37Y27         FDCE                                         r  FDCE_7/C
                         clock pessimism              0.625    17.219    
                         clock uncertainty           -0.035    17.184    
    SLICE_X37Y27         FDCE (Setup_fdce_C_D)       -0.058    17.126    FDCE_7
  -------------------------------------------------------------------
                         required time                         17.126    
                         arrival time                          -8.304    
  -------------------------------------------------------------------
                         slack                                  8.822    

Slack (MET) :             8.824ns  (required time - arrival time)
  Source:                 FDCE_5/C
                            (rising edge-triggered cell FDCE clocked by clk100  {rise@0.000ns fall@5.000ns period=10.000ns})
  Destination:            FDCE_6/D
                            (rising edge-triggered cell FDCE clocked by clk100  {rise@0.000ns fall@5.000ns period=10.000ns})
  Path Group:             clk100
  Path Type:              Setup (Max at Slow Process Corner)
  Requirement:            10.000ns  (clk100 rise@10.000ns - clk100 rise@0.000ns)
  Data Path Delay:        1.080ns  (logic 0.456ns (42.221%)  route 0.624ns (57.779%))
  Logic Levels:           0  
  Clock Path Skew:        0.000ns (DCD - SCD + CPR)
    Destination Clock Delay (DCD):    6.594ns = ( 16.594 - 10.000 ) 
    Source Clock Delay      (SCD):    7.219ns
    Clock Pessimism Removal (CPR):    0.625ns
  Clock Uncertainty:      0.035ns  ((TSJ^2 + TIJ^2)^1/2 + DJ) / 2 + PE
    Total System Jitter     (TSJ):    0.071ns
    Total Input Jitter      (TIJ):    0.000ns
    Discrete Jitter          (DJ):    0.000ns
    Phase Error              (PE):    0.000ns

    Location             Delay type                Incr(ns)  Path(ns)    Netlist Resource(s)
  -------------------------------------------------------------------    -------------------
                         (clock clk100 rise edge)     0.000     0.000 r  
    E3                                                0.000     0.000 r  clk100 (IN)
                         net (fo=0)                   0.000     0.000    clk100
    E3                   IBUF (Prop_ibuf_I_O)         1.489     1.489 r  clk100_IBUF_inst/O
                         net (fo=1, routed)           1.967     3.455    clk100_IBUF
    BUFGCTRL_X0Y16       BUFG (Prop_bufg_I_O)         0.096     3.551 r  clk100_IBUF_BUFG_inst/O
                         net (fo=1, routed)           2.126     5.678    clk100_IBUF_BUFG
    SLICE_X65Y37         LUT1 (Prop_lut1_I0_O)        0.124     5.802 r  clk100_inst/O
                         net (fo=9, routed)           1.417     7.219    soc_crg_clkin
    SLICE_X37Y27         FDCE                                         r  FDCE_5/C
  -------------------------------------------------------------------    -------------------
    SLICE_X37Y27         FDCE (Prop_fdce_C_Q)         0.456     7.675 r  FDCE_5/Q
                         net (fo=1, routed)           0.624     8.299    soc_builder_basesoc_reset5
    SLICE_X37Y27         FDCE                                         r  FDCE_6/D
  -------------------------------------------------------------------    -------------------

                         (clock clk100 rise edge)    10.000    10.000 r  
    E3                                                0.000    10.000 r  clk100 (IN)
                         net (fo=0)                   0.000    10.000    clk100
    E3                   IBUF (Prop_ibuf_I_O)         1.418    11.418 r  clk100_IBUF_inst/O
                         net (fo=1, routed)           1.862    13.280    clk100_IBUF
    BUFGCTRL_X0Y16       BUFG (Prop_bufg_I_O)         0.091    13.371 r  clk100_IBUF_BUFG_inst/O
                         net (fo=1, routed)           1.911    15.282    clk100_IBUF_BUFG
    SLICE_X65Y37         LUT1 (Prop_lut1_I0_O)        0.100    15.382 r  clk100_inst/O
                         net (fo=9, routed)           1.211    16.594    soc_crg_clkin
    SLICE_X37Y27         FDCE                                         r  FDCE_6/C
                         clock pessimism              0.625    17.219    
                         clock uncertainty           -0.035    17.184    
    SLICE_X37Y27         FDCE (Setup_fdce_C_D)       -0.061    17.123    FDCE_6
  -------------------------------------------------------------------
                         required time                         17.123    
                         arrival time                          -8.299    
  -------------------------------------------------------------------
                         slack                                  8.824    

Slack (MET) :             8.907ns  (required time - arrival time)
  Source:                 FDCE_4/C
                            (rising edge-triggered cell FDCE clocked by clk100  {rise@0.000ns fall@5.000ns period=10.000ns})
  Destination:            FDCE_5/D
                            (rising edge-triggered cell FDCE clocked by clk100  {rise@0.000ns fall@5.000ns period=10.000ns})
  Path Group:             clk100
  Path Type:              Setup (Max at Slow Process Corner)
  Requirement:            10.000ns  (clk100 rise@10.000ns - clk100 rise@0.000ns)
  Data Path Delay:        0.976ns  (logic 0.456ns (46.708%)  route 0.520ns (53.292%))
  Logic Levels:           0  
  Clock Path Skew:        0.000ns (DCD - SCD + CPR)
    Destination Clock Delay (DCD):    6.594ns = ( 16.594 - 10.000 ) 
    Source Clock Delay      (SCD):    7.219ns
    Clock Pessimism Removal (CPR):    0.625ns
  Clock Uncertainty:      0.035ns  ((TSJ^2 + TIJ^2)^1/2 + DJ) / 2 + PE
    Total System Jitter     (TSJ):    0.071ns
    Total Input Jitter      (TIJ):    0.000ns
    Discrete Jitter          (DJ):    0.000ns
    Phase Error              (PE):    0.000ns

    Location             Delay type                Incr(ns)  Path(ns)    Netlist Resource(s)
  -------------------------------------------------------------------    -------------------
                         (clock clk100 rise edge)     0.000     0.000 r  
    E3                                                0.000     0.000 r  clk100 (IN)
                         net (fo=0)                   0.000     0.000    clk100
    E3                   IBUF (Prop_ibuf_I_O)         1.489     1.489 r  clk100_IBUF_inst/O
                         net (fo=1, routed)           1.967     3.455    clk100_IBUF
    BUFGCTRL_X0Y16       BUFG (Prop_bufg_I_O)         0.096     3.551 r  clk100_IBUF_BUFG_inst/O
                         net (fo=1, routed)           2.126     5.678    clk100_IBUF_BUFG
    SLICE_X65Y37         LUT1 (Prop_lut1_I0_O)        0.124     5.802 r  clk100_inst/O
                         net (fo=9, routed)           1.417     7.219    soc_crg_clkin
    SLICE_X37Y27         FDCE                                         r  FDCE_4/C
  -------------------------------------------------------------------    -------------------
    SLICE_X37Y27         FDCE (Prop_fdce_C_Q)         0.456     7.675 r  FDCE_4/Q
                         net (fo=1, routed)           0.520     8.195    soc_builder_basesoc_reset4
    SLICE_X37Y27         FDCE                                         r  FDCE_5/D
  -------------------------------------------------------------------    -------------------

                         (clock clk100 rise edge)    10.000    10.000 r  
    E3                                                0.000    10.000 r  clk100 (IN)
                         net (fo=0)                   0.000    10.000    clk100
    E3                   IBUF (Prop_ibuf_I_O)         1.418    11.418 r  clk100_IBUF_inst/O
                         net (fo=1, routed)           1.862    13.280    clk100_IBUF
    BUFGCTRL_X0Y16       BUFG (Prop_bufg_I_O)         0.091    13.371 r  clk100_IBUF_BUFG_inst/O
                         net (fo=1, routed)           1.911    15.282    clk100_IBUF_BUFG
    SLICE_X65Y37         LUT1 (Prop_lut1_I0_O)        0.100    15.382 r  clk100_inst/O
                         net (fo=9, routed)           1.211    16.594    soc_crg_clkin
    SLICE_X37Y27         FDCE                                         r  FDCE_5/C
                         clock pessimism              0.625    17.219    
                         clock uncertainty           -0.035    17.184    
    SLICE_X37Y27         FDCE (Setup_fdce_C_D)       -0.081    17.103    FDCE_5
  -------------------------------------------------------------------
                         required time                         17.103    
                         arrival time                          -8.195    
  -------------------------------------------------------------------
                         slack                                  8.907    

Slack (MET) :             8.927ns  (required time - arrival time)
  Source:                 FDCE_2/C
                            (rising edge-triggered cell FDCE clocked by clk100  {rise@0.000ns fall@5.000ns period=10.000ns})
  Destination:            FDCE_3/D
                            (rising edge-triggered cell FDCE clocked by clk100  {rise@0.000ns fall@5.000ns period=10.000ns})
  Path Group:             clk100
  Path Type:              Setup (Max at Slow Process Corner)
  Requirement:            10.000ns  (clk100 rise@10.000ns - clk100 rise@0.000ns)
  Data Path Delay:        0.977ns  (logic 0.456ns (46.669%)  route 0.521ns (53.331%))
  Logic Levels:           0  
  Clock Path Skew:        0.000ns (DCD - SCD + CPR)
    Destination Clock Delay (DCD):    6.594ns = ( 16.594 - 10.000 ) 
    Source Clock Delay      (SCD):    7.219ns
    Clock Pessimism Removal (CPR):    0.625ns
  Clock Uncertainty:      0.035ns  ((TSJ^2 + TIJ^2)^1/2 + DJ) / 2 + PE
    Total System Jitter     (TSJ):    0.071ns
    Total Input Jitter      (TIJ):    0.000ns
    Discrete Jitter          (DJ):    0.000ns
    Phase Error              (PE):    0.000ns

    Location             Delay type                Incr(ns)  Path(ns)    Netlist Resource(s)
  -------------------------------------------------------------------    -------------------
                         (clock clk100 rise edge)     0.000     0.000 r  
    E3                                                0.000     0.000 r  clk100 (IN)
                         net (fo=0)                   0.000     0.000    clk100
    E3                   IBUF (Prop_ibuf_I_O)         1.489     1.489 r  clk100_IBUF_inst/O
                         net (fo=1, routed)           1.967     3.455    clk100_IBUF
    BUFGCTRL_X0Y16       BUFG (Prop_bufg_I_O)         0.096     3.551 r  clk100_IBUF_BUFG_inst/O
                         net (fo=1, routed)           2.126     5.678    clk100_IBUF_BUFG
    SLICE_X65Y37         LUT1 (Prop_lut1_I0_O)        0.124     5.802 r  clk100_inst/O
                         net (fo=9, routed)           1.417     7.219    soc_crg_clkin
    SLICE_X36Y27         FDCE                                         r  FDCE_2/C
  -------------------------------------------------------------------    -------------------
    SLICE_X36Y27         FDCE (Prop_fdce_C_Q)         0.456     7.675 r  FDCE_2/Q
                         net (fo=1, routed)           0.521     8.196    soc_builder_basesoc_reset2
    SLICE_X36Y27         FDCE                                         r  FDCE_3/D
  -------------------------------------------------------------------    -------------------

                         (clock clk100 rise edge)    10.000    10.000 r  
    E3                                                0.000    10.000 r  clk100 (IN)
                         net (fo=0)                   0.000    10.000    clk100
    E3                   IBUF (Prop_ibuf_I_O)         1.418    11.418 r  clk100_IBUF_inst/O
                         net (fo=1, routed)           1.862    13.280    clk100_IBUF
    BUFGCTRL_X0Y16       BUFG (Prop_bufg_I_O)         0.091    13.371 r  clk100_IBUF_BUFG_inst/O
                         net (fo=1, routed)           1.911    15.282    clk100_IBUF_BUFG
    SLICE_X65Y37         LUT1 (Prop_lut1_I0_O)        0.100    15.382 r  clk100_inst/O
                         net (fo=9, routed)           1.211    16.594    soc_crg_clkin
    SLICE_X36Y27         FDCE                                         r  FDCE_3/C
                         clock pessimism              0.625    17.219    
                         clock uncertainty           -0.035    17.184    
    SLICE_X36Y27         FDCE (Setup_fdce_C_D)       -0.061    17.123    FDCE_3
  -------------------------------------------------------------------
                         required time                         17.123    
                         arrival time                          -8.196    
  -------------------------------------------------------------------
                         slack                                  8.927    

Slack (MET) :             9.077ns  (required time - arrival time)
  Source:                 FDCE_3/C
                            (rising edge-triggered cell FDCE clocked by clk100  {rise@0.000ns fall@5.000ns period=10.000ns})
  Destination:            FDCE_4/D
                            (rising edge-triggered cell FDCE clocked by clk100  {rise@0.000ns fall@5.000ns period=10.000ns})
  Path Group:             clk100
  Path Type:              Setup (Max at Slow Process Corner)
  Requirement:            10.000ns  (clk100 rise@10.000ns - clk100 rise@0.000ns)
  Data Path Delay:        0.799ns  (logic 0.456ns (57.082%)  route 0.343ns (42.918%))
  Logic Levels:           0  
  Clock Path Skew:        -0.022ns (DCD - SCD + CPR)
    Destination Clock Delay (DCD):    6.594ns = ( 16.594 - 10.000 ) 
    Source Clock Delay      (SCD):    7.219ns
    Clock Pessimism Removal (CPR):    0.603ns
  Clock Uncertainty:      0.035ns  ((TSJ^2 + TIJ^2)^1/2 + DJ) / 2 + PE
    Total System Jitter     (TSJ):    0.071ns
    Total Input Jitter      (TIJ):    0.000ns
    Discrete Jitter          (DJ):    0.000ns
    Phase Error              (PE):    0.000ns

    Location             Delay type                Incr(ns)  Path(ns)    Netlist Resource(s)
  -------------------------------------------------------------------    -------------------
                         (clock clk100 rise edge)     0.000     0.000 r  
    E3                                                0.000     0.000 r  clk100 (IN)
                         net (fo=0)                   0.000     0.000    clk100
    E3                   IBUF (Prop_ibuf_I_O)         1.489     1.489 r  clk100_IBUF_inst/O
                         net (fo=1, routed)           1.967     3.455    clk100_IBUF
    BUFGCTRL_X0Y16       BUFG (Prop_bufg_I_O)         0.096     3.551 r  clk100_IBUF_BUFG_inst/O
                         net (fo=1, routed)           2.126     5.678    clk100_IBUF_BUFG
    SLICE_X65Y37         LUT1 (Prop_lut1_I0_O)        0.124     5.802 r  clk100_inst/O
                         net (fo=9, routed)           1.417     7.219    soc_crg_clkin
    SLICE_X36Y27         FDCE                                         r  FDCE_3/C
  -------------------------------------------------------------------    -------------------
    SLICE_X36Y27         FDCE (Prop_fdce_C_Q)         0.456     7.675 r  FDCE_3/Q
                         net (fo=1, routed)           0.343     8.018    soc_builder_basesoc_reset3
    SLICE_X37Y27         FDCE                                         r  FDCE_4/D
  -------------------------------------------------------------------    -------------------

                         (clock clk100 rise edge)    10.000    10.000 r  
    E3                                                0.000    10.000 r  clk100 (IN)
                         net (fo=0)                   0.000    10.000    clk100
    E3                   IBUF (Prop_ibuf_I_O)         1.418    11.418 r  clk100_IBUF_inst/O
                         net (fo=1, routed)           1.862    13.280    clk100_IBUF
    BUFGCTRL_X0Y16       BUFG (Prop_bufg_I_O)         0.091    13.371 r  clk100_IBUF_BUFG_inst/O
                         net (fo=1, routed)           1.911    15.282    clk100_IBUF_BUFG
    SLICE_X65Y37         LUT1 (Prop_lut1_I0_O)        0.100    15.382 r  clk100_inst/O
                         net (fo=9, routed)           1.211    16.594    soc_crg_clkin
    SLICE_X37Y27         FDCE                                         r  FDCE_4/C
                         clock pessimism              0.603    17.197    
                         clock uncertainty           -0.035    17.162    
    SLICE_X37Y27         FDCE (Setup_fdce_C_D)       -0.067    17.095    FDCE_4
  -------------------------------------------------------------------
                         required time                         17.095    
                         arrival time                          -8.018    
  -------------------------------------------------------------------
                         slack                                  9.077    





Min Delay Paths
--------------------------------------------------------------------------------------
Slack (MET) :             0.174ns  (arrival time - required time)
  Source:                 FDCE_3/C
                            (rising edge-triggered cell FDCE clocked by clk100  {rise@0.000ns fall@5.000ns period=10.000ns})
  Destination:            FDCE_4/D
                            (rising edge-triggered cell FDCE clocked by clk100  {rise@0.000ns fall@5.000ns period=10.000ns})
  Path Group:             clk100
  Path Type:              Hold (Min at Fast Process Corner)
  Requirement:            0.000ns  (clk100 rise@0.000ns - clk100 rise@0.000ns)
  Data Path Delay:        0.257ns  (logic 0.141ns (54.895%)  route 0.116ns (45.105%))
  Logic Levels:           0  
  Clock Path Skew:        0.013ns (DCD - SCD - CPR)
    Destination Clock Delay (DCD):    2.966ns
    Source Clock Delay      (SCD):    2.314ns
    Clock Pessimism Removal (CPR):    0.640ns

    Location             Delay type                Incr(ns)  Path(ns)    Netlist Resource(s)
  -------------------------------------------------------------------    -------------------
                         (clock clk100 rise edge)     0.000     0.000 r  
    E3                                                0.000     0.000 r  clk100 (IN)
                         net (fo=0)                   0.000     0.000    clk100
    E3                   IBUF (Prop_ibuf_I_O)         0.257     0.257 r  clk100_IBUF_inst/O
                         net (fo=1, routed)           0.631     0.888    clk100_IBUF
    BUFGCTRL_X0Y16       BUFG (Prop_bufg_I_O)         0.026     0.914 r  clk100_IBUF_BUFG_inst/O
                         net (fo=1, routed)           0.752     1.666    clk100_IBUF_BUFG
    SLICE_X65Y37         LUT1 (Prop_lut1_I0_O)        0.045     1.711 r  clk100_inst/O
                         net (fo=9, routed)           0.602     2.314    soc_crg_clkin
    SLICE_X36Y27         FDCE                                         r  FDCE_3/C
  -------------------------------------------------------------------    -------------------
    SLICE_X36Y27         FDCE (Prop_fdce_C_Q)         0.141     2.455 r  FDCE_3/Q
                         net (fo=1, routed)           0.116     2.570    soc_builder_basesoc_reset3
    SLICE_X37Y27         FDCE                                         r  FDCE_4/D
  -------------------------------------------------------------------    -------------------

                         (clock clk100 rise edge)     0.000     0.000 r  
    E3                                                0.000     0.000 r  clk100 (IN)
                         net (fo=0)                   0.000     0.000    clk100
    E3                   IBUF (Prop_ibuf_I_O)         0.445     0.445 r  clk100_IBUF_inst/O
                         net (fo=1, routed)           0.685     1.129    clk100_IBUF
    BUFGCTRL_X0Y16       BUFG (Prop_bufg_I_O)         0.029     1.158 r  clk100_IBUF_BUFG_inst/O
                         net (fo=1, routed)           1.057     2.216    clk100_IBUF_BUFG
    SLICE_X65Y37         LUT1 (Prop_lut1_I0_O)        0.056     2.272 r  clk100_inst/O
                         net (fo=9, routed)           0.694     2.966    soc_crg_clkin
    SLICE_X37Y27         FDCE                                         r  FDCE_4/C
                         clock pessimism             -0.640     2.327    
    SLICE_X37Y27         FDCE (Hold_fdce_C_D)         0.070     2.397    FDCE_4
  -------------------------------------------------------------------
                         required time                         -2.397    
                         arrival time                           2.570    
  -------------------------------------------------------------------
                         slack                                  0.174    

Slack (MET) :             0.243ns  (arrival time - required time)
  Source:                 FDCE_2/C
                            (rising edge-triggered cell FDCE clocked by clk100  {rise@0.000ns fall@5.000ns period=10.000ns})
  Destination:            FDCE_3/D
                            (rising edge-triggered cell FDCE clocked by clk100  {rise@0.000ns fall@5.000ns period=10.000ns})
  Path Group:             clk100
  Path Type:              Hold (Min at Fast Process Corner)
  Requirement:            0.000ns  (clk100 rise@0.000ns - clk100 rise@0.000ns)
  Data Path Delay:        0.313ns  (logic 0.141ns (45.034%)  route 0.172ns (54.966%))
  Logic Levels:           0  
  Clock Path Skew:        0.000ns (DCD - SCD - CPR)
    Destination Clock Delay (DCD):    2.966ns
    Source Clock Delay      (SCD):    2.314ns
    Clock Pessimism Removal (CPR):    0.653ns

    Location             Delay type                Incr(ns)  Path(ns)    Netlist Resource(s)
  -------------------------------------------------------------------    -------------------
                         (clock clk100 rise edge)     0.000     0.000 r  
    E3                                                0.000     0.000 r  clk100 (IN)
                         net (fo=0)                   0.000     0.000    clk100
    E3                   IBUF (Prop_ibuf_I_O)         0.257     0.257 r  clk100_IBUF_inst/O
                         net (fo=1, routed)           0.631     0.888    clk100_IBUF
    BUFGCTRL_X0Y16       BUFG (Prop_bufg_I_O)         0.026     0.914 r  clk100_IBUF_BUFG_inst/O
                         net (fo=1, routed)           0.752     1.666    clk100_IBUF_BUFG
    SLICE_X65Y37         LUT1 (Prop_lut1_I0_O)        0.045     1.711 r  clk100_inst/O
                         net (fo=9, routed)           0.602     2.314    soc_crg_clkin
    SLICE_X36Y27         FDCE                                         r  FDCE_2/C
  -------------------------------------------------------------------    -------------------
    SLICE_X36Y27         FDCE (Prop_fdce_C_Q)         0.141     2.455 r  FDCE_2/Q
                         net (fo=1, routed)           0.172     2.627    soc_builder_basesoc_reset2
    SLICE_X36Y27         FDCE                                         r  FDCE_3/D
  -------------------------------------------------------------------    -------------------

                         (clock clk100 rise edge)     0.000     0.000 r  
    E3                                                0.000     0.000 r  clk100 (IN)
                         net (fo=0)                   0.000     0.000    clk100
    E3                   IBUF (Prop_ibuf_I_O)         0.445     0.445 r  clk100_IBUF_inst/O
                         net (fo=1, routed)           0.685     1.129    clk100_IBUF
    BUFGCTRL_X0Y16       BUFG (Prop_bufg_I_O)         0.029     1.158 r  clk100_IBUF_BUFG_inst/O
                         net (fo=1, routed)           1.057     2.216    clk100_IBUF_BUFG
    SLICE_X65Y37         LUT1 (Prop_lut1_I0_O)        0.056     2.272 r  clk100_inst/O
                         net (fo=9, routed)           0.694     2.966    soc_crg_clkin
    SLICE_X36Y27         FDCE                                         r  FDCE_3/C
                         clock pessimism             -0.653     2.314    
    SLICE_X36Y27         FDCE (Hold_fdce_C_D)         0.070     2.384    FDCE_3
  -------------------------------------------------------------------
                         required time                         -2.384    
                         arrival time                           2.627    
  -------------------------------------------------------------------
                         slack                                  0.243    

Slack (MET) :             0.245ns  (arrival time - required time)
  Source:                 FDCE_4/C
                            (rising edge-triggered cell FDCE clocked by clk100  {rise@0.000ns fall@5.000ns period=10.000ns})
  Destination:            FDCE_5/D
                            (rising edge-triggered cell FDCE clocked by clk100  {rise@0.000ns fall@5.000ns period=10.000ns})
  Path Group:             clk100
  Path Type:              Hold (Min at Fast Process Corner)
  Requirement:            0.000ns  (clk100 rise@0.000ns - clk100 rise@0.000ns)
  Data Path Delay:        0.311ns  (logic 0.141ns (45.298%)  route 0.170ns (54.702%))
  Logic Levels:           0  
  Clock Path Skew:        0.000ns (DCD - SCD - CPR)
    Destination Clock Delay (DCD):    2.966ns
    Source Clock Delay      (SCD):    2.314ns
    Clock Pessimism Removal (CPR):    0.653ns

    Location             Delay type                Incr(ns)  Path(ns)    Netlist Resource(s)
  -------------------------------------------------------------------    -------------------
                         (clock clk100 rise edge)     0.000     0.000 r  
    E3                                                0.000     0.000 r  clk100 (IN)
                         net (fo=0)                   0.000     0.000    clk100
    E3                   IBUF (Prop_ibuf_I_O)         0.257     0.257 r  clk100_IBUF_inst/O
                         net (fo=1, routed)           0.631     0.888    clk100_IBUF
    BUFGCTRL_X0Y16       BUFG (Prop_bufg_I_O)         0.026     0.914 r  clk100_IBUF_BUFG_inst/O
                         net (fo=1, routed)           0.752     1.666    clk100_IBUF_BUFG
    SLICE_X65Y37         LUT1 (Prop_lut1_I0_O)        0.045     1.711 r  clk100_inst/O
                         net (fo=9, routed)           0.602     2.314    soc_crg_clkin
    SLICE_X37Y27         FDCE                                         r  FDCE_4/C
  -------------------------------------------------------------------    -------------------
    SLICE_X37Y27         FDCE (Prop_fdce_C_Q)         0.141     2.455 r  FDCE_4/Q
                         net (fo=1, routed)           0.170     2.625    soc_builder_basesoc_reset4
    SLICE_X37Y27         FDCE                                         r  FDCE_5/D
  -------------------------------------------------------------------    -------------------

                         (clock clk100 rise edge)     0.000     0.000 r  
    E3                                                0.000     0.000 r  clk100 (IN)
                         net (fo=0)                   0.000     0.000    clk100
    E3                   IBUF (Prop_ibuf_I_O)         0.445     0.445 r  clk100_IBUF_inst/O
                         net (fo=1, routed)           0.685     1.129    clk100_IBUF
    BUFGCTRL_X0Y16       BUFG (Prop_bufg_I_O)         0.029     1.158 r  clk100_IBUF_BUFG_inst/O
                         net (fo=1, routed)           1.057     2.216    clk100_IBUF_BUFG
    SLICE_X65Y37         LUT1 (Prop_lut1_I0_O)        0.056     2.272 r  clk100_inst/O
                         net (fo=9, routed)           0.694     2.966    soc_crg_clkin
    SLICE_X37Y27         FDCE                                         r  FDCE_5/C
                         clock pessimism             -0.653     2.314    
    SLICE_X37Y27         FDCE (Hold_fdce_C_D)         0.066     2.380    FDCE_5
  -------------------------------------------------------------------
                         required time                         -2.380    
                         arrival time                           2.625    
  -------------------------------------------------------------------
                         slack                                  0.245    

Slack (MET) :             0.289ns  (arrival time - required time)
  Source:                 FDCE_6/C
                            (rising edge-triggered cell FDCE clocked by clk100  {rise@0.000ns fall@5.000ns period=10.000ns})
  Destination:            FDCE_7/D
                            (rising edge-triggered cell FDCE clocked by clk100  {rise@0.000ns fall@5.000ns period=10.000ns})
  Path Group:             clk100
  Path Type:              Hold (Min at Fast Process Corner)
  Requirement:            0.000ns  (clk100 rise@0.000ns - clk100 rise@0.000ns)
  Data Path Delay:        0.361ns  (logic 0.141ns (39.054%)  route 0.220ns (60.946%))
  Logic Levels:           0  
  Clock Path Skew:        0.000ns (DCD - SCD - CPR)
    Destination Clock Delay (DCD):    2.966ns
    Source Clock Delay      (SCD):    2.314ns
    Clock Pessimism Removal (CPR):    0.653ns

    Location             Delay type                Incr(ns)  Path(ns)    Netlist Resource(s)
  -------------------------------------------------------------------    -------------------
                         (clock clk100 rise edge)     0.000     0.000 r  
    E3                                                0.000     0.000 r  clk100 (IN)
                         net (fo=0)                   0.000     0.000    clk100
    E3                   IBUF (Prop_ibuf_I_O)         0.257     0.257 r  clk100_IBUF_inst/O
                         net (fo=1, routed)           0.631     0.888    clk100_IBUF
    BUFGCTRL_X0Y16       BUFG (Prop_bufg_I_O)         0.026     0.914 r  clk100_IBUF_BUFG_inst/O
                         net (fo=1, routed)           0.752     1.666    clk100_IBUF_BUFG
    SLICE_X65Y37         LUT1 (Prop_lut1_I0_O)        0.045     1.711 r  clk100_inst/O
                         net (fo=9, routed)           0.602     2.314    soc_crg_clkin
    SLICE_X37Y27         FDCE                                         r  FDCE_6/C
  -------------------------------------------------------------------    -------------------
    SLICE_X37Y27         FDCE (Prop_fdce_C_Q)         0.141     2.455 r  FDCE_6/Q
                         net (fo=1, routed)           0.220     2.675    soc_builder_basesoc_reset6
    SLICE_X37Y27         FDCE                                         r  FDCE_7/D
  -------------------------------------------------------------------    -------------------

                         (clock clk100 rise edge)     0.000     0.000 r  
    E3                                                0.000     0.000 r  clk100 (IN)
                         net (fo=0)                   0.000     0.000    clk100
    E3                   IBUF (Prop_ibuf_I_O)         0.445     0.445 r  clk100_IBUF_inst/O
                         net (fo=1, routed)           0.685     1.129    clk100_IBUF
    BUFGCTRL_X0Y16       BUFG (Prop_bufg_I_O)         0.029     1.158 r  clk100_IBUF_BUFG_inst/O
                         net (fo=1, routed)           1.057     2.216    clk100_IBUF_BUFG
    SLICE_X65Y37         LUT1 (Prop_lut1_I0_O)        0.056     2.272 r  clk100_inst/O
                         net (fo=9, routed)           0.694     2.966    soc_crg_clkin
    SLICE_X37Y27         FDCE                                         r  FDCE_7/C
                         clock pessimism             -0.653     2.314    
    SLICE_X37Y27         FDCE (Hold_fdce_C_D)         0.072     2.386    FDCE_7
  -------------------------------------------------------------------
                         required time                         -2.386    
                         arrival time                           2.675    
  -------------------------------------------------------------------
                         slack                                  0.289    

Slack (MET) :             0.291ns  (arrival time - required time)
  Source:                 FDCE_5/C
                            (rising edge-triggered cell FDCE clocked by clk100  {rise@0.000ns fall@5.000ns period=10.000ns})
  Destination:            FDCE_6/D
                            (rising edge-triggered cell FDCE clocked by clk100  {rise@0.000ns fall@5.000ns period=10.000ns})
  Path Group:             clk100
  Path Type:              Hold (Min at Fast Process Corner)
  Requirement:            0.000ns  (clk100 rise@0.000ns - clk100 rise@0.000ns)
  Data Path Delay:        0.361ns  (logic 0.141ns (39.054%)  route 0.220ns (60.946%))
  Logic Levels:           0  
  Clock Path Skew:        0.000ns (DCD - SCD - CPR)
    Destination Clock Delay (DCD):    2.966ns
    Source Clock Delay      (SCD):    2.314ns
    Clock Pessimism Removal (CPR):    0.653ns

    Location             Delay type                Incr(ns)  Path(ns)    Netlist Resource(s)
  -------------------------------------------------------------------    -------------------
                         (clock clk100 rise edge)     0.000     0.000 r  
    E3                                                0.000     0.000 r  clk100 (IN)
                         net (fo=0)                   0.000     0.000    clk100
    E3                   IBUF (Prop_ibuf_I_O)         0.257     0.257 r  clk100_IBUF_inst/O
                         net (fo=1, routed)           0.631     0.888    clk100_IBUF
    BUFGCTRL_X0Y16       BUFG (Prop_bufg_I_O)         0.026     0.914 r  clk100_IBUF_BUFG_inst/O
                         net (fo=1, routed)           0.752     1.666    clk100_IBUF_BUFG
    SLICE_X65Y37         LUT1 (Prop_lut1_I0_O)        0.045     1.711 r  clk100_inst/O
                         net (fo=9, routed)           0.602     2.314    soc_crg_clkin
    SLICE_X37Y27         FDCE                                         r  FDCE_5/C
  -------------------------------------------------------------------    -------------------
    SLICE_X37Y27         FDCE (Prop_fdce_C_Q)         0.141     2.455 r  FDCE_5/Q
                         net (fo=1, routed)           0.220     2.675    soc_builder_basesoc_reset5
    SLICE_X37Y27         FDCE                                         r  FDCE_6/D
  -------------------------------------------------------------------    -------------------

                         (clock clk100 rise edge)     0.000     0.000 r  
    E3                                                0.000     0.000 r  clk100 (IN)
                         net (fo=0)                   0.000     0.000    clk100
    E3                   IBUF (Prop_ibuf_I_O)         0.445     0.445 r  clk100_IBUF_inst/O
                         net (fo=1, routed)           0.685     1.129    clk100_IBUF
    BUFGCTRL_X0Y16       BUFG (Prop_bufg_I_O)         0.029     1.158 r  clk100_IBUF_BUFG_inst/O
                         net (fo=1, routed)           1.057     2.216    clk100_IBUF_BUFG
    SLICE_X65Y37         LUT1 (Prop_lut1_I0_O)        0.056     2.272 r  clk100_inst/O
                         net (fo=9, routed)           0.694     2.966    soc_crg_clkin
    SLICE_X37Y27         FDCE                                         r  FDCE_6/C
                         clock pessimism             -0.653     2.314    
    SLICE_X37Y27         FDCE (Hold_fdce_C_D)         0.070     2.384    FDCE_6
  -------------------------------------------------------------------
                         required time                         -2.384    
                         arrival time                           2.675    
  -------------------------------------------------------------------
                         slack                                  0.291    

Slack (MET) :             0.299ns  (arrival time - required time)
  Source:                 FDCE_1/C
                            (rising edge-triggered cell FDCE clocked by clk100  {rise@0.000ns fall@5.000ns period=10.000ns})
  Destination:            FDCE_2/D
                            (rising edge-triggered cell FDCE clocked by clk100  {rise@0.000ns fall@5.000ns period=10.000ns})
  Path Group:             clk100
  Path Type:              Hold (Min at Fast Process Corner)
  Requirement:            0.000ns  (clk100 rise@0.000ns - clk100 rise@0.000ns)
  Data Path Delay:        0.365ns  (logic 0.141ns (38.671%)  route 0.224ns (61.329%))
  Logic Levels:           0  
  Clock Path Skew:        0.000ns (DCD - SCD - CPR)
    Destination Clock Delay (DCD):    2.966ns
    Source Clock Delay      (SCD):    2.314ns
    Clock Pessimism Removal (CPR):    0.653ns

    Location             Delay type                Incr(ns)  Path(ns)    Netlist Resource(s)
  -------------------------------------------------------------------    -------------------
                         (clock clk100 rise edge)     0.000     0.000 r  
    E3                                                0.000     0.000 r  clk100 (IN)
                         net (fo=0)                   0.000     0.000    clk100
    E3                   IBUF (Prop_ibuf_I_O)         0.257     0.257 r  clk100_IBUF_inst/O
                         net (fo=1, routed)           0.631     0.888    clk100_IBUF
    BUFGCTRL_X0Y16       BUFG (Prop_bufg_I_O)         0.026     0.914 r  clk100_IBUF_BUFG_inst/O
                         net (fo=1, routed)           0.752     1.666    clk100_IBUF_BUFG
    SLICE_X65Y37         LUT1 (Prop_lut1_I0_O)        0.045     1.711 r  clk100_inst/O
                         net (fo=9, routed)           0.602     2.314    soc_crg_clkin
    SLICE_X36Y27         FDCE                                         r  FDCE_1/C
  -------------------------------------------------------------------    -------------------
    SLICE_X36Y27         FDCE (Prop_fdce_C_Q)         0.141     2.455 r  FDCE_1/Q
                         net (fo=1, routed)           0.224     2.678    soc_builder_basesoc_reset1
    SLICE_X36Y27         FDCE                                         r  FDCE_2/D
  -------------------------------------------------------------------    -------------------

                         (clock clk100 rise edge)     0.000     0.000 r  
    E3                                                0.000     0.000 r  clk100 (IN)
                         net (fo=0)                   0.000     0.000    clk100
    E3                   IBUF (Prop_ibuf_I_O)         0.445     0.445 r  clk100_IBUF_inst/O
                         net (fo=1, routed)           0.685     1.129    clk100_IBUF
    BUFGCTRL_X0Y16       BUFG (Prop_bufg_I_O)         0.029     1.158 r  clk100_IBUF_BUFG_inst/O
                         net (fo=1, routed)           1.057     2.216    clk100_IBUF_BUFG
    SLICE_X65Y37         LUT1 (Prop_lut1_I0_O)        0.056     2.272 r  clk100_inst/O
                         net (fo=9, routed)           0.694     2.966    soc_crg_clkin
    SLICE_X36Y27         FDCE                                         r  FDCE_2/C
                         clock pessimism             -0.653     2.314    
    SLICE_X36Y27         FDCE (Hold_fdce_C_D)         0.066     2.380    FDCE_2
  -------------------------------------------------------------------
                         required time                         -2.380    
                         arrival time                           2.678    
  -------------------------------------------------------------------
                         slack                                  0.299    

Slack (MET) :             0.323ns  (arrival time - required time)
  Source:                 FDCE/C
                            (rising edge-triggered cell FDCE clocked by clk100  {rise@0.000ns fall@5.000ns period=10.000ns})
  Destination:            FDCE_1/D
                            (rising edge-triggered cell FDCE clocked by clk100  {rise@0.000ns fall@5.000ns period=10.000ns})
  Path Group:             clk100
  Path Type:              Hold (Min at Fast Process Corner)
  Requirement:            0.000ns  (clk100 rise@0.000ns - clk100 rise@0.000ns)
  Data Path Delay:        0.321ns  (logic 0.141ns (43.941%)  route 0.180ns (56.059%))
  Logic Levels:           0  
  Clock Path Skew:        -0.072ns (DCD - SCD - CPR)
    Destination Clock Delay (DCD):    2.966ns
    Source Clock Delay      (SCD):    2.433ns
    Clock Pessimism Removal (CPR):    0.606ns

    Location             Delay type                Incr(ns)  Path(ns)    Netlist Resource(s)
  -------------------------------------------------------------------    -------------------
                         (clock clk100 rise edge)     0.000     0.000 r  
    E3                                                0.000     0.000 r  clk100 (IN)
                         net (fo=0)                   0.000     0.000    clk100
    E3                   IBUF (Prop_ibuf_I_O)         0.257     0.257 r  clk100_IBUF_inst/O
                         net (fo=1, routed)           0.631     0.888    clk100_IBUF
    BUFGCTRL_X0Y16       BUFG (Prop_bufg_I_O)         0.026     0.914 r  clk100_IBUF_BUFG_inst/O
                         net (fo=1, routed)           0.752     1.666    clk100_IBUF_BUFG
    SLICE_X65Y37         LUT1 (Prop_lut1_I0_O)        0.045     1.711 r  clk100_inst/O
                         net (fo=9, routed)           0.721     2.433    soc_crg_clkin
    SLICE_X47Y27         FDCE                                         r  FDCE/C
  -------------------------------------------------------------------    -------------------
    SLICE_X47Y27         FDCE (Prop_fdce_C_Q)         0.141     2.574 r  FDCE/Q
                         net (fo=1, routed)           0.180     2.754    soc_builder_basesoc_reset0
    SLICE_X36Y27         FDCE                                         r  FDCE_1/D
  -------------------------------------------------------------------    -------------------

                         (clock clk100 rise edge)     0.000     0.000 r  
    E3                                                0.000     0.000 r  clk100 (IN)
                         net (fo=0)                   0.000     0.000    clk100
    E3                   IBUF (Prop_ibuf_I_O)         0.445     0.445 r  clk100_IBUF_inst/O
                         net (fo=1, routed)           0.685     1.129    clk100_IBUF
    BUFGCTRL_X0Y16       BUFG (Prop_bufg_I_O)         0.029     1.158 r  clk100_IBUF_BUFG_inst/O
                         net (fo=1, routed)           1.057     2.216    clk100_IBUF_BUFG
    SLICE_X65Y37         LUT1 (Prop_lut1_I0_O)        0.056     2.272 r  clk100_inst/O
                         net (fo=9, routed)           0.694     2.966    soc_crg_clkin
    SLICE_X36Y27         FDCE                                         r  FDCE_1/C
                         clock pessimism             -0.606     2.361    
    SLICE_X36Y27         FDCE (Hold_fdce_C_D)         0.070     2.431    FDCE_1
  -------------------------------------------------------------------
                         required time                         -2.431    
                         arrival time                           2.754    
  -------------------------------------------------------------------
                         slack                                  0.323    





Pulse Width Checks
--------------------------------------------------------------------------------------
Clock Name:         clk100
Waveform(ns):       { 0.000 5.000 }
Period(ns):         10.000
Sources:            { clk100 }

Check Type        Corner  Lib Pin           Reference Pin  Required(ns)  Actual(ns)  Slack(ns)  Location        Pin
Min Period        n/a     BUFG/I            n/a            2.155         10.000      7.845      BUFGCTRL_X0Y16  clk100_IBUF_BUFG_inst/I
Min Period        n/a     PLLE2_ADV/CLKIN1  n/a            1.249         10.000      8.751      PLLE2_ADV_X1Y0  PLLE2_ADV/CLKIN1
Min Period        n/a     FDCE/C            n/a            1.000         10.000      9.000      SLICE_X47Y27    FDCE/C
Min Period        n/a     FDCE/C            n/a            1.000         10.000      9.000      SLICE_X36Y27    FDCE_1/C
Min Period        n/a     FDCE/C            n/a            1.000         10.000      9.000      SLICE_X36Y27    FDCE_2/C
Min Period        n/a     FDCE/C            n/a            1.000         10.000      9.000      SLICE_X36Y27    FDCE_3/C
Min Period        n/a     FDCE/C            n/a            1.000         10.000      9.000      SLICE_X37Y27    FDCE_4/C
Min Period        n/a     FDCE/C            n/a            1.000         10.000      9.000      SLICE_X37Y27    FDCE_5/C
Min Period        n/a     FDCE/C            n/a            1.000         10.000      9.000      SLICE_X37Y27    FDCE_6/C
Min Period        n/a     FDCE/C            n/a            1.000         10.000      9.000      SLICE_X37Y27    FDCE_7/C
Max Period        n/a     PLLE2_ADV/CLKIN1  n/a            52.633        10.000      42.633     PLLE2_ADV_X1Y0  PLLE2_ADV/CLKIN1
Low Pulse Width   Slow    PLLE2_ADV/CLKIN1  n/a            2.000         5.000       3.000      PLLE2_ADV_X1Y0  PLLE2_ADV/CLKIN1
Low Pulse Width   Fast    PLLE2_ADV/CLKIN1  n/a            2.000         5.000       3.000      PLLE2_ADV_X1Y0  PLLE2_ADV/CLKIN1
Low Pulse Width   Slow    FDCE/C            n/a            0.500         5.000       4.500      SLICE_X47Y27    FDCE/C
Low Pulse Width   Fast    FDCE/C            n/a            0.500         5.000       4.500      SLICE_X47Y27    FDCE/C
Low Pulse Width   Slow    FDCE/C            n/a            0.500         5.000       4.500      SLICE_X36Y27    FDCE_1/C
Low Pulse Width   Fast    FDCE/C            n/a            0.500         5.000       4.500      SLICE_X36Y27    FDCE_1/C
Low Pulse Width   Slow    FDCE/C            n/a            0.500         5.000       4.500      SLICE_X36Y27    FDCE_2/C
Low Pulse Width   Fast    FDCE/C            n/a            0.500         5.000       4.500      SLICE_X36Y27    FDCE_2/C
Low Pulse Width   Slow    FDCE/C            n/a            0.500         5.000       4.500      SLICE_X36Y27    FDCE_3/C
Low Pulse Width   Fast    FDCE/C            n/a            0.500         5.000       4.500      SLICE_X36Y27    FDCE_3/C
High Pulse Width  Slow    PLLE2_ADV/CLKIN1  n/a            2.000         5.000       3.000      PLLE2_ADV_X1Y0  PLLE2_ADV/CLKIN1
High Pulse Width  Fast    PLLE2_ADV/CLKIN1  n/a            2.000         5.000       3.000      PLLE2_ADV_X1Y0  PLLE2_ADV/CLKIN1
High Pulse Width  Slow    FDCE/C            n/a            0.500         5.000       4.500      SLICE_X47Y27    FDCE/C
High Pulse Width  Fast    FDCE/C            n/a            0.500         5.000       4.500      SLICE_X47Y27    FDCE/C
High Pulse Width  Slow    FDCE/C            n/a            0.500         5.000       4.500      SLICE_X36Y27    FDCE_1/C
High Pulse Width  Fast    FDCE/C            n/a            0.500         5.000       4.500      SLICE_X36Y27    FDCE_1/C
High Pulse Width  Slow    FDCE/C            n/a            0.500         5.000       4.500      SLICE_X36Y27    FDCE_2/C
High Pulse Width  Fast    FDCE/C            n/a            0.500         5.000       4.500      SLICE_X36Y27    FDCE_2/C
High Pulse Width  Slow    FDCE/C            n/a            0.500         5.000       4.500      SLICE_X36Y27    FDCE_3/C
High Pulse Width  Fast    FDCE/C            n/a            0.500         5.000       4.500      SLICE_X36Y27    FDCE_3/C



---------------------------------------------------------------------------------------------------
From Clock:  soc_builder_basesoc_pll_fb
  To Clock:  soc_builder_basesoc_pll_fb

Setup :           NA  Failing Endpoints,  Worst Slack           NA  ,  Total Violation           NA
Hold  :           NA  Failing Endpoints,  Worst Slack           NA  ,  Total Violation           NA
PW    :            0  Failing Endpoints,  Worst Slack        8.751ns,  Total Violation        0.000ns
---------------------------------------------------------------------------------------------------


Pulse Width Checks
--------------------------------------------------------------------------------------
Clock Name:         soc_builder_basesoc_pll_fb
Waveform(ns):       { 0.000 5.000 }
Period(ns):         10.000
Sources:            { PLLE2_ADV/CLKFBOUT }

Check Type  Corner  Lib Pin             Reference Pin  Required(ns)  Actual(ns)  Slack(ns)  Location        Pin
Min Period  n/a     PLLE2_ADV/CLKFBOUT  n/a            1.249         10.000      8.751      PLLE2_ADV_X1Y0  PLLE2_ADV/CLKFBOUT
Min Period  n/a     PLLE2_ADV/CLKFBIN   n/a            1.249         10.000      8.751      PLLE2_ADV_X1Y0  PLLE2_ADV/CLKFBIN
Max Period  n/a     PLLE2_ADV/CLKFBIN   n/a            52.633        10.000      42.633     PLLE2_ADV_X1Y0  PLLE2_ADV/CLKFBIN
Max Period  n/a     PLLE2_ADV/CLKFBOUT  n/a            160.000       10.000      150.000    PLLE2_ADV_X1Y0  PLLE2_ADV/CLKFBOUT



---------------------------------------------------------------------------------------------------
From Clock:  soc_crg_clkout0
  To Clock:  soc_crg_clkout0

Setup :            0  Failing Endpoints,  Worst Slack        0.121ns,  Total Violation        0.000ns
Hold  :            0  Failing Endpoints,  Worst Slack        0.033ns,  Total Violation        0.000ns
PW    :            0  Failing Endpoints,  Worst Slack        3.750ns,  Total Violation        0.000ns
---------------------------------------------------------------------------------------------------


Max Delay Paths
--------------------------------------------------------------------------------------
Slack (MET) :             0.121ns  (required time - arrival time)
  Source:                 VexRiscv/decode_to_execute_SRC1_CTRL_reg[1]/C
                            (rising edge-triggered cell FDRE clocked by soc_crg_clkout0  {rise@0.000ns fall@5.000ns period=10.000ns})
  Destination:            VexRiscv/IBusCachedPlugin_cache/banks_0_reg/ADDRBWRADDR[11]
                            (rising edge-triggered cell RAMB36E1 clocked by soc_crg_clkout0  {rise@0.000ns fall@5.000ns period=10.000ns})
  Path Group:             soc_crg_clkout0
  Path Type:              Setup (Max at Slow Process Corner)
  Requirement:            10.000ns  (soc_crg_clkout0 rise@10.000ns - soc_crg_clkout0 rise@0.000ns)
  Data Path Delay:        9.263ns  (logic 3.129ns (33.778%)  route 6.134ns (66.222%))
  Logic Levels:           15  (CARRY4=8 LUT3=1 LUT4=1 LUT5=2 LUT6=3)
  Clock Path Skew:        0.007ns (DCD - SCD + CPR)
    Destination Clock Delay (DCD):    9.016ns = ( 19.016 - 10.000 ) 
    Source Clock Delay      (SCD):    9.640ns
    Clock Pessimism Removal (CPR):    0.631ns
  Clock Uncertainty:      0.057ns  ((TSJ^2 + DJ^2)^1/2) / 2 + PE
    Total System Jitter     (TSJ):    0.071ns
    Discrete Jitter          (DJ):    0.089ns
    Phase Error              (PE):    0.000ns

    Location             Delay type                Incr(ns)  Path(ns)    Netlist Resource(s)
  -------------------------------------------------------------------    -------------------
                         (clock soc_crg_clkout0 rise edge)
                                                      0.000     0.000 r  
    E3                                                0.000     0.000 r  clk100 (IN)
                         net (fo=0)                   0.000     0.000    clk100
    E3                   IBUF (Prop_ibuf_I_O)         1.489     1.489 r  clk100_IBUF_inst/O
                         net (fo=1, routed)           1.967     3.455    clk100_IBUF
    BUFGCTRL_X0Y16       BUFG (Prop_bufg_I_O)         0.096     3.551 r  clk100_IBUF_BUFG_inst/O
                         net (fo=1, routed)           2.126     5.678    clk100_IBUF_BUFG
    SLICE_X65Y37         LUT1 (Prop_lut1_I0_O)        0.124     5.802 r  clk100_inst/O
                         net (fo=9, routed)           0.431     6.233    soc_crg_clkin
    PLLE2_ADV_X1Y0       PLLE2_ADV (Prop_plle2_adv_CLKIN1_CLKOUT0)
                                                      0.088     6.321 r  PLLE2_ADV/CLKOUT0
                         net (fo=1, routed)           1.655     7.976    soc_crg_clkout0
    BUFGCTRL_X0Y0        BUFG (Prop_bufg_I_O)         0.096     8.072 r  BUFG/O
                         net (fo=4280, routed)        1.567     9.640    VexRiscv/stageB_flusher_counter_reg[0]
    SLICE_X43Y47         FDRE                                         r  VexRiscv/decode_to_execute_SRC1_CTRL_reg[1]/C
  -------------------------------------------------------------------    -------------------
    SLICE_X43Y47         FDRE (Prop_fdre_C_Q)         0.456    10.096 r  VexRiscv/decode_to_execute_SRC1_CTRL_reg[1]/Q
                         net (fo=122, routed)         1.208    11.304    VexRiscv/IBusCachedPlugin_cache/CsrPlugin_misa_base_reg[1][1]
    SLICE_X43Y53         LUT4 (Prop_lut4_I3_O)        0.124    11.428 r  VexRiscv/IBusCachedPlugin_cache/CsrPlugin_mtvec_base[0]_i_2/O
                         net (fo=7, routed)           1.046    12.474    VexRiscv/dataCache_1/ways_0_data_symbol0_reg_2
    SLICE_X44Y45         CARRY4 (Prop_carry4_DI[2]_CO[3])
                                                      0.398    12.872 r  VexRiscv/dataCache_1/ways_0_data_symbol0_reg_i_19/CO[3]
                         net (fo=1, routed)           0.000    12.872    VexRiscv/dataCache_1/ways_0_data_symbol0_reg_i_19_n_0
    SLICE_X44Y46         CARRY4 (Prop_carry4_CI_CO[3])
                                                      0.114    12.986 r  VexRiscv/dataCache_1/ways_0_tags_reg_i_21/CO[3]
                         net (fo=1, routed)           0.000    12.986    VexRiscv/dataCache_1/ways_0_tags_reg_i_21_n_0
    SLICE_X44Y47         CARRY4 (Prop_carry4_CI_CO[3])
                                                      0.114    13.100 r  VexRiscv/dataCache_1/ways_0_tags_reg_i_20/CO[3]
                         net (fo=1, routed)           0.000    13.100    VexRiscv/IBusCachedPlugin_cache/execute_to_memory_REGFILE_WRITE_DATA[12]_i_2[0]
    SLICE_X44Y48         CARRY4 (Prop_carry4_CI_CO[3])
                                                      0.114    13.214 r  VexRiscv/IBusCachedPlugin_cache/execute_to_memory_REGFILE_WRITE_DATA_reg[15]_i_4/CO[3]
                         net (fo=1, routed)           0.000    13.214    VexRiscv/IBusCachedPlugin_cache/execute_to_memory_REGFILE_WRITE_DATA_reg[15]_i_4_n_0
    SLICE_X44Y49         CARRY4 (Prop_carry4_CI_CO[3])
                                                      0.114    13.328 r  VexRiscv/IBusCachedPlugin_cache/execute_to_memory_REGFILE_WRITE_DATA_reg[19]_i_4/CO[3]
                         net (fo=1, routed)           0.001    13.329    VexRiscv/IBusCachedPlugin_cache/execute_to_memory_REGFILE_WRITE_DATA_reg[19]_i_4_n_0
    SLICE_X44Y50         CARRY4 (Prop_carry4_CI_CO[3])
                                                      0.114    13.443 r  VexRiscv/IBusCachedPlugin_cache/execute_to_memory_REGFILE_WRITE_DATA_reg[23]_i_4/CO[3]
                         net (fo=1, routed)           0.000    13.443    VexRiscv/IBusCachedPlugin_cache/execute_to_memory_REGFILE_WRITE_DATA_reg[23]_i_4_n_0
    SLICE_X44Y51         CARRY4 (Prop_carry4_CI_CO[3])
                                                      0.114    13.557 r  VexRiscv/IBusCachedPlugin_cache/execute_to_memory_REGFILE_WRITE_DATA_reg[27]_i_4/CO[3]
                         net (fo=1, routed)           0.000    13.557    VexRiscv/IBusCachedPlugin_cache/execute_to_memory_REGFILE_WRITE_DATA_reg[27]_i_4_n_0
    SLICE_X44Y52         CARRY4 (Prop_carry4_CI_O[3])
                                                      0.313    13.870 f  VexRiscv/IBusCachedPlugin_cache/execute_to_memory_REGFILE_WRITE_DATA_reg[31]_i_5/O[3]
                         net (fo=2, routed)           0.476    14.346    VexRiscv/IBusCachedPlugin_cache/_zz_execute_SrcPlugin_addSub[19]
    SLICE_X46Y49         LUT5 (Prop_lut5_I1_O)        0.306    14.652 r  VexRiscv/IBusCachedPlugin_cache/execute_to_memory_REGFILE_WRITE_DATA[0]_i_7/O
                         net (fo=3, routed)           0.689    15.341    VexRiscv/IBusCachedPlugin_cache/decode_to_execute_SRC2_FORCE_ZERO_reg
    SLICE_X48Y45         LUT6 (Prop_lut6_I1_O)        0.124    15.465 r  VexRiscv/IBusCachedPlugin_cache/CsrPlugin_exceptionPortCtrl_exceptionContext_badAddr[1]_i_4/O
                         net (fo=2, routed)           0.173    15.639    VexRiscv/IBusCachedPlugin_cache/decode_to_execute_BRANCH_CTRL_reg[0]
    SLICE_X48Y45         LUT5 (Prop_lut5_I0_O)        0.124    15.763 f  VexRiscv/IBusCachedPlugin_cache/banks_0_reg_i_36/O
                         net (fo=5, routed)           0.765    16.528    VexRiscv/dataCache_1/CsrPlugin_exceptionPortCtrl_exceptionValidsRegs_decode_reg_0
    SLICE_X48Y44         LUT3 (Prop_lut3_I2_O)        0.150    16.678 r  VexRiscv/dataCache_1/banks_0_reg_i_41/O
                         net (fo=30, routed)          0.719    17.397    VexRiscv/IBusCachedPlugin_cache/IBusCachedPlugin_fetchPc_pcReg_reg[31]_2
    SLICE_X54Y44         LUT6 (Prop_lut6_I5_O)        0.326    17.723 f  VexRiscv/IBusCachedPlugin_cache/banks_0_reg_i_20/O
                         net (fo=2, routed)           0.321    18.045    VexRiscv/IBusCachedPlugin_cache/banks_0_reg_i_20_n_0
    SLICE_X56Y44         LUT6 (Prop_lut6_I5_O)        0.124    18.169 r  VexRiscv/IBusCachedPlugin_cache/banks_0_reg_i_5/O
                         net (fo=2, routed)           0.735    18.903    VexRiscv/IBusCachedPlugin_cache/IBusCachedPlugin_iBusRsp_stages_0_input_payload[8]
    RAMB36_X2Y8          RAMB36E1                                     r  VexRiscv/IBusCachedPlugin_cache/banks_0_reg/ADDRBWRADDR[11]
  -------------------------------------------------------------------    -------------------

                         (clock soc_crg_clkout0 rise edge)
                                                     10.000    10.000 r  
    E3                                                0.000    10.000 r  clk100 (IN)
                         net (fo=0)                   0.000    10.000    clk100
    E3                   IBUF (Prop_ibuf_I_O)         1.418    11.418 r  clk100_IBUF_inst/O
                         net (fo=1, routed)           1.862    13.280    clk100_IBUF
    BUFGCTRL_X0Y16       BUFG (Prop_bufg_I_O)         0.091    13.371 r  clk100_IBUF_BUFG_inst/O
                         net (fo=1, routed)           1.911    15.282    clk100_IBUF_BUFG
    SLICE_X65Y37         LUT1 (Prop_lut1_I0_O)        0.100    15.382 r  clk100_inst/O
                         net (fo=9, routed)           0.388    15.771    soc_crg_clkin
    PLLE2_ADV_X1Y0       PLLE2_ADV (Prop_plle2_adv_CLKIN1_CLKOUT0)
                                                      0.083    15.854 r  PLLE2_ADV/CLKOUT0
                         net (fo=1, routed)           1.576    17.430    soc_crg_clkout0
    BUFGCTRL_X0Y0        BUFG (Prop_bufg_I_O)         0.091    17.521 r  BUFG/O
                         net (fo=4280, routed)        1.495    19.016    VexRiscv/IBusCachedPlugin_cache/lineLoader_flushCounter_reg[7]_0
    RAMB36_X2Y8          RAMB36E1                                     r  VexRiscv/IBusCachedPlugin_cache/banks_0_reg/CLKBWRCLK
                         clock pessimism              0.631    19.647    
                         clock uncertainty           -0.057    19.591    
    RAMB36_X2Y8          RAMB36E1 (Setup_ramb36e1_CLKBWRCLK_ADDRBWRADDR[11])
                                                     -0.566    19.025    VexRiscv/IBusCachedPlugin_cache/banks_0_reg
  -------------------------------------------------------------------
                         required time                         19.025    
                         arrival time                         -18.903    
  -------------------------------------------------------------------
                         slack                                  0.121    

Slack (MET) :             0.125ns  (required time - arrival time)
  Source:                 VexRiscv/decode_to_execute_SRC1_CTRL_reg[1]/C
                            (rising edge-triggered cell FDRE clocked by soc_crg_clkout0  {rise@0.000ns fall@5.000ns period=10.000ns})
  Destination:            VexRiscv/IBusCachedPlugin_cache/ways_0_tags_reg/ADDRARDADDR[8]
                            (rising edge-triggered cell RAMB18E1 clocked by soc_crg_clkout0  {rise@0.000ns fall@5.000ns period=10.000ns})
  Path Group:             soc_crg_clkout0
  Path Type:              Setup (Max at Slow Process Corner)
  Requirement:            10.000ns  (soc_crg_clkout0 rise@10.000ns - soc_crg_clkout0 rise@0.000ns)
  Data Path Delay:        9.262ns  (logic 3.129ns (33.784%)  route 6.133ns (66.216%))
  Logic Levels:           15  (CARRY4=8 LUT3=1 LUT4=1 LUT5=2 LUT6=3)
  Clock Path Skew:        0.009ns (DCD - SCD + CPR)
    Destination Clock Delay (DCD):    9.018ns = ( 19.018 - 10.000 ) 
    Source Clock Delay      (SCD):    9.640ns
    Clock Pessimism Removal (CPR):    0.631ns
  Clock Uncertainty:      0.057ns  ((TSJ^2 + DJ^2)^1/2) / 2 + PE
    Total System Jitter     (TSJ):    0.071ns
    Discrete Jitter          (DJ):    0.089ns
    Phase Error              (PE):    0.000ns

    Location             Delay type                Incr(ns)  Path(ns)    Netlist Resource(s)
  -------------------------------------------------------------------    -------------------
                         (clock soc_crg_clkout0 rise edge)
                                                      0.000     0.000 r  
    E3                                                0.000     0.000 r  clk100 (IN)
                         net (fo=0)                   0.000     0.000    clk100
    E3                   IBUF (Prop_ibuf_I_O)         1.489     1.489 r  clk100_IBUF_inst/O
                         net (fo=1, routed)           1.967     3.455    clk100_IBUF
    BUFGCTRL_X0Y16       BUFG (Prop_bufg_I_O)         0.096     3.551 r  clk100_IBUF_BUFG_inst/O
                         net (fo=1, routed)           2.126     5.678    clk100_IBUF_BUFG
    SLICE_X65Y37         LUT1 (Prop_lut1_I0_O)        0.124     5.802 r  clk100_inst/O
                         net (fo=9, routed)           0.431     6.233    soc_crg_clkin
    PLLE2_ADV_X1Y0       PLLE2_ADV (Prop_plle2_adv_CLKIN1_CLKOUT0)
                                                      0.088     6.321 r  PLLE2_ADV/CLKOUT0
                         net (fo=1, routed)           1.655     7.976    soc_crg_clkout0
    BUFGCTRL_X0Y0        BUFG (Prop_bufg_I_O)         0.096     8.072 r  BUFG/O
                         net (fo=4280, routed)        1.567     9.640    VexRiscv/stageB_flusher_counter_reg[0]
    SLICE_X43Y47         FDRE                                         r  VexRiscv/decode_to_execute_SRC1_CTRL_reg[1]/C
  -------------------------------------------------------------------    -------------------
    SLICE_X43Y47         FDRE (Prop_fdre_C_Q)         0.456    10.096 r  VexRiscv/decode_to_execute_SRC1_CTRL_reg[1]/Q
                         net (fo=122, routed)         1.208    11.304    VexRiscv/IBusCachedPlugin_cache/CsrPlugin_misa_base_reg[1][1]
    SLICE_X43Y53         LUT4 (Prop_lut4_I3_O)        0.124    11.428 r  VexRiscv/IBusCachedPlugin_cache/CsrPlugin_mtvec_base[0]_i_2/O
                         net (fo=7, routed)           1.046    12.474    VexRiscv/dataCache_1/ways_0_data_symbol0_reg_2
    SLICE_X44Y45         CARRY4 (Prop_carry4_DI[2]_CO[3])
                                                      0.398    12.872 r  VexRiscv/dataCache_1/ways_0_data_symbol0_reg_i_19/CO[3]
                         net (fo=1, routed)           0.000    12.872    VexRiscv/dataCache_1/ways_0_data_symbol0_reg_i_19_n_0
    SLICE_X44Y46         CARRY4 (Prop_carry4_CI_CO[3])
                                                      0.114    12.986 r  VexRiscv/dataCache_1/ways_0_tags_reg_i_21/CO[3]
                         net (fo=1, routed)           0.000    12.986    VexRiscv/dataCache_1/ways_0_tags_reg_i_21_n_0
    SLICE_X44Y47         CARRY4 (Prop_carry4_CI_CO[3])
                                                      0.114    13.100 r  VexRiscv/dataCache_1/ways_0_tags_reg_i_20/CO[3]
                         net (fo=1, routed)           0.000    13.100    VexRiscv/IBusCachedPlugin_cache/execute_to_memory_REGFILE_WRITE_DATA[12]_i_2[0]
    SLICE_X44Y48         CARRY4 (Prop_carry4_CI_CO[3])
                                                      0.114    13.214 r  VexRiscv/IBusCachedPlugin_cache/execute_to_memory_REGFILE_WRITE_DATA_reg[15]_i_4/CO[3]
                         net (fo=1, routed)           0.000    13.214    VexRiscv/IBusCachedPlugin_cache/execute_to_memory_REGFILE_WRITE_DATA_reg[15]_i_4_n_0
    SLICE_X44Y49         CARRY4 (Prop_carry4_CI_CO[3])
                                                      0.114    13.328 r  VexRiscv/IBusCachedPlugin_cache/execute_to_memory_REGFILE_WRITE_DATA_reg[19]_i_4/CO[3]
                         net (fo=1, routed)           0.001    13.329    VexRiscv/IBusCachedPlugin_cache/execute_to_memory_REGFILE_WRITE_DATA_reg[19]_i_4_n_0
    SLICE_X44Y50         CARRY4 (Prop_carry4_CI_CO[3])
                                                      0.114    13.443 r  VexRiscv/IBusCachedPlugin_cache/execute_to_memory_REGFILE_WRITE_DATA_reg[23]_i_4/CO[3]
                         net (fo=1, routed)           0.000    13.443    VexRiscv/IBusCachedPlugin_cache/execute_to_memory_REGFILE_WRITE_DATA_reg[23]_i_4_n_0
    SLICE_X44Y51         CARRY4 (Prop_carry4_CI_CO[3])
                                                      0.114    13.557 r  VexRiscv/IBusCachedPlugin_cache/execute_to_memory_REGFILE_WRITE_DATA_reg[27]_i_4/CO[3]
                         net (fo=1, routed)           0.000    13.557    VexRiscv/IBusCachedPlugin_cache/execute_to_memory_REGFILE_WRITE_DATA_reg[27]_i_4_n_0
    SLICE_X44Y52         CARRY4 (Prop_carry4_CI_O[3])
                                                      0.313    13.870 f  VexRiscv/IBusCachedPlugin_cache/execute_to_memory_REGFILE_WRITE_DATA_reg[31]_i_5/O[3]
                         net (fo=2, routed)           0.476    14.346    VexRiscv/IBusCachedPlugin_cache/_zz_execute_SrcPlugin_addSub[19]
    SLICE_X46Y49         LUT5 (Prop_lut5_I1_O)        0.306    14.652 r  VexRiscv/IBusCachedPlugin_cache/execute_to_memory_REGFILE_WRITE_DATA[0]_i_7/O
                         net (fo=3, routed)           0.689    15.341    VexRiscv/IBusCachedPlugin_cache/decode_to_execute_SRC2_FORCE_ZERO_reg
    SLICE_X48Y45         LUT6 (Prop_lut6_I1_O)        0.124    15.465 r  VexRiscv/IBusCachedPlugin_cache/CsrPlugin_exceptionPortCtrl_exceptionContext_badAddr[1]_i_4/O
                         net (fo=2, routed)           0.173    15.639    VexRiscv/IBusCachedPlugin_cache/decode_to_execute_BRANCH_CTRL_reg[0]
    SLICE_X48Y45         LUT5 (Prop_lut5_I0_O)        0.124    15.763 f  VexRiscv/IBusCachedPlugin_cache/banks_0_reg_i_36/O
                         net (fo=5, routed)           0.765    16.528    VexRiscv/dataCache_1/CsrPlugin_exceptionPortCtrl_exceptionValidsRegs_decode_reg_0
    SLICE_X48Y44         LUT3 (Prop_lut3_I2_O)        0.150    16.678 r  VexRiscv/dataCache_1/banks_0_reg_i_41/O
                         net (fo=30, routed)          0.719    17.397    VexRiscv/IBusCachedPlugin_cache/IBusCachedPlugin_fetchPc_pcReg_reg[31]_2
    SLICE_X54Y44         LUT6 (Prop_lut6_I5_O)        0.326    17.723 f  VexRiscv/IBusCachedPlugin_cache/banks_0_reg_i_20/O
                         net (fo=2, routed)           0.321    18.045    VexRiscv/IBusCachedPlugin_cache/banks_0_reg_i_20_n_0
    SLICE_X56Y44         LUT6 (Prop_lut6_I5_O)        0.124    18.169 r  VexRiscv/IBusCachedPlugin_cache/banks_0_reg_i_5/O
                         net (fo=2, routed)           0.733    18.902    VexRiscv/IBusCachedPlugin_cache/IBusCachedPlugin_iBusRsp_stages_0_input_payload[8]
    RAMB18_X2Y18         RAMB18E1                                     r  VexRiscv/IBusCachedPlugin_cache/ways_0_tags_reg/ADDRARDADDR[8]
  -------------------------------------------------------------------    -------------------

                         (clock soc_crg_clkout0 rise edge)
                                                     10.000    10.000 r  
    E3                                                0.000    10.000 r  clk100 (IN)
                         net (fo=0)                   0.000    10.000    clk100
    E3                   IBUF (Prop_ibuf_I_O)         1.418    11.418 r  clk100_IBUF_inst/O
                         net (fo=1, routed)           1.862    13.280    clk100_IBUF
    BUFGCTRL_X0Y16       BUFG (Prop_bufg_I_O)         0.091    13.371 r  clk100_IBUF_BUFG_inst/O
                         net (fo=1, routed)           1.911    15.282    clk100_IBUF_BUFG
    SLICE_X65Y37         LUT1 (Prop_lut1_I0_O)        0.100    15.382 r  clk100_inst/O
                         net (fo=9, routed)           0.388    15.771    soc_crg_clkin
    PLLE2_ADV_X1Y0       PLLE2_ADV (Prop_plle2_adv_CLKIN1_CLKOUT0)
                                                      0.083    15.854 r  PLLE2_ADV/CLKOUT0
                         net (fo=1, routed)           1.576    17.430    soc_crg_clkout0
    BUFGCTRL_X0Y0        BUFG (Prop_bufg_I_O)         0.091    17.521 r  BUFG/O
                         net (fo=4280, routed)        1.497    19.018    VexRiscv/IBusCachedPlugin_cache/lineLoader_flushCounter_reg[7]_0
    RAMB18_X2Y18         RAMB18E1                                     r  VexRiscv/IBusCachedPlugin_cache/ways_0_tags_reg/CLKARDCLK
                         clock pessimism              0.631    19.649    
                         clock uncertainty           -0.057    19.593    
    RAMB18_X2Y18         RAMB18E1 (Setup_ramb18e1_CLKARDCLK_ADDRARDADDR[8])
                                                     -0.566    19.027    VexRiscv/IBusCachedPlugin_cache/ways_0_tags_reg
  -------------------------------------------------------------------
                         required time                         19.027    
                         arrival time                         -18.902    
  -------------------------------------------------------------------
                         slack                                  0.125    

Slack (MET) :             0.224ns  (required time - arrival time)
  Source:                 VexRiscv/decode_to_execute_SRC1_CTRL_reg[1]/C
                            (rising edge-triggered cell FDRE clocked by soc_crg_clkout0  {rise@0.000ns fall@5.000ns period=10.000ns})
  Destination:            VexRiscv/IBusCachedPlugin_cache/banks_0_reg/ADDRBWRADDR[12]
                            (rising edge-triggered cell RAMB36E1 clocked by soc_crg_clkout0  {rise@0.000ns fall@5.000ns period=10.000ns})
  Path Group:             soc_crg_clkout0
  Path Type:              Setup (Max at Slow Process Corner)
  Requirement:            10.000ns  (soc_crg_clkout0 rise@10.000ns - soc_crg_clkout0 rise@0.000ns)
  Data Path Delay:        9.161ns  (logic 3.129ns (34.157%)  route 6.032ns (65.843%))
  Logic Levels:           15  (CARRY4=8 LUT3=1 LUT4=1 LUT5=2 LUT6=3)
  Clock Path Skew:        0.007ns (DCD - SCD + CPR)
    Destination Clock Delay (DCD):    9.016ns = ( 19.016 - 10.000 ) 
    Source Clock Delay      (SCD):    9.640ns
    Clock Pessimism Removal (CPR):    0.631ns
  Clock Uncertainty:      0.057ns  ((TSJ^2 + DJ^2)^1/2) / 2 + PE
    Total System Jitter     (TSJ):    0.071ns
    Discrete Jitter          (DJ):    0.089ns
    Phase Error              (PE):    0.000ns

    Location             Delay type                Incr(ns)  Path(ns)    Netlist Resource(s)
  -------------------------------------------------------------------    -------------------
                         (clock soc_crg_clkout0 rise edge)
                                                      0.000     0.000 r  
    E3                                                0.000     0.000 r  clk100 (IN)
                         net (fo=0)                   0.000     0.000    clk100
    E3                   IBUF (Prop_ibuf_I_O)         1.489     1.489 r  clk100_IBUF_inst/O
                         net (fo=1, routed)           1.967     3.455    clk100_IBUF
    BUFGCTRL_X0Y16       BUFG (Prop_bufg_I_O)         0.096     3.551 r  clk100_IBUF_BUFG_inst/O
                         net (fo=1, routed)           2.126     5.678    clk100_IBUF_BUFG
    SLICE_X65Y37         LUT1 (Prop_lut1_I0_O)        0.124     5.802 r  clk100_inst/O
                         net (fo=9, routed)           0.431     6.233    soc_crg_clkin
    PLLE2_ADV_X1Y0       PLLE2_ADV (Prop_plle2_adv_CLKIN1_CLKOUT0)
                                                      0.088     6.321 r  PLLE2_ADV/CLKOUT0
                         net (fo=1, routed)           1.655     7.976    soc_crg_clkout0
    BUFGCTRL_X0Y0        BUFG (Prop_bufg_I_O)         0.096     8.072 r  BUFG/O
                         net (fo=4280, routed)        1.567     9.640    VexRiscv/stageB_flusher_counter_reg[0]
    SLICE_X43Y47         FDRE                                         r  VexRiscv/decode_to_execute_SRC1_CTRL_reg[1]/C
  -------------------------------------------------------------------    -------------------
    SLICE_X43Y47         FDRE (Prop_fdre_C_Q)         0.456    10.096 r  VexRiscv/decode_to_execute_SRC1_CTRL_reg[1]/Q
                         net (fo=122, routed)         1.208    11.304    VexRiscv/IBusCachedPlugin_cache/CsrPlugin_misa_base_reg[1][1]
    SLICE_X43Y53         LUT4 (Prop_lut4_I3_O)        0.124    11.428 r  VexRiscv/IBusCachedPlugin_cache/CsrPlugin_mtvec_base[0]_i_2/O
                         net (fo=7, routed)           1.046    12.474    VexRiscv/dataCache_1/ways_0_data_symbol0_reg_2
    SLICE_X44Y45         CARRY4 (Prop_carry4_DI[2]_CO[3])
                                                      0.398    12.872 r  VexRiscv/dataCache_1/ways_0_data_symbol0_reg_i_19/CO[3]
                         net (fo=1, routed)           0.000    12.872    VexRiscv/dataCache_1/ways_0_data_symbol0_reg_i_19_n_0
    SLICE_X44Y46         CARRY4 (Prop_carry4_CI_CO[3])
                                                      0.114    12.986 r  VexRiscv/dataCache_1/ways_0_tags_reg_i_21/CO[3]
                         net (fo=1, routed)           0.000    12.986    VexRiscv/dataCache_1/ways_0_tags_reg_i_21_n_0
    SLICE_X44Y47         CARRY4 (Prop_carry4_CI_CO[3])
                                                      0.114    13.100 r  VexRiscv/dataCache_1/ways_0_tags_reg_i_20/CO[3]
                         net (fo=1, routed)           0.000    13.100    VexRiscv/IBusCachedPlugin_cache/execute_to_memory_REGFILE_WRITE_DATA[12]_i_2[0]
    SLICE_X44Y48         CARRY4 (Prop_carry4_CI_CO[3])
                                                      0.114    13.214 r  VexRiscv/IBusCachedPlugin_cache/execute_to_memory_REGFILE_WRITE_DATA_reg[15]_i_4/CO[3]
                         net (fo=1, routed)           0.000    13.214    VexRiscv/IBusCachedPlugin_cache/execute_to_memory_REGFILE_WRITE_DATA_reg[15]_i_4_n_0
    SLICE_X44Y49         CARRY4 (Prop_carry4_CI_CO[3])
                                                      0.114    13.328 r  VexRiscv/IBusCachedPlugin_cache/execute_to_memory_REGFILE_WRITE_DATA_reg[19]_i_4/CO[3]
                         net (fo=1, routed)           0.001    13.329    VexRiscv/IBusCachedPlugin_cache/execute_to_memory_REGFILE_WRITE_DATA_reg[19]_i_4_n_0
    SLICE_X44Y50         CARRY4 (Prop_carry4_CI_CO[3])
                                                      0.114    13.443 r  VexRiscv/IBusCachedPlugin_cache/execute_to_memory_REGFILE_WRITE_DATA_reg[23]_i_4/CO[3]
                         net (fo=1, routed)           0.000    13.443    VexRiscv/IBusCachedPlugin_cache/execute_to_memory_REGFILE_WRITE_DATA_reg[23]_i_4_n_0
    SLICE_X44Y51         CARRY4 (Prop_carry4_CI_CO[3])
                                                      0.114    13.557 r  VexRiscv/IBusCachedPlugin_cache/execute_to_memory_REGFILE_WRITE_DATA_reg[27]_i_4/CO[3]
                         net (fo=1, routed)           0.000    13.557    VexRiscv/IBusCachedPlugin_cache/execute_to_memory_REGFILE_WRITE_DATA_reg[27]_i_4_n_0
    SLICE_X44Y52         CARRY4 (Prop_carry4_CI_O[3])
                                                      0.313    13.870 f  VexRiscv/IBusCachedPlugin_cache/execute_to_memory_REGFILE_WRITE_DATA_reg[31]_i_5/O[3]
                         net (fo=2, routed)           0.476    14.346    VexRiscv/IBusCachedPlugin_cache/_zz_execute_SrcPlugin_addSub[19]
    SLICE_X46Y49         LUT5 (Prop_lut5_I1_O)        0.306    14.652 r  VexRiscv/IBusCachedPlugin_cache/execute_to_memory_REGFILE_WRITE_DATA[0]_i_7/O
                         net (fo=3, routed)           0.689    15.341    VexRiscv/IBusCachedPlugin_cache/decode_to_execute_SRC2_FORCE_ZERO_reg
    SLICE_X48Y45         LUT6 (Prop_lut6_I1_O)        0.124    15.465 r  VexRiscv/IBusCachedPlugin_cache/CsrPlugin_exceptionPortCtrl_exceptionContext_badAddr[1]_i_4/O
                         net (fo=2, routed)           0.173    15.639    VexRiscv/IBusCachedPlugin_cache/decode_to_execute_BRANCH_CTRL_reg[0]
    SLICE_X48Y45         LUT5 (Prop_lut5_I0_O)        0.124    15.763 f  VexRiscv/IBusCachedPlugin_cache/banks_0_reg_i_36/O
                         net (fo=5, routed)           0.765    16.528    VexRiscv/dataCache_1/CsrPlugin_exceptionPortCtrl_exceptionValidsRegs_decode_reg_0
    SLICE_X48Y44         LUT3 (Prop_lut3_I2_O)        0.150    16.678 r  VexRiscv/dataCache_1/banks_0_reg_i_41/O
                         net (fo=30, routed)          0.533    17.211    VexRiscv/IBusCachedPlugin_cache/IBusCachedPlugin_fetchPc_pcReg_reg[31]_2
    SLICE_X49Y44         LUT6 (Prop_lut6_I5_O)        0.326    17.537 f  VexRiscv/IBusCachedPlugin_cache/banks_0_reg_i_18/O
                         net (fo=2, routed)           0.544    18.082    VexRiscv/IBusCachedPlugin_cache/banks_0_reg_i_18_n_0
    SLICE_X56Y45         LUT6 (Prop_lut6_I5_O)        0.124    18.206 r  VexRiscv/IBusCachedPlugin_cache/banks_0_reg_i_4/O
                         net (fo=2, routed)           0.595    18.801    VexRiscv/IBusCachedPlugin_cache/IBusCachedPlugin_iBusRsp_stages_0_input_payload[9]
    RAMB36_X2Y8          RAMB36E1                                     r  VexRiscv/IBusCachedPlugin_cache/banks_0_reg/ADDRBWRADDR[12]
  -------------------------------------------------------------------    -------------------

                         (clock soc_crg_clkout0 rise edge)
                                                     10.000    10.000 r  
    E3                                                0.000    10.000 r  clk100 (IN)
                         net (fo=0)                   0.000    10.000    clk100
    E3                   IBUF (Prop_ibuf_I_O)         1.418    11.418 r  clk100_IBUF_inst/O
                         net (fo=1, routed)           1.862    13.280    clk100_IBUF
    BUFGCTRL_X0Y16       BUFG (Prop_bufg_I_O)         0.091    13.371 r  clk100_IBUF_BUFG_inst/O
                         net (fo=1, routed)           1.911    15.282    clk100_IBUF_BUFG
    SLICE_X65Y37         LUT1 (Prop_lut1_I0_O)        0.100    15.382 r  clk100_inst/O
                         net (fo=9, routed)           0.388    15.771    soc_crg_clkin
    PLLE2_ADV_X1Y0       PLLE2_ADV (Prop_plle2_adv_CLKIN1_CLKOUT0)
                                                      0.083    15.854 r  PLLE2_ADV/CLKOUT0
                         net (fo=1, routed)           1.576    17.430    soc_crg_clkout0
    BUFGCTRL_X0Y0        BUFG (Prop_bufg_I_O)         0.091    17.521 r  BUFG/O
                         net (fo=4280, routed)        1.495    19.016    VexRiscv/IBusCachedPlugin_cache/lineLoader_flushCounter_reg[7]_0
    RAMB36_X2Y8          RAMB36E1                                     r  VexRiscv/IBusCachedPlugin_cache/banks_0_reg/CLKBWRCLK
                         clock pessimism              0.631    19.647    
                         clock uncertainty           -0.057    19.591    
    RAMB36_X2Y8          RAMB36E1 (Setup_ramb36e1_CLKBWRCLK_ADDRBWRADDR[12])
                                                     -0.566    19.025    VexRiscv/IBusCachedPlugin_cache/banks_0_reg
  -------------------------------------------------------------------
                         required time                         19.025    
                         arrival time                         -18.801    
  -------------------------------------------------------------------
                         slack                                  0.224    

Slack (MET) :             0.232ns  (required time - arrival time)
  Source:                 VexRiscv/decode_to_execute_SRC1_CTRL_reg[1]/C
                            (rising edge-triggered cell FDRE clocked by soc_crg_clkout0  {rise@0.000ns fall@5.000ns period=10.000ns})
  Destination:            VexRiscv/IBusCachedPlugin_cache/ways_0_tags_reg/ADDRARDADDR[9]
                            (rising edge-triggered cell RAMB18E1 clocked by soc_crg_clkout0  {rise@0.000ns fall@5.000ns period=10.000ns})
  Path Group:             soc_crg_clkout0
  Path Type:              Setup (Max at Slow Process Corner)
  Requirement:            10.000ns  (soc_crg_clkout0 rise@10.000ns - soc_crg_clkout0 rise@0.000ns)
  Data Path Delay:        9.155ns  (logic 3.129ns (34.178%)  route 6.026ns (65.822%))
  Logic Levels:           15  (CARRY4=8 LUT3=1 LUT4=1 LUT5=2 LUT6=3)
  Clock Path Skew:        0.009ns (DCD - SCD + CPR)
    Destination Clock Delay (DCD):    9.018ns = ( 19.018 - 10.000 ) 
    Source Clock Delay      (SCD):    9.640ns
    Clock Pessimism Removal (CPR):    0.631ns
  Clock Uncertainty:      0.057ns  ((TSJ^2 + DJ^2)^1/2) / 2 + PE
    Total System Jitter     (TSJ):    0.071ns
    Discrete Jitter          (DJ):    0.089ns
    Phase Error              (PE):    0.000ns

    Location             Delay type                Incr(ns)  Path(ns)    Netlist Resource(s)
  -------------------------------------------------------------------    -------------------
                         (clock soc_crg_clkout0 rise edge)
                                                      0.000     0.000 r  
    E3                                                0.000     0.000 r  clk100 (IN)
                         net (fo=0)                   0.000     0.000    clk100
    E3                   IBUF (Prop_ibuf_I_O)         1.489     1.489 r  clk100_IBUF_inst/O
                         net (fo=1, routed)           1.967     3.455    clk100_IBUF
    BUFGCTRL_X0Y16       BUFG (Prop_bufg_I_O)         0.096     3.551 r  clk100_IBUF_BUFG_inst/O
                         net (fo=1, routed)           2.126     5.678    clk100_IBUF_BUFG
    SLICE_X65Y37         LUT1 (Prop_lut1_I0_O)        0.124     5.802 r  clk100_inst/O
                         net (fo=9, routed)           0.431     6.233    soc_crg_clkin
    PLLE2_ADV_X1Y0       PLLE2_ADV (Prop_plle2_adv_CLKIN1_CLKOUT0)
                                                      0.088     6.321 r  PLLE2_ADV/CLKOUT0
                         net (fo=1, routed)           1.655     7.976    soc_crg_clkout0
    BUFGCTRL_X0Y0        BUFG (Prop_bufg_I_O)         0.096     8.072 r  BUFG/O
                         net (fo=4280, routed)        1.567     9.640    VexRiscv/stageB_flusher_counter_reg[0]
    SLICE_X43Y47         FDRE                                         r  VexRiscv/decode_to_execute_SRC1_CTRL_reg[1]/C
  -------------------------------------------------------------------    -------------------
    SLICE_X43Y47         FDRE (Prop_fdre_C_Q)         0.456    10.096 r  VexRiscv/decode_to_execute_SRC1_CTRL_reg[1]/Q
                         net (fo=122, routed)         1.208    11.304    VexRiscv/IBusCachedPlugin_cache/CsrPlugin_misa_base_reg[1][1]
    SLICE_X43Y53         LUT4 (Prop_lut4_I3_O)        0.124    11.428 r  VexRiscv/IBusCachedPlugin_cache/CsrPlugin_mtvec_base[0]_i_2/O
                         net (fo=7, routed)           1.046    12.474    VexRiscv/dataCache_1/ways_0_data_symbol0_reg_2
    SLICE_X44Y45         CARRY4 (Prop_carry4_DI[2]_CO[3])
                                                      0.398    12.872 r  VexRiscv/dataCache_1/ways_0_data_symbol0_reg_i_19/CO[3]
                         net (fo=1, routed)           0.000    12.872    VexRiscv/dataCache_1/ways_0_data_symbol0_reg_i_19_n_0
    SLICE_X44Y46         CARRY4 (Prop_carry4_CI_CO[3])
                                                      0.114    12.986 r  VexRiscv/dataCache_1/ways_0_tags_reg_i_21/CO[3]
                         net (fo=1, routed)           0.000    12.986    VexRiscv/dataCache_1/ways_0_tags_reg_i_21_n_0
    SLICE_X44Y47         CARRY4 (Prop_carry4_CI_CO[3])
                                                      0.114    13.100 r  VexRiscv/dataCache_1/ways_0_tags_reg_i_20/CO[3]
                         net (fo=1, routed)           0.000    13.100    VexRiscv/IBusCachedPlugin_cache/execute_to_memory_REGFILE_WRITE_DATA[12]_i_2[0]
    SLICE_X44Y48         CARRY4 (Prop_carry4_CI_CO[3])
                                                      0.114    13.214 r  VexRiscv/IBusCachedPlugin_cache/execute_to_memory_REGFILE_WRITE_DATA_reg[15]_i_4/CO[3]
                         net (fo=1, routed)           0.000    13.214    VexRiscv/IBusCachedPlugin_cache/execute_to_memory_REGFILE_WRITE_DATA_reg[15]_i_4_n_0
    SLICE_X44Y49         CARRY4 (Prop_carry4_CI_CO[3])
                                                      0.114    13.328 r  VexRiscv/IBusCachedPlugin_cache/execute_to_memory_REGFILE_WRITE_DATA_reg[19]_i_4/CO[3]
                         net (fo=1, routed)           0.001    13.329    VexRiscv/IBusCachedPlugin_cache/execute_to_memory_REGFILE_WRITE_DATA_reg[19]_i_4_n_0
    SLICE_X44Y50         CARRY4 (Prop_carry4_CI_CO[3])
                                                      0.114    13.443 r  VexRiscv/IBusCachedPlugin_cache/execute_to_memory_REGFILE_WRITE_DATA_reg[23]_i_4/CO[3]
                         net (fo=1, routed)           0.000    13.443    VexRiscv/IBusCachedPlugin_cache/execute_to_memory_REGFILE_WRITE_DATA_reg[23]_i_4_n_0
    SLICE_X44Y51         CARRY4 (Prop_carry4_CI_CO[3])
                                                      0.114    13.557 r  VexRiscv/IBusCachedPlugin_cache/execute_to_memory_REGFILE_WRITE_DATA_reg[27]_i_4/CO[3]
                         net (fo=1, routed)           0.000    13.557    VexRiscv/IBusCachedPlugin_cache/execute_to_memory_REGFILE_WRITE_DATA_reg[27]_i_4_n_0
    SLICE_X44Y52         CARRY4 (Prop_carry4_CI_O[3])
                                                      0.313    13.870 f  VexRiscv/IBusCachedPlugin_cache/execute_to_memory_REGFILE_WRITE_DATA_reg[31]_i_5/O[3]
                         net (fo=2, routed)           0.476    14.346    VexRiscv/IBusCachedPlugin_cache/_zz_execute_SrcPlugin_addSub[19]
    SLICE_X46Y49         LUT5 (Prop_lut5_I1_O)        0.306    14.652 r  VexRiscv/IBusCachedPlugin_cache/execute_to_memory_REGFILE_WRITE_DATA[0]_i_7/O
                         net (fo=3, routed)           0.689    15.341    VexRiscv/IBusCachedPlugin_cache/decode_to_execute_SRC2_FORCE_ZERO_reg
    SLICE_X48Y45         LUT6 (Prop_lut6_I1_O)        0.124    15.465 r  VexRiscv/IBusCachedPlugin_cache/CsrPlugin_exceptionPortCtrl_exceptionContext_badAddr[1]_i_4/O
                         net (fo=2, routed)           0.173    15.639    VexRiscv/IBusCachedPlugin_cache/decode_to_execute_BRANCH_CTRL_reg[0]
    SLICE_X48Y45         LUT5 (Prop_lut5_I0_O)        0.124    15.763 f  VexRiscv/IBusCachedPlugin_cache/banks_0_reg_i_36/O
                         net (fo=5, routed)           0.765    16.528    VexRiscv/dataCache_1/CsrPlugin_exceptionPortCtrl_exceptionValidsRegs_decode_reg_0
    SLICE_X48Y44         LUT3 (Prop_lut3_I2_O)        0.150    16.678 r  VexRiscv/dataCache_1/banks_0_reg_i_41/O
                         net (fo=30, routed)          0.533    17.211    VexRiscv/IBusCachedPlugin_cache/IBusCachedPlugin_fetchPc_pcReg_reg[31]_2
    SLICE_X49Y44         LUT6 (Prop_lut6_I5_O)        0.326    17.537 f  VexRiscv/IBusCachedPlugin_cache/banks_0_reg_i_18/O
                         net (fo=2, routed)           0.544    18.082    VexRiscv/IBusCachedPlugin_cache/banks_0_reg_i_18_n_0
    SLICE_X56Y45         LUT6 (Prop_lut6_I5_O)        0.124    18.206 r  VexRiscv/IBusCachedPlugin_cache/banks_0_reg_i_4/O
                         net (fo=2, routed)           0.589    18.795    VexRiscv/IBusCachedPlugin_cache/IBusCachedPlugin_iBusRsp_stages_0_input_payload[9]
    RAMB18_X2Y18         RAMB18E1                                     r  VexRiscv/IBusCachedPlugin_cache/ways_0_tags_reg/ADDRARDADDR[9]
  -------------------------------------------------------------------    -------------------

                         (clock soc_crg_clkout0 rise edge)
                                                     10.000    10.000 r  
    E3                                                0.000    10.000 r  clk100 (IN)
                         net (fo=0)                   0.000    10.000    clk100
    E3                   IBUF (Prop_ibuf_I_O)         1.418    11.418 r  clk100_IBUF_inst/O
                         net (fo=1, routed)           1.862    13.280    clk100_IBUF
    BUFGCTRL_X0Y16       BUFG (Prop_bufg_I_O)         0.091    13.371 r  clk100_IBUF_BUFG_inst/O
                         net (fo=1, routed)           1.911    15.282    clk100_IBUF_BUFG
    SLICE_X65Y37         LUT1 (Prop_lut1_I0_O)        0.100    15.382 r  clk100_inst/O
                         net (fo=9, routed)           0.388    15.771    soc_crg_clkin
    PLLE2_ADV_X1Y0       PLLE2_ADV (Prop_plle2_adv_CLKIN1_CLKOUT0)
                                                      0.083    15.854 r  PLLE2_ADV/CLKOUT0
                         net (fo=1, routed)           1.576    17.430    soc_crg_clkout0
    BUFGCTRL_X0Y0        BUFG (Prop_bufg_I_O)         0.091    17.521 r  BUFG/O
                         net (fo=4280, routed)        1.497    19.018    VexRiscv/IBusCachedPlugin_cache/lineLoader_flushCounter_reg[7]_0
    RAMB18_X2Y18         RAMB18E1                                     r  VexRiscv/IBusCachedPlugin_cache/ways_0_tags_reg/CLKARDCLK
                         clock pessimism              0.631    19.649    
                         clock uncertainty           -0.057    19.593    
    RAMB18_X2Y18         RAMB18E1 (Setup_ramb18e1_CLKARDCLK_ADDRARDADDR[9])
                                                     -0.566    19.027    VexRiscv/IBusCachedPlugin_cache/ways_0_tags_reg
  -------------------------------------------------------------------
                         required time                         19.027    
                         arrival time                         -18.795    
  -------------------------------------------------------------------
                         slack                                  0.232    

Slack (MET) :             0.235ns  (required time - arrival time)
  Source:                 VexRiscv/decode_to_execute_SRC1_CTRL_reg[1]/C
                            (rising edge-triggered cell FDRE clocked by soc_crg_clkout0  {rise@0.000ns fall@5.000ns period=10.000ns})
  Destination:            VexRiscv/IBusCachedPlugin_cache/banks_0_reg/ADDRBWRADDR[9]
                            (rising edge-triggered cell RAMB36E1 clocked by soc_crg_clkout0  {rise@0.000ns fall@5.000ns period=10.000ns})
  Path Group:             soc_crg_clkout0
  Path Type:              Setup (Max at Slow Process Corner)
  Requirement:            10.000ns  (soc_crg_clkout0 rise@10.000ns - soc_crg_clkout0 rise@0.000ns)
  Data Path Delay:        9.150ns  (logic 3.129ns (34.197%)  route 6.021ns (65.803%))
  Logic Levels:           15  (CARRY4=8 LUT3=1 LUT4=1 LUT5=2 LUT6=3)
  Clock Path Skew:        0.007ns (DCD - SCD + CPR)
    Destination Clock Delay (DCD):    9.016ns = ( 19.016 - 10.000 ) 
    Source Clock Delay      (SCD):    9.640ns
    Clock Pessimism Removal (CPR):    0.631ns
  Clock Uncertainty:      0.057ns  ((TSJ^2 + DJ^2)^1/2) / 2 + PE
    Total System Jitter     (TSJ):    0.071ns
    Discrete Jitter          (DJ):    0.089ns
    Phase Error              (PE):    0.000ns

    Location             Delay type                Incr(ns)  Path(ns)    Netlist Resource(s)
  -------------------------------------------------------------------    -------------------
                         (clock soc_crg_clkout0 rise edge)
                                                      0.000     0.000 r  
    E3                                                0.000     0.000 r  clk100 (IN)
                         net (fo=0)                   0.000     0.000    clk100
    E3                   IBUF (Prop_ibuf_I_O)         1.489     1.489 r  clk100_IBUF_inst/O
                         net (fo=1, routed)           1.967     3.455    clk100_IBUF
    BUFGCTRL_X0Y16       BUFG (Prop_bufg_I_O)         0.096     3.551 r  clk100_IBUF_BUFG_inst/O
                         net (fo=1, routed)           2.126     5.678    clk100_IBUF_BUFG
    SLICE_X65Y37         LUT1 (Prop_lut1_I0_O)        0.124     5.802 r  clk100_inst/O
                         net (fo=9, routed)           0.431     6.233    soc_crg_clkin
    PLLE2_ADV_X1Y0       PLLE2_ADV (Prop_plle2_adv_CLKIN1_CLKOUT0)
                                                      0.088     6.321 r  PLLE2_ADV/CLKOUT0
                         net (fo=1, routed)           1.655     7.976    soc_crg_clkout0
    BUFGCTRL_X0Y0        BUFG (Prop_bufg_I_O)         0.096     8.072 r  BUFG/O
                         net (fo=4280, routed)        1.567     9.640    VexRiscv/stageB_flusher_counter_reg[0]
    SLICE_X43Y47         FDRE                                         r  VexRiscv/decode_to_execute_SRC1_CTRL_reg[1]/C
  -------------------------------------------------------------------    -------------------
    SLICE_X43Y47         FDRE (Prop_fdre_C_Q)         0.456    10.096 r  VexRiscv/decode_to_execute_SRC1_CTRL_reg[1]/Q
                         net (fo=122, routed)         1.208    11.304    VexRiscv/IBusCachedPlugin_cache/CsrPlugin_misa_base_reg[1][1]
    SLICE_X43Y53         LUT4 (Prop_lut4_I3_O)        0.124    11.428 r  VexRiscv/IBusCachedPlugin_cache/CsrPlugin_mtvec_base[0]_i_2/O
                         net (fo=7, routed)           1.046    12.474    VexRiscv/dataCache_1/ways_0_data_symbol0_reg_2
    SLICE_X44Y45         CARRY4 (Prop_carry4_DI[2]_CO[3])
                                                      0.398    12.872 r  VexRiscv/dataCache_1/ways_0_data_symbol0_reg_i_19/CO[3]
                         net (fo=1, routed)           0.000    12.872    VexRiscv/dataCache_1/ways_0_data_symbol0_reg_i_19_n_0
    SLICE_X44Y46         CARRY4 (Prop_carry4_CI_CO[3])
                                                      0.114    12.986 r  VexRiscv/dataCache_1/ways_0_tags_reg_i_21/CO[3]
                         net (fo=1, routed)           0.000    12.986    VexRiscv/dataCache_1/ways_0_tags_reg_i_21_n_0
    SLICE_X44Y47         CARRY4 (Prop_carry4_CI_CO[3])
                                                      0.114    13.100 r  VexRiscv/dataCache_1/ways_0_tags_reg_i_20/CO[3]
                         net (fo=1, routed)           0.000    13.100    VexRiscv/IBusCachedPlugin_cache/execute_to_memory_REGFILE_WRITE_DATA[12]_i_2[0]
    SLICE_X44Y48         CARRY4 (Prop_carry4_CI_CO[3])
                                                      0.114    13.214 r  VexRiscv/IBusCachedPlugin_cache/execute_to_memory_REGFILE_WRITE_DATA_reg[15]_i_4/CO[3]
                         net (fo=1, routed)           0.000    13.214    VexRiscv/IBusCachedPlugin_cache/execute_to_memory_REGFILE_WRITE_DATA_reg[15]_i_4_n_0
    SLICE_X44Y49         CARRY4 (Prop_carry4_CI_CO[3])
                                                      0.114    13.328 r  VexRiscv/IBusCachedPlugin_cache/execute_to_memory_REGFILE_WRITE_DATA_reg[19]_i_4/CO[3]
                         net (fo=1, routed)           0.001    13.329    VexRiscv/IBusCachedPlugin_cache/execute_to_memory_REGFILE_WRITE_DATA_reg[19]_i_4_n_0
    SLICE_X44Y50         CARRY4 (Prop_carry4_CI_CO[3])
                                                      0.114    13.443 r  VexRiscv/IBusCachedPlugin_cache/execute_to_memory_REGFILE_WRITE_DATA_reg[23]_i_4/CO[3]
                         net (fo=1, routed)           0.000    13.443    VexRiscv/IBusCachedPlugin_cache/execute_to_memory_REGFILE_WRITE_DATA_reg[23]_i_4_n_0
    SLICE_X44Y51         CARRY4 (Prop_carry4_CI_CO[3])
                                                      0.114    13.557 r  VexRiscv/IBusCachedPlugin_cache/execute_to_memory_REGFILE_WRITE_DATA_reg[27]_i_4/CO[3]
                         net (fo=1, routed)           0.000    13.557    VexRiscv/IBusCachedPlugin_cache/execute_to_memory_REGFILE_WRITE_DATA_reg[27]_i_4_n_0
    SLICE_X44Y52         CARRY4 (Prop_carry4_CI_O[3])
                                                      0.313    13.870 f  VexRiscv/IBusCachedPlugin_cache/execute_to_memory_REGFILE_WRITE_DATA_reg[31]_i_5/O[3]
                         net (fo=2, routed)           0.476    14.346    VexRiscv/IBusCachedPlugin_cache/_zz_execute_SrcPlugin_addSub[19]
    SLICE_X46Y49         LUT5 (Prop_lut5_I1_O)        0.306    14.652 r  VexRiscv/IBusCachedPlugin_cache/execute_to_memory_REGFILE_WRITE_DATA[0]_i_7/O
                         net (fo=3, routed)           0.689    15.341    VexRiscv/IBusCachedPlugin_cache/decode_to_execute_SRC2_FORCE_ZERO_reg
    SLICE_X48Y45         LUT6 (Prop_lut6_I1_O)        0.124    15.465 r  VexRiscv/IBusCachedPlugin_cache/CsrPlugin_exceptionPortCtrl_exceptionContext_badAddr[1]_i_4/O
                         net (fo=2, routed)           0.173    15.639    VexRiscv/IBusCachedPlugin_cache/decode_to_execute_BRANCH_CTRL_reg[0]
    SLICE_X48Y45         LUT5 (Prop_lut5_I0_O)        0.124    15.763 f  VexRiscv/IBusCachedPlugin_cache/banks_0_reg_i_36/O
                         net (fo=5, routed)           0.765    16.528    VexRiscv/dataCache_1/CsrPlugin_exceptionPortCtrl_exceptionValidsRegs_decode_reg_0
    SLICE_X48Y44         LUT3 (Prop_lut3_I2_O)        0.150    16.678 r  VexRiscv/dataCache_1/banks_0_reg_i_41/O
                         net (fo=30, routed)          0.738    17.416    VexRiscv/IBusCachedPlugin_cache/IBusCachedPlugin_fetchPc_pcReg_reg[31]_2
    SLICE_X55Y45         LUT6 (Prop_lut6_I5_O)        0.326    17.742 f  VexRiscv/IBusCachedPlugin_cache/banks_0_reg_i_22/O
                         net (fo=2, routed)           0.324    18.066    VexRiscv/IBusCachedPlugin_cache/banks_0_reg_i_22_n_0
    SLICE_X56Y45         LUT6 (Prop_lut6_I5_O)        0.124    18.190 r  VexRiscv/IBusCachedPlugin_cache/banks_0_reg_i_7/O
                         net (fo=2, routed)           0.600    18.790    VexRiscv/IBusCachedPlugin_cache/IBusCachedPlugin_iBusRsp_stages_0_input_payload[6]
    RAMB36_X2Y8          RAMB36E1                                     r  VexRiscv/IBusCachedPlugin_cache/banks_0_reg/ADDRBWRADDR[9]
  -------------------------------------------------------------------    -------------------

                         (clock soc_crg_clkout0 rise edge)
                                                     10.000    10.000 r  
    E3                                                0.000    10.000 r  clk100 (IN)
                         net (fo=0)                   0.000    10.000    clk100
    E3                   IBUF (Prop_ibuf_I_O)         1.418    11.418 r  clk100_IBUF_inst/O
                         net (fo=1, routed)           1.862    13.280    clk100_IBUF
    BUFGCTRL_X0Y16       BUFG (Prop_bufg_I_O)         0.091    13.371 r  clk100_IBUF_BUFG_inst/O
                         net (fo=1, routed)           1.911    15.282    clk100_IBUF_BUFG
    SLICE_X65Y37         LUT1 (Prop_lut1_I0_O)        0.100    15.382 r  clk100_inst/O
                         net (fo=9, routed)           0.388    15.771    soc_crg_clkin
    PLLE2_ADV_X1Y0       PLLE2_ADV (Prop_plle2_adv_CLKIN1_CLKOUT0)
                                                      0.083    15.854 r  PLLE2_ADV/CLKOUT0
                         net (fo=1, routed)           1.576    17.430    soc_crg_clkout0
    BUFGCTRL_X0Y0        BUFG (Prop_bufg_I_O)         0.091    17.521 r  BUFG/O
                         net (fo=4280, routed)        1.495    19.016    VexRiscv/IBusCachedPlugin_cache/lineLoader_flushCounter_reg[7]_0
    RAMB36_X2Y8          RAMB36E1                                     r  VexRiscv/IBusCachedPlugin_cache/banks_0_reg/CLKBWRCLK
                         clock pessimism              0.631    19.647    
                         clock uncertainty           -0.057    19.591    
    RAMB36_X2Y8          RAMB36E1 (Setup_ramb36e1_CLKBWRCLK_ADDRBWRADDR[9])
                                                     -0.566    19.025    VexRiscv/IBusCachedPlugin_cache/banks_0_reg
  -------------------------------------------------------------------
                         required time                         19.025    
                         arrival time                         -18.790    
  -------------------------------------------------------------------
                         slack                                  0.235    

Slack (MET) :             0.238ns  (required time - arrival time)
  Source:                 VexRiscv/decode_to_execute_SRC1_CTRL_reg[1]/C
                            (rising edge-triggered cell FDRE clocked by soc_crg_clkout0  {rise@0.000ns fall@5.000ns period=10.000ns})
  Destination:            VexRiscv/IBusCachedPlugin_cache/ways_0_tags_reg/ADDRARDADDR[6]
                            (rising edge-triggered cell RAMB18E1 clocked by soc_crg_clkout0  {rise@0.000ns fall@5.000ns period=10.000ns})
  Path Group:             soc_crg_clkout0
  Path Type:              Setup (Max at Slow Process Corner)
  Requirement:            10.000ns  (soc_crg_clkout0 rise@10.000ns - soc_crg_clkout0 rise@0.000ns)
  Data Path Delay:        9.149ns  (logic 3.129ns (34.201%)  route 6.020ns (65.799%))
  Logic Levels:           15  (CARRY4=8 LUT3=1 LUT4=1 LUT5=2 LUT6=3)
  Clock Path Skew:        0.009ns (DCD - SCD + CPR)
    Destination Clock Delay (DCD):    9.018ns = ( 19.018 - 10.000 ) 
    Source Clock Delay      (SCD):    9.640ns
    Clock Pessimism Removal (CPR):    0.631ns
  Clock Uncertainty:      0.057ns  ((TSJ^2 + DJ^2)^1/2) / 2 + PE
    Total System Jitter     (TSJ):    0.071ns
    Discrete Jitter          (DJ):    0.089ns
    Phase Error              (PE):    0.000ns

    Location             Delay type                Incr(ns)  Path(ns)    Netlist Resource(s)
  -------------------------------------------------------------------    -------------------
                         (clock soc_crg_clkout0 rise edge)
                                                      0.000     0.000 r  
    E3                                                0.000     0.000 r  clk100 (IN)
                         net (fo=0)                   0.000     0.000    clk100
    E3                   IBUF (Prop_ibuf_I_O)         1.489     1.489 r  clk100_IBUF_inst/O
                         net (fo=1, routed)           1.967     3.455    clk100_IBUF
    BUFGCTRL_X0Y16       BUFG (Prop_bufg_I_O)         0.096     3.551 r  clk100_IBUF_BUFG_inst/O
                         net (fo=1, routed)           2.126     5.678    clk100_IBUF_BUFG
    SLICE_X65Y37         LUT1 (Prop_lut1_I0_O)        0.124     5.802 r  clk100_inst/O
                         net (fo=9, routed)           0.431     6.233    soc_crg_clkin
    PLLE2_ADV_X1Y0       PLLE2_ADV (Prop_plle2_adv_CLKIN1_CLKOUT0)
                                                      0.088     6.321 r  PLLE2_ADV/CLKOUT0
                         net (fo=1, routed)           1.655     7.976    soc_crg_clkout0
    BUFGCTRL_X0Y0        BUFG (Prop_bufg_I_O)         0.096     8.072 r  BUFG/O
                         net (fo=4280, routed)        1.567     9.640    VexRiscv/stageB_flusher_counter_reg[0]
    SLICE_X43Y47         FDRE                                         r  VexRiscv/decode_to_execute_SRC1_CTRL_reg[1]/C
  -------------------------------------------------------------------    -------------------
    SLICE_X43Y47         FDRE (Prop_fdre_C_Q)         0.456    10.096 r  VexRiscv/decode_to_execute_SRC1_CTRL_reg[1]/Q
                         net (fo=122, routed)         1.208    11.304    VexRiscv/IBusCachedPlugin_cache/CsrPlugin_misa_base_reg[1][1]
    SLICE_X43Y53         LUT4 (Prop_lut4_I3_O)        0.124    11.428 r  VexRiscv/IBusCachedPlugin_cache/CsrPlugin_mtvec_base[0]_i_2/O
                         net (fo=7, routed)           1.046    12.474    VexRiscv/dataCache_1/ways_0_data_symbol0_reg_2
    SLICE_X44Y45         CARRY4 (Prop_carry4_DI[2]_CO[3])
                                                      0.398    12.872 r  VexRiscv/dataCache_1/ways_0_data_symbol0_reg_i_19/CO[3]
                         net (fo=1, routed)           0.000    12.872    VexRiscv/dataCache_1/ways_0_data_symbol0_reg_i_19_n_0
    SLICE_X44Y46         CARRY4 (Prop_carry4_CI_CO[3])
                                                      0.114    12.986 r  VexRiscv/dataCache_1/ways_0_tags_reg_i_21/CO[3]
                         net (fo=1, routed)           0.000    12.986    VexRiscv/dataCache_1/ways_0_tags_reg_i_21_n_0
    SLICE_X44Y47         CARRY4 (Prop_carry4_CI_CO[3])
                                                      0.114    13.100 r  VexRiscv/dataCache_1/ways_0_tags_reg_i_20/CO[3]
                         net (fo=1, routed)           0.000    13.100    VexRiscv/IBusCachedPlugin_cache/execute_to_memory_REGFILE_WRITE_DATA[12]_i_2[0]
    SLICE_X44Y48         CARRY4 (Prop_carry4_CI_CO[3])
                                                      0.114    13.214 r  VexRiscv/IBusCachedPlugin_cache/execute_to_memory_REGFILE_WRITE_DATA_reg[15]_i_4/CO[3]
                         net (fo=1, routed)           0.000    13.214    VexRiscv/IBusCachedPlugin_cache/execute_to_memory_REGFILE_WRITE_DATA_reg[15]_i_4_n_0
    SLICE_X44Y49         CARRY4 (Prop_carry4_CI_CO[3])
                                                      0.114    13.328 r  VexRiscv/IBusCachedPlugin_cache/execute_to_memory_REGFILE_WRITE_DATA_reg[19]_i_4/CO[3]
                         net (fo=1, routed)           0.001    13.329    VexRiscv/IBusCachedPlugin_cache/execute_to_memory_REGFILE_WRITE_DATA_reg[19]_i_4_n_0
    SLICE_X44Y50         CARRY4 (Prop_carry4_CI_CO[3])
                                                      0.114    13.443 r  VexRiscv/IBusCachedPlugin_cache/execute_to_memory_REGFILE_WRITE_DATA_reg[23]_i_4/CO[3]
                         net (fo=1, routed)           0.000    13.443    VexRiscv/IBusCachedPlugin_cache/execute_to_memory_REGFILE_WRITE_DATA_reg[23]_i_4_n_0
    SLICE_X44Y51         CARRY4 (Prop_carry4_CI_CO[3])
                                                      0.114    13.557 r  VexRiscv/IBusCachedPlugin_cache/execute_to_memory_REGFILE_WRITE_DATA_reg[27]_i_4/CO[3]
                         net (fo=1, routed)           0.000    13.557    VexRiscv/IBusCachedPlugin_cache/execute_to_memory_REGFILE_WRITE_DATA_reg[27]_i_4_n_0
    SLICE_X44Y52         CARRY4 (Prop_carry4_CI_O[3])
                                                      0.313    13.870 f  VexRiscv/IBusCachedPlugin_cache/execute_to_memory_REGFILE_WRITE_DATA_reg[31]_i_5/O[3]
                         net (fo=2, routed)           0.476    14.346    VexRiscv/IBusCachedPlugin_cache/_zz_execute_SrcPlugin_addSub[19]
    SLICE_X46Y49         LUT5 (Prop_lut5_I1_O)        0.306    14.652 r  VexRiscv/IBusCachedPlugin_cache/execute_to_memory_REGFILE_WRITE_DATA[0]_i_7/O
                         net (fo=3, routed)           0.689    15.341    VexRiscv/IBusCachedPlugin_cache/decode_to_execute_SRC2_FORCE_ZERO_reg
    SLICE_X48Y45         LUT6 (Prop_lut6_I1_O)        0.124    15.465 r  VexRiscv/IBusCachedPlugin_cache/CsrPlugin_exceptionPortCtrl_exceptionContext_badAddr[1]_i_4/O
                         net (fo=2, routed)           0.173    15.639    VexRiscv/IBusCachedPlugin_cache/decode_to_execute_BRANCH_CTRL_reg[0]
    SLICE_X48Y45         LUT5 (Prop_lut5_I0_O)        0.124    15.763 f  VexRiscv/IBusCachedPlugin_cache/banks_0_reg_i_36/O
                         net (fo=5, routed)           0.765    16.528    VexRiscv/dataCache_1/CsrPlugin_exceptionPortCtrl_exceptionValidsRegs_decode_reg_0
    SLICE_X48Y44         LUT3 (Prop_lut3_I2_O)        0.150    16.678 r  VexRiscv/dataCache_1/banks_0_reg_i_41/O
                         net (fo=30, routed)          0.738    17.416    VexRiscv/IBusCachedPlugin_cache/IBusCachedPlugin_fetchPc_pcReg_reg[31]_2
    SLICE_X55Y45         LUT6 (Prop_lut6_I5_O)        0.326    17.742 f  VexRiscv/IBusCachedPlugin_cache/banks_0_reg_i_22/O
                         net (fo=2, routed)           0.324    18.066    VexRiscv/IBusCachedPlugin_cache/banks_0_reg_i_22_n_0
    SLICE_X56Y45         LUT6 (Prop_lut6_I5_O)        0.124    18.190 r  VexRiscv/IBusCachedPlugin_cache/banks_0_reg_i_7/O
                         net (fo=2, routed)           0.599    18.789    VexRiscv/IBusCachedPlugin_cache/IBusCachedPlugin_iBusRsp_stages_0_input_payload[6]
    RAMB18_X2Y18         RAMB18E1                                     r  VexRiscv/IBusCachedPlugin_cache/ways_0_tags_reg/ADDRARDADDR[6]
  -------------------------------------------------------------------    -------------------

                         (clock soc_crg_clkout0 rise edge)
                                                     10.000    10.000 r  
    E3                                                0.000    10.000 r  clk100 (IN)
                         net (fo=0)                   0.000    10.000    clk100
    E3                   IBUF (Prop_ibuf_I_O)         1.418    11.418 r  clk100_IBUF_inst/O
                         net (fo=1, routed)           1.862    13.280    clk100_IBUF
    BUFGCTRL_X0Y16       BUFG (Prop_bufg_I_O)         0.091    13.371 r  clk100_IBUF_BUFG_inst/O
                         net (fo=1, routed)           1.911    15.282    clk100_IBUF_BUFG
    SLICE_X65Y37         LUT1 (Prop_lut1_I0_O)        0.100    15.382 r  clk100_inst/O
                         net (fo=9, routed)           0.388    15.771    soc_crg_clkin
    PLLE2_ADV_X1Y0       PLLE2_ADV (Prop_plle2_adv_CLKIN1_CLKOUT0)
                                                      0.083    15.854 r  PLLE2_ADV/CLKOUT0
                         net (fo=1, routed)           1.576    17.430    soc_crg_clkout0
    BUFGCTRL_X0Y0        BUFG (Prop_bufg_I_O)         0.091    17.521 r  BUFG/O
                         net (fo=4280, routed)        1.497    19.018    VexRiscv/IBusCachedPlugin_cache/lineLoader_flushCounter_reg[7]_0
    RAMB18_X2Y18         RAMB18E1                                     r  VexRiscv/IBusCachedPlugin_cache/ways_0_tags_reg/CLKARDCLK
                         clock pessimism              0.631    19.649    
                         clock uncertainty           -0.057    19.593    
    RAMB18_X2Y18         RAMB18E1 (Setup_ramb18e1_CLKARDCLK_ADDRARDADDR[6])
                                                     -0.566    19.027    VexRiscv/IBusCachedPlugin_cache/ways_0_tags_reg
  -------------------------------------------------------------------
                         required time                         19.027    
                         arrival time                         -18.789    
  -------------------------------------------------------------------
                         slack                                  0.238    

Slack (MET) :             0.240ns  (required time - arrival time)
  Source:                 VexRiscv/decode_to_execute_SRC1_CTRL_reg[1]/C
                            (rising edge-triggered cell FDRE clocked by soc_crg_clkout0  {rise@0.000ns fall@5.000ns period=10.000ns})
  Destination:            VexRiscv/IBusCachedPlugin_cache/ways_0_tags_reg/ADDRARDADDR[7]
                            (rising edge-triggered cell RAMB18E1 clocked by soc_crg_clkout0  {rise@0.000ns fall@5.000ns period=10.000ns})
  Path Group:             soc_crg_clkout0
  Path Type:              Setup (Max at Slow Process Corner)
  Requirement:            10.000ns  (soc_crg_clkout0 rise@10.000ns - soc_crg_clkout0 rise@0.000ns)
  Data Path Delay:        9.147ns  (logic 3.129ns (34.207%)  route 6.018ns (65.793%))
  Logic Levels:           15  (CARRY4=8 LUT3=1 LUT4=1 LUT5=2 LUT6=3)
  Clock Path Skew:        0.009ns (DCD - SCD + CPR)
    Destination Clock Delay (DCD):    9.018ns = ( 19.018 - 10.000 ) 
    Source Clock Delay      (SCD):    9.640ns
    Clock Pessimism Removal (CPR):    0.631ns
  Clock Uncertainty:      0.057ns  ((TSJ^2 + DJ^2)^1/2) / 2 + PE
    Total System Jitter     (TSJ):    0.071ns
    Discrete Jitter          (DJ):    0.089ns
    Phase Error              (PE):    0.000ns

    Location             Delay type                Incr(ns)  Path(ns)    Netlist Resource(s)
  -------------------------------------------------------------------    -------------------
                         (clock soc_crg_clkout0 rise edge)
                                                      0.000     0.000 r  
    E3                                                0.000     0.000 r  clk100 (IN)
                         net (fo=0)                   0.000     0.000    clk100
    E3                   IBUF (Prop_ibuf_I_O)         1.489     1.489 r  clk100_IBUF_inst/O
                         net (fo=1, routed)           1.967     3.455    clk100_IBUF
    BUFGCTRL_X0Y16       BUFG (Prop_bufg_I_O)         0.096     3.551 r  clk100_IBUF_BUFG_inst/O
                         net (fo=1, routed)           2.126     5.678    clk100_IBUF_BUFG
    SLICE_X65Y37         LUT1 (Prop_lut1_I0_O)        0.124     5.802 r  clk100_inst/O
                         net (fo=9, routed)           0.431     6.233    soc_crg_clkin
    PLLE2_ADV_X1Y0       PLLE2_ADV (Prop_plle2_adv_CLKIN1_CLKOUT0)
                                                      0.088     6.321 r  PLLE2_ADV/CLKOUT0
                         net (fo=1, routed)           1.655     7.976    soc_crg_clkout0
    BUFGCTRL_X0Y0        BUFG (Prop_bufg_I_O)         0.096     8.072 r  BUFG/O
                         net (fo=4280, routed)        1.567     9.640    VexRiscv/stageB_flusher_counter_reg[0]
    SLICE_X43Y47         FDRE                                         r  VexRiscv/decode_to_execute_SRC1_CTRL_reg[1]/C
  -------------------------------------------------------------------    -------------------
    SLICE_X43Y47         FDRE (Prop_fdre_C_Q)         0.456    10.096 r  VexRiscv/decode_to_execute_SRC1_CTRL_reg[1]/Q
                         net (fo=122, routed)         1.208    11.304    VexRiscv/IBusCachedPlugin_cache/CsrPlugin_misa_base_reg[1][1]
    SLICE_X43Y53         LUT4 (Prop_lut4_I3_O)        0.124    11.428 r  VexRiscv/IBusCachedPlugin_cache/CsrPlugin_mtvec_base[0]_i_2/O
                         net (fo=7, routed)           1.046    12.474    VexRiscv/dataCache_1/ways_0_data_symbol0_reg_2
    SLICE_X44Y45         CARRY4 (Prop_carry4_DI[2]_CO[3])
                                                      0.398    12.872 r  VexRiscv/dataCache_1/ways_0_data_symbol0_reg_i_19/CO[3]
                         net (fo=1, routed)           0.000    12.872    VexRiscv/dataCache_1/ways_0_data_symbol0_reg_i_19_n_0
    SLICE_X44Y46         CARRY4 (Prop_carry4_CI_CO[3])
                                                      0.114    12.986 r  VexRiscv/dataCache_1/ways_0_tags_reg_i_21/CO[3]
                         net (fo=1, routed)           0.000    12.986    VexRiscv/dataCache_1/ways_0_tags_reg_i_21_n_0
    SLICE_X44Y47         CARRY4 (Prop_carry4_CI_CO[3])
                                                      0.114    13.100 r  VexRiscv/dataCache_1/ways_0_tags_reg_i_20/CO[3]
                         net (fo=1, routed)           0.000    13.100    VexRiscv/IBusCachedPlugin_cache/execute_to_memory_REGFILE_WRITE_DATA[12]_i_2[0]
    SLICE_X44Y48         CARRY4 (Prop_carry4_CI_CO[3])
                                                      0.114    13.214 r  VexRiscv/IBusCachedPlugin_cache/execute_to_memory_REGFILE_WRITE_DATA_reg[15]_i_4/CO[3]
                         net (fo=1, routed)           0.000    13.214    VexRiscv/IBusCachedPlugin_cache/execute_to_memory_REGFILE_WRITE_DATA_reg[15]_i_4_n_0
    SLICE_X44Y49         CARRY4 (Prop_carry4_CI_CO[3])
                                                      0.114    13.328 r  VexRiscv/IBusCachedPlugin_cache/execute_to_memory_REGFILE_WRITE_DATA_reg[19]_i_4/CO[3]
                         net (fo=1, routed)           0.001    13.329    VexRiscv/IBusCachedPlugin_cache/execute_to_memory_REGFILE_WRITE_DATA_reg[19]_i_4_n_0
    SLICE_X44Y50         CARRY4 (Prop_carry4_CI_CO[3])
                                                      0.114    13.443 r  VexRiscv/IBusCachedPlugin_cache/execute_to_memory_REGFILE_WRITE_DATA_reg[23]_i_4/CO[3]
                         net (fo=1, routed)           0.000    13.443    VexRiscv/IBusCachedPlugin_cache/execute_to_memory_REGFILE_WRITE_DATA_reg[23]_i_4_n_0
    SLICE_X44Y51         CARRY4 (Prop_carry4_CI_CO[3])
                                                      0.114    13.557 r  VexRiscv/IBusCachedPlugin_cache/execute_to_memory_REGFILE_WRITE_DATA_reg[27]_i_4/CO[3]
                         net (fo=1, routed)           0.000    13.557    VexRiscv/IBusCachedPlugin_cache/execute_to_memory_REGFILE_WRITE_DATA_reg[27]_i_4_n_0
    SLICE_X44Y52         CARRY4 (Prop_carry4_CI_O[3])
                                                      0.313    13.870 f  VexRiscv/IBusCachedPlugin_cache/execute_to_memory_REGFILE_WRITE_DATA_reg[31]_i_5/O[3]
                         net (fo=2, routed)           0.476    14.346    VexRiscv/IBusCachedPlugin_cache/_zz_execute_SrcPlugin_addSub[19]
    SLICE_X46Y49         LUT5 (Prop_lut5_I1_O)        0.306    14.652 r  VexRiscv/IBusCachedPlugin_cache/execute_to_memory_REGFILE_WRITE_DATA[0]_i_7/O
                         net (fo=3, routed)           0.689    15.341    VexRiscv/IBusCachedPlugin_cache/decode_to_execute_SRC2_FORCE_ZERO_reg
    SLICE_X48Y45         LUT6 (Prop_lut6_I1_O)        0.124    15.465 r  VexRiscv/IBusCachedPlugin_cache/CsrPlugin_exceptionPortCtrl_exceptionContext_badAddr[1]_i_4/O
                         net (fo=2, routed)           0.173    15.639    VexRiscv/IBusCachedPlugin_cache/decode_to_execute_BRANCH_CTRL_reg[0]
    SLICE_X48Y45         LUT5 (Prop_lut5_I0_O)        0.124    15.763 f  VexRiscv/IBusCachedPlugin_cache/banks_0_reg_i_36/O
                         net (fo=5, routed)           0.765    16.528    VexRiscv/dataCache_1/CsrPlugin_exceptionPortCtrl_exceptionValidsRegs_decode_reg_0
    SLICE_X48Y44         LUT3 (Prop_lut3_I2_O)        0.150    16.678 r  VexRiscv/dataCache_1/banks_0_reg_i_41/O
                         net (fo=30, routed)          0.733    17.411    VexRiscv/IBusCachedPlugin_cache/IBusCachedPlugin_fetchPc_pcReg_reg[31]_2
    SLICE_X55Y43         LUT6 (Prop_lut6_I5_O)        0.326    17.737 f  VexRiscv/IBusCachedPlugin_cache/banks_0_reg_i_21/O
                         net (fo=2, routed)           0.320    18.058    VexRiscv/IBusCachedPlugin_cache/banks_0_reg_i_21_n_0
    SLICE_X56Y43         LUT6 (Prop_lut6_I5_O)        0.124    18.182 r  VexRiscv/IBusCachedPlugin_cache/banks_0_reg_i_6/O
                         net (fo=2, routed)           0.605    18.787    VexRiscv/IBusCachedPlugin_cache/IBusCachedPlugin_iBusRsp_stages_0_input_payload[7]
    RAMB18_X2Y18         RAMB18E1                                     r  VexRiscv/IBusCachedPlugin_cache/ways_0_tags_reg/ADDRARDADDR[7]
  -------------------------------------------------------------------    -------------------

                         (clock soc_crg_clkout0 rise edge)
                                                     10.000    10.000 r  
    E3                                                0.000    10.000 r  clk100 (IN)
                         net (fo=0)                   0.000    10.000    clk100
    E3                   IBUF (Prop_ibuf_I_O)         1.418    11.418 r  clk100_IBUF_inst/O
                         net (fo=1, routed)           1.862    13.280    clk100_IBUF
    BUFGCTRL_X0Y16       BUFG (Prop_bufg_I_O)         0.091    13.371 r  clk100_IBUF_BUFG_inst/O
                         net (fo=1, routed)           1.911    15.282    clk100_IBUF_BUFG
    SLICE_X65Y37         LUT1 (Prop_lut1_I0_O)        0.100    15.382 r  clk100_inst/O
                         net (fo=9, routed)           0.388    15.771    soc_crg_clkin
    PLLE2_ADV_X1Y0       PLLE2_ADV (Prop_plle2_adv_CLKIN1_CLKOUT0)
                                                      0.083    15.854 r  PLLE2_ADV/CLKOUT0
                         net (fo=1, routed)           1.576    17.430    soc_crg_clkout0
    BUFGCTRL_X0Y0        BUFG (Prop_bufg_I_O)         0.091    17.521 r  BUFG/O
                         net (fo=4280, routed)        1.497    19.018    VexRiscv/IBusCachedPlugin_cache/lineLoader_flushCounter_reg[7]_0
    RAMB18_X2Y18         RAMB18E1                                     r  VexRiscv/IBusCachedPlugin_cache/ways_0_tags_reg/CLKARDCLK
                         clock pessimism              0.631    19.649    
                         clock uncertainty           -0.057    19.593    
    RAMB18_X2Y18         RAMB18E1 (Setup_ramb18e1_CLKARDCLK_ADDRARDADDR[7])
                                                     -0.566    19.027    VexRiscv/IBusCachedPlugin_cache/ways_0_tags_reg
  -------------------------------------------------------------------
                         required time                         19.027    
                         arrival time                         -18.787    
  -------------------------------------------------------------------
                         slack                                  0.240    

Slack (MET) :             0.256ns  (required time - arrival time)
  Source:                 VexRiscv/decode_to_execute_SRC1_CTRL_reg[1]/C
                            (rising edge-triggered cell FDRE clocked by soc_crg_clkout0  {rise@0.000ns fall@5.000ns period=10.000ns})
  Destination:            VexRiscv/IBusCachedPlugin_cache/banks_0_reg/ADDRBWRADDR[7]
                            (rising edge-triggered cell RAMB36E1 clocked by soc_crg_clkout0  {rise@0.000ns fall@5.000ns period=10.000ns})
  Path Group:             soc_crg_clkout0
  Path Type:              Setup (Max at Slow Process Corner)
  Requirement:            10.000ns  (soc_crg_clkout0 rise@10.000ns - soc_crg_clkout0 rise@0.000ns)
  Data Path Delay:        9.129ns  (logic 3.129ns (34.275%)  route 6.000ns (65.725%))
  Logic Levels:           15  (CARRY4=8 LUT3=1 LUT4=1 LUT5=2 LUT6=3)
  Clock Path Skew:        0.007ns (DCD - SCD + CPR)
    Destination Clock Delay (DCD):    9.016ns = ( 19.016 - 10.000 ) 
    Source Clock Delay      (SCD):    9.640ns
    Clock Pessimism Removal (CPR):    0.631ns
  Clock Uncertainty:      0.057ns  ((TSJ^2 + DJ^2)^1/2) / 2 + PE
    Total System Jitter     (TSJ):    0.071ns
    Discrete Jitter          (DJ):    0.089ns
    Phase Error              (PE):    0.000ns

    Location             Delay type                Incr(ns)  Path(ns)    Netlist Resource(s)
  -------------------------------------------------------------------    -------------------
                         (clock soc_crg_clkout0 rise edge)
                                                      0.000     0.000 r  
    E3                                                0.000     0.000 r  clk100 (IN)
                         net (fo=0)                   0.000     0.000    clk100
    E3                   IBUF (Prop_ibuf_I_O)         1.489     1.489 r  clk100_IBUF_inst/O
                         net (fo=1, routed)           1.967     3.455    clk100_IBUF
    BUFGCTRL_X0Y16       BUFG (Prop_bufg_I_O)         0.096     3.551 r  clk100_IBUF_BUFG_inst/O
                         net (fo=1, routed)           2.126     5.678    clk100_IBUF_BUFG
    SLICE_X65Y37         LUT1 (Prop_lut1_I0_O)        0.124     5.802 r  clk100_inst/O
                         net (fo=9, routed)           0.431     6.233    soc_crg_clkin
    PLLE2_ADV_X1Y0       PLLE2_ADV (Prop_plle2_adv_CLKIN1_CLKOUT0)
                                                      0.088     6.321 r  PLLE2_ADV/CLKOUT0
                         net (fo=1, routed)           1.655     7.976    soc_crg_clkout0
    BUFGCTRL_X0Y0        BUFG (Prop_bufg_I_O)         0.096     8.072 r  BUFG/O
                         net (fo=4280, routed)        1.567     9.640    VexRiscv/stageB_flusher_counter_reg[0]
    SLICE_X43Y47         FDRE                                         r  VexRiscv/decode_to_execute_SRC1_CTRL_reg[1]/C
  -------------------------------------------------------------------    -------------------
    SLICE_X43Y47         FDRE (Prop_fdre_C_Q)         0.456    10.096 r  VexRiscv/decode_to_execute_SRC1_CTRL_reg[1]/Q
                         net (fo=122, routed)         1.208    11.304    VexRiscv/IBusCachedPlugin_cache/CsrPlugin_misa_base_reg[1][1]
    SLICE_X43Y53         LUT4 (Prop_lut4_I3_O)        0.124    11.428 r  VexRiscv/IBusCachedPlugin_cache/CsrPlugin_mtvec_base[0]_i_2/O
                         net (fo=7, routed)           1.046    12.474    VexRiscv/dataCache_1/ways_0_data_symbol0_reg_2
    SLICE_X44Y45         CARRY4 (Prop_carry4_DI[2]_CO[3])
                                                      0.398    12.872 r  VexRiscv/dataCache_1/ways_0_data_symbol0_reg_i_19/CO[3]
                         net (fo=1, routed)           0.000    12.872    VexRiscv/dataCache_1/ways_0_data_symbol0_reg_i_19_n_0
    SLICE_X44Y46         CARRY4 (Prop_carry4_CI_CO[3])
                                                      0.114    12.986 r  VexRiscv/dataCache_1/ways_0_tags_reg_i_21/CO[3]
                         net (fo=1, routed)           0.000    12.986    VexRiscv/dataCache_1/ways_0_tags_reg_i_21_n_0
    SLICE_X44Y47         CARRY4 (Prop_carry4_CI_CO[3])
                                                      0.114    13.100 r  VexRiscv/dataCache_1/ways_0_tags_reg_i_20/CO[3]
                         net (fo=1, routed)           0.000    13.100    VexRiscv/IBusCachedPlugin_cache/execute_to_memory_REGFILE_WRITE_DATA[12]_i_2[0]
    SLICE_X44Y48         CARRY4 (Prop_carry4_CI_CO[3])
                                                      0.114    13.214 r  VexRiscv/IBusCachedPlugin_cache/execute_to_memory_REGFILE_WRITE_DATA_reg[15]_i_4/CO[3]
                         net (fo=1, routed)           0.000    13.214    VexRiscv/IBusCachedPlugin_cache/execute_to_memory_REGFILE_WRITE_DATA_reg[15]_i_4_n_0
    SLICE_X44Y49         CARRY4 (Prop_carry4_CI_CO[3])
                                                      0.114    13.328 r  VexRiscv/IBusCachedPlugin_cache/execute_to_memory_REGFILE_WRITE_DATA_reg[19]_i_4/CO[3]
                         net (fo=1, routed)           0.001    13.329    VexRiscv/IBusCachedPlugin_cache/execute_to_memory_REGFILE_WRITE_DATA_reg[19]_i_4_n_0
    SLICE_X44Y50         CARRY4 (Prop_carry4_CI_CO[3])
                                                      0.114    13.443 r  VexRiscv/IBusCachedPlugin_cache/execute_to_memory_REGFILE_WRITE_DATA_reg[23]_i_4/CO[3]
                         net (fo=1, routed)           0.000    13.443    VexRiscv/IBusCachedPlugin_cache/execute_to_memory_REGFILE_WRITE_DATA_reg[23]_i_4_n_0
    SLICE_X44Y51         CARRY4 (Prop_carry4_CI_CO[3])
                                                      0.114    13.557 r  VexRiscv/IBusCachedPlugin_cache/execute_to_memory_REGFILE_WRITE_DATA_reg[27]_i_4/CO[3]
                         net (fo=1, routed)           0.000    13.557    VexRiscv/IBusCachedPlugin_cache/execute_to_memory_REGFILE_WRITE_DATA_reg[27]_i_4_n_0
    SLICE_X44Y52         CARRY4 (Prop_carry4_CI_O[3])
                                                      0.313    13.870 f  VexRiscv/IBusCachedPlugin_cache/execute_to_memory_REGFILE_WRITE_DATA_reg[31]_i_5/O[3]
                         net (fo=2, routed)           0.476    14.346    VexRiscv/IBusCachedPlugin_cache/_zz_execute_SrcPlugin_addSub[19]
    SLICE_X46Y49         LUT5 (Prop_lut5_I1_O)        0.306    14.652 r  VexRiscv/IBusCachedPlugin_cache/execute_to_memory_REGFILE_WRITE_DATA[0]_i_7/O
                         net (fo=3, routed)           0.689    15.341    VexRiscv/IBusCachedPlugin_cache/decode_to_execute_SRC2_FORCE_ZERO_reg
    SLICE_X48Y45         LUT6 (Prop_lut6_I1_O)        0.124    15.465 r  VexRiscv/IBusCachedPlugin_cache/CsrPlugin_exceptionPortCtrl_exceptionContext_badAddr[1]_i_4/O
                         net (fo=2, routed)           0.173    15.639    VexRiscv/IBusCachedPlugin_cache/decode_to_execute_BRANCH_CTRL_reg[0]
    SLICE_X48Y45         LUT5 (Prop_lut5_I0_O)        0.124    15.763 f  VexRiscv/IBusCachedPlugin_cache/banks_0_reg_i_36/O
                         net (fo=5, routed)           0.765    16.528    VexRiscv/dataCache_1/CsrPlugin_exceptionPortCtrl_exceptionValidsRegs_decode_reg_0
    SLICE_X48Y44         LUT3 (Prop_lut3_I2_O)        0.150    16.678 r  VexRiscv/dataCache_1/banks_0_reg_i_41/O
                         net (fo=30, routed)          0.730    17.408    VexRiscv/IBusCachedPlugin_cache/IBusCachedPlugin_fetchPc_pcReg_reg[31]_2
    SLICE_X55Y43         LUT6 (Prop_lut6_I5_O)        0.326    17.734 f  VexRiscv/IBusCachedPlugin_cache/banks_0_reg_i_25/O
                         net (fo=2, routed)           0.313    18.047    VexRiscv/IBusCachedPlugin_cache/banks_0_reg_i_25_n_0
    SLICE_X55Y42         LUT6 (Prop_lut6_I5_O)        0.124    18.171 r  VexRiscv/IBusCachedPlugin_cache/banks_0_reg_i_9/O
                         net (fo=1, routed)           0.598    18.769    VexRiscv/IBusCachedPlugin_cache/IBusCachedPlugin_iBusRsp_stages_0_input_payload[4]
    RAMB36_X2Y8          RAMB36E1                                     r  VexRiscv/IBusCachedPlugin_cache/banks_0_reg/ADDRBWRADDR[7]
  -------------------------------------------------------------------    -------------------

                         (clock soc_crg_clkout0 rise edge)
                                                     10.000    10.000 r  
    E3                                                0.000    10.000 r  clk100 (IN)
                         net (fo=0)                   0.000    10.000    clk100
    E3                   IBUF (Prop_ibuf_I_O)         1.418    11.418 r  clk100_IBUF_inst/O
                         net (fo=1, routed)           1.862    13.280    clk100_IBUF
    BUFGCTRL_X0Y16       BUFG (Prop_bufg_I_O)         0.091    13.371 r  clk100_IBUF_BUFG_inst/O
                         net (fo=1, routed)           1.911    15.282    clk100_IBUF_BUFG
    SLICE_X65Y37         LUT1 (Prop_lut1_I0_O)        0.100    15.382 r  clk100_inst/O
                         net (fo=9, routed)           0.388    15.771    soc_crg_clkin
    PLLE2_ADV_X1Y0       PLLE2_ADV (Prop_plle2_adv_CLKIN1_CLKOUT0)
                                                      0.083    15.854 r  PLLE2_ADV/CLKOUT0
                         net (fo=1, routed)           1.576    17.430    soc_crg_clkout0
    BUFGCTRL_X0Y0        BUFG (Prop_bufg_I_O)         0.091    17.521 r  BUFG/O
                         net (fo=4280, routed)        1.495    19.016    VexRiscv/IBusCachedPlugin_cache/lineLoader_flushCounter_reg[7]_0
    RAMB36_X2Y8          RAMB36E1                                     r  VexRiscv/IBusCachedPlugin_cache/banks_0_reg/CLKBWRCLK
                         clock pessimism              0.631    19.647    
                         clock uncertainty           -0.057    19.591    
    RAMB36_X2Y8          RAMB36E1 (Setup_ramb36e1_CLKBWRCLK_ADDRBWRADDR[7])
                                                     -0.566    19.025    VexRiscv/IBusCachedPlugin_cache/banks_0_reg
  -------------------------------------------------------------------
                         required time                         19.025    
                         arrival time                         -18.769    
  -------------------------------------------------------------------
                         slack                                  0.256    

Slack (MET) :             0.275ns  (required time - arrival time)
  Source:                 soc_basesoc_sdram_zqcs_timer_count1_reg[20]/C
                            (rising edge-triggered cell FDSE clocked by soc_crg_clkout0  {rise@0.000ns fall@5.000ns period=10.000ns})
  Destination:            soc_basesoc_sdram_bankmachine3_twtpcon_ready_reg/R
                            (rising edge-triggered cell FDRE clocked by soc_crg_clkout0  {rise@0.000ns fall@5.000ns period=10.000ns})
  Path Group:             soc_crg_clkout0
  Path Type:              Setup (Max at Slow Process Corner)
  Requirement:            10.000ns  (soc_crg_clkout0 rise@10.000ns - soc_crg_clkout0 rise@0.000ns)
  Data Path Delay:        9.131ns  (logic 2.041ns (22.353%)  route 7.090ns (77.647%))
  Logic Levels:           9  (LUT2=1 LUT4=2 LUT5=1 LUT6=4 MUXF7=1)
  Clock Path Skew:        -0.109ns (DCD - SCD + CPR)
    Destination Clock Delay (DCD):    8.966ns = ( 18.966 - 10.000 ) 
    Source Clock Delay      (SCD):    9.707ns
    Clock Pessimism Removal (CPR):    0.631ns
  Clock Uncertainty:      0.057ns  ((TSJ^2 + DJ^2)^1/2) / 2 + PE
    Total System Jitter     (TSJ):    0.071ns
    Discrete Jitter          (DJ):    0.089ns
    Phase Error              (PE):    0.000ns

    Location             Delay type                Incr(ns)  Path(ns)    Netlist Resource(s)
  -------------------------------------------------------------------    -------------------
                         (clock soc_crg_clkout0 rise edge)
                                                      0.000     0.000 r  
    E3                                                0.000     0.000 r  clk100 (IN)
                         net (fo=0)                   0.000     0.000    clk100
    E3                   IBUF (Prop_ibuf_I_O)         1.489     1.489 r  clk100_IBUF_inst/O
                         net (fo=1, routed)           1.967     3.455    clk100_IBUF
    BUFGCTRL_X0Y16       BUFG (Prop_bufg_I_O)         0.096     3.551 r  clk100_IBUF_BUFG_inst/O
                         net (fo=1, routed)           2.126     5.678    clk100_IBUF_BUFG
    SLICE_X65Y37         LUT1 (Prop_lut1_I0_O)        0.124     5.802 r  clk100_inst/O
                         net (fo=9, routed)           0.431     6.233    soc_crg_clkin
    PLLE2_ADV_X1Y0       PLLE2_ADV (Prop_plle2_adv_CLKIN1_CLKOUT0)
                                                      0.088     6.321 r  PLLE2_ADV/CLKOUT0
                         net (fo=1, routed)           1.655     7.976    soc_crg_clkout0
    BUFGCTRL_X0Y0        BUFG (Prop_bufg_I_O)         0.096     8.072 r  BUFG/O
                         net (fo=4280, routed)        1.634     9.707    sys_clk
    SLICE_X63Y12         FDSE                                         r  soc_basesoc_sdram_zqcs_timer_count1_reg[20]/C
  -------------------------------------------------------------------    -------------------
    SLICE_X63Y12         FDSE (Prop_fdse_C_Q)         0.456    10.163 r  soc_basesoc_sdram_zqcs_timer_count1_reg[20]/Q
                         net (fo=2, routed)           0.895    11.057    VexRiscv/IBusCachedPlugin_cache/soc_basesoc_sdram_zqcs_timer_count1_reg[20]
    SLICE_X64Y8          LUT4 (Prop_lut4_I2_O)        0.124    11.181 r  VexRiscv/IBusCachedPlugin_cache/FSM_sequential_soc_builder_basesoc_refresher_state[1]_i_10/O
                         net (fo=2, routed)           0.806    11.987    VexRiscv/IBusCachedPlugin_cache/soc_basesoc_sdram_zqcs_timer_count1_reg_5_sn_1
    SLICE_X62Y8          LUT4 (Prop_lut4_I0_O)        0.124    12.111 r  VexRiscv/IBusCachedPlugin_cache/soc_builder_basesoc_bankmachine7_state[3]_i_12/O
                         net (fo=1, routed)           0.426    12.537    VexRiscv/IBusCachedPlugin_cache/soc_builder_basesoc_bankmachine7_state[3]_i_12_n_0
    SLICE_X61Y7          LUT6 (Prop_lut6_I3_O)        0.124    12.661 r  VexRiscv/IBusCachedPlugin_cache/soc_builder_basesoc_bankmachine7_state[3]_i_6/O
                         net (fo=88, routed)          1.392    14.054    VexRiscv_n_438
    SLICE_X44Y4          LUT6 (Prop_lut6_I1_O)        0.124    14.178 r  soc_basesoc_sdram_trrdcon_count_i_16/O
                         net (fo=2, routed)           0.686    14.864    soc_basesoc_sdram_trrdcon_count_i_16_n_0
    SLICE_X44Y4          LUT6 (Prop_lut6_I3_O)        0.124    14.988 r  soc_basesoc_sdram_trrdcon_count_i_8/O
                         net (fo=1, routed)           0.000    14.988    soc_basesoc_sdram_trrdcon_count_i_8_n_0
    SLICE_X44Y4          MUXF7 (Prop_muxf7_I1_O)      0.217    15.205 r  soc_basesoc_sdram_trrdcon_count_reg_i_3/O
                         net (fo=11, routed)          0.608    15.813    soc_basesoc_sdram_trrdcon_count_reg_i_3_n_0
    SLICE_X45Y5          LUT5 (Prop_lut5_I1_O)        0.292    16.105 f  soc_basesoc_sdram_trrdcon_count_i_4/O
                         net (fo=41, routed)          0.930    17.035    soc_basesoc_sdram_trrdcon_count_i_4_n_0
    SLICE_X40Y4          LUT6 (Prop_lut6_I1_O)        0.332    17.367 r  soc_basesoc_sdram_bankmachine3_twtpcon_ready_i_3/O
                         net (fo=4, routed)           0.720    18.087    soc_basesoc_sdram_bankmachine3_twtpcon_valid
    SLICE_X43Y2          LUT2 (Prop_lut2_I1_O)        0.124    18.211 r  soc_basesoc_sdram_bankmachine3_twtpcon_ready_i_1/O
                         net (fo=1, routed)           0.626    18.837    soc_basesoc_sdram_bankmachine3_twtpcon_ready_i_1_n_0
    SLICE_X37Y3          FDRE                                         r  soc_basesoc_sdram_bankmachine3_twtpcon_ready_reg/R
  -------------------------------------------------------------------    -------------------

                         (clock soc_crg_clkout0 rise edge)
                                                     10.000    10.000 r  
    E3                                                0.000    10.000 r  clk100 (IN)
                         net (fo=0)                   0.000    10.000    clk100
    E3                   IBUF (Prop_ibuf_I_O)         1.418    11.418 r  clk100_IBUF_inst/O
                         net (fo=1, routed)           1.862    13.280    clk100_IBUF
    BUFGCTRL_X0Y16       BUFG (Prop_bufg_I_O)         0.091    13.371 r  clk100_IBUF_BUFG_inst/O
                         net (fo=1, routed)           1.911    15.282    clk100_IBUF_BUFG
    SLICE_X65Y37         LUT1 (Prop_lut1_I0_O)        0.100    15.382 r  clk100_inst/O
                         net (fo=9, routed)           0.388    15.771    soc_crg_clkin
    PLLE2_ADV_X1Y0       PLLE2_ADV (Prop_plle2_adv_CLKIN1_CLKOUT0)
                                                      0.083    15.854 r  PLLE2_ADV/CLKOUT0
                         net (fo=1, routed)           1.576    17.430    soc_crg_clkout0
    BUFGCTRL_X0Y0        BUFG (Prop_bufg_I_O)         0.091    17.521 r  BUFG/O
                         net (fo=4280, routed)        1.445    18.966    sys_clk
    SLICE_X37Y3          FDRE                                         r  soc_basesoc_sdram_bankmachine3_twtpcon_ready_reg/C
                         clock pessimism              0.631    19.598    
                         clock uncertainty           -0.057    19.541    
    SLICE_X37Y3          FDRE (Setup_fdre_C_R)       -0.429    19.112    soc_basesoc_sdram_bankmachine3_twtpcon_ready_reg
  -------------------------------------------------------------------
                         required time                         19.112    
                         arrival time                         -18.837    
  -------------------------------------------------------------------
                         slack                                  0.275    

Slack (MET) :             0.284ns  (required time - arrival time)
  Source:                 VexRiscv/decode_to_execute_SRC1_CTRL_reg[1]/C
                            (rising edge-triggered cell FDRE clocked by soc_crg_clkout0  {rise@0.000ns fall@5.000ns period=10.000ns})
  Destination:            VexRiscv/IBusCachedPlugin_cache/banks_0_reg/ADDRBWRADDR[5]
                            (rising edge-triggered cell RAMB36E1 clocked by soc_crg_clkout0  {rise@0.000ns fall@5.000ns period=10.000ns})
  Path Group:             soc_crg_clkout0
  Path Type:              Setup (Max at Slow Process Corner)
  Requirement:            10.000ns  (soc_crg_clkout0 rise@10.000ns - soc_crg_clkout0 rise@0.000ns)
  Data Path Delay:        9.100ns  (logic 3.129ns (34.383%)  route 5.971ns (65.617%))
  Logic Levels:           15  (CARRY4=8 LUT3=1 LUT4=1 LUT5=2 LUT6=3)
  Clock Path Skew:        0.007ns (DCD - SCD + CPR)
    Destination Clock Delay (DCD):    9.016ns = ( 19.016 - 10.000 ) 
    Source Clock Delay      (SCD):    9.640ns
    Clock Pessimism Removal (CPR):    0.631ns
  Clock Uncertainty:      0.057ns  ((TSJ^2 + DJ^2)^1/2) / 2 + PE
    Total System Jitter     (TSJ):    0.071ns
    Discrete Jitter          (DJ):    0.089ns
    Phase Error              (PE):    0.000ns

    Location             Delay type                Incr(ns)  Path(ns)    Netlist Resource(s)
  -------------------------------------------------------------------    -------------------
                         (clock soc_crg_clkout0 rise edge)
                                                      0.000     0.000 r  
    E3                                                0.000     0.000 r  clk100 (IN)
                         net (fo=0)                   0.000     0.000    clk100
    E3                   IBUF (Prop_ibuf_I_O)         1.489     1.489 r  clk100_IBUF_inst/O
                         net (fo=1, routed)           1.967     3.455    clk100_IBUF
    BUFGCTRL_X0Y16       BUFG (Prop_bufg_I_O)         0.096     3.551 r  clk100_IBUF_BUFG_inst/O
                         net (fo=1, routed)           2.126     5.678    clk100_IBUF_BUFG
    SLICE_X65Y37         LUT1 (Prop_lut1_I0_O)        0.124     5.802 r  clk100_inst/O
                         net (fo=9, routed)           0.431     6.233    soc_crg_clkin
    PLLE2_ADV_X1Y0       PLLE2_ADV (Prop_plle2_adv_CLKIN1_CLKOUT0)
                                                      0.088     6.321 r  PLLE2_ADV/CLKOUT0
                         net (fo=1, routed)           1.655     7.976    soc_crg_clkout0
    BUFGCTRL_X0Y0        BUFG (Prop_bufg_I_O)         0.096     8.072 r  BUFG/O
                         net (fo=4280, routed)        1.567     9.640    VexRiscv/stageB_flusher_counter_reg[0]
    SLICE_X43Y47         FDRE                                         r  VexRiscv/decode_to_execute_SRC1_CTRL_reg[1]/C
  -------------------------------------------------------------------    -------------------
    SLICE_X43Y47         FDRE (Prop_fdre_C_Q)         0.456    10.096 r  VexRiscv/decode_to_execute_SRC1_CTRL_reg[1]/Q
                         net (fo=122, routed)         1.208    11.304    VexRiscv/IBusCachedPlugin_cache/CsrPlugin_misa_base_reg[1][1]
    SLICE_X43Y53         LUT4 (Prop_lut4_I3_O)        0.124    11.428 r  VexRiscv/IBusCachedPlugin_cache/CsrPlugin_mtvec_base[0]_i_2/O
                         net (fo=7, routed)           1.046    12.474    VexRiscv/dataCache_1/ways_0_data_symbol0_reg_2
    SLICE_X44Y45         CARRY4 (Prop_carry4_DI[2]_CO[3])
                                                      0.398    12.872 r  VexRiscv/dataCache_1/ways_0_data_symbol0_reg_i_19/CO[3]
                         net (fo=1, routed)           0.000    12.872    VexRiscv/dataCache_1/ways_0_data_symbol0_reg_i_19_n_0
    SLICE_X44Y46         CARRY4 (Prop_carry4_CI_CO[3])
                                                      0.114    12.986 r  VexRiscv/dataCache_1/ways_0_tags_reg_i_21/CO[3]
                         net (fo=1, routed)           0.000    12.986    VexRiscv/dataCache_1/ways_0_tags_reg_i_21_n_0
    SLICE_X44Y47         CARRY4 (Prop_carry4_CI_CO[3])
                                                      0.114    13.100 r  VexRiscv/dataCache_1/ways_0_tags_reg_i_20/CO[3]
                         net (fo=1, routed)           0.000    13.100    VexRiscv/IBusCachedPlugin_cache/execute_to_memory_REGFILE_WRITE_DATA[12]_i_2[0]
    SLICE_X44Y48         CARRY4 (Prop_carry4_CI_CO[3])
                                                      0.114    13.214 r  VexRiscv/IBusCachedPlugin_cache/execute_to_memory_REGFILE_WRITE_DATA_reg[15]_i_4/CO[3]
                         net (fo=1, routed)           0.000    13.214    VexRiscv/IBusCachedPlugin_cache/execute_to_memory_REGFILE_WRITE_DATA_reg[15]_i_4_n_0
    SLICE_X44Y49         CARRY4 (Prop_carry4_CI_CO[3])
                                                      0.114    13.328 r  VexRiscv/IBusCachedPlugin_cache/execute_to_memory_REGFILE_WRITE_DATA_reg[19]_i_4/CO[3]
                         net (fo=1, routed)           0.001    13.329    VexRiscv/IBusCachedPlugin_cache/execute_to_memory_REGFILE_WRITE_DATA_reg[19]_i_4_n_0
    SLICE_X44Y50         CARRY4 (Prop_carry4_CI_CO[3])
                                                      0.114    13.443 r  VexRiscv/IBusCachedPlugin_cache/execute_to_memory_REGFILE_WRITE_DATA_reg[23]_i_4/CO[3]
                         net (fo=1, routed)           0.000    13.443    VexRiscv/IBusCachedPlugin_cache/execute_to_memory_REGFILE_WRITE_DATA_reg[23]_i_4_n_0
    SLICE_X44Y51         CARRY4 (Prop_carry4_CI_CO[3])
                                                      0.114    13.557 r  VexRiscv/IBusCachedPlugin_cache/execute_to_memory_REGFILE_WRITE_DATA_reg[27]_i_4/CO[3]
                         net (fo=1, routed)           0.000    13.557    VexRiscv/IBusCachedPlugin_cache/execute_to_memory_REGFILE_WRITE_DATA_reg[27]_i_4_n_0
    SLICE_X44Y52         CARRY4 (Prop_carry4_CI_O[3])
                                                      0.313    13.870 f  VexRiscv/IBusCachedPlugin_cache/execute_to_memory_REGFILE_WRITE_DATA_reg[31]_i_5/O[3]
                         net (fo=2, routed)           0.476    14.346    VexRiscv/IBusCachedPlugin_cache/_zz_execute_SrcPlugin_addSub[19]
    SLICE_X46Y49         LUT5 (Prop_lut5_I1_O)        0.306    14.652 r  VexRiscv/IBusCachedPlugin_cache/execute_to_memory_REGFILE_WRITE_DATA[0]_i_7/O
                         net (fo=3, routed)           0.689    15.341    VexRiscv/IBusCachedPlugin_cache/decode_to_execute_SRC2_FORCE_ZERO_reg
    SLICE_X48Y45         LUT6 (Prop_lut6_I1_O)        0.124    15.465 r  VexRiscv/IBusCachedPlugin_cache/CsrPlugin_exceptionPortCtrl_exceptionContext_badAddr[1]_i_4/O
                         net (fo=2, routed)           0.173    15.639    VexRiscv/IBusCachedPlugin_cache/decode_to_execute_BRANCH_CTRL_reg[0]
    SLICE_X48Y45         LUT5 (Prop_lut5_I0_O)        0.124    15.763 f  VexRiscv/IBusCachedPlugin_cache/banks_0_reg_i_36/O
                         net (fo=5, routed)           0.765    16.528    VexRiscv/dataCache_1/CsrPlugin_exceptionPortCtrl_exceptionValidsRegs_decode_reg_0
    SLICE_X48Y44         LUT3 (Prop_lut3_I2_O)        0.150    16.678 r  VexRiscv/dataCache_1/banks_0_reg_i_41/O
                         net (fo=30, routed)          0.858    17.536    VexRiscv/IBusCachedPlugin_cache/IBusCachedPlugin_fetchPc_pcReg_reg[31]_2
    SLICE_X56Y42         LUT6 (Prop_lut6_I5_O)        0.326    17.862 f  VexRiscv/IBusCachedPlugin_cache/banks_0_reg_i_27/O
                         net (fo=2, routed)           0.173    18.035    VexRiscv/IBusCachedPlugin_cache/banks_0_reg_i_27_n_0
    SLICE_X56Y42         LUT6 (Prop_lut6_I5_O)        0.124    18.159 r  VexRiscv/IBusCachedPlugin_cache/banks_0_reg_i_11/O
                         net (fo=1, routed)           0.581    18.740    VexRiscv/IBusCachedPlugin_cache/IBusCachedPlugin_iBusRsp_stages_0_input_payload[2]
    RAMB36_X2Y8          RAMB36E1                                     r  VexRiscv/IBusCachedPlugin_cache/banks_0_reg/ADDRBWRADDR[5]
  -------------------------------------------------------------------    -------------------

                         (clock soc_crg_clkout0 rise edge)
                                                     10.000    10.000 r  
    E3                                                0.000    10.000 r  clk100 (IN)
                         net (fo=0)                   0.000    10.000    clk100
    E3                   IBUF (Prop_ibuf_I_O)         1.418    11.418 r  clk100_IBUF_inst/O
                         net (fo=1, routed)           1.862    13.280    clk100_IBUF
    BUFGCTRL_X0Y16       BUFG (Prop_bufg_I_O)         0.091    13.371 r  clk100_IBUF_BUFG_inst/O
                         net (fo=1, routed)           1.911    15.282    clk100_IBUF_BUFG
    SLICE_X65Y37         LUT1 (Prop_lut1_I0_O)        0.100    15.382 r  clk100_inst/O
                         net (fo=9, routed)           0.388    15.771    soc_crg_clkin
    PLLE2_ADV_X1Y0       PLLE2_ADV (Prop_plle2_adv_CLKIN1_CLKOUT0)
                                                      0.083    15.854 r  PLLE2_ADV/CLKOUT0
                         net (fo=1, routed)           1.576    17.430    soc_crg_clkout0
    BUFGCTRL_X0Y0        BUFG (Prop_bufg_I_O)         0.091    17.521 r  BUFG/O
                         net (fo=4280, routed)        1.495    19.016    VexRiscv/IBusCachedPlugin_cache/lineLoader_flushCounter_reg[7]_0
    RAMB36_X2Y8          RAMB36E1                                     r  VexRiscv/IBusCachedPlugin_cache/banks_0_reg/CLKBWRCLK
                         clock pessimism              0.631    19.647    
                         clock uncertainty           -0.057    19.591    
    RAMB36_X2Y8          RAMB36E1 (Setup_ramb36e1_CLKBWRCLK_ADDRBWRADDR[5])
                                                     -0.566    19.025    VexRiscv/IBusCachedPlugin_cache/banks_0_reg
  -------------------------------------------------------------------
                         required time                         19.025    
                         arrival time                         -18.740    
  -------------------------------------------------------------------
                         slack                                  0.284    





Min Delay Paths
--------------------------------------------------------------------------------------
Slack (MET) :             0.033ns  (arrival time - required time)
  Source:                 VexRiscv/decode_to_execute_IS_MUL_reg/C
                            (rising edge-triggered cell FDRE clocked by soc_crg_clkout0  {rise@0.000ns fall@5.000ns period=10.000ns})
  Destination:            VexRiscv/execute_to_memory_IS_MUL_reg/D
                            (rising edge-triggered cell FDRE clocked by soc_crg_clkout0  {rise@0.000ns fall@5.000ns period=10.000ns})
  Path Group:             soc_crg_clkout0
  Path Type:              Hold (Min at Fast Process Corner)
  Requirement:            0.000ns  (soc_crg_clkout0 rise@0.000ns - soc_crg_clkout0 rise@0.000ns)
  Data Path Delay:        0.357ns  (logic 0.141ns (39.538%)  route 0.216ns (60.462%))
  Logic Levels:           0  
  Clock Path Skew:        0.264ns (DCD - SCD - CPR)
    Destination Clock Delay (DCD):    3.978ns
    Source Clock Delay      (SCD):    3.077ns
    Clock Pessimism Removal (CPR):    0.637ns

    Location             Delay type                Incr(ns)  Path(ns)    Netlist Resource(s)
  -------------------------------------------------------------------    -------------------
                         (clock soc_crg_clkout0 rise edge)
                                                      0.000     0.000 r  
    E3                                                0.000     0.000 r  clk100 (IN)
                         net (fo=0)                   0.000     0.000    clk100
    E3                   IBUF (Prop_ibuf_I_O)         0.257     0.257 r  clk100_IBUF_inst/O
                         net (fo=1, routed)           0.631     0.888    clk100_IBUF
    BUFGCTRL_X0Y16       BUFG (Prop_bufg_I_O)         0.026     0.914 r  clk100_IBUF_BUFG_inst/O
                         net (fo=1, routed)           0.752     1.666    clk100_IBUF_BUFG
    SLICE_X65Y37         LUT1 (Prop_lut1_I0_O)        0.045     1.711 r  clk100_inst/O
                         net (fo=9, routed)           0.226     1.938    soc_crg_clkin
    PLLE2_ADV_X1Y0       PLLE2_ADV (Prop_plle2_adv_CLKIN1_CLKOUT0)
                                                      0.050     1.988 r  PLLE2_ADV/CLKOUT0
                         net (fo=1, routed)           0.501     2.488    soc_crg_clkout0
    BUFGCTRL_X0Y0        BUFG (Prop_bufg_I_O)         0.026     2.514 r  BUFG/O
                         net (fo=4280, routed)        0.563     3.077    VexRiscv/stageB_flusher_counter_reg[0]
    SLICE_X37Y43         FDRE                                         r  VexRiscv/decode_to_execute_IS_MUL_reg/C
  -------------------------------------------------------------------    -------------------
    SLICE_X37Y43         FDRE (Prop_fdre_C_Q)         0.141     3.218 r  VexRiscv/decode_to_execute_IS_MUL_reg/Q
                         net (fo=1, routed)           0.216     3.434    VexRiscv/decode_to_execute_IS_MUL
    SLICE_X30Y43         FDRE                                         r  VexRiscv/execute_to_memory_IS_MUL_reg/D
  -------------------------------------------------------------------    -------------------

                         (clock soc_crg_clkout0 rise edge)
                                                      0.000     0.000 r  
    E3                                                0.000     0.000 r  clk100 (IN)
                         net (fo=0)                   0.000     0.000    clk100
    E3                   IBUF (Prop_ibuf_I_O)         0.445     0.445 r  clk100_IBUF_inst/O
                         net (fo=1, routed)           0.685     1.129    clk100_IBUF
    BUFGCTRL_X0Y16       BUFG (Prop_bufg_I_O)         0.029     1.158 r  clk100_IBUF_BUFG_inst/O
                         net (fo=1, routed)           1.057     2.216    clk100_IBUF_BUFG
    SLICE_X65Y37         LUT1 (Prop_lut1_I0_O)        0.056     2.272 r  clk100_inst/O
                         net (fo=9, routed)           0.247     2.519    soc_crg_clkin
    PLLE2_ADV_X1Y0       PLLE2_ADV (Prop_plle2_adv_CLKIN1_CLKOUT0)
                                                      0.053     2.572 r  PLLE2_ADV/CLKOUT0
                         net (fo=1, routed)           0.546     3.118    soc_crg_clkout0
    BUFGCTRL_X0Y0        BUFG (Prop_bufg_I_O)         0.029     3.147 r  BUFG/O
                         net (fo=4280, routed)        0.832     3.978    VexRiscv/stageB_flusher_counter_reg[0]
    SLICE_X30Y43         FDRE                                         r  VexRiscv/execute_to_memory_IS_MUL_reg/C
                         clock pessimism             -0.637     3.341    
    SLICE_X30Y43         FDRE (Hold_fdre_C_D)         0.060     3.401    VexRiscv/execute_to_memory_IS_MUL_reg
  -------------------------------------------------------------------
                         required time                         -3.401    
                         arrival time                           3.434    
  -------------------------------------------------------------------
                         slack                                  0.033    

Slack (MET) :             0.036ns  (arrival time - required time)
  Source:                 soc_basesoc_uart_rx_fifo_produce_reg[0]/C
                            (rising edge-triggered cell FDRE clocked by soc_crg_clkout0  {rise@0.000ns fall@5.000ns period=10.000ns})
  Destination:            storage_1_reg_0_15_0_5/RAMA/WADR0
                            (rising edge-triggered cell RAMD32 clocked by soc_crg_clkout0  {rise@0.000ns fall@5.000ns period=10.000ns})
  Path Group:             soc_crg_clkout0
  Path Type:              Hold (Min at Fast Process Corner)
  Requirement:            0.000ns  (soc_crg_clkout0 rise@0.000ns - soc_crg_clkout0 rise@0.000ns)
  Data Path Delay:        0.359ns  (logic 0.141ns (39.235%)  route 0.218ns (60.765%))
  Logic Levels:           0  
  Clock Path Skew:        0.013ns (DCD - SCD - CPR)
    Destination Clock Delay (DCD):    3.965ns
    Source Clock Delay      (SCD):    3.067ns
    Clock Pessimism Removal (CPR):    0.885ns

    Location             Delay type                Incr(ns)  Path(ns)    Netlist Resource(s)
  -------------------------------------------------------------------    -------------------
                         (clock soc_crg_clkout0 rise edge)
                                                      0.000     0.000 r  
    E3                                                0.000     0.000 r  clk100 (IN)
                         net (fo=0)                   0.000     0.000    clk100
    E3                   IBUF (Prop_ibuf_I_O)         0.257     0.257 r  clk100_IBUF_inst/O
                         net (fo=1, routed)           0.631     0.888    clk100_IBUF
    BUFGCTRL_X0Y16       BUFG (Prop_bufg_I_O)         0.026     0.914 r  clk100_IBUF_BUFG_inst/O
                         net (fo=1, routed)           0.752     1.666    clk100_IBUF_BUFG
    SLICE_X65Y37         LUT1 (Prop_lut1_I0_O)        0.045     1.711 r  clk100_inst/O
                         net (fo=9, routed)           0.226     1.938    soc_crg_clkin
    PLLE2_ADV_X1Y0       PLLE2_ADV (Prop_plle2_adv_CLKIN1_CLKOUT0)
                                                      0.050     1.988 r  PLLE2_ADV/CLKOUT0
                         net (fo=1, routed)           0.501     2.488    soc_crg_clkout0
    BUFGCTRL_X0Y0        BUFG (Prop_bufg_I_O)         0.026     2.514 r  BUFG/O
                         net (fo=4280, routed)        0.553     3.067    sys_clk
    SLICE_X39Y22         FDRE                                         r  soc_basesoc_uart_rx_fifo_produce_reg[0]/C
  -------------------------------------------------------------------    -------------------
    SLICE_X39Y22         FDRE (Prop_fdre_C_Q)         0.141     3.208 r  soc_basesoc_uart_rx_fifo_produce_reg[0]/Q
                         net (fo=20, routed)          0.218     3.426    storage_1_reg_0_15_0_5/ADDRD0
    SLICE_X38Y22         RAMD32                                       r  storage_1_reg_0_15_0_5/RAMA/WADR0
  -------------------------------------------------------------------    -------------------

                         (clock soc_crg_clkout0 rise edge)
                                                      0.000     0.000 r  
    E3                                                0.000     0.000 r  clk100 (IN)
                         net (fo=0)                   0.000     0.000    clk100
    E3                   IBUF (Prop_ibuf_I_O)         0.445     0.445 r  clk100_IBUF_inst/O
                         net (fo=1, routed)           0.685     1.129    clk100_IBUF
    BUFGCTRL_X0Y16       BUFG (Prop_bufg_I_O)         0.029     1.158 r  clk100_IBUF_BUFG_inst/O
                         net (fo=1, routed)           1.057     2.216    clk100_IBUF_BUFG
    SLICE_X65Y37         LUT1 (Prop_lut1_I0_O)        0.056     2.272 r  clk100_inst/O
                         net (fo=9, routed)           0.247     2.519    soc_crg_clkin
    PLLE2_ADV_X1Y0       PLLE2_ADV (Prop_plle2_adv_CLKIN1_CLKOUT0)
                                                      0.053     2.572 r  PLLE2_ADV/CLKOUT0
                         net (fo=1, routed)           0.546     3.118    soc_crg_clkout0
    BUFGCTRL_X0Y0        BUFG (Prop_bufg_I_O)         0.029     3.147 r  BUFG/O
                         net (fo=4280, routed)        0.819     3.965    storage_1_reg_0_15_0_5/WCLK
    SLICE_X38Y22         RAMD32                                       r  storage_1_reg_0_15_0_5/RAMA/CLK
                         clock pessimism             -0.885     3.080    
    SLICE_X38Y22         RAMD32 (Hold_ramd32_CLK_WADR0)
                                                      0.310     3.390    storage_1_reg_0_15_0_5/RAMA
  -------------------------------------------------------------------
                         required time                         -3.390    
                         arrival time                           3.426    
  -------------------------------------------------------------------
                         slack                                  0.036    

Slack (MET) :             0.036ns  (arrival time - required time)
  Source:                 soc_basesoc_uart_rx_fifo_produce_reg[0]/C
                            (rising edge-triggered cell FDRE clocked by soc_crg_clkout0  {rise@0.000ns fall@5.000ns period=10.000ns})
  Destination:            storage_1_reg_0_15_0_5/RAMA_D1/WADR0
                            (rising edge-triggered cell RAMD32 clocked by soc_crg_clkout0  {rise@0.000ns fall@5.000ns period=10.000ns})
  Path Group:             soc_crg_clkout0
  Path Type:              Hold (Min at Fast Process Corner)
  Requirement:            0.000ns  (soc_crg_clkout0 rise@0.000ns - soc_crg_clkout0 rise@0.000ns)
  Data Path Delay:        0.359ns  (logic 0.141ns (39.235%)  route 0.218ns (60.765%))
  Logic Levels:           0  
  Clock Path Skew:        0.013ns (DCD - SCD - CPR)
    Destination Clock Delay (DCD):    3.965ns
    Source Clock Delay      (SCD):    3.067ns
    Clock Pessimism Removal (CPR):    0.885ns

    Location             Delay type                Incr(ns)  Path(ns)    Netlist Resource(s)
  -------------------------------------------------------------------    -------------------
                         (clock soc_crg_clkout0 rise edge)
                                                      0.000     0.000 r  
    E3                                                0.000     0.000 r  clk100 (IN)
                         net (fo=0)                   0.000     0.000    clk100
    E3                   IBUF (Prop_ibuf_I_O)         0.257     0.257 r  clk100_IBUF_inst/O
                         net (fo=1, routed)           0.631     0.888    clk100_IBUF
    BUFGCTRL_X0Y16       BUFG (Prop_bufg_I_O)         0.026     0.914 r  clk100_IBUF_BUFG_inst/O
                         net (fo=1, routed)           0.752     1.666    clk100_IBUF_BUFG
    SLICE_X65Y37         LUT1 (Prop_lut1_I0_O)        0.045     1.711 r  clk100_inst/O
                         net (fo=9, routed)           0.226     1.938    soc_crg_clkin
    PLLE2_ADV_X1Y0       PLLE2_ADV (Prop_plle2_adv_CLKIN1_CLKOUT0)
                                                      0.050     1.988 r  PLLE2_ADV/CLKOUT0
                         net (fo=1, routed)           0.501     2.488    soc_crg_clkout0
    BUFGCTRL_X0Y0        BUFG (Prop_bufg_I_O)         0.026     2.514 r  BUFG/O
                         net (fo=4280, routed)        0.553     3.067    sys_clk
    SLICE_X39Y22         FDRE                                         r  soc_basesoc_uart_rx_fifo_produce_reg[0]/C
  -------------------------------------------------------------------    -------------------
    SLICE_X39Y22         FDRE (Prop_fdre_C_Q)         0.141     3.208 r  soc_basesoc_uart_rx_fifo_produce_reg[0]/Q
                         net (fo=20, routed)          0.218     3.426    storage_1_reg_0_15_0_5/ADDRD0
    SLICE_X38Y22         RAMD32                                       r  storage_1_reg_0_15_0_5/RAMA_D1/WADR0
  -------------------------------------------------------------------    -------------------

                         (clock soc_crg_clkout0 rise edge)
                                                      0.000     0.000 r  
    E3                                                0.000     0.000 r  clk100 (IN)
                         net (fo=0)                   0.000     0.000    clk100
    E3                   IBUF (Prop_ibuf_I_O)         0.445     0.445 r  clk100_IBUF_inst/O
                         net (fo=1, routed)           0.685     1.129    clk100_IBUF
    BUFGCTRL_X0Y16       BUFG (Prop_bufg_I_O)         0.029     1.158 r  clk100_IBUF_BUFG_inst/O
                         net (fo=1, routed)           1.057     2.216    clk100_IBUF_BUFG
    SLICE_X65Y37         LUT1 (Prop_lut1_I0_O)        0.056     2.272 r  clk100_inst/O
                         net (fo=9, routed)           0.247     2.519    soc_crg_clkin
    PLLE2_ADV_X1Y0       PLLE2_ADV (Prop_plle2_adv_CLKIN1_CLKOUT0)
                                                      0.053     2.572 r  PLLE2_ADV/CLKOUT0
                         net (fo=1, routed)           0.546     3.118    soc_crg_clkout0
    BUFGCTRL_X0Y0        BUFG (Prop_bufg_I_O)         0.029     3.147 r  BUFG/O
                         net (fo=4280, routed)        0.819     3.965    storage_1_reg_0_15_0_5/WCLK
    SLICE_X38Y22         RAMD32                                       r  storage_1_reg_0_15_0_5/RAMA_D1/CLK
                         clock pessimism             -0.885     3.080    
    SLICE_X38Y22         RAMD32 (Hold_ramd32_CLK_WADR0)
                                                      0.310     3.390    storage_1_reg_0_15_0_5/RAMA_D1
  -------------------------------------------------------------------
                         required time                         -3.390    
                         arrival time                           3.426    
  -------------------------------------------------------------------
                         slack                                  0.036    

Slack (MET) :             0.036ns  (arrival time - required time)
  Source:                 soc_basesoc_uart_rx_fifo_produce_reg[0]/C
                            (rising edge-triggered cell FDRE clocked by soc_crg_clkout0  {rise@0.000ns fall@5.000ns period=10.000ns})
  Destination:            storage_1_reg_0_15_0_5/RAMB/WADR0
                            (rising edge-triggered cell RAMD32 clocked by soc_crg_clkout0  {rise@0.000ns fall@5.000ns period=10.000ns})
  Path Group:             soc_crg_clkout0
  Path Type:              Hold (Min at Fast Process Corner)
  Requirement:            0.000ns  (soc_crg_clkout0 rise@0.000ns - soc_crg_clkout0 rise@0.000ns)
  Data Path Delay:        0.359ns  (logic 0.141ns (39.235%)  route 0.218ns (60.765%))
  Logic Levels:           0  
  Clock Path Skew:        0.013ns (DCD - SCD - CPR)
    Destination Clock Delay (DCD):    3.965ns
    Source Clock Delay      (SCD):    3.067ns
    Clock Pessimism Removal (CPR):    0.885ns

    Location             Delay type                Incr(ns)  Path(ns)    Netlist Resource(s)
  -------------------------------------------------------------------    -------------------
                         (clock soc_crg_clkout0 rise edge)
                                                      0.000     0.000 r  
    E3                                                0.000     0.000 r  clk100 (IN)
                         net (fo=0)                   0.000     0.000    clk100
    E3                   IBUF (Prop_ibuf_I_O)         0.257     0.257 r  clk100_IBUF_inst/O
                         net (fo=1, routed)           0.631     0.888    clk100_IBUF
    BUFGCTRL_X0Y16       BUFG (Prop_bufg_I_O)         0.026     0.914 r  clk100_IBUF_BUFG_inst/O
                         net (fo=1, routed)           0.752     1.666    clk100_IBUF_BUFG
    SLICE_X65Y37         LUT1 (Prop_lut1_I0_O)        0.045     1.711 r  clk100_inst/O
                         net (fo=9, routed)           0.226     1.938    soc_crg_clkin
    PLLE2_ADV_X1Y0       PLLE2_ADV (Prop_plle2_adv_CLKIN1_CLKOUT0)
                                                      0.050     1.988 r  PLLE2_ADV/CLKOUT0
                         net (fo=1, routed)           0.501     2.488    soc_crg_clkout0
    BUFGCTRL_X0Y0        BUFG (Prop_bufg_I_O)         0.026     2.514 r  BUFG/O
                         net (fo=4280, routed)        0.553     3.067    sys_clk
    SLICE_X39Y22         FDRE                                         r  soc_basesoc_uart_rx_fifo_produce_reg[0]/C
  -------------------------------------------------------------------    -------------------
    SLICE_X39Y22         FDRE (Prop_fdre_C_Q)         0.141     3.208 r  soc_basesoc_uart_rx_fifo_produce_reg[0]/Q
                         net (fo=20, routed)          0.218     3.426    storage_1_reg_0_15_0_5/ADDRD0
    SLICE_X38Y22         RAMD32                                       r  storage_1_reg_0_15_0_5/RAMB/WADR0
  -------------------------------------------------------------------    -------------------

                         (clock soc_crg_clkout0 rise edge)
                                                      0.000     0.000 r  
    E3                                                0.000     0.000 r  clk100 (IN)
                         net (fo=0)                   0.000     0.000    clk100
    E3                   IBUF (Prop_ibuf_I_O)         0.445     0.445 r  clk100_IBUF_inst/O
                         net (fo=1, routed)           0.685     1.129    clk100_IBUF
    BUFGCTRL_X0Y16       BUFG (Prop_bufg_I_O)         0.029     1.158 r  clk100_IBUF_BUFG_inst/O
                         net (fo=1, routed)           1.057     2.216    clk100_IBUF_BUFG
    SLICE_X65Y37         LUT1 (Prop_lut1_I0_O)        0.056     2.272 r  clk100_inst/O
                         net (fo=9, routed)           0.247     2.519    soc_crg_clkin
    PLLE2_ADV_X1Y0       PLLE2_ADV (Prop_plle2_adv_CLKIN1_CLKOUT0)
                                                      0.053     2.572 r  PLLE2_ADV/CLKOUT0
                         net (fo=1, routed)           0.546     3.118    soc_crg_clkout0
    BUFGCTRL_X0Y0        BUFG (Prop_bufg_I_O)         0.029     3.147 r  BUFG/O
                         net (fo=4280, routed)        0.819     3.965    storage_1_reg_0_15_0_5/WCLK
    SLICE_X38Y22         RAMD32                                       r  storage_1_reg_0_15_0_5/RAMB/CLK
                         clock pessimism             -0.885     3.080    
    SLICE_X38Y22         RAMD32 (Hold_ramd32_CLK_WADR0)
                                                      0.310     3.390    storage_1_reg_0_15_0_5/RAMB
  -------------------------------------------------------------------
                         required time                         -3.390    
                         arrival time                           3.426    
  -------------------------------------------------------------------
                         slack                                  0.036    

Slack (MET) :             0.036ns  (arrival time - required time)
  Source:                 soc_basesoc_uart_rx_fifo_produce_reg[0]/C
                            (rising edge-triggered cell FDRE clocked by soc_crg_clkout0  {rise@0.000ns fall@5.000ns period=10.000ns})
  Destination:            storage_1_reg_0_15_0_5/RAMB_D1/WADR0
                            (rising edge-triggered cell RAMD32 clocked by soc_crg_clkout0  {rise@0.000ns fall@5.000ns period=10.000ns})
  Path Group:             soc_crg_clkout0
  Path Type:              Hold (Min at Fast Process Corner)
  Requirement:            0.000ns  (soc_crg_clkout0 rise@0.000ns - soc_crg_clkout0 rise@0.000ns)
  Data Path Delay:        0.359ns  (logic 0.141ns (39.235%)  route 0.218ns (60.765%))
  Logic Levels:           0  
  Clock Path Skew:        0.013ns (DCD - SCD - CPR)
    Destination Clock Delay (DCD):    3.965ns
    Source Clock Delay      (SCD):    3.067ns
    Clock Pessimism Removal (CPR):    0.885ns

    Location             Delay type                Incr(ns)  Path(ns)    Netlist Resource(s)
  -------------------------------------------------------------------    -------------------
                         (clock soc_crg_clkout0 rise edge)
                                                      0.000     0.000 r  
    E3                                                0.000     0.000 r  clk100 (IN)
                         net (fo=0)                   0.000     0.000    clk100
    E3                   IBUF (Prop_ibuf_I_O)         0.257     0.257 r  clk100_IBUF_inst/O
                         net (fo=1, routed)           0.631     0.888    clk100_IBUF
    BUFGCTRL_X0Y16       BUFG (Prop_bufg_I_O)         0.026     0.914 r  clk100_IBUF_BUFG_inst/O
                         net (fo=1, routed)           0.752     1.666    clk100_IBUF_BUFG
    SLICE_X65Y37         LUT1 (Prop_lut1_I0_O)        0.045     1.711 r  clk100_inst/O
                         net (fo=9, routed)           0.226     1.938    soc_crg_clkin
    PLLE2_ADV_X1Y0       PLLE2_ADV (Prop_plle2_adv_CLKIN1_CLKOUT0)
                                                      0.050     1.988 r  PLLE2_ADV/CLKOUT0
                         net (fo=1, routed)           0.501     2.488    soc_crg_clkout0
    BUFGCTRL_X0Y0        BUFG (Prop_bufg_I_O)         0.026     2.514 r  BUFG/O
                         net (fo=4280, routed)        0.553     3.067    sys_clk
    SLICE_X39Y22         FDRE                                         r  soc_basesoc_uart_rx_fifo_produce_reg[0]/C
  -------------------------------------------------------------------    -------------------
    SLICE_X39Y22         FDRE (Prop_fdre_C_Q)         0.141     3.208 r  soc_basesoc_uart_rx_fifo_produce_reg[0]/Q
                         net (fo=20, routed)          0.218     3.426    storage_1_reg_0_15_0_5/ADDRD0
    SLICE_X38Y22         RAMD32                                       r  storage_1_reg_0_15_0_5/RAMB_D1/WADR0
  -------------------------------------------------------------------    -------------------

                         (clock soc_crg_clkout0 rise edge)
                                                      0.000     0.000 r  
    E3                                                0.000     0.000 r  clk100 (IN)
                         net (fo=0)                   0.000     0.000    clk100
    E3                   IBUF (Prop_ibuf_I_O)         0.445     0.445 r  clk100_IBUF_inst/O
                         net (fo=1, routed)           0.685     1.129    clk100_IBUF
    BUFGCTRL_X0Y16       BUFG (Prop_bufg_I_O)         0.029     1.158 r  clk100_IBUF_BUFG_inst/O
                         net (fo=1, routed)           1.057     2.216    clk100_IBUF_BUFG
    SLICE_X65Y37         LUT1 (Prop_lut1_I0_O)        0.056     2.272 r  clk100_inst/O
                         net (fo=9, routed)           0.247     2.519    soc_crg_clkin
    PLLE2_ADV_X1Y0       PLLE2_ADV (Prop_plle2_adv_CLKIN1_CLKOUT0)
                                                      0.053     2.572 r  PLLE2_ADV/CLKOUT0
                         net (fo=1, routed)           0.546     3.118    soc_crg_clkout0
    BUFGCTRL_X0Y0        BUFG (Prop_bufg_I_O)         0.029     3.147 r  BUFG/O
                         net (fo=4280, routed)        0.819     3.965    storage_1_reg_0_15_0_5/WCLK
    SLICE_X38Y22         RAMD32                                       r  storage_1_reg_0_15_0_5/RAMB_D1/CLK
                         clock pessimism             -0.885     3.080    
    SLICE_X38Y22         RAMD32 (Hold_ramd32_CLK_WADR0)
                                                      0.310     3.390    storage_1_reg_0_15_0_5/RAMB_D1
  -------------------------------------------------------------------
                         required time                         -3.390    
                         arrival time                           3.426    
  -------------------------------------------------------------------
                         slack                                  0.036    

Slack (MET) :             0.036ns  (arrival time - required time)
  Source:                 soc_basesoc_uart_rx_fifo_produce_reg[0]/C
                            (rising edge-triggered cell FDRE clocked by soc_crg_clkout0  {rise@0.000ns fall@5.000ns period=10.000ns})
  Destination:            storage_1_reg_0_15_0_5/RAMC/WADR0
                            (rising edge-triggered cell RAMD32 clocked by soc_crg_clkout0  {rise@0.000ns fall@5.000ns period=10.000ns})
  Path Group:             soc_crg_clkout0
  Path Type:              Hold (Min at Fast Process Corner)
  Requirement:            0.000ns  (soc_crg_clkout0 rise@0.000ns - soc_crg_clkout0 rise@0.000ns)
  Data Path Delay:        0.359ns  (logic 0.141ns (39.235%)  route 0.218ns (60.765%))
  Logic Levels:           0  
  Clock Path Skew:        0.013ns (DCD - SCD - CPR)
    Destination Clock Delay (DCD):    3.965ns
    Source Clock Delay      (SCD):    3.067ns
    Clock Pessimism Removal (CPR):    0.885ns

    Location             Delay type                Incr(ns)  Path(ns)    Netlist Resource(s)
  -------------------------------------------------------------------    -------------------
                         (clock soc_crg_clkout0 rise edge)
                                                      0.000     0.000 r  
    E3                                                0.000     0.000 r  clk100 (IN)
                         net (fo=0)                   0.000     0.000    clk100
    E3                   IBUF (Prop_ibuf_I_O)         0.257     0.257 r  clk100_IBUF_inst/O
                         net (fo=1, routed)           0.631     0.888    clk100_IBUF
    BUFGCTRL_X0Y16       BUFG (Prop_bufg_I_O)         0.026     0.914 r  clk100_IBUF_BUFG_inst/O
                         net (fo=1, routed)           0.752     1.666    clk100_IBUF_BUFG
    SLICE_X65Y37         LUT1 (Prop_lut1_I0_O)        0.045     1.711 r  clk100_inst/O
                         net (fo=9, routed)           0.226     1.938    soc_crg_clkin
    PLLE2_ADV_X1Y0       PLLE2_ADV (Prop_plle2_adv_CLKIN1_CLKOUT0)
                                                      0.050     1.988 r  PLLE2_ADV/CLKOUT0
                         net (fo=1, routed)           0.501     2.488    soc_crg_clkout0
    BUFGCTRL_X0Y0        BUFG (Prop_bufg_I_O)         0.026     2.514 r  BUFG/O
                         net (fo=4280, routed)        0.553     3.067    sys_clk
    SLICE_X39Y22         FDRE                                         r  soc_basesoc_uart_rx_fifo_produce_reg[0]/C
  -------------------------------------------------------------------    -------------------
    SLICE_X39Y22         FDRE (Prop_fdre_C_Q)         0.141     3.208 r  soc_basesoc_uart_rx_fifo_produce_reg[0]/Q
                         net (fo=20, routed)          0.218     3.426    storage_1_reg_0_15_0_5/ADDRD0
    SLICE_X38Y22         RAMD32                                       r  storage_1_reg_0_15_0_5/RAMC/WADR0
  -------------------------------------------------------------------    -------------------

                         (clock soc_crg_clkout0 rise edge)
                                                      0.000     0.000 r  
    E3                                                0.000     0.000 r  clk100 (IN)
                         net (fo=0)                   0.000     0.000    clk100
    E3                   IBUF (Prop_ibuf_I_O)         0.445     0.445 r  clk100_IBUF_inst/O
                         net (fo=1, routed)           0.685     1.129    clk100_IBUF
    BUFGCTRL_X0Y16       BUFG (Prop_bufg_I_O)         0.029     1.158 r  clk100_IBUF_BUFG_inst/O
                         net (fo=1, routed)           1.057     2.216    clk100_IBUF_BUFG
    SLICE_X65Y37         LUT1 (Prop_lut1_I0_O)        0.056     2.272 r  clk100_inst/O
                         net (fo=9, routed)           0.247     2.519    soc_crg_clkin
    PLLE2_ADV_X1Y0       PLLE2_ADV (Prop_plle2_adv_CLKIN1_CLKOUT0)
                                                      0.053     2.572 r  PLLE2_ADV/CLKOUT0
                         net (fo=1, routed)           0.546     3.118    soc_crg_clkout0
    BUFGCTRL_X0Y0        BUFG (Prop_bufg_I_O)         0.029     3.147 r  BUFG/O
                         net (fo=4280, routed)        0.819     3.965    storage_1_reg_0_15_0_5/WCLK
    SLICE_X38Y22         RAMD32                                       r  storage_1_reg_0_15_0_5/RAMC/CLK
                         clock pessimism             -0.885     3.080    
    SLICE_X38Y22         RAMD32 (Hold_ramd32_CLK_WADR0)
                                                      0.310     3.390    storage_1_reg_0_15_0_5/RAMC
  -------------------------------------------------------------------
                         required time                         -3.390    
                         arrival time                           3.426    
  -------------------------------------------------------------------
                         slack                                  0.036    

Slack (MET) :             0.036ns  (arrival time - required time)
  Source:                 soc_basesoc_uart_rx_fifo_produce_reg[0]/C
                            (rising edge-triggered cell FDRE clocked by soc_crg_clkout0  {rise@0.000ns fall@5.000ns period=10.000ns})
  Destination:            storage_1_reg_0_15_0_5/RAMC_D1/WADR0
                            (rising edge-triggered cell RAMD32 clocked by soc_crg_clkout0  {rise@0.000ns fall@5.000ns period=10.000ns})
  Path Group:             soc_crg_clkout0
  Path Type:              Hold (Min at Fast Process Corner)
  Requirement:            0.000ns  (soc_crg_clkout0 rise@0.000ns - soc_crg_clkout0 rise@0.000ns)
  Data Path Delay:        0.359ns  (logic 0.141ns (39.235%)  route 0.218ns (60.765%))
  Logic Levels:           0  
  Clock Path Skew:        0.013ns (DCD - SCD - CPR)
    Destination Clock Delay (DCD):    3.965ns
    Source Clock Delay      (SCD):    3.067ns
    Clock Pessimism Removal (CPR):    0.885ns

    Location             Delay type                Incr(ns)  Path(ns)    Netlist Resource(s)
  -------------------------------------------------------------------    -------------------
                         (clock soc_crg_clkout0 rise edge)
                                                      0.000     0.000 r  
    E3                                                0.000     0.000 r  clk100 (IN)
                         net (fo=0)                   0.000     0.000    clk100
    E3                   IBUF (Prop_ibuf_I_O)         0.257     0.257 r  clk100_IBUF_inst/O
                         net (fo=1, routed)           0.631     0.888    clk100_IBUF
    BUFGCTRL_X0Y16       BUFG (Prop_bufg_I_O)         0.026     0.914 r  clk100_IBUF_BUFG_inst/O
                         net (fo=1, routed)           0.752     1.666    clk100_IBUF_BUFG
    SLICE_X65Y37         LUT1 (Prop_lut1_I0_O)        0.045     1.711 r  clk100_inst/O
                         net (fo=9, routed)           0.226     1.938    soc_crg_clkin
    PLLE2_ADV_X1Y0       PLLE2_ADV (Prop_plle2_adv_CLKIN1_CLKOUT0)
                                                      0.050     1.988 r  PLLE2_ADV/CLKOUT0
                         net (fo=1, routed)           0.501     2.488    soc_crg_clkout0
    BUFGCTRL_X0Y0        BUFG (Prop_bufg_I_O)         0.026     2.514 r  BUFG/O
                         net (fo=4280, routed)        0.553     3.067    sys_clk
    SLICE_X39Y22         FDRE                                         r  soc_basesoc_uart_rx_fifo_produce_reg[0]/C
  -------------------------------------------------------------------    -------------------
    SLICE_X39Y22         FDRE (Prop_fdre_C_Q)         0.141     3.208 r  soc_basesoc_uart_rx_fifo_produce_reg[0]/Q
                         net (fo=20, routed)          0.218     3.426    storage_1_reg_0_15_0_5/ADDRD0
    SLICE_X38Y22         RAMD32                                       r  storage_1_reg_0_15_0_5/RAMC_D1/WADR0
  -------------------------------------------------------------------    -------------------

                         (clock soc_crg_clkout0 rise edge)
                                                      0.000     0.000 r  
    E3                                                0.000     0.000 r  clk100 (IN)
                         net (fo=0)                   0.000     0.000    clk100
    E3                   IBUF (Prop_ibuf_I_O)         0.445     0.445 r  clk100_IBUF_inst/O
                         net (fo=1, routed)           0.685     1.129    clk100_IBUF
    BUFGCTRL_X0Y16       BUFG (Prop_bufg_I_O)         0.029     1.158 r  clk100_IBUF_BUFG_inst/O
                         net (fo=1, routed)           1.057     2.216    clk100_IBUF_BUFG
    SLICE_X65Y37         LUT1 (Prop_lut1_I0_O)        0.056     2.272 r  clk100_inst/O
                         net (fo=9, routed)           0.247     2.519    soc_crg_clkin
    PLLE2_ADV_X1Y0       PLLE2_ADV (Prop_plle2_adv_CLKIN1_CLKOUT0)
                                                      0.053     2.572 r  PLLE2_ADV/CLKOUT0
                         net (fo=1, routed)           0.546     3.118    soc_crg_clkout0
    BUFGCTRL_X0Y0        BUFG (Prop_bufg_I_O)         0.029     3.147 r  BUFG/O
                         net (fo=4280, routed)        0.819     3.965    storage_1_reg_0_15_0_5/WCLK
    SLICE_X38Y22         RAMD32                                       r  storage_1_reg_0_15_0_5/RAMC_D1/CLK
                         clock pessimism             -0.885     3.080    
    SLICE_X38Y22         RAMD32 (Hold_ramd32_CLK_WADR0)
                                                      0.310     3.390    storage_1_reg_0_15_0_5/RAMC_D1
  -------------------------------------------------------------------
                         required time                         -3.390    
                         arrival time                           3.426    
  -------------------------------------------------------------------
                         slack                                  0.036    

Slack (MET) :             0.036ns  (arrival time - required time)
  Source:                 soc_basesoc_uart_rx_fifo_produce_reg[0]/C
                            (rising edge-triggered cell FDRE clocked by soc_crg_clkout0  {rise@0.000ns fall@5.000ns period=10.000ns})
  Destination:            storage_1_reg_0_15_0_5/RAMD/ADR0
                            (rising edge-triggered cell RAMS32 clocked by soc_crg_clkout0  {rise@0.000ns fall@5.000ns period=10.000ns})
  Path Group:             soc_crg_clkout0
  Path Type:              Hold (Min at Fast Process Corner)
  Requirement:            0.000ns  (soc_crg_clkout0 rise@0.000ns - soc_crg_clkout0 rise@0.000ns)
  Data Path Delay:        0.359ns  (logic 0.141ns (39.235%)  route 0.218ns (60.765%))
  Logic Levels:           0  
  Clock Path Skew:        0.013ns (DCD - SCD - CPR)
    Destination Clock Delay (DCD):    3.965ns
    Source Clock Delay      (SCD):    3.067ns
    Clock Pessimism Removal (CPR):    0.885ns

    Location             Delay type                Incr(ns)  Path(ns)    Netlist Resource(s)
  -------------------------------------------------------------------    -------------------
                         (clock soc_crg_clkout0 rise edge)
                                                      0.000     0.000 r  
    E3                                                0.000     0.000 r  clk100 (IN)
                         net (fo=0)                   0.000     0.000    clk100
    E3                   IBUF (Prop_ibuf_I_O)         0.257     0.257 r  clk100_IBUF_inst/O
                         net (fo=1, routed)           0.631     0.888    clk100_IBUF
    BUFGCTRL_X0Y16       BUFG (Prop_bufg_I_O)         0.026     0.914 r  clk100_IBUF_BUFG_inst/O
                         net (fo=1, routed)           0.752     1.666    clk100_IBUF_BUFG
    SLICE_X65Y37         LUT1 (Prop_lut1_I0_O)        0.045     1.711 r  clk100_inst/O
                         net (fo=9, routed)           0.226     1.938    soc_crg_clkin
    PLLE2_ADV_X1Y0       PLLE2_ADV (Prop_plle2_adv_CLKIN1_CLKOUT0)
                                                      0.050     1.988 r  PLLE2_ADV/CLKOUT0
                         net (fo=1, routed)           0.501     2.488    soc_crg_clkout0
    BUFGCTRL_X0Y0        BUFG (Prop_bufg_I_O)         0.026     2.514 r  BUFG/O
                         net (fo=4280, routed)        0.553     3.067    sys_clk
    SLICE_X39Y22         FDRE                                         r  soc_basesoc_uart_rx_fifo_produce_reg[0]/C
  -------------------------------------------------------------------    -------------------
    SLICE_X39Y22         FDRE (Prop_fdre_C_Q)         0.141     3.208 r  soc_basesoc_uart_rx_fifo_produce_reg[0]/Q
                         net (fo=20, routed)          0.218     3.426    storage_1_reg_0_15_0_5/ADDRD0
    SLICE_X38Y22         RAMS32                                       r  storage_1_reg_0_15_0_5/RAMD/ADR0
  -------------------------------------------------------------------    -------------------

                         (clock soc_crg_clkout0 rise edge)
                                                      0.000     0.000 r  
    E3                                                0.000     0.000 r  clk100 (IN)
                         net (fo=0)                   0.000     0.000    clk100
    E3                   IBUF (Prop_ibuf_I_O)         0.445     0.445 r  clk100_IBUF_inst/O
                         net (fo=1, routed)           0.685     1.129    clk100_IBUF
    BUFGCTRL_X0Y16       BUFG (Prop_bufg_I_O)         0.029     1.158 r  clk100_IBUF_BUFG_inst/O
                         net (fo=1, routed)           1.057     2.216    clk100_IBUF_BUFG
    SLICE_X65Y37         LUT1 (Prop_lut1_I0_O)        0.056     2.272 r  clk100_inst/O
                         net (fo=9, routed)           0.247     2.519    soc_crg_clkin
    PLLE2_ADV_X1Y0       PLLE2_ADV (Prop_plle2_adv_CLKIN1_CLKOUT0)
                                                      0.053     2.572 r  PLLE2_ADV/CLKOUT0
                         net (fo=1, routed)           0.546     3.118    soc_crg_clkout0
    BUFGCTRL_X0Y0        BUFG (Prop_bufg_I_O)         0.029     3.147 r  BUFG/O
                         net (fo=4280, routed)        0.819     3.965    storage_1_reg_0_15_0_5/WCLK
    SLICE_X38Y22         RAMS32                                       r  storage_1_reg_0_15_0_5/RAMD/CLK
                         clock pessimism             -0.885     3.080    
    SLICE_X38Y22         RAMS32 (Hold_rams32_CLK_ADR0)
                                                      0.310     3.390    storage_1_reg_0_15_0_5/RAMD
  -------------------------------------------------------------------
                         required time                         -3.390    
                         arrival time                           3.426    
  -------------------------------------------------------------------
                         slack                                  0.036    

Slack (MET) :             0.036ns  (arrival time - required time)
  Source:                 soc_basesoc_uart_rx_fifo_produce_reg[0]/C
                            (rising edge-triggered cell FDRE clocked by soc_crg_clkout0  {rise@0.000ns fall@5.000ns period=10.000ns})
  Destination:            storage_1_reg_0_15_0_5/RAMD_D1/ADR0
                            (rising edge-triggered cell RAMS32 clocked by soc_crg_clkout0  {rise@0.000ns fall@5.000ns period=10.000ns})
  Path Group:             soc_crg_clkout0
  Path Type:              Hold (Min at Fast Process Corner)
  Requirement:            0.000ns  (soc_crg_clkout0 rise@0.000ns - soc_crg_clkout0 rise@0.000ns)
  Data Path Delay:        0.359ns  (logic 0.141ns (39.235%)  route 0.218ns (60.765%))
  Logic Levels:           0  
  Clock Path Skew:        0.013ns (DCD - SCD - CPR)
    Destination Clock Delay (DCD):    3.965ns
    Source Clock Delay      (SCD):    3.067ns
    Clock Pessimism Removal (CPR):    0.885ns

    Location             Delay type                Incr(ns)  Path(ns)    Netlist Resource(s)
  -------------------------------------------------------------------    -------------------
                         (clock soc_crg_clkout0 rise edge)
                                                      0.000     0.000 r  
    E3                                                0.000     0.000 r  clk100 (IN)
                         net (fo=0)                   0.000     0.000    clk100
    E3                   IBUF (Prop_ibuf_I_O)         0.257     0.257 r  clk100_IBUF_inst/O
                         net (fo=1, routed)           0.631     0.888    clk100_IBUF
    BUFGCTRL_X0Y16       BUFG (Prop_bufg_I_O)         0.026     0.914 r  clk100_IBUF_BUFG_inst/O
                         net (fo=1, routed)           0.752     1.666    clk100_IBUF_BUFG
    SLICE_X65Y37         LUT1 (Prop_lut1_I0_O)        0.045     1.711 r  clk100_inst/O
                         net (fo=9, routed)           0.226     1.938    soc_crg_clkin
    PLLE2_ADV_X1Y0       PLLE2_ADV (Prop_plle2_adv_CLKIN1_CLKOUT0)
                                                      0.050     1.988 r  PLLE2_ADV/CLKOUT0
                         net (fo=1, routed)           0.501     2.488    soc_crg_clkout0
    BUFGCTRL_X0Y0        BUFG (Prop_bufg_I_O)         0.026     2.514 r  BUFG/O
                         net (fo=4280, routed)        0.553     3.067    sys_clk
    SLICE_X39Y22         FDRE                                         r  soc_basesoc_uart_rx_fifo_produce_reg[0]/C
  -------------------------------------------------------------------    -------------------
    SLICE_X39Y22         FDRE (Prop_fdre_C_Q)         0.141     3.208 r  soc_basesoc_uart_rx_fifo_produce_reg[0]/Q
                         net (fo=20, routed)          0.218     3.426    storage_1_reg_0_15_0_5/ADDRD0
    SLICE_X38Y22         RAMS32                                       r  storage_1_reg_0_15_0_5/RAMD_D1/ADR0
  -------------------------------------------------------------------    -------------------

                         (clock soc_crg_clkout0 rise edge)
                                                      0.000     0.000 r  
    E3                                                0.000     0.000 r  clk100 (IN)
                         net (fo=0)                   0.000     0.000    clk100
    E3                   IBUF (Prop_ibuf_I_O)         0.445     0.445 r  clk100_IBUF_inst/O
                         net (fo=1, routed)           0.685     1.129    clk100_IBUF
    BUFGCTRL_X0Y16       BUFG (Prop_bufg_I_O)         0.029     1.158 r  clk100_IBUF_BUFG_inst/O
                         net (fo=1, routed)           1.057     2.216    clk100_IBUF_BUFG
    SLICE_X65Y37         LUT1 (Prop_lut1_I0_O)        0.056     2.272 r  clk100_inst/O
                         net (fo=9, routed)           0.247     2.519    soc_crg_clkin
    PLLE2_ADV_X1Y0       PLLE2_ADV (Prop_plle2_adv_CLKIN1_CLKOUT0)
                                                      0.053     2.572 r  PLLE2_ADV/CLKOUT0
                         net (fo=1, routed)           0.546     3.118    soc_crg_clkout0
    BUFGCTRL_X0Y0        BUFG (Prop_bufg_I_O)         0.029     3.147 r  BUFG/O
                         net (fo=4280, routed)        0.819     3.965    storage_1_reg_0_15_0_5/WCLK
    SLICE_X38Y22         RAMS32                                       r  storage_1_reg_0_15_0_5/RAMD_D1/CLK
                         clock pessimism             -0.885     3.080    
    SLICE_X38Y22         RAMS32 (Hold_rams32_CLK_ADR0)
                                                      0.310     3.390    storage_1_reg_0_15_0_5/RAMD_D1
  -------------------------------------------------------------------
                         required time                         -3.390    
                         arrival time                           3.426    
  -------------------------------------------------------------------
                         slack                                  0.036    

Slack (MET) :             0.046ns  (arrival time - required time)
  Source:                 soc_basesoc_sdram_bankmachine3_cmd_buffer_lookahead_produce_reg[0]/C
                            (rising edge-triggered cell FDRE clocked by soc_crg_clkout0  {rise@0.000ns fall@5.000ns period=10.000ns})
  Destination:            storage_5_reg_0_7_12_17/RAMA/WADR0
                            (rising edge-triggered cell RAMD32 clocked by soc_crg_clkout0  {rise@0.000ns fall@5.000ns period=10.000ns})
  Path Group:             soc_crg_clkout0
  Path Type:              Hold (Min at Fast Process Corner)
  Requirement:            0.000ns  (soc_crg_clkout0 rise@0.000ns - soc_crg_clkout0 rise@0.000ns)
  Data Path Delay:        0.369ns  (logic 0.141ns (38.165%)  route 0.228ns (61.835%))
  Logic Levels:           0  
  Clock Path Skew:        0.013ns (DCD - SCD - CPR)
    Destination Clock Delay (DCD):    3.983ns
    Source Clock Delay      (SCD):    3.080ns
    Clock Pessimism Removal (CPR):    0.890ns

    Location             Delay type                Incr(ns)  Path(ns)    Netlist Resource(s)
  -------------------------------------------------------------------    -------------------
                         (clock soc_crg_clkout0 rise edge)
                                                      0.000     0.000 r  
    E3                                                0.000     0.000 r  clk100 (IN)
                         net (fo=0)                   0.000     0.000    clk100
    E3                   IBUF (Prop_ibuf_I_O)         0.257     0.257 r  clk100_IBUF_inst/O
                         net (fo=1, routed)           0.631     0.888    clk100_IBUF
    BUFGCTRL_X0Y16       BUFG (Prop_bufg_I_O)         0.026     0.914 r  clk100_IBUF_BUFG_inst/O
                         net (fo=1, routed)           0.752     1.666    clk100_IBUF_BUFG
    SLICE_X65Y37         LUT1 (Prop_lut1_I0_O)        0.045     1.711 r  clk100_inst/O
                         net (fo=9, routed)           0.226     1.938    soc_crg_clkin
    PLLE2_ADV_X1Y0       PLLE2_ADV (Prop_plle2_adv_CLKIN1_CLKOUT0)
                                                      0.050     1.988 r  PLLE2_ADV/CLKOUT0
                         net (fo=1, routed)           0.501     2.488    soc_crg_clkout0
    BUFGCTRL_X0Y0        BUFG (Prop_bufg_I_O)         0.026     2.514 r  BUFG/O
                         net (fo=4280, routed)        0.566     3.080    sys_clk
    SLICE_X51Y6          FDRE                                         r  soc_basesoc_sdram_bankmachine3_cmd_buffer_lookahead_produce_reg[0]/C
  -------------------------------------------------------------------    -------------------
    SLICE_X51Y6          FDRE (Prop_fdre_C_Q)         0.141     3.221 r  soc_basesoc_sdram_bankmachine3_cmd_buffer_lookahead_produce_reg[0]/Q
                         net (fo=35, routed)          0.228     3.450    storage_5_reg_0_7_12_17/ADDRD0
    SLICE_X50Y6          RAMD32                                       r  storage_5_reg_0_7_12_17/RAMA/WADR0
  -------------------------------------------------------------------    -------------------

                         (clock soc_crg_clkout0 rise edge)
                                                      0.000     0.000 r  
    E3                                                0.000     0.000 r  clk100 (IN)
                         net (fo=0)                   0.000     0.000    clk100
    E3                   IBUF (Prop_ibuf_I_O)         0.445     0.445 r  clk100_IBUF_inst/O
                         net (fo=1, routed)           0.685     1.129    clk100_IBUF
    BUFGCTRL_X0Y16       BUFG (Prop_bufg_I_O)         0.029     1.158 r  clk100_IBUF_BUFG_inst/O
                         net (fo=1, routed)           1.057     2.216    clk100_IBUF_BUFG
    SLICE_X65Y37         LUT1 (Prop_lut1_I0_O)        0.056     2.272 r  clk100_inst/O
                         net (fo=9, routed)           0.247     2.519    soc_crg_clkin
    PLLE2_ADV_X1Y0       PLLE2_ADV (Prop_plle2_adv_CLKIN1_CLKOUT0)
                                                      0.053     2.572 r  PLLE2_ADV/CLKOUT0
                         net (fo=1, routed)           0.546     3.118    soc_crg_clkout0
    BUFGCTRL_X0Y0        BUFG (Prop_bufg_I_O)         0.029     3.147 r  BUFG/O
                         net (fo=4280, routed)        0.837     3.983    storage_5_reg_0_7_12_17/WCLK
    SLICE_X50Y6          RAMD32                                       r  storage_5_reg_0_7_12_17/RAMA/CLK
                         clock pessimism             -0.890     3.093    
    SLICE_X50Y6          RAMD32 (Hold_ramd32_CLK_WADR0)
                                                      0.310     3.403    storage_5_reg_0_7_12_17/RAMA
  -------------------------------------------------------------------
                         required time                         -3.403    
                         arrival time                           3.450    
  -------------------------------------------------------------------
                         slack                                  0.046    





Pulse Width Checks
--------------------------------------------------------------------------------------
Clock Name:         soc_crg_clkout0
Waveform(ns):       { 0.000 5.000 }
Period(ns):         10.000
Sources:            { PLLE2_ADV/CLKOUT0 }

Check Type        Corner  Lib Pin             Reference Pin  Required(ns)  Actual(ns)  Slack(ns)  Location        Pin
Min Period        n/a     RAMB18E1/CLKARDCLK  n/a            2.944         10.000      7.056      RAMB18_X0Y20    VexRiscv/RegFilePlugin_regFile_reg_1/CLKARDCLK
Min Period        n/a     RAMB18E1/CLKBWRCLK  n/a            2.944         10.000      7.056      RAMB18_X0Y20    VexRiscv/RegFilePlugin_regFile_reg_1/CLKBWRCLK
Min Period        n/a     RAMB18E1/CLKARDCLK  n/a            2.944         10.000      7.056      RAMB18_X0Y21    VexRiscv/RegFilePlugin_regFile_reg_2/CLKARDCLK
Min Period        n/a     RAMB18E1/CLKBWRCLK  n/a            2.944         10.000      7.056      RAMB18_X0Y21    VexRiscv/RegFilePlugin_regFile_reg_2/CLKBWRCLK
Min Period        n/a     RAMB36E1/CLKARDCLK  n/a            2.944         10.000      7.056      RAMB36_X2Y8     VexRiscv/IBusCachedPlugin_cache/banks_0_reg/CLKARDCLK
Min Period        n/a     RAMB18E1/CLKARDCLK  n/a            2.944         10.000      7.056      RAMB18_X2Y18    VexRiscv/IBusCachedPlugin_cache/ways_0_tags_reg/CLKARDCLK
Min Period        n/a     RAMB18E1/CLKBWRCLK  n/a            2.944         10.000      7.056      RAMB18_X2Y18    VexRiscv/IBusCachedPlugin_cache/ways_0_tags_reg/CLKBWRCLK
Min Period        n/a     RAMB18E1/CLKARDCLK  n/a            2.944         10.000      7.056      RAMB18_X0Y14    VexRiscv/dataCache_1/ways_0_data_symbol0_reg/CLKARDCLK
Min Period        n/a     RAMB18E1/CLKARDCLK  n/a            2.944         10.000      7.056      RAMB18_X0Y16    VexRiscv/dataCache_1/ways_0_data_symbol1_reg/CLKARDCLK
Min Period        n/a     RAMB18E1/CLKARDCLK  n/a            2.944         10.000      7.056      RAMB18_X0Y15    VexRiscv/dataCache_1/ways_0_data_symbol2_reg/CLKARDCLK
Max Period        n/a     PLLE2_ADV/CLKOUT0   n/a            160.000       10.000      150.000    PLLE2_ADV_X1Y0  PLLE2_ADV/CLKOUT0
Low Pulse Width   Slow    RAMD32/CLK          n/a            1.250         5.000       3.750      SLICE_X38Y22    storage_1_reg_0_15_0_5/RAMA/CLK
Low Pulse Width   Fast    RAMD32/CLK          n/a            1.250         5.000       3.750      SLICE_X38Y22    storage_1_reg_0_15_0_5/RAMA/CLK
Low Pulse Width   Slow    RAMD32/CLK          n/a            1.250         5.000       3.750      SLICE_X38Y22    storage_1_reg_0_15_0_5/RAMA_D1/CLK
Low Pulse Width   Fast    RAMD32/CLK          n/a            1.250         5.000       3.750      SLICE_X38Y22    storage_1_reg_0_15_0_5/RAMA_D1/CLK
Low Pulse Width   Slow    RAMD32/CLK          n/a            1.250         5.000       3.750      SLICE_X38Y22    storage_1_reg_0_15_0_5/RAMB/CLK
Low Pulse Width   Fast    RAMD32/CLK          n/a            1.250         5.000       3.750      SLICE_X38Y22    storage_1_reg_0_15_0_5/RAMB/CLK
Low Pulse Width   Slow    RAMD32/CLK          n/a            1.250         5.000       3.750      SLICE_X38Y22    storage_1_reg_0_15_0_5/RAMB_D1/CLK
Low Pulse Width   Fast    RAMD32/CLK          n/a            1.250         5.000       3.750      SLICE_X38Y22    storage_1_reg_0_15_0_5/RAMB_D1/CLK
Low Pulse Width   Slow    RAMD32/CLK          n/a            1.250         5.000       3.750      SLICE_X38Y22    storage_1_reg_0_15_0_5/RAMC/CLK
Low Pulse Width   Fast    RAMD32/CLK          n/a            1.250         5.000       3.750      SLICE_X38Y22    storage_1_reg_0_15_0_5/RAMC/CLK
High Pulse Width  Slow    RAMD32/CLK          n/a            1.250         5.000       3.750      SLICE_X38Y22    storage_1_reg_0_15_0_5/RAMA/CLK
High Pulse Width  Fast    RAMD32/CLK          n/a            1.250         5.000       3.750      SLICE_X38Y22    storage_1_reg_0_15_0_5/RAMA/CLK
High Pulse Width  Slow    RAMD32/CLK          n/a            1.250         5.000       3.750      SLICE_X38Y22    storage_1_reg_0_15_0_5/RAMA_D1/CLK
High Pulse Width  Fast    RAMD32/CLK          n/a            1.250         5.000       3.750      SLICE_X38Y22    storage_1_reg_0_15_0_5/RAMA_D1/CLK
High Pulse Width  Slow    RAMD32/CLK          n/a            1.250         5.000       3.750      SLICE_X38Y22    storage_1_reg_0_15_0_5/RAMB/CLK
High Pulse Width  Fast    RAMD32/CLK          n/a            1.250         5.000       3.750      SLICE_X38Y22    storage_1_reg_0_15_0_5/RAMB/CLK
High Pulse Width  Slow    RAMD32/CLK          n/a            1.250         5.000       3.750      SLICE_X38Y22    storage_1_reg_0_15_0_5/RAMB_D1/CLK
High Pulse Width  Fast    RAMD32/CLK          n/a            1.250         5.000       3.750      SLICE_X38Y22    storage_1_reg_0_15_0_5/RAMB_D1/CLK
High Pulse Width  Slow    RAMD32/CLK          n/a            1.250         5.000       3.750      SLICE_X38Y22    storage_1_reg_0_15_0_5/RAMC/CLK
High Pulse Width  Fast    RAMD32/CLK          n/a            1.250         5.000       3.750      SLICE_X38Y22    storage_1_reg_0_15_0_5/RAMC/CLK



---------------------------------------------------------------------------------------------------
From Clock:  soc_crg_clkout1
  To Clock:  soc_crg_clkout1

Setup :           NA  Failing Endpoints,  Worst Slack           NA  ,  Total Violation           NA
Hold  :           NA  Failing Endpoints,  Worst Slack           NA  ,  Total Violation           NA
PW    :            0  Failing Endpoints,  Worst Slack       37.845ns,  Total Violation        0.000ns
---------------------------------------------------------------------------------------------------


Pulse Width Checks
--------------------------------------------------------------------------------------
Clock Name:         soc_crg_clkout1
Waveform(ns):       { 0.000 20.000 }
Period(ns):         40.000
Sources:            { PLLE2_ADV/CLKOUT1 }

Check Type  Corner  Lib Pin            Reference Pin  Required(ns)  Actual(ns)  Slack(ns)  Location        Pin
Min Period  n/a     BUFG/I             n/a            2.155         40.000      37.845     BUFGCTRL_X0Y4   BUFG_1/I
Min Period  n/a     PLLE2_ADV/CLKOUT1  n/a            1.249         40.000      38.751     PLLE2_ADV_X1Y0  PLLE2_ADV/CLKOUT1
Max Period  n/a     PLLE2_ADV/CLKOUT1  n/a            160.000       40.000      120.000    PLLE2_ADV_X1Y0  PLLE2_ADV/CLKOUT1



---------------------------------------------------------------------------------------------------
From Clock:  soc_crg_clkout2
  To Clock:  soc_crg_clkout2

Setup :           NA  Failing Endpoints,  Worst Slack           NA  ,  Total Violation           NA
Hold  :           NA  Failing Endpoints,  Worst Slack           NA  ,  Total Violation           NA
PW    :            0  Failing Endpoints,  Worst Slack        0.345ns,  Total Violation        0.000ns
---------------------------------------------------------------------------------------------------


Pulse Width Checks
--------------------------------------------------------------------------------------
Clock Name:         soc_crg_clkout2
Waveform(ns):       { 0.000 1.250 }
Period(ns):         2.500
Sources:            { PLLE2_ADV/CLKOUT2 }

Check Type  Corner  Lib Pin            Reference Pin  Required(ns)  Actual(ns)  Slack(ns)  Location        Pin
Min Period  n/a     BUFG/I             n/a            2.155         2.500       0.345      BUFGCTRL_X0Y1   BUFG_2/I
Min Period  n/a     ISERDESE2/CLK      n/a            1.667         2.500       0.833      ILOGIC_X1Y40    ISERDESE2/CLK
Min Period  n/a     ISERDESE2/CLKB     n/a            1.667         2.500       0.833      ILOGIC_X1Y40    ISERDESE2/CLKB
Min Period  n/a     ISERDESE2/CLK      n/a            1.667         2.500       0.833      ILOGIC_X1Y45    ISERDESE2_1/CLK
Min Period  n/a     ISERDESE2/CLKB     n/a            1.667         2.500       0.833      ILOGIC_X1Y45    ISERDESE2_1/CLKB
Min Period  n/a     ISERDESE2/CLK      n/a            1.667         2.500       0.833      ILOGIC_X1Y34    ISERDESE2_10/CLK
Min Period  n/a     ISERDESE2/CLKB     n/a            1.667         2.500       0.833      ILOGIC_X1Y34    ISERDESE2_10/CLKB
Min Period  n/a     ISERDESE2/CLK      n/a            1.667         2.500       0.833      ILOGIC_X1Y30    ISERDESE2_11/CLK
Min Period  n/a     ISERDESE2/CLKB     n/a            1.667         2.500       0.833      ILOGIC_X1Y30    ISERDESE2_11/CLKB
Min Period  n/a     ISERDESE2/CLK      n/a            1.667         2.500       0.833      ILOGIC_X1Y35    ISERDESE2_12/CLK
Max Period  n/a     PLLE2_ADV/CLKOUT2  n/a            160.000       2.500       157.500    PLLE2_ADV_X1Y0  PLLE2_ADV/CLKOUT2



---------------------------------------------------------------------------------------------------
From Clock:  soc_crg_clkout3
  To Clock:  soc_crg_clkout3

Setup :           NA  Failing Endpoints,  Worst Slack           NA  ,  Total Violation           NA
Hold  :           NA  Failing Endpoints,  Worst Slack           NA  ,  Total Violation           NA
PW    :            0  Failing Endpoints,  Worst Slack        0.345ns,  Total Violation        0.000ns
---------------------------------------------------------------------------------------------------


Pulse Width Checks
--------------------------------------------------------------------------------------
Clock Name:         soc_crg_clkout3
Waveform(ns):       { 0.625 1.875 }
Period(ns):         2.500
Sources:            { PLLE2_ADV/CLKOUT3 }

Check Type  Corner  Lib Pin            Reference Pin  Required(ns)  Actual(ns)  Slack(ns)  Location        Pin
Min Period  n/a     BUFG/I             n/a            2.155         2.500       0.345      BUFGCTRL_X0Y3   BUFG_3/I
Min Period  n/a     OSERDESE2/CLK      n/a            1.667         2.500       0.833      OLOGIC_X1Y44    OSERDESE2_25/CLK
Min Period  n/a     OSERDESE2/CLK      n/a            1.667         2.500       0.833      OLOGIC_X1Y32    OSERDESE2_26/CLK
Min Period  n/a     PLLE2_ADV/CLKOUT3  n/a            1.249         2.500       1.251      PLLE2_ADV_X1Y0  PLLE2_ADV/CLKOUT3
Max Period  n/a     PLLE2_ADV/CLKOUT3  n/a            160.000       2.500       157.500    PLLE2_ADV_X1Y0  PLLE2_ADV/CLKOUT3



---------------------------------------------------------------------------------------------------
From Clock:  soc_crg_clkout4
  To Clock:  soc_crg_clkout4

Setup :            0  Failing Endpoints,  Worst Slack        1.254ns,  Total Violation        0.000ns
Hold  :            0  Failing Endpoints,  Worst Slack        0.122ns,  Total Violation        0.000ns
PW    :            0  Failing Endpoints,  Worst Slack        0.264ns,  Total Violation        0.000ns
---------------------------------------------------------------------------------------------------


Max Delay Paths
--------------------------------------------------------------------------------------
Slack (MET) :             1.254ns  (required time - arrival time)
  Source:                 FDPE_8/C
                            (rising edge-triggered cell FDPE clocked by soc_crg_clkout4  {rise@0.000ns fall@2.500ns period=5.000ns})
  Destination:            FDPE_9/D
                            (rising edge-triggered cell FDPE clocked by soc_crg_clkout4  {rise@0.000ns fall@2.500ns period=5.000ns})
  Path Group:             soc_crg_clkout4
  Path Type:              Setup (Max at Slow Process Corner)
  Requirement:            2.000ns  (MaxDelay Path 2.000ns)
  Data Path Delay:        0.646ns  (logic 0.456ns (70.599%)  route 0.190ns (29.401%))
  Logic Levels:           0  
  Clock Path Skew:        0.000ns (DCD - SCD + CPR)
    Destination Clock Delay (DCD):    9.026ns
    Source Clock Delay      (SCD):    9.694ns
    Clock Pessimism Removal (CPR):    0.667ns
  Clock Uncertainty:      0.053ns  ((TSJ^2 + DJ^2)^1/2) / 2 + PE
    Total System Jitter     (TSJ):    0.071ns
    Discrete Jitter          (DJ):    0.078ns
    Phase Error              (PE):    0.000ns
  Timing Exception:       MaxDelay Path 2.000ns

    Location             Delay type                Incr(ns)  Path(ns)    Netlist Resource(s)
  -------------------------------------------------------------------    -------------------
                         (clock soc_crg_clkout4 rise edge)
                                                      0.000     0.000 r  
    E3                                                0.000     0.000 r  clk100 (IN)
                         net (fo=0)                   0.000     0.000    clk100
    E3                   IBUF (Prop_ibuf_I_O)         1.489     1.489 r  clk100_IBUF_inst/O
                         net (fo=1, routed)           1.967     3.455    clk100_IBUF
    BUFGCTRL_X0Y16       BUFG (Prop_bufg_I_O)         0.096     3.551 r  clk100_IBUF_BUFG_inst/O
                         net (fo=1, routed)           2.126     5.678    clk100_IBUF_BUFG
    SLICE_X65Y37         LUT1 (Prop_lut1_I0_O)        0.124     5.802 r  clk100_inst/O
                         net (fo=9, routed)           0.431     6.233    soc_crg_clkin
    PLLE2_ADV_X1Y0       PLLE2_ADV (Prop_plle2_adv_CLKIN1_CLKOUT4)
                                                      0.088     6.321 r  PLLE2_ADV/CLKOUT4
                         net (fo=1, routed)           1.655     7.976    soc_crg_clkout4
    BUFGCTRL_X0Y2        BUFG (Prop_bufg_I_O)         0.096     8.072 r  BUFG_4/O
                         net (fo=8, routed)           1.621     9.694    idelay_clk
    SLICE_X65Y22         FDPE                                         r  FDPE_8/C
  -------------------------------------------------------------------    -------------------
    SLICE_X65Y22         FDPE (Prop_fdpe_C_Q)         0.456    10.150 r  FDPE_8/Q
                         net (fo=1, routed)           0.190    10.340    soc_builder_xilinxasyncresetsynchronizerimpl4_rst_meta
    SLICE_X65Y22         FDPE                                         r  FDPE_9/D
  -------------------------------------------------------------------    -------------------

                         max delay                    2.000     2.000    
    E3                                                0.000     2.000 r  clk100 (IN)
                         net (fo=0)                   0.000     2.000    clk100
    E3                   IBUF (Prop_ibuf_I_O)         1.418     3.418 r  clk100_IBUF_inst/O
                         net (fo=1, routed)           1.862     5.280    clk100_IBUF
    BUFGCTRL_X0Y16       BUFG (Prop_bufg_I_O)         0.091     5.371 r  clk100_IBUF_BUFG_inst/O
                         net (fo=1, routed)           1.911     7.282    clk100_IBUF_BUFG
    SLICE_X65Y37         LUT1 (Prop_lut1_I0_O)        0.100     7.382 r  clk100_inst/O
                         net (fo=9, routed)           0.388     7.771    soc_crg_clkin
    PLLE2_ADV_X1Y0       PLLE2_ADV (Prop_plle2_adv_CLKIN1_CLKOUT4)
                                                      0.083     7.854 r  PLLE2_ADV/CLKOUT4
                         net (fo=1, routed)           1.576     9.430    soc_crg_clkout4
    BUFGCTRL_X0Y2        BUFG (Prop_bufg_I_O)         0.091     9.521 r  BUFG_4/O
                         net (fo=8, routed)           1.505    11.026    idelay_clk
    SLICE_X65Y22         FDPE                                         r  FDPE_9/C
                         clock pessimism              0.667    11.694    
                         clock uncertainty           -0.053    11.641    
    SLICE_X65Y22         FDPE (Setup_fdpe_C_D)       -0.047    11.594    FDPE_9
  -------------------------------------------------------------------
                         required time                         11.594    
                         arrival time                         -10.340    
  -------------------------------------------------------------------
                         slack                                  1.254    

Slack (MET) :             2.696ns  (required time - arrival time)
  Source:                 soc_crg_reset_counter_reg[2]/C
                            (rising edge-triggered cell FDSE clocked by soc_crg_clkout4  {rise@0.000ns fall@2.500ns period=5.000ns})
  Destination:            soc_crg_ic_reset_reg/D
                            (rising edge-triggered cell FDRE clocked by soc_crg_clkout4  {rise@0.000ns fall@2.500ns period=5.000ns})
  Path Group:             soc_crg_clkout4
  Path Type:              Setup (Max at Slow Process Corner)
  Requirement:            5.000ns  (soc_crg_clkout4 rise@5.000ns - soc_crg_clkout4 rise@0.000ns)
  Data Path Delay:        2.259ns  (logic 0.766ns (33.914%)  route 1.493ns (66.086%))
  Logic Levels:           2  (LUT3=1 LUT4=1)
  Clock Path Skew:        -0.022ns (DCD - SCD + CPR)
    Destination Clock Delay (DCD):    9.025ns = ( 14.025 - 5.000 ) 
    Source Clock Delay      (SCD):    9.693ns
    Clock Pessimism Removal (CPR):    0.645ns
  Clock Uncertainty:      0.053ns  ((TSJ^2 + DJ^2)^1/2) / 2 + PE
    Total System Jitter     (TSJ):    0.071ns
    Discrete Jitter          (DJ):    0.078ns
    Phase Error              (PE):    0.000ns

    Location             Delay type                Incr(ns)  Path(ns)    Netlist Resource(s)
  -------------------------------------------------------------------    -------------------
                         (clock soc_crg_clkout4 rise edge)
                                                      0.000     0.000 r  
    E3                                                0.000     0.000 r  clk100 (IN)
                         net (fo=0)                   0.000     0.000    clk100
    E3                   IBUF (Prop_ibuf_I_O)         1.489     1.489 r  clk100_IBUF_inst/O
                         net (fo=1, routed)           1.967     3.455    clk100_IBUF
    BUFGCTRL_X0Y16       BUFG (Prop_bufg_I_O)         0.096     3.551 r  clk100_IBUF_BUFG_inst/O
                         net (fo=1, routed)           2.126     5.678    clk100_IBUF_BUFG
    SLICE_X65Y37         LUT1 (Prop_lut1_I0_O)        0.124     5.802 r  clk100_inst/O
                         net (fo=9, routed)           0.431     6.233    soc_crg_clkin
    PLLE2_ADV_X1Y0       PLLE2_ADV (Prop_plle2_adv_CLKIN1_CLKOUT4)
                                                      0.088     6.321 r  PLLE2_ADV/CLKOUT4
                         net (fo=1, routed)           1.655     7.976    soc_crg_clkout4
    BUFGCTRL_X0Y2        BUFG (Prop_bufg_I_O)         0.096     8.072 r  BUFG_4/O
                         net (fo=8, routed)           1.620     9.693    idelay_clk
    SLICE_X64Y23         FDSE                                         r  soc_crg_reset_counter_reg[2]/C
  -------------------------------------------------------------------    -------------------
    SLICE_X64Y23         FDSE (Prop_fdse_C_Q)         0.518    10.211 r  soc_crg_reset_counter_reg[2]/Q
                         net (fo=3, routed)           0.870    11.081    soc_crg_reset_counter[2]
    SLICE_X64Y23         LUT4 (Prop_lut4_I2_O)        0.124    11.205 r  soc_crg_reset_counter[3]_i_1/O
                         net (fo=5, routed)           0.622    11.827    soc_crg_reset_counter[3]_i_1_n_0
    SLICE_X65Y23         LUT3 (Prop_lut3_I0_O)        0.124    11.951 r  soc_crg_ic_reset_i_1/O
                         net (fo=1, routed)           0.000    11.951    soc_crg_ic_reset_i_1_n_0
    SLICE_X65Y23         FDRE                                         r  soc_crg_ic_reset_reg/D
  -------------------------------------------------------------------    -------------------

                         (clock soc_crg_clkout4 rise edge)
                                                      5.000     5.000 r  
    E3                                                0.000     5.000 r  clk100 (IN)
                         net (fo=0)                   0.000     5.000    clk100
    E3                   IBUF (Prop_ibuf_I_O)         1.418     6.418 r  clk100_IBUF_inst/O
                         net (fo=1, routed)           1.862     8.280    clk100_IBUF
    BUFGCTRL_X0Y16       BUFG (Prop_bufg_I_O)         0.091     8.371 r  clk100_IBUF_BUFG_inst/O
                         net (fo=1, routed)           1.911    10.282    clk100_IBUF_BUFG
    SLICE_X65Y37         LUT1 (Prop_lut1_I0_O)        0.100    10.382 r  clk100_inst/O
                         net (fo=9, routed)           0.388    10.771    soc_crg_clkin
    PLLE2_ADV_X1Y0       PLLE2_ADV (Prop_plle2_adv_CLKIN1_CLKOUT4)
                                                      0.083    10.854 r  PLLE2_ADV/CLKOUT4
                         net (fo=1, routed)           1.576    12.430    soc_crg_clkout4
    BUFGCTRL_X0Y2        BUFG (Prop_bufg_I_O)         0.091    12.521 r  BUFG_4/O
                         net (fo=8, routed)           1.504    14.025    idelay_clk
    SLICE_X65Y23         FDRE                                         r  soc_crg_ic_reset_reg/C
                         clock pessimism              0.645    14.671    
                         clock uncertainty           -0.053    14.618    
    SLICE_X65Y23         FDRE (Setup_fdre_C_D)        0.029    14.647    soc_crg_ic_reset_reg
  -------------------------------------------------------------------
                         required time                         14.647    
                         arrival time                         -11.951    
  -------------------------------------------------------------------
                         slack                                  2.696    

Slack (MET) :             2.902ns  (required time - arrival time)
  Source:                 soc_crg_reset_counter_reg[0]/C
                            (rising edge-triggered cell FDSE clocked by soc_crg_clkout4  {rise@0.000ns fall@2.500ns period=5.000ns})
  Destination:            soc_crg_reset_counter_reg[0]/D
                            (rising edge-triggered cell FDSE clocked by soc_crg_clkout4  {rise@0.000ns fall@2.500ns period=5.000ns})
  Path Group:             soc_crg_clkout4
  Path Type:              Setup (Max at Slow Process Corner)
  Requirement:            5.000ns  (soc_crg_clkout4 rise@5.000ns - soc_crg_clkout4 rise@0.000ns)
  Data Path Delay:        2.123ns  (logic 0.642ns (30.247%)  route 1.481ns (69.753%))
  Logic Levels:           1  (LUT1=1)
  Clock Path Skew:        0.000ns (DCD - SCD + CPR)
    Destination Clock Delay (DCD):    9.025ns = ( 14.025 - 5.000 ) 
    Source Clock Delay      (SCD):    9.693ns
    Clock Pessimism Removal (CPR):    0.667ns
  Clock Uncertainty:      0.053ns  ((TSJ^2 + DJ^2)^1/2) / 2 + PE
    Total System Jitter     (TSJ):    0.071ns
    Discrete Jitter          (DJ):    0.078ns
    Phase Error              (PE):    0.000ns

    Location             Delay type                Incr(ns)  Path(ns)    Netlist Resource(s)
  -------------------------------------------------------------------    -------------------
                         (clock soc_crg_clkout4 rise edge)
                                                      0.000     0.000 r  
    E3                                                0.000     0.000 r  clk100 (IN)
                         net (fo=0)                   0.000     0.000    clk100
    E3                   IBUF (Prop_ibuf_I_O)         1.489     1.489 r  clk100_IBUF_inst/O
                         net (fo=1, routed)           1.967     3.455    clk100_IBUF
    BUFGCTRL_X0Y16       BUFG (Prop_bufg_I_O)         0.096     3.551 r  clk100_IBUF_BUFG_inst/O
                         net (fo=1, routed)           2.126     5.678    clk100_IBUF_BUFG
    SLICE_X65Y37         LUT1 (Prop_lut1_I0_O)        0.124     5.802 r  clk100_inst/O
                         net (fo=9, routed)           0.431     6.233    soc_crg_clkin
    PLLE2_ADV_X1Y0       PLLE2_ADV (Prop_plle2_adv_CLKIN1_CLKOUT4)
                                                      0.088     6.321 r  PLLE2_ADV/CLKOUT4
                         net (fo=1, routed)           1.655     7.976    soc_crg_clkout4
    BUFGCTRL_X0Y2        BUFG (Prop_bufg_I_O)         0.096     8.072 r  BUFG_4/O
                         net (fo=8, routed)           1.620     9.693    idelay_clk
    SLICE_X64Y23         FDSE                                         r  soc_crg_reset_counter_reg[0]/C
  -------------------------------------------------------------------    -------------------
    SLICE_X64Y23         FDSE (Prop_fdse_C_Q)         0.518    10.211 f  soc_crg_reset_counter_reg[0]/Q
                         net (fo=5, routed)           1.481    11.691    soc_crg_reset_counter[0]
    SLICE_X64Y23         LUT1 (Prop_lut1_I0_O)        0.124    11.815 r  soc_crg_reset_counter[0]_i_1/O
                         net (fo=1, routed)           0.000    11.815    soc_crg_reset_counter0[0]
    SLICE_X64Y23         FDSE                                         r  soc_crg_reset_counter_reg[0]/D
  -------------------------------------------------------------------    -------------------

                         (clock soc_crg_clkout4 rise edge)
                                                      5.000     5.000 r  
    E3                                                0.000     5.000 r  clk100 (IN)
                         net (fo=0)                   0.000     5.000    clk100
    E3                   IBUF (Prop_ibuf_I_O)         1.418     6.418 r  clk100_IBUF_inst/O
                         net (fo=1, routed)           1.862     8.280    clk100_IBUF
    BUFGCTRL_X0Y16       BUFG (Prop_bufg_I_O)         0.091     8.371 r  clk100_IBUF_BUFG_inst/O
                         net (fo=1, routed)           1.911    10.282    clk100_IBUF_BUFG
    SLICE_X65Y37         LUT1 (Prop_lut1_I0_O)        0.100    10.382 r  clk100_inst/O
                         net (fo=9, routed)           0.388    10.771    soc_crg_clkin
    PLLE2_ADV_X1Y0       PLLE2_ADV (Prop_plle2_adv_CLKIN1_CLKOUT4)
                                                      0.083    10.854 r  PLLE2_ADV/CLKOUT4
                         net (fo=1, routed)           1.576    12.430    soc_crg_clkout4
    BUFGCTRL_X0Y2        BUFG (Prop_bufg_I_O)         0.091    12.521 r  BUFG_4/O
                         net (fo=8, routed)           1.504    14.025    idelay_clk
    SLICE_X64Y23         FDSE                                         r  soc_crg_reset_counter_reg[0]/C
                         clock pessimism              0.667    14.693    
                         clock uncertainty           -0.053    14.640    
    SLICE_X64Y23         FDSE (Setup_fdse_C_D)        0.077    14.717    soc_crg_reset_counter_reg[0]
  -------------------------------------------------------------------
                         required time                         14.717    
                         arrival time                         -11.815    
  -------------------------------------------------------------------
                         slack                                  2.902    

Slack (MET) :             2.921ns  (required time - arrival time)
  Source:                 soc_crg_reset_counter_reg[0]/C
                            (rising edge-triggered cell FDSE clocked by soc_crg_clkout4  {rise@0.000ns fall@2.500ns period=5.000ns})
  Destination:            soc_crg_reset_counter_reg[1]/D
                            (rising edge-triggered cell FDSE clocked by soc_crg_clkout4  {rise@0.000ns fall@2.500ns period=5.000ns})
  Path Group:             soc_crg_clkout4
  Path Type:              Setup (Max at Slow Process Corner)
  Requirement:            5.000ns  (soc_crg_clkout4 rise@5.000ns - soc_crg_clkout4 rise@0.000ns)
  Data Path Delay:        2.145ns  (logic 0.664ns (30.963%)  route 1.481ns (69.037%))
  Logic Levels:           1  (LUT2=1)
  Clock Path Skew:        0.000ns (DCD - SCD + CPR)
    Destination Clock Delay (DCD):    9.025ns = ( 14.025 - 5.000 ) 
    Source Clock Delay      (SCD):    9.693ns
    Clock Pessimism Removal (CPR):    0.667ns
  Clock Uncertainty:      0.053ns  ((TSJ^2 + DJ^2)^1/2) / 2 + PE
    Total System Jitter     (TSJ):    0.071ns
    Discrete Jitter          (DJ):    0.078ns
    Phase Error              (PE):    0.000ns

    Location             Delay type                Incr(ns)  Path(ns)    Netlist Resource(s)
  -------------------------------------------------------------------    -------------------
                         (clock soc_crg_clkout4 rise edge)
                                                      0.000     0.000 r  
    E3                                                0.000     0.000 r  clk100 (IN)
                         net (fo=0)                   0.000     0.000    clk100
    E3                   IBUF (Prop_ibuf_I_O)         1.489     1.489 r  clk100_IBUF_inst/O
                         net (fo=1, routed)           1.967     3.455    clk100_IBUF
    BUFGCTRL_X0Y16       BUFG (Prop_bufg_I_O)         0.096     3.551 r  clk100_IBUF_BUFG_inst/O
                         net (fo=1, routed)           2.126     5.678    clk100_IBUF_BUFG
    SLICE_X65Y37         LUT1 (Prop_lut1_I0_O)        0.124     5.802 r  clk100_inst/O
                         net (fo=9, routed)           0.431     6.233    soc_crg_clkin
    PLLE2_ADV_X1Y0       PLLE2_ADV (Prop_plle2_adv_CLKIN1_CLKOUT4)
                                                      0.088     6.321 r  PLLE2_ADV/CLKOUT4
                         net (fo=1, routed)           1.655     7.976    soc_crg_clkout4
    BUFGCTRL_X0Y2        BUFG (Prop_bufg_I_O)         0.096     8.072 r  BUFG_4/O
                         net (fo=8, routed)           1.620     9.693    idelay_clk
    SLICE_X64Y23         FDSE                                         r  soc_crg_reset_counter_reg[0]/C
  -------------------------------------------------------------------    -------------------
    SLICE_X64Y23         FDSE (Prop_fdse_C_Q)         0.518    10.211 r  soc_crg_reset_counter_reg[0]/Q
                         net (fo=5, routed)           1.481    11.691    soc_crg_reset_counter[0]
    SLICE_X64Y23         LUT2 (Prop_lut2_I0_O)        0.146    11.837 r  soc_crg_reset_counter[1]_i_1/O
                         net (fo=1, routed)           0.000    11.837    soc_crg_reset_counter[1]_i_1_n_0
    SLICE_X64Y23         FDSE                                         r  soc_crg_reset_counter_reg[1]/D
  -------------------------------------------------------------------    -------------------

                         (clock soc_crg_clkout4 rise edge)
                                                      5.000     5.000 r  
    E3                                                0.000     5.000 r  clk100 (IN)
                         net (fo=0)                   0.000     5.000    clk100
    E3                   IBUF (Prop_ibuf_I_O)         1.418     6.418 r  clk100_IBUF_inst/O
                         net (fo=1, routed)           1.862     8.280    clk100_IBUF
    BUFGCTRL_X0Y16       BUFG (Prop_bufg_I_O)         0.091     8.371 r  clk100_IBUF_BUFG_inst/O
                         net (fo=1, routed)           1.911    10.282    clk100_IBUF_BUFG
    SLICE_X65Y37         LUT1 (Prop_lut1_I0_O)        0.100    10.382 r  clk100_inst/O
                         net (fo=9, routed)           0.388    10.771    soc_crg_clkin
    PLLE2_ADV_X1Y0       PLLE2_ADV (Prop_plle2_adv_CLKIN1_CLKOUT4)
                                                      0.083    10.854 r  PLLE2_ADV/CLKOUT4
                         net (fo=1, routed)           1.576    12.430    soc_crg_clkout4
    BUFGCTRL_X0Y2        BUFG (Prop_bufg_I_O)         0.091    12.521 r  BUFG_4/O
                         net (fo=8, routed)           1.504    14.025    idelay_clk
    SLICE_X64Y23         FDSE                                         r  soc_crg_reset_counter_reg[1]/C
                         clock pessimism              0.667    14.693    
                         clock uncertainty           -0.053    14.640    
    SLICE_X64Y23         FDSE (Setup_fdse_C_D)        0.118    14.758    soc_crg_reset_counter_reg[1]
  -------------------------------------------------------------------
                         required time                         14.758    
                         arrival time                         -11.837    
  -------------------------------------------------------------------
                         slack                                  2.921    

Slack (MET) :             3.048ns  (required time - arrival time)
  Source:                 soc_crg_reset_counter_reg[0]/C
                            (rising edge-triggered cell FDSE clocked by soc_crg_clkout4  {rise@0.000ns fall@2.500ns period=5.000ns})
  Destination:            soc_crg_reset_counter_reg[2]/D
                            (rising edge-triggered cell FDSE clocked by soc_crg_clkout4  {rise@0.000ns fall@2.500ns period=5.000ns})
  Path Group:             soc_crg_clkout4
  Path Type:              Setup (Max at Slow Process Corner)
  Requirement:            5.000ns  (soc_crg_clkout4 rise@5.000ns - soc_crg_clkout4 rise@0.000ns)
  Data Path Delay:        1.981ns  (logic 0.642ns (32.416%)  route 1.339ns (67.584%))
  Logic Levels:           1  (LUT3=1)
  Clock Path Skew:        0.000ns (DCD - SCD + CPR)
    Destination Clock Delay (DCD):    9.025ns = ( 14.025 - 5.000 ) 
    Source Clock Delay      (SCD):    9.693ns
    Clock Pessimism Removal (CPR):    0.667ns
  Clock Uncertainty:      0.053ns  ((TSJ^2 + DJ^2)^1/2) / 2 + PE
    Total System Jitter     (TSJ):    0.071ns
    Discrete Jitter          (DJ):    0.078ns
    Phase Error              (PE):    0.000ns

    Location             Delay type                Incr(ns)  Path(ns)    Netlist Resource(s)
  -------------------------------------------------------------------    -------------------
                         (clock soc_crg_clkout4 rise edge)
                                                      0.000     0.000 r  
    E3                                                0.000     0.000 r  clk100 (IN)
                         net (fo=0)                   0.000     0.000    clk100
    E3                   IBUF (Prop_ibuf_I_O)         1.489     1.489 r  clk100_IBUF_inst/O
                         net (fo=1, routed)           1.967     3.455    clk100_IBUF
    BUFGCTRL_X0Y16       BUFG (Prop_bufg_I_O)         0.096     3.551 r  clk100_IBUF_BUFG_inst/O
                         net (fo=1, routed)           2.126     5.678    clk100_IBUF_BUFG
    SLICE_X65Y37         LUT1 (Prop_lut1_I0_O)        0.124     5.802 r  clk100_inst/O
                         net (fo=9, routed)           0.431     6.233    soc_crg_clkin
    PLLE2_ADV_X1Y0       PLLE2_ADV (Prop_plle2_adv_CLKIN1_CLKOUT4)
                                                      0.088     6.321 r  PLLE2_ADV/CLKOUT4
                         net (fo=1, routed)           1.655     7.976    soc_crg_clkout4
    BUFGCTRL_X0Y2        BUFG (Prop_bufg_I_O)         0.096     8.072 r  BUFG_4/O
                         net (fo=8, routed)           1.620     9.693    idelay_clk
    SLICE_X64Y23         FDSE                                         r  soc_crg_reset_counter_reg[0]/C
  -------------------------------------------------------------------    -------------------
    SLICE_X64Y23         FDSE (Prop_fdse_C_Q)         0.518    10.211 r  soc_crg_reset_counter_reg[0]/Q
                         net (fo=5, routed)           1.339    11.549    soc_crg_reset_counter[0]
    SLICE_X64Y23         LUT3 (Prop_lut3_I1_O)        0.124    11.673 r  soc_crg_reset_counter[2]_i_1/O
                         net (fo=1, routed)           0.000    11.673    soc_crg_reset_counter[2]_i_1_n_0
    SLICE_X64Y23         FDSE                                         r  soc_crg_reset_counter_reg[2]/D
  -------------------------------------------------------------------    -------------------

                         (clock soc_crg_clkout4 rise edge)
                                                      5.000     5.000 r  
    E3                                                0.000     5.000 r  clk100 (IN)
                         net (fo=0)                   0.000     5.000    clk100
    E3                   IBUF (Prop_ibuf_I_O)         1.418     6.418 r  clk100_IBUF_inst/O
                         net (fo=1, routed)           1.862     8.280    clk100_IBUF
    BUFGCTRL_X0Y16       BUFG (Prop_bufg_I_O)         0.091     8.371 r  clk100_IBUF_BUFG_inst/O
                         net (fo=1, routed)           1.911    10.282    clk100_IBUF_BUFG
    SLICE_X65Y37         LUT1 (Prop_lut1_I0_O)        0.100    10.382 r  clk100_inst/O
                         net (fo=9, routed)           0.388    10.771    soc_crg_clkin
    PLLE2_ADV_X1Y0       PLLE2_ADV (Prop_plle2_adv_CLKIN1_CLKOUT4)
                                                      0.083    10.854 r  PLLE2_ADV/CLKOUT4
                         net (fo=1, routed)           1.576    12.430    soc_crg_clkout4
    BUFGCTRL_X0Y2        BUFG (Prop_bufg_I_O)         0.091    12.521 r  BUFG_4/O
                         net (fo=8, routed)           1.504    14.025    idelay_clk
    SLICE_X64Y23         FDSE                                         r  soc_crg_reset_counter_reg[2]/C
                         clock pessimism              0.667    14.693    
                         clock uncertainty           -0.053    14.640    
    SLICE_X64Y23         FDSE (Setup_fdse_C_D)        0.081    14.721    soc_crg_reset_counter_reg[2]
  -------------------------------------------------------------------
                         required time                         14.721    
                         arrival time                         -11.673    
  -------------------------------------------------------------------
                         slack                                  3.048    

Slack (MET) :             3.059ns  (required time - arrival time)
  Source:                 soc_crg_reset_counter_reg[0]/C
                            (rising edge-triggered cell FDSE clocked by soc_crg_clkout4  {rise@0.000ns fall@2.500ns period=5.000ns})
  Destination:            soc_crg_reset_counter_reg[3]/D
                            (rising edge-triggered cell FDSE clocked by soc_crg_clkout4  {rise@0.000ns fall@2.500ns period=5.000ns})
  Path Group:             soc_crg_clkout4
  Path Type:              Setup (Max at Slow Process Corner)
  Requirement:            5.000ns  (soc_crg_clkout4 rise@5.000ns - soc_crg_clkout4 rise@0.000ns)
  Data Path Delay:        2.007ns  (logic 0.668ns (33.292%)  route 1.339ns (66.708%))
  Logic Levels:           1  (LUT4=1)
  Clock Path Skew:        0.000ns (DCD - SCD + CPR)
    Destination Clock Delay (DCD):    9.025ns = ( 14.025 - 5.000 ) 
    Source Clock Delay      (SCD):    9.693ns
    Clock Pessimism Removal (CPR):    0.667ns
  Clock Uncertainty:      0.053ns  ((TSJ^2 + DJ^2)^1/2) / 2 + PE
    Total System Jitter     (TSJ):    0.071ns
    Discrete Jitter          (DJ):    0.078ns
    Phase Error              (PE):    0.000ns

    Location             Delay type                Incr(ns)  Path(ns)    Netlist Resource(s)
  -------------------------------------------------------------------    -------------------
                         (clock soc_crg_clkout4 rise edge)
                                                      0.000     0.000 r  
    E3                                                0.000     0.000 r  clk100 (IN)
                         net (fo=0)                   0.000     0.000    clk100
    E3                   IBUF (Prop_ibuf_I_O)         1.489     1.489 r  clk100_IBUF_inst/O
                         net (fo=1, routed)           1.967     3.455    clk100_IBUF
    BUFGCTRL_X0Y16       BUFG (Prop_bufg_I_O)         0.096     3.551 r  clk100_IBUF_BUFG_inst/O
                         net (fo=1, routed)           2.126     5.678    clk100_IBUF_BUFG
    SLICE_X65Y37         LUT1 (Prop_lut1_I0_O)        0.124     5.802 r  clk100_inst/O
                         net (fo=9, routed)           0.431     6.233    soc_crg_clkin
    PLLE2_ADV_X1Y0       PLLE2_ADV (Prop_plle2_adv_CLKIN1_CLKOUT4)
                                                      0.088     6.321 r  PLLE2_ADV/CLKOUT4
                         net (fo=1, routed)           1.655     7.976    soc_crg_clkout4
    BUFGCTRL_X0Y2        BUFG (Prop_bufg_I_O)         0.096     8.072 r  BUFG_4/O
                         net (fo=8, routed)           1.620     9.693    idelay_clk
    SLICE_X64Y23         FDSE                                         r  soc_crg_reset_counter_reg[0]/C
  -------------------------------------------------------------------    -------------------
    SLICE_X64Y23         FDSE (Prop_fdse_C_Q)         0.518    10.211 r  soc_crg_reset_counter_reg[0]/Q
                         net (fo=5, routed)           1.339    11.549    soc_crg_reset_counter[0]
    SLICE_X64Y23         LUT4 (Prop_lut4_I1_O)        0.150    11.699 r  soc_crg_reset_counter[3]_i_2/O
                         net (fo=1, routed)           0.000    11.699    soc_crg_reset_counter[3]_i_2_n_0
    SLICE_X64Y23         FDSE                                         r  soc_crg_reset_counter_reg[3]/D
  -------------------------------------------------------------------    -------------------

                         (clock soc_crg_clkout4 rise edge)
                                                      5.000     5.000 r  
    E3                                                0.000     5.000 r  clk100 (IN)
                         net (fo=0)                   0.000     5.000    clk100
    E3                   IBUF (Prop_ibuf_I_O)         1.418     6.418 r  clk100_IBUF_inst/O
                         net (fo=1, routed)           1.862     8.280    clk100_IBUF
    BUFGCTRL_X0Y16       BUFG (Prop_bufg_I_O)         0.091     8.371 r  clk100_IBUF_BUFG_inst/O
                         net (fo=1, routed)           1.911    10.282    clk100_IBUF_BUFG
    SLICE_X65Y37         LUT1 (Prop_lut1_I0_O)        0.100    10.382 r  clk100_inst/O
                         net (fo=9, routed)           0.388    10.771    soc_crg_clkin
    PLLE2_ADV_X1Y0       PLLE2_ADV (Prop_plle2_adv_CLKIN1_CLKOUT4)
                                                      0.083    10.854 r  PLLE2_ADV/CLKOUT4
                         net (fo=1, routed)           1.576    12.430    soc_crg_clkout4
    BUFGCTRL_X0Y2        BUFG (Prop_bufg_I_O)         0.091    12.521 r  BUFG_4/O
                         net (fo=8, routed)           1.504    14.025    idelay_clk
    SLICE_X64Y23         FDSE                                         r  soc_crg_reset_counter_reg[3]/C
                         clock pessimism              0.667    14.693    
                         clock uncertainty           -0.053    14.640    
    SLICE_X64Y23         FDSE (Setup_fdse_C_D)        0.118    14.758    soc_crg_reset_counter_reg[3]
  -------------------------------------------------------------------
                         required time                         14.758    
                         arrival time                         -11.699    
  -------------------------------------------------------------------
                         slack                                  3.059    

Slack (MET) :             3.076ns  (required time - arrival time)
  Source:                 soc_crg_reset_counter_reg[2]/C
                            (rising edge-triggered cell FDSE clocked by soc_crg_clkout4  {rise@0.000ns fall@2.500ns period=5.000ns})
  Destination:            soc_crg_reset_counter_reg[0]/CE
                            (rising edge-triggered cell FDSE clocked by soc_crg_clkout4  {rise@0.000ns fall@2.500ns period=5.000ns})
  Path Group:             soc_crg_clkout4
  Path Type:              Setup (Max at Slow Process Corner)
  Requirement:            5.000ns  (soc_crg_clkout4 rise@5.000ns - soc_crg_clkout4 rise@0.000ns)
  Data Path Delay:        1.702ns  (logic 0.642ns (37.716%)  route 1.060ns (62.284%))
  Logic Levels:           1  (LUT4=1)
  Clock Path Skew:        0.000ns (DCD - SCD + CPR)
    Destination Clock Delay (DCD):    9.025ns = ( 14.025 - 5.000 ) 
    Source Clock Delay      (SCD):    9.693ns
    Clock Pessimism Removal (CPR):    0.667ns
  Clock Uncertainty:      0.053ns  ((TSJ^2 + DJ^2)^1/2) / 2 + PE
    Total System Jitter     (TSJ):    0.071ns
    Discrete Jitter          (DJ):    0.078ns
    Phase Error              (PE):    0.000ns

    Location             Delay type                Incr(ns)  Path(ns)    Netlist Resource(s)
  -------------------------------------------------------------------    -------------------
                         (clock soc_crg_clkout4 rise edge)
                                                      0.000     0.000 r  
    E3                                                0.000     0.000 r  clk100 (IN)
                         net (fo=0)                   0.000     0.000    clk100
    E3                   IBUF (Prop_ibuf_I_O)         1.489     1.489 r  clk100_IBUF_inst/O
                         net (fo=1, routed)           1.967     3.455    clk100_IBUF
    BUFGCTRL_X0Y16       BUFG (Prop_bufg_I_O)         0.096     3.551 r  clk100_IBUF_BUFG_inst/O
                         net (fo=1, routed)           2.126     5.678    clk100_IBUF_BUFG
    SLICE_X65Y37         LUT1 (Prop_lut1_I0_O)        0.124     5.802 r  clk100_inst/O
                         net (fo=9, routed)           0.431     6.233    soc_crg_clkin
    PLLE2_ADV_X1Y0       PLLE2_ADV (Prop_plle2_adv_CLKIN1_CLKOUT4)
                                                      0.088     6.321 r  PLLE2_ADV/CLKOUT4
                         net (fo=1, routed)           1.655     7.976    soc_crg_clkout4
    BUFGCTRL_X0Y2        BUFG (Prop_bufg_I_O)         0.096     8.072 r  BUFG_4/O
                         net (fo=8, routed)           1.620     9.693    idelay_clk
    SLICE_X64Y23         FDSE                                         r  soc_crg_reset_counter_reg[2]/C
  -------------------------------------------------------------------    -------------------
    SLICE_X64Y23         FDSE (Prop_fdse_C_Q)         0.518    10.211 r  soc_crg_reset_counter_reg[2]/Q
                         net (fo=3, routed)           0.870    11.081    soc_crg_reset_counter[2]
    SLICE_X64Y23         LUT4 (Prop_lut4_I2_O)        0.124    11.205 r  soc_crg_reset_counter[3]_i_1/O
                         net (fo=5, routed)           0.190    11.395    soc_crg_reset_counter[3]_i_1_n_0
    SLICE_X64Y23         FDSE                                         r  soc_crg_reset_counter_reg[0]/CE
  -------------------------------------------------------------------    -------------------

                         (clock soc_crg_clkout4 rise edge)
                                                      5.000     5.000 r  
    E3                                                0.000     5.000 r  clk100 (IN)
                         net (fo=0)                   0.000     5.000    clk100
    E3                   IBUF (Prop_ibuf_I_O)         1.418     6.418 r  clk100_IBUF_inst/O
                         net (fo=1, routed)           1.862     8.280    clk100_IBUF
    BUFGCTRL_X0Y16       BUFG (Prop_bufg_I_O)         0.091     8.371 r  clk100_IBUF_BUFG_inst/O
                         net (fo=1, routed)           1.911    10.282    clk100_IBUF_BUFG
    SLICE_X65Y37         LUT1 (Prop_lut1_I0_O)        0.100    10.382 r  clk100_inst/O
                         net (fo=9, routed)           0.388    10.771    soc_crg_clkin
    PLLE2_ADV_X1Y0       PLLE2_ADV (Prop_plle2_adv_CLKIN1_CLKOUT4)
                                                      0.083    10.854 r  PLLE2_ADV/CLKOUT4
                         net (fo=1, routed)           1.576    12.430    soc_crg_clkout4
    BUFGCTRL_X0Y2        BUFG (Prop_bufg_I_O)         0.091    12.521 r  BUFG_4/O
                         net (fo=8, routed)           1.504    14.025    idelay_clk
    SLICE_X64Y23         FDSE                                         r  soc_crg_reset_counter_reg[0]/C
                         clock pessimism              0.667    14.693    
                         clock uncertainty           -0.053    14.640    
    SLICE_X64Y23         FDSE (Setup_fdse_C_CE)      -0.169    14.471    soc_crg_reset_counter_reg[0]
  -------------------------------------------------------------------
                         required time                         14.471    
                         arrival time                         -11.395    
  -------------------------------------------------------------------
                         slack                                  3.076    

Slack (MET) :             3.076ns  (required time - arrival time)
  Source:                 soc_crg_reset_counter_reg[2]/C
                            (rising edge-triggered cell FDSE clocked by soc_crg_clkout4  {rise@0.000ns fall@2.500ns period=5.000ns})
  Destination:            soc_crg_reset_counter_reg[1]/CE
                            (rising edge-triggered cell FDSE clocked by soc_crg_clkout4  {rise@0.000ns fall@2.500ns period=5.000ns})
  Path Group:             soc_crg_clkout4
  Path Type:              Setup (Max at Slow Process Corner)
  Requirement:            5.000ns  (soc_crg_clkout4 rise@5.000ns - soc_crg_clkout4 rise@0.000ns)
  Data Path Delay:        1.702ns  (logic 0.642ns (37.716%)  route 1.060ns (62.284%))
  Logic Levels:           1  (LUT4=1)
  Clock Path Skew:        0.000ns (DCD - SCD + CPR)
    Destination Clock Delay (DCD):    9.025ns = ( 14.025 - 5.000 ) 
    Source Clock Delay      (SCD):    9.693ns
    Clock Pessimism Removal (CPR):    0.667ns
  Clock Uncertainty:      0.053ns  ((TSJ^2 + DJ^2)^1/2) / 2 + PE
    Total System Jitter     (TSJ):    0.071ns
    Discrete Jitter          (DJ):    0.078ns
    Phase Error              (PE):    0.000ns

    Location             Delay type                Incr(ns)  Path(ns)    Netlist Resource(s)
  -------------------------------------------------------------------    -------------------
                         (clock soc_crg_clkout4 rise edge)
                                                      0.000     0.000 r  
    E3                                                0.000     0.000 r  clk100 (IN)
                         net (fo=0)                   0.000     0.000    clk100
    E3                   IBUF (Prop_ibuf_I_O)         1.489     1.489 r  clk100_IBUF_inst/O
                         net (fo=1, routed)           1.967     3.455    clk100_IBUF
    BUFGCTRL_X0Y16       BUFG (Prop_bufg_I_O)         0.096     3.551 r  clk100_IBUF_BUFG_inst/O
                         net (fo=1, routed)           2.126     5.678    clk100_IBUF_BUFG
    SLICE_X65Y37         LUT1 (Prop_lut1_I0_O)        0.124     5.802 r  clk100_inst/O
                         net (fo=9, routed)           0.431     6.233    soc_crg_clkin
    PLLE2_ADV_X1Y0       PLLE2_ADV (Prop_plle2_adv_CLKIN1_CLKOUT4)
                                                      0.088     6.321 r  PLLE2_ADV/CLKOUT4
                         net (fo=1, routed)           1.655     7.976    soc_crg_clkout4
    BUFGCTRL_X0Y2        BUFG (Prop_bufg_I_O)         0.096     8.072 r  BUFG_4/O
                         net (fo=8, routed)           1.620     9.693    idelay_clk
    SLICE_X64Y23         FDSE                                         r  soc_crg_reset_counter_reg[2]/C
  -------------------------------------------------------------------    -------------------
    SLICE_X64Y23         FDSE (Prop_fdse_C_Q)         0.518    10.211 r  soc_crg_reset_counter_reg[2]/Q
                         net (fo=3, routed)           0.870    11.081    soc_crg_reset_counter[2]
    SLICE_X64Y23         LUT4 (Prop_lut4_I2_O)        0.124    11.205 r  soc_crg_reset_counter[3]_i_1/O
                         net (fo=5, routed)           0.190    11.395    soc_crg_reset_counter[3]_i_1_n_0
    SLICE_X64Y23         FDSE                                         r  soc_crg_reset_counter_reg[1]/CE
  -------------------------------------------------------------------    -------------------

                         (clock soc_crg_clkout4 rise edge)
                                                      5.000     5.000 r  
    E3                                                0.000     5.000 r  clk100 (IN)
                         net (fo=0)                   0.000     5.000    clk100
    E3                   IBUF (Prop_ibuf_I_O)         1.418     6.418 r  clk100_IBUF_inst/O
                         net (fo=1, routed)           1.862     8.280    clk100_IBUF
    BUFGCTRL_X0Y16       BUFG (Prop_bufg_I_O)         0.091     8.371 r  clk100_IBUF_BUFG_inst/O
                         net (fo=1, routed)           1.911    10.282    clk100_IBUF_BUFG
    SLICE_X65Y37         LUT1 (Prop_lut1_I0_O)        0.100    10.382 r  clk100_inst/O
                         net (fo=9, routed)           0.388    10.771    soc_crg_clkin
    PLLE2_ADV_X1Y0       PLLE2_ADV (Prop_plle2_adv_CLKIN1_CLKOUT4)
                                                      0.083    10.854 r  PLLE2_ADV/CLKOUT4
                         net (fo=1, routed)           1.576    12.430    soc_crg_clkout4
    BUFGCTRL_X0Y2        BUFG (Prop_bufg_I_O)         0.091    12.521 r  BUFG_4/O
                         net (fo=8, routed)           1.504    14.025    idelay_clk
    SLICE_X64Y23         FDSE                                         r  soc_crg_reset_counter_reg[1]/C
                         clock pessimism              0.667    14.693    
                         clock uncertainty           -0.053    14.640    
    SLICE_X64Y23         FDSE (Setup_fdse_C_CE)      -0.169    14.471    soc_crg_reset_counter_reg[1]
  -------------------------------------------------------------------
                         required time                         14.471    
                         arrival time                         -11.395    
  -------------------------------------------------------------------
                         slack                                  3.076    

Slack (MET) :             3.076ns  (required time - arrival time)
  Source:                 soc_crg_reset_counter_reg[2]/C
                            (rising edge-triggered cell FDSE clocked by soc_crg_clkout4  {rise@0.000ns fall@2.500ns period=5.000ns})
  Destination:            soc_crg_reset_counter_reg[2]/CE
                            (rising edge-triggered cell FDSE clocked by soc_crg_clkout4  {rise@0.000ns fall@2.500ns period=5.000ns})
  Path Group:             soc_crg_clkout4
  Path Type:              Setup (Max at Slow Process Corner)
  Requirement:            5.000ns  (soc_crg_clkout4 rise@5.000ns - soc_crg_clkout4 rise@0.000ns)
  Data Path Delay:        1.702ns  (logic 0.642ns (37.716%)  route 1.060ns (62.284%))
  Logic Levels:           1  (LUT4=1)
  Clock Path Skew:        0.000ns (DCD - SCD + CPR)
    Destination Clock Delay (DCD):    9.025ns = ( 14.025 - 5.000 ) 
    Source Clock Delay      (SCD):    9.693ns
    Clock Pessimism Removal (CPR):    0.667ns
  Clock Uncertainty:      0.053ns  ((TSJ^2 + DJ^2)^1/2) / 2 + PE
    Total System Jitter     (TSJ):    0.071ns
    Discrete Jitter          (DJ):    0.078ns
    Phase Error              (PE):    0.000ns

    Location             Delay type                Incr(ns)  Path(ns)    Netlist Resource(s)
  -------------------------------------------------------------------    -------------------
                         (clock soc_crg_clkout4 rise edge)
                                                      0.000     0.000 r  
    E3                                                0.000     0.000 r  clk100 (IN)
                         net (fo=0)                   0.000     0.000    clk100
    E3                   IBUF (Prop_ibuf_I_O)         1.489     1.489 r  clk100_IBUF_inst/O
                         net (fo=1, routed)           1.967     3.455    clk100_IBUF
    BUFGCTRL_X0Y16       BUFG (Prop_bufg_I_O)         0.096     3.551 r  clk100_IBUF_BUFG_inst/O
                         net (fo=1, routed)           2.126     5.678    clk100_IBUF_BUFG
    SLICE_X65Y37         LUT1 (Prop_lut1_I0_O)        0.124     5.802 r  clk100_inst/O
                         net (fo=9, routed)           0.431     6.233    soc_crg_clkin
    PLLE2_ADV_X1Y0       PLLE2_ADV (Prop_plle2_adv_CLKIN1_CLKOUT4)
                                                      0.088     6.321 r  PLLE2_ADV/CLKOUT4
                         net (fo=1, routed)           1.655     7.976    soc_crg_clkout4
    BUFGCTRL_X0Y2        BUFG (Prop_bufg_I_O)         0.096     8.072 r  BUFG_4/O
                         net (fo=8, routed)           1.620     9.693    idelay_clk
    SLICE_X64Y23         FDSE                                         r  soc_crg_reset_counter_reg[2]/C
  -------------------------------------------------------------------    -------------------
    SLICE_X64Y23         FDSE (Prop_fdse_C_Q)         0.518    10.211 r  soc_crg_reset_counter_reg[2]/Q
                         net (fo=3, routed)           0.870    11.081    soc_crg_reset_counter[2]
    SLICE_X64Y23         LUT4 (Prop_lut4_I2_O)        0.124    11.205 r  soc_crg_reset_counter[3]_i_1/O
                         net (fo=5, routed)           0.190    11.395    soc_crg_reset_counter[3]_i_1_n_0
    SLICE_X64Y23         FDSE                                         r  soc_crg_reset_counter_reg[2]/CE
  -------------------------------------------------------------------    -------------------

                         (clock soc_crg_clkout4 rise edge)
                                                      5.000     5.000 r  
    E3                                                0.000     5.000 r  clk100 (IN)
                         net (fo=0)                   0.000     5.000    clk100
    E3                   IBUF (Prop_ibuf_I_O)         1.418     6.418 r  clk100_IBUF_inst/O
                         net (fo=1, routed)           1.862     8.280    clk100_IBUF
    BUFGCTRL_X0Y16       BUFG (Prop_bufg_I_O)         0.091     8.371 r  clk100_IBUF_BUFG_inst/O
                         net (fo=1, routed)           1.911    10.282    clk100_IBUF_BUFG
    SLICE_X65Y37         LUT1 (Prop_lut1_I0_O)        0.100    10.382 r  clk100_inst/O
                         net (fo=9, routed)           0.388    10.771    soc_crg_clkin
    PLLE2_ADV_X1Y0       PLLE2_ADV (Prop_plle2_adv_CLKIN1_CLKOUT4)
                                                      0.083    10.854 r  PLLE2_ADV/CLKOUT4
                         net (fo=1, routed)           1.576    12.430    soc_crg_clkout4
    BUFGCTRL_X0Y2        BUFG (Prop_bufg_I_O)         0.091    12.521 r  BUFG_4/O
                         net (fo=8, routed)           1.504    14.025    idelay_clk
    SLICE_X64Y23         FDSE                                         r  soc_crg_reset_counter_reg[2]/C
                         clock pessimism              0.667    14.693    
                         clock uncertainty           -0.053    14.640    
    SLICE_X64Y23         FDSE (Setup_fdse_C_CE)      -0.169    14.471    soc_crg_reset_counter_reg[2]
  -------------------------------------------------------------------
                         required time                         14.471    
                         arrival time                         -11.395    
  -------------------------------------------------------------------
                         slack                                  3.076    

Slack (MET) :             3.076ns  (required time - arrival time)
  Source:                 soc_crg_reset_counter_reg[2]/C
                            (rising edge-triggered cell FDSE clocked by soc_crg_clkout4  {rise@0.000ns fall@2.500ns period=5.000ns})
  Destination:            soc_crg_reset_counter_reg[3]/CE
                            (rising edge-triggered cell FDSE clocked by soc_crg_clkout4  {rise@0.000ns fall@2.500ns period=5.000ns})
  Path Group:             soc_crg_clkout4
  Path Type:              Setup (Max at Slow Process Corner)
  Requirement:            5.000ns  (soc_crg_clkout4 rise@5.000ns - soc_crg_clkout4 rise@0.000ns)
  Data Path Delay:        1.702ns  (logic 0.642ns (37.716%)  route 1.060ns (62.284%))
  Logic Levels:           1  (LUT4=1)
  Clock Path Skew:        0.000ns (DCD - SCD + CPR)
    Destination Clock Delay (DCD):    9.025ns = ( 14.025 - 5.000 ) 
    Source Clock Delay      (SCD):    9.693ns
    Clock Pessimism Removal (CPR):    0.667ns
  Clock Uncertainty:      0.053ns  ((TSJ^2 + DJ^2)^1/2) / 2 + PE
    Total System Jitter     (TSJ):    0.071ns
    Discrete Jitter          (DJ):    0.078ns
    Phase Error              (PE):    0.000ns

    Location             Delay type                Incr(ns)  Path(ns)    Netlist Resource(s)
  -------------------------------------------------------------------    -------------------
                         (clock soc_crg_clkout4 rise edge)
                                                      0.000     0.000 r  
    E3                                                0.000     0.000 r  clk100 (IN)
                         net (fo=0)                   0.000     0.000    clk100
    E3                   IBUF (Prop_ibuf_I_O)         1.489     1.489 r  clk100_IBUF_inst/O
                         net (fo=1, routed)           1.967     3.455    clk100_IBUF
    BUFGCTRL_X0Y16       BUFG (Prop_bufg_I_O)         0.096     3.551 r  clk100_IBUF_BUFG_inst/O
                         net (fo=1, routed)           2.126     5.678    clk100_IBUF_BUFG
    SLICE_X65Y37         LUT1 (Prop_lut1_I0_O)        0.124     5.802 r  clk100_inst/O
                         net (fo=9, routed)           0.431     6.233    soc_crg_clkin
    PLLE2_ADV_X1Y0       PLLE2_ADV (Prop_plle2_adv_CLKIN1_CLKOUT4)
                                                      0.088     6.321 r  PLLE2_ADV/CLKOUT4
                         net (fo=1, routed)           1.655     7.976    soc_crg_clkout4
    BUFGCTRL_X0Y2        BUFG (Prop_bufg_I_O)         0.096     8.072 r  BUFG_4/O
                         net (fo=8, routed)           1.620     9.693    idelay_clk
    SLICE_X64Y23         FDSE                                         r  soc_crg_reset_counter_reg[2]/C
  -------------------------------------------------------------------    -------------------
    SLICE_X64Y23         FDSE (Prop_fdse_C_Q)         0.518    10.211 r  soc_crg_reset_counter_reg[2]/Q
                         net (fo=3, routed)           0.870    11.081    soc_crg_reset_counter[2]
    SLICE_X64Y23         LUT4 (Prop_lut4_I2_O)        0.124    11.205 r  soc_crg_reset_counter[3]_i_1/O
                         net (fo=5, routed)           0.190    11.395    soc_crg_reset_counter[3]_i_1_n_0
    SLICE_X64Y23         FDSE                                         r  soc_crg_reset_counter_reg[3]/CE
  -------------------------------------------------------------------    -------------------

                         (clock soc_crg_clkout4 rise edge)
                                                      5.000     5.000 r  
    E3                                                0.000     5.000 r  clk100 (IN)
                         net (fo=0)                   0.000     5.000    clk100
    E3                   IBUF (Prop_ibuf_I_O)         1.418     6.418 r  clk100_IBUF_inst/O
                         net (fo=1, routed)           1.862     8.280    clk100_IBUF
    BUFGCTRL_X0Y16       BUFG (Prop_bufg_I_O)         0.091     8.371 r  clk100_IBUF_BUFG_inst/O
                         net (fo=1, routed)           1.911    10.282    clk100_IBUF_BUFG
    SLICE_X65Y37         LUT1 (Prop_lut1_I0_O)        0.100    10.382 r  clk100_inst/O
                         net (fo=9, routed)           0.388    10.771    soc_crg_clkin
    PLLE2_ADV_X1Y0       PLLE2_ADV (Prop_plle2_adv_CLKIN1_CLKOUT4)
                                                      0.083    10.854 r  PLLE2_ADV/CLKOUT4
                         net (fo=1, routed)           1.576    12.430    soc_crg_clkout4
    BUFGCTRL_X0Y2        BUFG (Prop_bufg_I_O)         0.091    12.521 r  BUFG_4/O
                         net (fo=8, routed)           1.504    14.025    idelay_clk
    SLICE_X64Y23         FDSE                                         r  soc_crg_reset_counter_reg[3]/C
                         clock pessimism              0.667    14.693    
                         clock uncertainty           -0.053    14.640    
    SLICE_X64Y23         FDSE (Setup_fdse_C_CE)      -0.169    14.471    soc_crg_reset_counter_reg[3]
  -------------------------------------------------------------------
                         required time                         14.471    
                         arrival time                         -11.395    
  -------------------------------------------------------------------
                         slack                                  3.076    





Min Delay Paths
--------------------------------------------------------------------------------------
Slack (MET) :             0.122ns  (arrival time - required time)
  Source:                 FDPE_8/C
                            (rising edge-triggered cell FDPE clocked by soc_crg_clkout4  {rise@0.000ns fall@2.500ns period=5.000ns})
  Destination:            FDPE_9/D
                            (rising edge-triggered cell FDPE clocked by soc_crg_clkout4  {rise@0.000ns fall@2.500ns period=5.000ns})
  Path Group:             soc_crg_clkout4
  Path Type:              Hold (Min at Fast Process Corner)
  Requirement:            0.000ns  (soc_crg_clkout4 rise@0.000ns - soc_crg_clkout4 rise@0.000ns)
  Data Path Delay:        0.197ns  (logic 0.141ns (71.611%)  route 0.056ns (28.389%))
  Logic Levels:           0  
  Clock Path Skew:        0.000ns (DCD - SCD - CPR)
    Destination Clock Delay (DCD):    3.999ns
    Source Clock Delay      (SCD):    3.099ns
    Clock Pessimism Removal (CPR):    0.900ns

    Location             Delay type                Incr(ns)  Path(ns)    Netlist Resource(s)
  -------------------------------------------------------------------    -------------------
                         (clock soc_crg_clkout4 rise edge)
                                                      0.000     0.000 r  
    E3                                                0.000     0.000 r  clk100 (IN)
                         net (fo=0)                   0.000     0.000    clk100
    E3                   IBUF (Prop_ibuf_I_O)         0.257     0.257 r  clk100_IBUF_inst/O
                         net (fo=1, routed)           0.631     0.888    clk100_IBUF
    BUFGCTRL_X0Y16       BUFG (Prop_bufg_I_O)         0.026     0.914 r  clk100_IBUF_BUFG_inst/O
                         net (fo=1, routed)           0.752     1.666    clk100_IBUF_BUFG
    SLICE_X65Y37         LUT1 (Prop_lut1_I0_O)        0.045     1.711 r  clk100_inst/O
                         net (fo=9, routed)           0.226     1.938    soc_crg_clkin
    PLLE2_ADV_X1Y0       PLLE2_ADV (Prop_plle2_adv_CLKIN1_CLKOUT4)
                                                      0.050     1.988 r  PLLE2_ADV/CLKOUT4
                         net (fo=1, routed)           0.501     2.488    soc_crg_clkout4
    BUFGCTRL_X0Y2        BUFG (Prop_bufg_I_O)         0.026     2.514 r  BUFG_4/O
                         net (fo=8, routed)           0.585     3.099    idelay_clk
    SLICE_X65Y22         FDPE                                         r  FDPE_8/C
  -------------------------------------------------------------------    -------------------
    SLICE_X65Y22         FDPE (Prop_fdpe_C_Q)         0.141     3.240 r  FDPE_8/Q
                         net (fo=1, routed)           0.056     3.296    soc_builder_xilinxasyncresetsynchronizerimpl4_rst_meta
    SLICE_X65Y22         FDPE                                         r  FDPE_9/D
  -------------------------------------------------------------------    -------------------

                         (clock soc_crg_clkout4 rise edge)
                                                      0.000     0.000 r  
    E3                                                0.000     0.000 r  clk100 (IN)
                         net (fo=0)                   0.000     0.000    clk100
    E3                   IBUF (Prop_ibuf_I_O)         0.445     0.445 r  clk100_IBUF_inst/O
                         net (fo=1, routed)           0.685     1.129    clk100_IBUF
    BUFGCTRL_X0Y16       BUFG (Prop_bufg_I_O)         0.029     1.158 r  clk100_IBUF_BUFG_inst/O
                         net (fo=1, routed)           1.057     2.216    clk100_IBUF_BUFG
    SLICE_X65Y37         LUT1 (Prop_lut1_I0_O)        0.056     2.272 r  clk100_inst/O
                         net (fo=9, routed)           0.247     2.519    soc_crg_clkin
    PLLE2_ADV_X1Y0       PLLE2_ADV (Prop_plle2_adv_CLKIN1_CLKOUT4)
                                                      0.053     2.572 r  PLLE2_ADV/CLKOUT4
                         net (fo=1, routed)           0.546     3.118    soc_crg_clkout4
    BUFGCTRL_X0Y2        BUFG (Prop_bufg_I_O)         0.029     3.147 r  BUFG_4/O
                         net (fo=8, routed)           0.853     3.999    idelay_clk
    SLICE_X65Y22         FDPE                                         r  FDPE_9/C
                         clock pessimism             -0.900     3.099    
    SLICE_X65Y22         FDPE (Hold_fdpe_C_D)         0.075     3.174    FDPE_9
  -------------------------------------------------------------------
                         required time                         -3.174    
                         arrival time                           3.296    
  -------------------------------------------------------------------
                         slack                                  0.122    

Slack (MET) :             0.243ns  (arrival time - required time)
  Source:                 FDPE_9/C
                            (rising edge-triggered cell FDPE clocked by soc_crg_clkout4  {rise@0.000ns fall@2.500ns period=5.000ns})
  Destination:            soc_crg_ic_reset_reg/D
                            (rising edge-triggered cell FDRE clocked by soc_crg_clkout4  {rise@0.000ns fall@2.500ns period=5.000ns})
  Path Group:             soc_crg_clkout4
  Path Type:              Hold (Min at Fast Process Corner)
  Requirement:            0.000ns  (soc_crg_clkout4 rise@0.000ns - soc_crg_clkout4 rise@0.000ns)
  Data Path Delay:        0.345ns  (logic 0.227ns (65.760%)  route 0.118ns (34.240%))
  Logic Levels:           1  (LUT3=1)
  Clock Path Skew:        0.011ns (DCD - SCD - CPR)
    Destination Clock Delay (DCD):    3.997ns
    Source Clock Delay      (SCD):    3.099ns
    Clock Pessimism Removal (CPR):    0.887ns

    Location             Delay type                Incr(ns)  Path(ns)    Netlist Resource(s)
  -------------------------------------------------------------------    -------------------
                         (clock soc_crg_clkout4 rise edge)
                                                      0.000     0.000 r  
    E3                                                0.000     0.000 r  clk100 (IN)
                         net (fo=0)                   0.000     0.000    clk100
    E3                   IBUF (Prop_ibuf_I_O)         0.257     0.257 r  clk100_IBUF_inst/O
                         net (fo=1, routed)           0.631     0.888    clk100_IBUF
    BUFGCTRL_X0Y16       BUFG (Prop_bufg_I_O)         0.026     0.914 r  clk100_IBUF_BUFG_inst/O
                         net (fo=1, routed)           0.752     1.666    clk100_IBUF_BUFG
    SLICE_X65Y37         LUT1 (Prop_lut1_I0_O)        0.045     1.711 r  clk100_inst/O
                         net (fo=9, routed)           0.226     1.938    soc_crg_clkin
    PLLE2_ADV_X1Y0       PLLE2_ADV (Prop_plle2_adv_CLKIN1_CLKOUT4)
                                                      0.050     1.988 r  PLLE2_ADV/CLKOUT4
                         net (fo=1, routed)           0.501     2.488    soc_crg_clkout4
    BUFGCTRL_X0Y2        BUFG (Prop_bufg_I_O)         0.026     2.514 r  BUFG_4/O
                         net (fo=8, routed)           0.585     3.099    idelay_clk
    SLICE_X65Y22         FDPE                                         r  FDPE_9/C
  -------------------------------------------------------------------    -------------------
    SLICE_X65Y22         FDPE (Prop_fdpe_C_Q)         0.128     3.227 r  FDPE_9/Q
                         net (fo=5, routed)           0.118     3.345    idelay_rst
    SLICE_X65Y23         LUT3 (Prop_lut3_I2_O)        0.099     3.444 r  soc_crg_ic_reset_i_1/O
                         net (fo=1, routed)           0.000     3.444    soc_crg_ic_reset_i_1_n_0
    SLICE_X65Y23         FDRE                                         r  soc_crg_ic_reset_reg/D
  -------------------------------------------------------------------    -------------------

                         (clock soc_crg_clkout4 rise edge)
                                                      0.000     0.000 r  
    E3                                                0.000     0.000 r  clk100 (IN)
                         net (fo=0)                   0.000     0.000    clk100
    E3                   IBUF (Prop_ibuf_I_O)         0.445     0.445 r  clk100_IBUF_inst/O
                         net (fo=1, routed)           0.685     1.129    clk100_IBUF
    BUFGCTRL_X0Y16       BUFG (Prop_bufg_I_O)         0.029     1.158 r  clk100_IBUF_BUFG_inst/O
                         net (fo=1, routed)           1.057     2.216    clk100_IBUF_BUFG
    SLICE_X65Y37         LUT1 (Prop_lut1_I0_O)        0.056     2.272 r  clk100_inst/O
                         net (fo=9, routed)           0.247     2.519    soc_crg_clkin
    PLLE2_ADV_X1Y0       PLLE2_ADV (Prop_plle2_adv_CLKIN1_CLKOUT4)
                                                      0.053     2.572 r  PLLE2_ADV/CLKOUT4
                         net (fo=1, routed)           0.546     3.118    soc_crg_clkout4
    BUFGCTRL_X0Y2        BUFG (Prop_bufg_I_O)         0.029     3.147 r  BUFG_4/O
                         net (fo=8, routed)           0.851     3.997    idelay_clk
    SLICE_X65Y23         FDRE                                         r  soc_crg_ic_reset_reg/C
                         clock pessimism             -0.887     3.110    
    SLICE_X65Y23         FDRE (Hold_fdre_C_D)         0.091     3.201    soc_crg_ic_reset_reg
  -------------------------------------------------------------------
                         required time                         -3.201    
                         arrival time                           3.444    
  -------------------------------------------------------------------
                         slack                                  0.243    

Slack (MET) :             0.289ns  (arrival time - required time)
  Source:                 soc_crg_reset_counter_reg[1]/C
                            (rising edge-triggered cell FDSE clocked by soc_crg_clkout4  {rise@0.000ns fall@2.500ns period=5.000ns})
  Destination:            soc_crg_reset_counter_reg[1]/D
                            (rising edge-triggered cell FDSE clocked by soc_crg_clkout4  {rise@0.000ns fall@2.500ns period=5.000ns})
  Path Group:             soc_crg_clkout4
  Path Type:              Hold (Min at Fast Process Corner)
  Requirement:            0.000ns  (soc_crg_clkout4 rise@0.000ns - soc_crg_clkout4 rise@0.000ns)
  Data Path Delay:        0.420ns  (logic 0.249ns (59.298%)  route 0.171ns (40.702%))
  Logic Levels:           1  (LUT2=1)
  Clock Path Skew:        0.000ns (DCD - SCD - CPR)
    Destination Clock Delay (DCD):    3.997ns
    Source Clock Delay      (SCD):    3.097ns
    Clock Pessimism Removal (CPR):    0.900ns

    Location             Delay type                Incr(ns)  Path(ns)    Netlist Resource(s)
  -------------------------------------------------------------------    -------------------
                         (clock soc_crg_clkout4 rise edge)
                                                      0.000     0.000 r  
    E3                                                0.000     0.000 r  clk100 (IN)
                         net (fo=0)                   0.000     0.000    clk100
    E3                   IBUF (Prop_ibuf_I_O)         0.257     0.257 r  clk100_IBUF_inst/O
                         net (fo=1, routed)           0.631     0.888    clk100_IBUF
    BUFGCTRL_X0Y16       BUFG (Prop_bufg_I_O)         0.026     0.914 r  clk100_IBUF_BUFG_inst/O
                         net (fo=1, routed)           0.752     1.666    clk100_IBUF_BUFG
    SLICE_X65Y37         LUT1 (Prop_lut1_I0_O)        0.045     1.711 r  clk100_inst/O
                         net (fo=9, routed)           0.226     1.938    soc_crg_clkin
    PLLE2_ADV_X1Y0       PLLE2_ADV (Prop_plle2_adv_CLKIN1_CLKOUT4)
                                                      0.050     1.988 r  PLLE2_ADV/CLKOUT4
                         net (fo=1, routed)           0.501     2.488    soc_crg_clkout4
    BUFGCTRL_X0Y2        BUFG (Prop_bufg_I_O)         0.026     2.514 r  BUFG_4/O
                         net (fo=8, routed)           0.583     3.097    idelay_clk
    SLICE_X64Y23         FDSE                                         r  soc_crg_reset_counter_reg[1]/C
  -------------------------------------------------------------------    -------------------
    SLICE_X64Y23         FDSE (Prop_fdse_C_Q)         0.148     3.245 r  soc_crg_reset_counter_reg[1]/Q
                         net (fo=4, routed)           0.171     3.416    soc_crg_reset_counter[1]
    SLICE_X64Y23         LUT2 (Prop_lut2_I1_O)        0.101     3.517 r  soc_crg_reset_counter[1]_i_1/O
                         net (fo=1, routed)           0.000     3.517    soc_crg_reset_counter[1]_i_1_n_0
    SLICE_X64Y23         FDSE                                         r  soc_crg_reset_counter_reg[1]/D
  -------------------------------------------------------------------    -------------------

                         (clock soc_crg_clkout4 rise edge)
                                                      0.000     0.000 r  
    E3                                                0.000     0.000 r  clk100 (IN)
                         net (fo=0)                   0.000     0.000    clk100
    E3                   IBUF (Prop_ibuf_I_O)         0.445     0.445 r  clk100_IBUF_inst/O
                         net (fo=1, routed)           0.685     1.129    clk100_IBUF
    BUFGCTRL_X0Y16       BUFG (Prop_bufg_I_O)         0.029     1.158 r  clk100_IBUF_BUFG_inst/O
                         net (fo=1, routed)           1.057     2.216    clk100_IBUF_BUFG
    SLICE_X65Y37         LUT1 (Prop_lut1_I0_O)        0.056     2.272 r  clk100_inst/O
                         net (fo=9, routed)           0.247     2.519    soc_crg_clkin
    PLLE2_ADV_X1Y0       PLLE2_ADV (Prop_plle2_adv_CLKIN1_CLKOUT4)
                                                      0.053     2.572 r  PLLE2_ADV/CLKOUT4
                         net (fo=1, routed)           0.546     3.118    soc_crg_clkout4
    BUFGCTRL_X0Y2        BUFG (Prop_bufg_I_O)         0.029     3.147 r  BUFG_4/O
                         net (fo=8, routed)           0.851     3.997    idelay_clk
    SLICE_X64Y23         FDSE                                         r  soc_crg_reset_counter_reg[1]/C
                         clock pessimism             -0.900     3.097    
    SLICE_X64Y23         FDSE (Hold_fdse_C_D)         0.131     3.228    soc_crg_reset_counter_reg[1]
  -------------------------------------------------------------------
                         required time                         -3.228    
                         arrival time                           3.517    
  -------------------------------------------------------------------
                         slack                                  0.289    

Slack (MET) :             0.290ns  (arrival time - required time)
  Source:                 FDPE_9/C
                            (rising edge-triggered cell FDPE clocked by soc_crg_clkout4  {rise@0.000ns fall@2.500ns period=5.000ns})
  Destination:            soc_crg_reset_counter_reg[0]/S
                            (rising edge-triggered cell FDSE clocked by soc_crg_clkout4  {rise@0.000ns fall@2.500ns period=5.000ns})
  Path Group:             soc_crg_clkout4
  Path Type:              Hold (Min at Fast Process Corner)
  Requirement:            0.000ns  (soc_crg_clkout4 rise@0.000ns - soc_crg_clkout4 rise@0.000ns)
  Data Path Delay:        0.256ns  (logic 0.128ns (49.962%)  route 0.128ns (50.038%))
  Logic Levels:           0  
  Clock Path Skew:        0.011ns (DCD - SCD - CPR)
    Destination Clock Delay (DCD):    3.997ns
    Source Clock Delay      (SCD):    3.099ns
    Clock Pessimism Removal (CPR):    0.887ns

    Location             Delay type                Incr(ns)  Path(ns)    Netlist Resource(s)
  -------------------------------------------------------------------    -------------------
                         (clock soc_crg_clkout4 rise edge)
                                                      0.000     0.000 r  
    E3                                                0.000     0.000 r  clk100 (IN)
                         net (fo=0)                   0.000     0.000    clk100
    E3                   IBUF (Prop_ibuf_I_O)         0.257     0.257 r  clk100_IBUF_inst/O
                         net (fo=1, routed)           0.631     0.888    clk100_IBUF
    BUFGCTRL_X0Y16       BUFG (Prop_bufg_I_O)         0.026     0.914 r  clk100_IBUF_BUFG_inst/O
                         net (fo=1, routed)           0.752     1.666    clk100_IBUF_BUFG
    SLICE_X65Y37         LUT1 (Prop_lut1_I0_O)        0.045     1.711 r  clk100_inst/O
                         net (fo=9, routed)           0.226     1.938    soc_crg_clkin
    PLLE2_ADV_X1Y0       PLLE2_ADV (Prop_plle2_adv_CLKIN1_CLKOUT4)
                                                      0.050     1.988 r  PLLE2_ADV/CLKOUT4
                         net (fo=1, routed)           0.501     2.488    soc_crg_clkout4
    BUFGCTRL_X0Y2        BUFG (Prop_bufg_I_O)         0.026     2.514 r  BUFG_4/O
                         net (fo=8, routed)           0.585     3.099    idelay_clk
    SLICE_X65Y22         FDPE                                         r  FDPE_9/C
  -------------------------------------------------------------------    -------------------
    SLICE_X65Y22         FDPE (Prop_fdpe_C_Q)         0.128     3.227 r  FDPE_9/Q
                         net (fo=5, routed)           0.128     3.355    idelay_rst
    SLICE_X64Y23         FDSE                                         r  soc_crg_reset_counter_reg[0]/S
  -------------------------------------------------------------------    -------------------

                         (clock soc_crg_clkout4 rise edge)
                                                      0.000     0.000 r  
    E3                                                0.000     0.000 r  clk100 (IN)
                         net (fo=0)                   0.000     0.000    clk100
    E3                   IBUF (Prop_ibuf_I_O)         0.445     0.445 r  clk100_IBUF_inst/O
                         net (fo=1, routed)           0.685     1.129    clk100_IBUF
    BUFGCTRL_X0Y16       BUFG (Prop_bufg_I_O)         0.029     1.158 r  clk100_IBUF_BUFG_inst/O
                         net (fo=1, routed)           1.057     2.216    clk100_IBUF_BUFG
    SLICE_X65Y37         LUT1 (Prop_lut1_I0_O)        0.056     2.272 r  clk100_inst/O
                         net (fo=9, routed)           0.247     2.519    soc_crg_clkin
    PLLE2_ADV_X1Y0       PLLE2_ADV (Prop_plle2_adv_CLKIN1_CLKOUT4)
                                                      0.053     2.572 r  PLLE2_ADV/CLKOUT4
                         net (fo=1, routed)           0.546     3.118    soc_crg_clkout4
    BUFGCTRL_X0Y2        BUFG (Prop_bufg_I_O)         0.029     3.147 r  BUFG_4/O
                         net (fo=8, routed)           0.851     3.997    idelay_clk
    SLICE_X64Y23         FDSE                                         r  soc_crg_reset_counter_reg[0]/C
                         clock pessimism             -0.887     3.110    
    SLICE_X64Y23         FDSE (Hold_fdse_C_S)        -0.045     3.065    soc_crg_reset_counter_reg[0]
  -------------------------------------------------------------------
                         required time                         -3.065    
                         arrival time                           3.355    
  -------------------------------------------------------------------
                         slack                                  0.290    

Slack (MET) :             0.290ns  (arrival time - required time)
  Source:                 FDPE_9/C
                            (rising edge-triggered cell FDPE clocked by soc_crg_clkout4  {rise@0.000ns fall@2.500ns period=5.000ns})
  Destination:            soc_crg_reset_counter_reg[1]/S
                            (rising edge-triggered cell FDSE clocked by soc_crg_clkout4  {rise@0.000ns fall@2.500ns period=5.000ns})
  Path Group:             soc_crg_clkout4
  Path Type:              Hold (Min at Fast Process Corner)
  Requirement:            0.000ns  (soc_crg_clkout4 rise@0.000ns - soc_crg_clkout4 rise@0.000ns)
  Data Path Delay:        0.256ns  (logic 0.128ns (49.962%)  route 0.128ns (50.038%))
  Logic Levels:           0  
  Clock Path Skew:        0.011ns (DCD - SCD - CPR)
    Destination Clock Delay (DCD):    3.997ns
    Source Clock Delay      (SCD):    3.099ns
    Clock Pessimism Removal (CPR):    0.887ns

    Location             Delay type                Incr(ns)  Path(ns)    Netlist Resource(s)
  -------------------------------------------------------------------    -------------------
                         (clock soc_crg_clkout4 rise edge)
                                                      0.000     0.000 r  
    E3                                                0.000     0.000 r  clk100 (IN)
                         net (fo=0)                   0.000     0.000    clk100
    E3                   IBUF (Prop_ibuf_I_O)         0.257     0.257 r  clk100_IBUF_inst/O
                         net (fo=1, routed)           0.631     0.888    clk100_IBUF
    BUFGCTRL_X0Y16       BUFG (Prop_bufg_I_O)         0.026     0.914 r  clk100_IBUF_BUFG_inst/O
                         net (fo=1, routed)           0.752     1.666    clk100_IBUF_BUFG
    SLICE_X65Y37         LUT1 (Prop_lut1_I0_O)        0.045     1.711 r  clk100_inst/O
                         net (fo=9, routed)           0.226     1.938    soc_crg_clkin
    PLLE2_ADV_X1Y0       PLLE2_ADV (Prop_plle2_adv_CLKIN1_CLKOUT4)
                                                      0.050     1.988 r  PLLE2_ADV/CLKOUT4
                         net (fo=1, routed)           0.501     2.488    soc_crg_clkout4
    BUFGCTRL_X0Y2        BUFG (Prop_bufg_I_O)         0.026     2.514 r  BUFG_4/O
                         net (fo=8, routed)           0.585     3.099    idelay_clk
    SLICE_X65Y22         FDPE                                         r  FDPE_9/C
  -------------------------------------------------------------------    -------------------
    SLICE_X65Y22         FDPE (Prop_fdpe_C_Q)         0.128     3.227 r  FDPE_9/Q
                         net (fo=5, routed)           0.128     3.355    idelay_rst
    SLICE_X64Y23         FDSE                                         r  soc_crg_reset_counter_reg[1]/S
  -------------------------------------------------------------------    -------------------

                         (clock soc_crg_clkout4 rise edge)
                                                      0.000     0.000 r  
    E3                                                0.000     0.000 r  clk100 (IN)
                         net (fo=0)                   0.000     0.000    clk100
    E3                   IBUF (Prop_ibuf_I_O)         0.445     0.445 r  clk100_IBUF_inst/O
                         net (fo=1, routed)           0.685     1.129    clk100_IBUF
    BUFGCTRL_X0Y16       BUFG (Prop_bufg_I_O)         0.029     1.158 r  clk100_IBUF_BUFG_inst/O
                         net (fo=1, routed)           1.057     2.216    clk100_IBUF_BUFG
    SLICE_X65Y37         LUT1 (Prop_lut1_I0_O)        0.056     2.272 r  clk100_inst/O
                         net (fo=9, routed)           0.247     2.519    soc_crg_clkin
    PLLE2_ADV_X1Y0       PLLE2_ADV (Prop_plle2_adv_CLKIN1_CLKOUT4)
                                                      0.053     2.572 r  PLLE2_ADV/CLKOUT4
                         net (fo=1, routed)           0.546     3.118    soc_crg_clkout4
    BUFGCTRL_X0Y2        BUFG (Prop_bufg_I_O)         0.029     3.147 r  BUFG_4/O
                         net (fo=8, routed)           0.851     3.997    idelay_clk
    SLICE_X64Y23         FDSE                                         r  soc_crg_reset_counter_reg[1]/C
                         clock pessimism             -0.887     3.110    
    SLICE_X64Y23         FDSE (Hold_fdse_C_S)        -0.045     3.065    soc_crg_reset_counter_reg[1]
  -------------------------------------------------------------------
                         required time                         -3.065    
                         arrival time                           3.355    
  -------------------------------------------------------------------
                         slack                                  0.290    

Slack (MET) :             0.290ns  (arrival time - required time)
  Source:                 FDPE_9/C
                            (rising edge-triggered cell FDPE clocked by soc_crg_clkout4  {rise@0.000ns fall@2.500ns period=5.000ns})
  Destination:            soc_crg_reset_counter_reg[2]/S
                            (rising edge-triggered cell FDSE clocked by soc_crg_clkout4  {rise@0.000ns fall@2.500ns period=5.000ns})
  Path Group:             soc_crg_clkout4
  Path Type:              Hold (Min at Fast Process Corner)
  Requirement:            0.000ns  (soc_crg_clkout4 rise@0.000ns - soc_crg_clkout4 rise@0.000ns)
  Data Path Delay:        0.256ns  (logic 0.128ns (49.962%)  route 0.128ns (50.038%))
  Logic Levels:           0  
  Clock Path Skew:        0.011ns (DCD - SCD - CPR)
    Destination Clock Delay (DCD):    3.997ns
    Source Clock Delay      (SCD):    3.099ns
    Clock Pessimism Removal (CPR):    0.887ns

    Location             Delay type                Incr(ns)  Path(ns)    Netlist Resource(s)
  -------------------------------------------------------------------    -------------------
                         (clock soc_crg_clkout4 rise edge)
                                                      0.000     0.000 r  
    E3                                                0.000     0.000 r  clk100 (IN)
                         net (fo=0)                   0.000     0.000    clk100
    E3                   IBUF (Prop_ibuf_I_O)         0.257     0.257 r  clk100_IBUF_inst/O
                         net (fo=1, routed)           0.631     0.888    clk100_IBUF
    BUFGCTRL_X0Y16       BUFG (Prop_bufg_I_O)         0.026     0.914 r  clk100_IBUF_BUFG_inst/O
                         net (fo=1, routed)           0.752     1.666    clk100_IBUF_BUFG
    SLICE_X65Y37         LUT1 (Prop_lut1_I0_O)        0.045     1.711 r  clk100_inst/O
                         net (fo=9, routed)           0.226     1.938    soc_crg_clkin
    PLLE2_ADV_X1Y0       PLLE2_ADV (Prop_plle2_adv_CLKIN1_CLKOUT4)
                                                      0.050     1.988 r  PLLE2_ADV/CLKOUT4
                         net (fo=1, routed)           0.501     2.488    soc_crg_clkout4
    BUFGCTRL_X0Y2        BUFG (Prop_bufg_I_O)         0.026     2.514 r  BUFG_4/O
                         net (fo=8, routed)           0.585     3.099    idelay_clk
    SLICE_X65Y22         FDPE                                         r  FDPE_9/C
  -------------------------------------------------------------------    -------------------
    SLICE_X65Y22         FDPE (Prop_fdpe_C_Q)         0.128     3.227 r  FDPE_9/Q
                         net (fo=5, routed)           0.128     3.355    idelay_rst
    SLICE_X64Y23         FDSE                                         r  soc_crg_reset_counter_reg[2]/S
  -------------------------------------------------------------------    -------------------

                         (clock soc_crg_clkout4 rise edge)
                                                      0.000     0.000 r  
    E3                                                0.000     0.000 r  clk100 (IN)
                         net (fo=0)                   0.000     0.000    clk100
    E3                   IBUF (Prop_ibuf_I_O)         0.445     0.445 r  clk100_IBUF_inst/O
                         net (fo=1, routed)           0.685     1.129    clk100_IBUF
    BUFGCTRL_X0Y16       BUFG (Prop_bufg_I_O)         0.029     1.158 r  clk100_IBUF_BUFG_inst/O
                         net (fo=1, routed)           1.057     2.216    clk100_IBUF_BUFG
    SLICE_X65Y37         LUT1 (Prop_lut1_I0_O)        0.056     2.272 r  clk100_inst/O
                         net (fo=9, routed)           0.247     2.519    soc_crg_clkin
    PLLE2_ADV_X1Y0       PLLE2_ADV (Prop_plle2_adv_CLKIN1_CLKOUT4)
                                                      0.053     2.572 r  PLLE2_ADV/CLKOUT4
                         net (fo=1, routed)           0.546     3.118    soc_crg_clkout4
    BUFGCTRL_X0Y2        BUFG (Prop_bufg_I_O)         0.029     3.147 r  BUFG_4/O
                         net (fo=8, routed)           0.851     3.997    idelay_clk
    SLICE_X64Y23         FDSE                                         r  soc_crg_reset_counter_reg[2]/C
                         clock pessimism             -0.887     3.110    
    SLICE_X64Y23         FDSE (Hold_fdse_C_S)        -0.045     3.065    soc_crg_reset_counter_reg[2]
  -------------------------------------------------------------------
                         required time                         -3.065    
                         arrival time                           3.355    
  -------------------------------------------------------------------
                         slack                                  0.290    

Slack (MET) :             0.290ns  (arrival time - required time)
  Source:                 FDPE_9/C
                            (rising edge-triggered cell FDPE clocked by soc_crg_clkout4  {rise@0.000ns fall@2.500ns period=5.000ns})
  Destination:            soc_crg_reset_counter_reg[3]/S
                            (rising edge-triggered cell FDSE clocked by soc_crg_clkout4  {rise@0.000ns fall@2.500ns period=5.000ns})
  Path Group:             soc_crg_clkout4
  Path Type:              Hold (Min at Fast Process Corner)
  Requirement:            0.000ns  (soc_crg_clkout4 rise@0.000ns - soc_crg_clkout4 rise@0.000ns)
  Data Path Delay:        0.256ns  (logic 0.128ns (49.962%)  route 0.128ns (50.038%))
  Logic Levels:           0  
  Clock Path Skew:        0.011ns (DCD - SCD - CPR)
    Destination Clock Delay (DCD):    3.997ns
    Source Clock Delay      (SCD):    3.099ns
    Clock Pessimism Removal (CPR):    0.887ns

    Location             Delay type                Incr(ns)  Path(ns)    Netlist Resource(s)
  -------------------------------------------------------------------    -------------------
                         (clock soc_crg_clkout4 rise edge)
                                                      0.000     0.000 r  
    E3                                                0.000     0.000 r  clk100 (IN)
                         net (fo=0)                   0.000     0.000    clk100
    E3                   IBUF (Prop_ibuf_I_O)         0.257     0.257 r  clk100_IBUF_inst/O
                         net (fo=1, routed)           0.631     0.888    clk100_IBUF
    BUFGCTRL_X0Y16       BUFG (Prop_bufg_I_O)         0.026     0.914 r  clk100_IBUF_BUFG_inst/O
                         net (fo=1, routed)           0.752     1.666    clk100_IBUF_BUFG
    SLICE_X65Y37         LUT1 (Prop_lut1_I0_O)        0.045     1.711 r  clk100_inst/O
                         net (fo=9, routed)           0.226     1.938    soc_crg_clkin
    PLLE2_ADV_X1Y0       PLLE2_ADV (Prop_plle2_adv_CLKIN1_CLKOUT4)
                                                      0.050     1.988 r  PLLE2_ADV/CLKOUT4
                         net (fo=1, routed)           0.501     2.488    soc_crg_clkout4
    BUFGCTRL_X0Y2        BUFG (Prop_bufg_I_O)         0.026     2.514 r  BUFG_4/O
                         net (fo=8, routed)           0.585     3.099    idelay_clk
    SLICE_X65Y22         FDPE                                         r  FDPE_9/C
  -------------------------------------------------------------------    -------------------
    SLICE_X65Y22         FDPE (Prop_fdpe_C_Q)         0.128     3.227 r  FDPE_9/Q
                         net (fo=5, routed)           0.128     3.355    idelay_rst
    SLICE_X64Y23         FDSE                                         r  soc_crg_reset_counter_reg[3]/S
  -------------------------------------------------------------------    -------------------

                         (clock soc_crg_clkout4 rise edge)
                                                      0.000     0.000 r  
    E3                                                0.000     0.000 r  clk100 (IN)
                         net (fo=0)                   0.000     0.000    clk100
    E3                   IBUF (Prop_ibuf_I_O)         0.445     0.445 r  clk100_IBUF_inst/O
                         net (fo=1, routed)           0.685     1.129    clk100_IBUF
    BUFGCTRL_X0Y16       BUFG (Prop_bufg_I_O)         0.029     1.158 r  clk100_IBUF_BUFG_inst/O
                         net (fo=1, routed)           1.057     2.216    clk100_IBUF_BUFG
    SLICE_X65Y37         LUT1 (Prop_lut1_I0_O)        0.056     2.272 r  clk100_inst/O
                         net (fo=9, routed)           0.247     2.519    soc_crg_clkin
    PLLE2_ADV_X1Y0       PLLE2_ADV (Prop_plle2_adv_CLKIN1_CLKOUT4)
                                                      0.053     2.572 r  PLLE2_ADV/CLKOUT4
                         net (fo=1, routed)           0.546     3.118    soc_crg_clkout4
    BUFGCTRL_X0Y2        BUFG (Prop_bufg_I_O)         0.029     3.147 r  BUFG_4/O
                         net (fo=8, routed)           0.851     3.997    idelay_clk
    SLICE_X64Y23         FDSE                                         r  soc_crg_reset_counter_reg[3]/C
                         clock pessimism             -0.887     3.110    
    SLICE_X64Y23         FDSE (Hold_fdse_C_S)        -0.045     3.065    soc_crg_reset_counter_reg[3]
  -------------------------------------------------------------------
                         required time                         -3.065    
                         arrival time                           3.355    
  -------------------------------------------------------------------
                         slack                                  0.290    

Slack (MET) :             0.293ns  (arrival time - required time)
  Source:                 soc_crg_reset_counter_reg[1]/C
                            (rising edge-triggered cell FDSE clocked by soc_crg_clkout4  {rise@0.000ns fall@2.500ns period=5.000ns})
  Destination:            soc_crg_reset_counter_reg[3]/D
                            (rising edge-triggered cell FDSE clocked by soc_crg_clkout4  {rise@0.000ns fall@2.500ns period=5.000ns})
  Path Group:             soc_crg_clkout4
  Path Type:              Hold (Min at Fast Process Corner)
  Requirement:            0.000ns  (soc_crg_clkout4 rise@0.000ns - soc_crg_clkout4 rise@0.000ns)
  Data Path Delay:        0.424ns  (logic 0.249ns (58.739%)  route 0.175ns (41.261%))
  Logic Levels:           1  (LUT4=1)
  Clock Path Skew:        0.000ns (DCD - SCD - CPR)
    Destination Clock Delay (DCD):    3.997ns
    Source Clock Delay      (SCD):    3.097ns
    Clock Pessimism Removal (CPR):    0.900ns

    Location             Delay type                Incr(ns)  Path(ns)    Netlist Resource(s)
  -------------------------------------------------------------------    -------------------
                         (clock soc_crg_clkout4 rise edge)
                                                      0.000     0.000 r  
    E3                                                0.000     0.000 r  clk100 (IN)
                         net (fo=0)                   0.000     0.000    clk100
    E3                   IBUF (Prop_ibuf_I_O)         0.257     0.257 r  clk100_IBUF_inst/O
                         net (fo=1, routed)           0.631     0.888    clk100_IBUF
    BUFGCTRL_X0Y16       BUFG (Prop_bufg_I_O)         0.026     0.914 r  clk100_IBUF_BUFG_inst/O
                         net (fo=1, routed)           0.752     1.666    clk100_IBUF_BUFG
    SLICE_X65Y37         LUT1 (Prop_lut1_I0_O)        0.045     1.711 r  clk100_inst/O
                         net (fo=9, routed)           0.226     1.938    soc_crg_clkin
    PLLE2_ADV_X1Y0       PLLE2_ADV (Prop_plle2_adv_CLKIN1_CLKOUT4)
                                                      0.050     1.988 r  PLLE2_ADV/CLKOUT4
                         net (fo=1, routed)           0.501     2.488    soc_crg_clkout4
    BUFGCTRL_X0Y2        BUFG (Prop_bufg_I_O)         0.026     2.514 r  BUFG_4/O
                         net (fo=8, routed)           0.583     3.097    idelay_clk
    SLICE_X64Y23         FDSE                                         r  soc_crg_reset_counter_reg[1]/C
  -------------------------------------------------------------------    -------------------
    SLICE_X64Y23         FDSE (Prop_fdse_C_Q)         0.148     3.245 r  soc_crg_reset_counter_reg[1]/Q
                         net (fo=4, routed)           0.175     3.420    soc_crg_reset_counter[1]
    SLICE_X64Y23         LUT4 (Prop_lut4_I2_O)        0.101     3.521 r  soc_crg_reset_counter[3]_i_2/O
                         net (fo=1, routed)           0.000     3.521    soc_crg_reset_counter[3]_i_2_n_0
    SLICE_X64Y23         FDSE                                         r  soc_crg_reset_counter_reg[3]/D
  -------------------------------------------------------------------    -------------------

                         (clock soc_crg_clkout4 rise edge)
                                                      0.000     0.000 r  
    E3                                                0.000     0.000 r  clk100 (IN)
                         net (fo=0)                   0.000     0.000    clk100
    E3                   IBUF (Prop_ibuf_I_O)         0.445     0.445 r  clk100_IBUF_inst/O
                         net (fo=1, routed)           0.685     1.129    clk100_IBUF
    BUFGCTRL_X0Y16       BUFG (Prop_bufg_I_O)         0.029     1.158 r  clk100_IBUF_BUFG_inst/O
                         net (fo=1, routed)           1.057     2.216    clk100_IBUF_BUFG
    SLICE_X65Y37         LUT1 (Prop_lut1_I0_O)        0.056     2.272 r  clk100_inst/O
                         net (fo=9, routed)           0.247     2.519    soc_crg_clkin
    PLLE2_ADV_X1Y0       PLLE2_ADV (Prop_plle2_adv_CLKIN1_CLKOUT4)
                                                      0.053     2.572 r  PLLE2_ADV/CLKOUT4
                         net (fo=1, routed)           0.546     3.118    soc_crg_clkout4
    BUFGCTRL_X0Y2        BUFG (Prop_bufg_I_O)         0.029     3.147 r  BUFG_4/O
                         net (fo=8, routed)           0.851     3.997    idelay_clk
    SLICE_X64Y23         FDSE                                         r  soc_crg_reset_counter_reg[3]/C
                         clock pessimism             -0.900     3.097    
    SLICE_X64Y23         FDSE (Hold_fdse_C_D)         0.131     3.228    soc_crg_reset_counter_reg[3]
  -------------------------------------------------------------------
                         required time                         -3.228    
                         arrival time                           3.521    
  -------------------------------------------------------------------
                         slack                                  0.293    

Slack (MET) :             0.300ns  (arrival time - required time)
  Source:                 soc_crg_reset_counter_reg[1]/C
                            (rising edge-triggered cell FDSE clocked by soc_crg_clkout4  {rise@0.000ns fall@2.500ns period=5.000ns})
  Destination:            soc_crg_reset_counter_reg[2]/D
                            (rising edge-triggered cell FDSE clocked by soc_crg_clkout4  {rise@0.000ns fall@2.500ns period=5.000ns})
  Path Group:             soc_crg_clkout4
  Path Type:              Hold (Min at Fast Process Corner)
  Requirement:            0.000ns  (soc_crg_clkout4 rise@0.000ns - soc_crg_clkout4 rise@0.000ns)
  Data Path Delay:        0.421ns  (logic 0.246ns (58.445%)  route 0.175ns (41.555%))
  Logic Levels:           1  (LUT3=1)
  Clock Path Skew:        0.000ns (DCD - SCD - CPR)
    Destination Clock Delay (DCD):    3.997ns
    Source Clock Delay      (SCD):    3.097ns
    Clock Pessimism Removal (CPR):    0.900ns

    Location             Delay type                Incr(ns)  Path(ns)    Netlist Resource(s)
  -------------------------------------------------------------------    -------------------
                         (clock soc_crg_clkout4 rise edge)
                                                      0.000     0.000 r  
    E3                                                0.000     0.000 r  clk100 (IN)
                         net (fo=0)                   0.000     0.000    clk100
    E3                   IBUF (Prop_ibuf_I_O)         0.257     0.257 r  clk100_IBUF_inst/O
                         net (fo=1, routed)           0.631     0.888    clk100_IBUF
    BUFGCTRL_X0Y16       BUFG (Prop_bufg_I_O)         0.026     0.914 r  clk100_IBUF_BUFG_inst/O
                         net (fo=1, routed)           0.752     1.666    clk100_IBUF_BUFG
    SLICE_X65Y37         LUT1 (Prop_lut1_I0_O)        0.045     1.711 r  clk100_inst/O
                         net (fo=9, routed)           0.226     1.938    soc_crg_clkin
    PLLE2_ADV_X1Y0       PLLE2_ADV (Prop_plle2_adv_CLKIN1_CLKOUT4)
                                                      0.050     1.988 r  PLLE2_ADV/CLKOUT4
                         net (fo=1, routed)           0.501     2.488    soc_crg_clkout4
    BUFGCTRL_X0Y2        BUFG (Prop_bufg_I_O)         0.026     2.514 r  BUFG_4/O
                         net (fo=8, routed)           0.583     3.097    idelay_clk
    SLICE_X64Y23         FDSE                                         r  soc_crg_reset_counter_reg[1]/C
  -------------------------------------------------------------------    -------------------
    SLICE_X64Y23         FDSE (Prop_fdse_C_Q)         0.148     3.245 r  soc_crg_reset_counter_reg[1]/Q
                         net (fo=4, routed)           0.175     3.420    soc_crg_reset_counter[1]
    SLICE_X64Y23         LUT3 (Prop_lut3_I0_O)        0.098     3.518 r  soc_crg_reset_counter[2]_i_1/O
                         net (fo=1, routed)           0.000     3.518    soc_crg_reset_counter[2]_i_1_n_0
    SLICE_X64Y23         FDSE                                         r  soc_crg_reset_counter_reg[2]/D
  -------------------------------------------------------------------    -------------------

                         (clock soc_crg_clkout4 rise edge)
                                                      0.000     0.000 r  
    E3                                                0.000     0.000 r  clk100 (IN)
                         net (fo=0)                   0.000     0.000    clk100
    E3                   IBUF (Prop_ibuf_I_O)         0.445     0.445 r  clk100_IBUF_inst/O
                         net (fo=1, routed)           0.685     1.129    clk100_IBUF
    BUFGCTRL_X0Y16       BUFG (Prop_bufg_I_O)         0.029     1.158 r  clk100_IBUF_BUFG_inst/O
                         net (fo=1, routed)           1.057     2.216    clk100_IBUF_BUFG
    SLICE_X65Y37         LUT1 (Prop_lut1_I0_O)        0.056     2.272 r  clk100_inst/O
                         net (fo=9, routed)           0.247     2.519    soc_crg_clkin
    PLLE2_ADV_X1Y0       PLLE2_ADV (Prop_plle2_adv_CLKIN1_CLKOUT4)
                                                      0.053     2.572 r  PLLE2_ADV/CLKOUT4
                         net (fo=1, routed)           0.546     3.118    soc_crg_clkout4
    BUFGCTRL_X0Y2        BUFG (Prop_bufg_I_O)         0.029     3.147 r  BUFG_4/O
                         net (fo=8, routed)           0.851     3.997    idelay_clk
    SLICE_X64Y23         FDSE                                         r  soc_crg_reset_counter_reg[2]/C
                         clock pessimism             -0.900     3.097    
    SLICE_X64Y23         FDSE (Hold_fdse_C_D)         0.121     3.218    soc_crg_reset_counter_reg[2]
  -------------------------------------------------------------------
                         required time                         -3.218    
                         arrival time                           3.518    
  -------------------------------------------------------------------
                         slack                                  0.300    

Slack (MET) :             0.426ns  (arrival time - required time)
  Source:                 soc_crg_reset_counter_reg[3]/C
                            (rising edge-triggered cell FDSE clocked by soc_crg_clkout4  {rise@0.000ns fall@2.500ns period=5.000ns})
  Destination:            soc_crg_reset_counter_reg[0]/CE
                            (rising edge-triggered cell FDSE clocked by soc_crg_clkout4  {rise@0.000ns fall@2.500ns period=5.000ns})
  Path Group:             soc_crg_clkout4
  Path Type:              Hold (Min at Fast Process Corner)
  Requirement:            0.000ns  (soc_crg_clkout4 rise@0.000ns - soc_crg_clkout4 rise@0.000ns)
  Data Path Delay:        0.410ns  (logic 0.247ns (60.211%)  route 0.163ns (39.789%))
  Logic Levels:           1  (LUT4=1)
  Clock Path Skew:        0.000ns (DCD - SCD - CPR)
    Destination Clock Delay (DCD):    3.997ns
    Source Clock Delay      (SCD):    3.097ns
    Clock Pessimism Removal (CPR):    0.900ns

    Location             Delay type                Incr(ns)  Path(ns)    Netlist Resource(s)
  -------------------------------------------------------------------    -------------------
                         (clock soc_crg_clkout4 rise edge)
                                                      0.000     0.000 r  
    E3                                                0.000     0.000 r  clk100 (IN)
                         net (fo=0)                   0.000     0.000    clk100
    E3                   IBUF (Prop_ibuf_I_O)         0.257     0.257 r  clk100_IBUF_inst/O
                         net (fo=1, routed)           0.631     0.888    clk100_IBUF
    BUFGCTRL_X0Y16       BUFG (Prop_bufg_I_O)         0.026     0.914 r  clk100_IBUF_BUFG_inst/O
                         net (fo=1, routed)           0.752     1.666    clk100_IBUF_BUFG
    SLICE_X65Y37         LUT1 (Prop_lut1_I0_O)        0.045     1.711 r  clk100_inst/O
                         net (fo=9, routed)           0.226     1.938    soc_crg_clkin
    PLLE2_ADV_X1Y0       PLLE2_ADV (Prop_plle2_adv_CLKIN1_CLKOUT4)
                                                      0.050     1.988 r  PLLE2_ADV/CLKOUT4
                         net (fo=1, routed)           0.501     2.488    soc_crg_clkout4
    BUFGCTRL_X0Y2        BUFG (Prop_bufg_I_O)         0.026     2.514 r  BUFG_4/O
                         net (fo=8, routed)           0.583     3.097    idelay_clk
    SLICE_X64Y23         FDSE                                         r  soc_crg_reset_counter_reg[3]/C
  -------------------------------------------------------------------    -------------------
    SLICE_X64Y23         FDSE (Prop_fdse_C_Q)         0.148     3.245 r  soc_crg_reset_counter_reg[3]/Q
                         net (fo=2, routed)           0.108     3.353    soc_crg_reset_counter[3]
    SLICE_X64Y23         LUT4 (Prop_lut4_I3_O)        0.099     3.452 r  soc_crg_reset_counter[3]_i_1/O
                         net (fo=5, routed)           0.056     3.507    soc_crg_reset_counter[3]_i_1_n_0
    SLICE_X64Y23         FDSE                                         r  soc_crg_reset_counter_reg[0]/CE
  -------------------------------------------------------------------    -------------------

                         (clock soc_crg_clkout4 rise edge)
                                                      0.000     0.000 r  
    E3                                                0.000     0.000 r  clk100 (IN)
                         net (fo=0)                   0.000     0.000    clk100
    E3                   IBUF (Prop_ibuf_I_O)         0.445     0.445 r  clk100_IBUF_inst/O
                         net (fo=1, routed)           0.685     1.129    clk100_IBUF
    BUFGCTRL_X0Y16       BUFG (Prop_bufg_I_O)         0.029     1.158 r  clk100_IBUF_BUFG_inst/O
                         net (fo=1, routed)           1.057     2.216    clk100_IBUF_BUFG
    SLICE_X65Y37         LUT1 (Prop_lut1_I0_O)        0.056     2.272 r  clk100_inst/O
                         net (fo=9, routed)           0.247     2.519    soc_crg_clkin
    PLLE2_ADV_X1Y0       PLLE2_ADV (Prop_plle2_adv_CLKIN1_CLKOUT4)
                                                      0.053     2.572 r  PLLE2_ADV/CLKOUT4
                         net (fo=1, routed)           0.546     3.118    soc_crg_clkout4
    BUFGCTRL_X0Y2        BUFG (Prop_bufg_I_O)         0.029     3.147 r  BUFG_4/O
                         net (fo=8, routed)           0.851     3.997    idelay_clk
    SLICE_X64Y23         FDSE                                         r  soc_crg_reset_counter_reg[0]/C
                         clock pessimism             -0.900     3.097    
    SLICE_X64Y23         FDSE (Hold_fdse_C_CE)       -0.016     3.081    soc_crg_reset_counter_reg[0]
  -------------------------------------------------------------------
                         required time                         -3.081    
                         arrival time                           3.507    
  -------------------------------------------------------------------
                         slack                                  0.426    





Pulse Width Checks
--------------------------------------------------------------------------------------
Clock Name:         soc_crg_clkout4
Waveform(ns):       { 0.000 2.500 }
Period(ns):         5.000
Sources:            { PLLE2_ADV/CLKOUT4 }

Check Type        Corner  Lib Pin            Reference Pin  Required(ns)  Actual(ns)  Slack(ns)  Location         Pin
Min Period        n/a     IDELAYCTRL/REFCLK  n/a            3.225         5.000       1.775      IDELAYCTRL_X1Y0  IDELAYCTRL/REFCLK
Min Period        n/a     BUFG/I             n/a            2.155         5.000       2.845      BUFGCTRL_X0Y2    BUFG_4/I
Min Period        n/a     PLLE2_ADV/CLKOUT4  n/a            1.249         5.000       3.751      PLLE2_ADV_X1Y0   PLLE2_ADV/CLKOUT4
Min Period        n/a     FDPE/C             n/a            1.000         5.000       4.000      SLICE_X65Y22     FDPE_8/C
Min Period        n/a     FDPE/C             n/a            1.000         5.000       4.000      SLICE_X65Y22     FDPE_9/C
Min Period        n/a     FDRE/C             n/a            1.000         5.000       4.000      SLICE_X65Y23     soc_crg_ic_reset_reg/C
Min Period        n/a     FDSE/C             n/a            1.000         5.000       4.000      SLICE_X64Y23     soc_crg_reset_counter_reg[0]/C
Min Period        n/a     FDSE/C             n/a            1.000         5.000       4.000      SLICE_X64Y23     soc_crg_reset_counter_reg[1]/C
Min Period        n/a     FDSE/C             n/a            1.000         5.000       4.000      SLICE_X64Y23     soc_crg_reset_counter_reg[2]/C
Min Period        n/a     FDSE/C             n/a            1.000         5.000       4.000      SLICE_X64Y23     soc_crg_reset_counter_reg[3]/C
Max Period        n/a     IDELAYCTRL/REFCLK  n/a            5.264         5.000       0.264      IDELAYCTRL_X1Y0  IDELAYCTRL/REFCLK
Max Period        n/a     PLLE2_ADV/CLKOUT4  n/a            160.000       5.000       155.000    PLLE2_ADV_X1Y0   PLLE2_ADV/CLKOUT4
Low Pulse Width   Slow    FDPE/C             n/a            0.500         2.500       2.000      SLICE_X65Y22     FDPE_8/C
Low Pulse Width   Fast    FDPE/C             n/a            0.500         2.500       2.000      SLICE_X65Y22     FDPE_8/C
Low Pulse Width   Slow    FDPE/C             n/a            0.500         2.500       2.000      SLICE_X65Y22     FDPE_9/C
Low Pulse Width   Fast    FDPE/C             n/a            0.500         2.500       2.000      SLICE_X65Y22     FDPE_9/C
Low Pulse Width   Slow    FDRE/C             n/a            0.500         2.500       2.000      SLICE_X65Y23     soc_crg_ic_reset_reg/C
Low Pulse Width   Fast    FDRE/C             n/a            0.500         2.500       2.000      SLICE_X65Y23     soc_crg_ic_reset_reg/C
Low Pulse Width   Slow    FDSE/C             n/a            0.500         2.500       2.000      SLICE_X64Y23     soc_crg_reset_counter_reg[0]/C
Low Pulse Width   Fast    FDSE/C             n/a            0.500         2.500       2.000      SLICE_X64Y23     soc_crg_reset_counter_reg[0]/C
Low Pulse Width   Slow    FDSE/C             n/a            0.500         2.500       2.000      SLICE_X64Y23     soc_crg_reset_counter_reg[1]/C
Low Pulse Width   Fast    FDSE/C             n/a            0.500         2.500       2.000      SLICE_X64Y23     soc_crg_reset_counter_reg[1]/C
High Pulse Width  Slow    FDPE/C             n/a            0.500         2.500       2.000      SLICE_X65Y22     FDPE_8/C
High Pulse Width  Fast    FDPE/C             n/a            0.500         2.500       2.000      SLICE_X65Y22     FDPE_8/C
High Pulse Width  Slow    FDPE/C             n/a            0.500         2.500       2.000      SLICE_X65Y22     FDPE_9/C
High Pulse Width  Fast    FDPE/C             n/a            0.500         2.500       2.000      SLICE_X65Y22     FDPE_9/C
High Pulse Width  Slow    FDRE/C             n/a            0.500         2.500       2.000      SLICE_X65Y23     soc_crg_ic_reset_reg/C
High Pulse Width  Fast    FDRE/C             n/a            0.500         2.500       2.000      SLICE_X65Y23     soc_crg_ic_reset_reg/C
High Pulse Width  Slow    FDSE/C             n/a            0.500         2.500       2.000      SLICE_X64Y23     soc_crg_reset_counter_reg[0]/C
High Pulse Width  Fast    FDSE/C             n/a            0.500         2.500       2.000      SLICE_X64Y23     soc_crg_reset_counter_reg[0]/C
High Pulse Width  Slow    FDSE/C             n/a            0.500         2.500       2.000      SLICE_X64Y23     soc_crg_reset_counter_reg[1]/C
High Pulse Width  Fast    FDSE/C             n/a            0.500         2.500       2.000      SLICE_X64Y23     soc_crg_reset_counter_reg[1]/C



------------------------------------------------------------------------------------------------
| Data sheet
| ----------
------------------------------------------------------------------------------------------------

Input Ports Setup/Hold

----------+--------------+----------------+----------+---------------+---------+---------------+---------+-----------------+
Reference | Input        | IO Reg         | Delay    |     Setup(ns) | Process |      Hold(ns) | Process | Internal        |
Clock     | Port         | Type           | Type     | to Clk (Edge) | Corner  | to Clk (Edge) | Corner  | Clock           |
----------+--------------+----------------+----------+---------------+---------+---------------+---------+-----------------+
clk100    | cpu_reset    | FDCE           | -        |    -0.346 (r) | FAST    |     3.566 (r) | SLOW    |                 |
clk100    | serial_rx    | FDRE           | -        |    -0.415 (r) | FAST    |     4.806 (r) | SLOW    | soc_crg_clkout0 |
clk100    | ddram_dq[0]  | ISERDESE2 (IO) | VARIABLE |    -2.330 (r) | FAST    |     8.335 (r) | SLOW    | soc_crg_clkout2 |
clk100    | ddram_dq[0]  | ISERDESE2 (IO) | VARIABLE |    -2.258 (f) | FAST    |     8.335 (f) | SLOW    | soc_crg_clkout2 |
clk100    | ddram_dq[1]  | ISERDESE2 (IO) | VARIABLE |    -2.326 (r) | FAST    |     8.332 (r) | SLOW    | soc_crg_clkout2 |
clk100    | ddram_dq[1]  | ISERDESE2 (IO) | VARIABLE |    -2.254 (f) | FAST    |     8.332 (f) | SLOW    | soc_crg_clkout2 |
clk100    | ddram_dq[2]  | ISERDESE2 (IO) | VARIABLE |    -2.327 (r) | FAST    |     8.334 (r) | SLOW    | soc_crg_clkout2 |
clk100    | ddram_dq[2]  | ISERDESE2 (IO) | VARIABLE |    -2.255 (f) | FAST    |     8.334 (f) | SLOW    | soc_crg_clkout2 |
clk100    | ddram_dq[3]  | ISERDESE2 (IO) | VARIABLE |    -2.329 (r) | FAST    |     8.334 (r) | SLOW    | soc_crg_clkout2 |
clk100    | ddram_dq[3]  | ISERDESE2 (IO) | VARIABLE |    -2.257 (f) | FAST    |     8.334 (f) | SLOW    | soc_crg_clkout2 |
clk100    | ddram_dq[4]  | ISERDESE2 (IO) | VARIABLE |    -2.327 (r) | FAST    |     8.333 (r) | SLOW    | soc_crg_clkout2 |
clk100    | ddram_dq[4]  | ISERDESE2 (IO) | VARIABLE |    -2.255 (f) | FAST    |     8.333 (f) | SLOW    | soc_crg_clkout2 |
clk100    | ddram_dq[5]  | ISERDESE2 (IO) | VARIABLE |    -2.312 (r) | FAST    |     8.318 (r) | SLOW    | soc_crg_clkout2 |
clk100    | ddram_dq[5]  | ISERDESE2 (IO) | VARIABLE |    -2.240 (f) | FAST    |     8.318 (f) | SLOW    | soc_crg_clkout2 |
clk100    | ddram_dq[6]  | ISERDESE2 (IO) | VARIABLE |    -2.327 (r) | FAST    |     8.332 (r) | SLOW    | soc_crg_clkout2 |
clk100    | ddram_dq[6]  | ISERDESE2 (IO) | VARIABLE |    -2.255 (f) | FAST    |     8.332 (f) | SLOW    | soc_crg_clkout2 |
clk100    | ddram_dq[7]  | ISERDESE2 (IO) | VARIABLE |    -2.327 (r) | FAST    |     8.333 (r) | SLOW    | soc_crg_clkout2 |
clk100    | ddram_dq[7]  | ISERDESE2 (IO) | VARIABLE |    -2.255 (f) | FAST    |     8.333 (f) | SLOW    | soc_crg_clkout2 |
clk100    | ddram_dq[8]  | ISERDESE2 (IO) | VARIABLE |    -2.274 (r) | FAST    |     8.274 (r) | SLOW    | soc_crg_clkout2 |
clk100    | ddram_dq[8]  | ISERDESE2 (IO) | VARIABLE |    -2.202 (f) | FAST    |     8.274 (f) | SLOW    | soc_crg_clkout2 |
clk100    | ddram_dq[9]  | ISERDESE2 (IO) | VARIABLE |    -2.296 (r) | FAST    |     8.294 (r) | SLOW    | soc_crg_clkout2 |
clk100    | ddram_dq[9]  | ISERDESE2 (IO) | VARIABLE |    -2.224 (f) | FAST    |     8.294 (f) | SLOW    | soc_crg_clkout2 |
clk100    | ddram_dq[10] | ISERDESE2 (IO) | VARIABLE |    -2.268 (r) | FAST    |     8.271 (r) | SLOW    | soc_crg_clkout2 |
clk100    | ddram_dq[10] | ISERDESE2 (IO) | VARIABLE |    -2.196 (f) | FAST    |     8.271 (f) | SLOW    | soc_crg_clkout2 |
clk100    | ddram_dq[11] | ISERDESE2 (IO) | VARIABLE |    -2.280 (r) | FAST    |     8.279 (r) | SLOW    | soc_crg_clkout2 |
clk100    | ddram_dq[11] | ISERDESE2 (IO) | VARIABLE |    -2.208 (f) | FAST    |     8.279 (f) | SLOW    | soc_crg_clkout2 |
clk100    | ddram_dq[12] | ISERDESE2 (IO) | VARIABLE |    -2.281 (r) | FAST    |     8.286 (r) | SLOW    | soc_crg_clkout2 |
clk100    | ddram_dq[12] | ISERDESE2 (IO) | VARIABLE |    -2.209 (f) | FAST    |     8.286 (f) | SLOW    | soc_crg_clkout2 |
clk100    | ddram_dq[13] | ISERDESE2 (IO) | VARIABLE |    -2.300 (r) | FAST    |     8.299 (r) | SLOW    | soc_crg_clkout2 |
clk100    | ddram_dq[13] | ISERDESE2 (IO) | VARIABLE |    -2.228 (f) | FAST    |     8.299 (f) | SLOW    | soc_crg_clkout2 |
clk100    | ddram_dq[14] | ISERDESE2 (IO) | VARIABLE |    -2.269 (r) | FAST    |     8.272 (r) | SLOW    | soc_crg_clkout2 |
clk100    | ddram_dq[14] | ISERDESE2 (IO) | VARIABLE |    -2.197 (f) | FAST    |     8.272 (f) | SLOW    | soc_crg_clkout2 |
clk100    | ddram_dq[15] | ISERDESE2 (IO) | VARIABLE |    -2.301 (r) | FAST    |     8.301 (r) | SLOW    | soc_crg_clkout2 |
clk100    | ddram_dq[15] | ISERDESE2 (IO) | VARIABLE |    -2.229 (f) | FAST    |     8.301 (f) | SLOW    | soc_crg_clkout2 |
----------+--------------+----------------+----------+---------------+---------+---------------+---------+-----------------+


Output Ports Clock-to-out

----------+----------------+----------------+-------+----------------+---------+----------------+---------+-----------------+
Reference | Output         | IO Reg         | Delay | Max Clk (Edge) | Process | Min Clk (Edge) | Process | Internal        |
Clock     | Port           | Type           | Type  |    to port(ns) | Corner  |    to port(ns) | Corner  | Clock           |
----------+----------------+----------------+-------+----------------+---------+----------------+---------+-----------------+
clk100    | ddram_dq[0]    | FDRE           | -     |     16.002 (r) | SLOW    |      4.675 (r) | FAST    | soc_crg_clkout0 |
clk100    | ddram_dq[1]    | FDRE           | -     |     16.606 (r) | SLOW    |      4.945 (r) | FAST    | soc_crg_clkout0 |
clk100    | ddram_dq[2]    | FDRE           | -     |     16.756 (r) | SLOW    |      5.008 (r) | FAST    | soc_crg_clkout0 |
clk100    | ddram_dq[3]    | FDRE           | -     |     16.160 (r) | SLOW    |      4.737 (r) | FAST    | soc_crg_clkout0 |
clk100    | ddram_dq[4]    | FDRE           | -     |     16.313 (r) | SLOW    |      4.817 (r) | FAST    | soc_crg_clkout0 |
clk100    | ddram_dq[5]    | FDRE           | -     |     17.048 (r) | SLOW    |      5.141 (r) | FAST    | soc_crg_clkout0 |
clk100    | ddram_dq[6]    | FDRE           | -     |     15.862 (r) | SLOW    |      4.622 (r) | FAST    | soc_crg_clkout0 |
clk100    | ddram_dq[7]    | FDRE           | -     |     16.163 (r) | SLOW    |      4.753 (r) | FAST    | soc_crg_clkout0 |
clk100    | ddram_dq[8]    | FDRE           | -     |     15.199 (r) | SLOW    |      4.376 (r) | FAST    | soc_crg_clkout0 |
clk100    | ddram_dq[9]    | FDRE           | -     |     14.889 (r) | SLOW    |      4.234 (r) | FAST    | soc_crg_clkout0 |
clk100    | ddram_dq[10]   | FDRE           | -     |     15.803 (r) | SLOW    |      4.652 (r) | FAST    | soc_crg_clkout0 |
clk100    | ddram_dq[11]   | FDRE           | -     |     15.349 (r) | SLOW    |      4.435 (r) | FAST    | soc_crg_clkout0 |
clk100    | ddram_dq[12]   | FDRE           | -     |     15.943 (r) | SLOW    |      4.694 (r) | FAST    | soc_crg_clkout0 |
clk100    | ddram_dq[13]   | FDRE           | -     |     14.899 (r) | SLOW    |      4.219 (r) | FAST    | soc_crg_clkout0 |
clk100    | ddram_dq[14]   | FDRE           | -     |     15.654 (r) | SLOW    |      4.586 (r) | FAST    | soc_crg_clkout0 |
clk100    | ddram_dq[15]   | FDRE           | -     |     15.049 (r) | SLOW    |      4.283 (r) | FAST    | soc_crg_clkout0 |
clk100    | ddram_dqs_n[0] | FDRE           | -     |     15.341 (r) | SLOW    |      4.407 (r) | FAST    | soc_crg_clkout0 |
clk100    | ddram_dqs_n[1] | FDRE           | -     |     15.106 (r) | SLOW    |      4.308 (r) | FAST    | soc_crg_clkout0 |
clk100    | ddram_dqs_p[0] | FDRE           | -     |     15.342 (r) | SLOW    |      4.414 (r) | FAST    | soc_crg_clkout0 |
clk100    | ddram_dqs_p[1] | FDRE           | -     |     15.107 (r) | SLOW    |      4.303 (r) | FAST    | soc_crg_clkout0 |
clk100    | serial_tx      | FDSE           | -     |     18.662 (r) | SLOW    |      6.054 (r) | FAST    | soc_crg_clkout0 |
clk100    | user_led0      | FDRE           | -     |     18.659 (r) | SLOW    |      5.846 (r) | FAST    | soc_crg_clkout0 |
clk100    | user_led1      | FDRE           | -     |     18.033 (r) | SLOW    |      5.712 (r) | FAST    | soc_crg_clkout0 |
clk100    | user_led2      | FDRE           | -     |     18.011 (r) | SLOW    |      5.509 (r) | FAST    | soc_crg_clkout0 |
clk100    | user_led3      | FDRE           | -     |     17.606 (r) | SLOW    |      5.426 (r) | FAST    | soc_crg_clkout0 |
clk100    | eth_ref_clk    | PLLE2_ADV      | -     |     14.694 (r) | SLOW    |      4.374 (r) | FAST    | soc_crg_clkout1 |
clk100    | eth_ref_clk    | PLLE2_ADV      | -     |     14.694 (f) | SLOW    |      4.374 (f) | FAST    | soc_crg_clkout1 |
clk100    | ddram_a[0]     | OSERDESE2 (IO) | -     |     11.887 (r) | SLOW    |      3.679 (r) | FAST    | soc_crg_clkout2 |
clk100    | ddram_a[1]     | OSERDESE2 (IO) | -     |     11.890 (r) | SLOW    |      3.677 (r) | FAST    | soc_crg_clkout2 |
clk100    | ddram_a[2]     | OSERDESE2 (IO) | -     |     11.880 (r) | SLOW    |      3.669 (r) | FAST    | soc_crg_clkout2 |
clk100    | ddram_a[3]     | OSERDESE2 (IO) | -     |     11.892 (r) | SLOW    |      3.680 (r) | FAST    | soc_crg_clkout2 |
clk100    | ddram_a[4]     | OSERDESE2 (IO) | -     |     11.885 (r) | SLOW    |      3.672 (r) | FAST    | soc_crg_clkout2 |
clk100    | ddram_a[5]     | OSERDESE2 (IO) | -     |     11.911 (r) | SLOW    |      3.696 (r) | FAST    | soc_crg_clkout2 |
clk100    | ddram_a[6]     | OSERDESE2 (IO) | -     |     11.916 (r) | SLOW    |      3.702 (r) | FAST    | soc_crg_clkout2 |
clk100    | ddram_a[7]     | OSERDESE2 (IO) | -     |     11.913 (r) | SLOW    |      3.698 (r) | FAST    | soc_crg_clkout2 |
clk100    | ddram_a[8]     | OSERDESE2 (IO) | -     |     11.904 (r) | SLOW    |      3.689 (r) | FAST    | soc_crg_clkout2 |
clk100    | ddram_a[9]     | OSERDESE2 (IO) | -     |     11.919 (r) | SLOW    |      3.705 (r) | FAST    | soc_crg_clkout2 |
clk100    | ddram_a[10]    | OSERDESE2 (IO) | -     |     11.903 (r) | SLOW    |      3.689 (r) | FAST    | soc_crg_clkout2 |
clk100    | ddram_a[11]    | OSERDESE2 (IO) | -     |     11.912 (r) | SLOW    |      3.697 (r) | FAST    | soc_crg_clkout2 |
clk100    | ddram_a[12]    | OSERDESE2 (IO) | -     |     11.910 (r) | SLOW    |      3.695 (r) | FAST    | soc_crg_clkout2 |
clk100    | ddram_a[13]    | OSERDESE2 (IO) | -     |     11.900 (r) | SLOW    |      3.685 (r) | FAST    | soc_crg_clkout2 |
clk100    | ddram_ba[0]    | OSERDESE2 (IO) | -     |     11.892 (r) | SLOW    |      3.680 (r) | FAST    | soc_crg_clkout2 |
clk100    | ddram_ba[1]    | OSERDESE2 (IO) | -     |     11.885 (r) | SLOW    |      3.677 (r) | FAST    | soc_crg_clkout2 |
clk100    | ddram_ba[2]    | OSERDESE2 (IO) | -     |     11.888 (r) | SLOW    |      3.680 (r) | FAST    | soc_crg_clkout2 |
clk100    | ddram_cas_n    | OSERDESE2 (IO) | -     |     11.881 (r) | SLOW    |      3.671 (r) | FAST    | soc_crg_clkout2 |
clk100    | ddram_cke      | OSERDESE2 (IO) | -     |     11.873 (r) | SLOW    |      3.666 (r) | FAST    | soc_crg_clkout2 |
clk100    | ddram_clk_n    | OSERDESE2 (IO) | -     |     11.990 (r) | SLOW    |      3.696 (r) | FAST    | soc_crg_clkout2 |
clk100    | ddram_clk_p    | OSERDESE2 (IO) | -     |     11.997 (r) | SLOW    |      3.703 (r) | FAST    | soc_crg_clkout2 |
clk100    | ddram_cs_n     | OSERDESE2 (IO) | -     |     11.892 (r) | SLOW    |      3.677 (r) | FAST    | soc_crg_clkout2 |
clk100    | ddram_dm[0]    | OSERDESE2 (IO) | -     |     11.911 (r) | SLOW    |      3.696 (r) | FAST    | soc_crg_clkout2 |
clk100    | ddram_dm[1]    | OSERDESE2 (IO) | -     |     11.933 (r) | SLOW    |      3.719 (r) | FAST    | soc_crg_clkout2 |
clk100    | ddram_dq[0]    | OSERDESE2 (IO) | -     |     12.787 (r) | SLOW    |      3.360 (r) | FAST    | soc_crg_clkout2 |
clk100    | ddram_dq[1]    | OSERDESE2 (IO) | -     |     12.789 (r) | SLOW    |      3.366 (r) | FAST    | soc_crg_clkout2 |
clk100    | ddram_dq[2]    | OSERDESE2 (IO) | -     |     12.789 (r) | SLOW    |      3.365 (r) | FAST    | soc_crg_clkout2 |
clk100    | ddram_dq[3]    | OSERDESE2 (IO) | -     |     12.787 (r) | SLOW    |      3.361 (r) | FAST    | soc_crg_clkout2 |
clk100    | ddram_dq[4]    | OSERDESE2 (IO) | -     |     12.788 (r) | SLOW    |      3.363 (r) | FAST    | soc_crg_clkout2 |
clk100    | ddram_dq[5]    | OSERDESE2 (IO) | -     |     12.790 (r) | SLOW    |      3.382 (r) | FAST    | soc_crg_clkout2 |
clk100    | ddram_dq[6]    | OSERDESE2 (IO) | -     |     12.787 (r) | SLOW    |      3.363 (r) | FAST    | soc_crg_clkout2 |
clk100    | ddram_dq[7]    | OSERDESE2 (IO) | -     |     12.788 (r) | SLOW    |      3.363 (r) | FAST    | soc_crg_clkout2 |
clk100    | ddram_dq[8]    | OSERDESE2 (IO) | -     |     12.776 (r) | SLOW    |      3.406 (r) | FAST    | soc_crg_clkout2 |
clk100    | ddram_dq[9]    | OSERDESE2 (IO) | -     |     12.773 (r) | SLOW    |      3.380 (r) | FAST    | soc_crg_clkout2 |
clk100    | ddram_dq[10]   | OSERDESE2 (IO) | -     |     12.783 (r) | SLOW    |      3.418 (r) | FAST    | soc_crg_clkout2 |
clk100    | ddram_dq[11]   | OSERDESE2 (IO) | -     |     12.776 (r) | SLOW    |      3.400 (r) | FAST    | soc_crg_clkout2 |
clk100    | ddram_dq[12]   | OSERDESE2 (IO) | -     |     12.784 (r) | SLOW    |      3.405 (r) | FAST    | soc_crg_clkout2 |
clk100    | ddram_dq[13]   | OSERDESE2 (IO) | -     |     12.775 (r) | SLOW    |      3.378 (r) | FAST    | soc_crg_clkout2 |
clk100    | ddram_dq[14]   | OSERDESE2 (IO) | -     |     12.783 (r) | SLOW    |      3.417 (r) | FAST    | soc_crg_clkout2 |
clk100    | ddram_dq[15]   | OSERDESE2 (IO) | -     |     12.775 (r) | SLOW    |      3.377 (r) | FAST    | soc_crg_clkout2 |
clk100    | ddram_odt      | OSERDESE2 (IO) | -     |     11.899 (r) | SLOW    |      3.685 (r) | FAST    | soc_crg_clkout2 |
clk100    | ddram_ras_n    | OSERDESE2 (IO) | -     |     11.881 (r) | SLOW    |      3.673 (r) | FAST    | soc_crg_clkout2 |
clk100    | ddram_reset_n  | OSERDESE2 (IO) | -     |     11.871 (r) | SLOW    |      3.656 (r) | FAST    | soc_crg_clkout2 |
clk100    | ddram_we_n     | OSERDESE2 (IO) | -     |     11.874 (r) | SLOW    |      3.667 (r) | FAST    | soc_crg_clkout2 |
clk100    | ddram_dqs_n[0] | OSERDESE2 (IO) | -     |     13.412 (r) | SLOW    |      4.000 (r) | FAST    | soc_crg_clkout3 |
clk100    | ddram_dqs_n[1] | OSERDESE2 (IO) | -     |     13.405 (r) | SLOW    |      4.026 (r) | FAST    | soc_crg_clkout3 |
clk100    | ddram_dqs_p[0] | OSERDESE2 (IO) | -     |     13.413 (r) | SLOW    |      4.007 (r) | FAST    | soc_crg_clkout3 |
clk100    | ddram_dqs_p[1] | OSERDESE2 (IO) | -     |     13.406 (r) | SLOW    |      4.021 (r) | FAST    | soc_crg_clkout3 |
----------+----------------+----------------+-------+----------------+---------+----------------+---------+-----------------+


Setup between Clocks

-------+-------------+---------------+---------+---------------+---------+---------------+---------+---------------+---------+
Source | Destination |  Src:Rise     | Process |  Src:Rise     | Process |  Src:Fall     | Process |  Src:Fall     | Process |
Clock  | Clock       | Dest:Rise(ns) | Corner  | Dest:Fall(ns) | Corner  | Dest:Rise(ns) | Corner  | Dest:Fall(ns) | Corner  |
-------+-------------+---------------+---------+---------------+---------+---------------+---------+---------------+---------+
clk100 | clk100      |         9.879 | SLOW    |               |         |               |         |               |         |
-------+-------------+---------------+---------+---------------+---------+---------------+---------+---------------+---------+


Setup / Hold times for input bus
Clocked by: clk100
Worst Case Data Window: 6.139 ns
Ideal Clock Offset to Actual Clock: 5.265 ns
-------------------+-------------+---------+-------------+---------+-----------+-----------+---------------+
                   |             | Process |             | Process | Setup     |  Hold     | Source Offset |
Source             |   Setup(ns) | Corner  |    Hold(ns) | Corner  | Slack(ns) | Slack(ns) | to Center(ns) |
-------------------+-------------+---------+-------------+---------+-----------+-----------+---------------+
ddram_dq[0]        |  -2.330 (r) | FAST    |   8.335 (r) | SLOW    |       inf |       inf |             - |
ddram_dq[0]        |  -2.258 (f) | FAST    |   8.335 (f) | SLOW    |       inf |       inf |             - |
ddram_dq[1]        |  -2.326 (r) | FAST    |   8.332 (r) | SLOW    |       inf |       inf |             - |
ddram_dq[1]        |  -2.254 (f) | FAST    |   8.332 (f) | SLOW    |       inf |       inf |             - |
ddram_dq[2]        |  -2.327 (r) | FAST    |   8.334 (r) | SLOW    |       inf |       inf |             - |
ddram_dq[2]        |  -2.255 (f) | FAST    |   8.334 (f) | SLOW    |       inf |       inf |             - |
ddram_dq[3]        |  -2.329 (r) | FAST    |   8.334 (r) | SLOW    |       inf |       inf |             - |
ddram_dq[3]        |  -2.257 (f) | FAST    |   8.334 (f) | SLOW    |       inf |       inf |             - |
ddram_dq[4]        |  -2.327 (r) | FAST    |   8.333 (r) | SLOW    |       inf |       inf |             - |
ddram_dq[4]        |  -2.255 (f) | FAST    |   8.333 (f) | SLOW    |       inf |       inf |             - |
ddram_dq[5]        |  -2.312 (r) | FAST    |   8.318 (r) | SLOW    |       inf |       inf |             - |
ddram_dq[5]        |  -2.240 (f) | FAST    |   8.318 (f) | SLOW    |       inf |       inf |             - |
ddram_dq[6]        |  -2.327 (r) | FAST    |   8.332 (r) | SLOW    |       inf |       inf |             - |
ddram_dq[6]        |  -2.255 (f) | FAST    |   8.332 (f) | SLOW    |       inf |       inf |             - |
ddram_dq[7]        |  -2.327 (r) | FAST    |   8.333 (r) | SLOW    |       inf |       inf |             - |
ddram_dq[7]        |  -2.255 (f) | FAST    |   8.333 (f) | SLOW    |       inf |       inf |             - |
ddram_dq[8]        |  -2.274 (r) | FAST    |   8.274 (r) | SLOW    |       inf |       inf |             - |
ddram_dq[8]        |  -2.202 (f) | FAST    |   8.274 (f) | SLOW    |       inf |       inf |             - |
ddram_dq[9]        |  -2.296 (r) | FAST    |   8.294 (r) | SLOW    |       inf |       inf |             - |
ddram_dq[9]        |  -2.224 (f) | FAST    |   8.294 (f) | SLOW    |       inf |       inf |             - |
ddram_dq[10]       |  -2.268 (r) | FAST    |   8.271 (r) | SLOW    |       inf |       inf |             - |
ddram_dq[10]       |  -2.196 (f) | FAST    |   8.271 (f) | SLOW    |       inf |       inf |             - |
ddram_dq[11]       |  -2.280 (r) | FAST    |   8.279 (r) | SLOW    |       inf |       inf |             - |
ddram_dq[11]       |  -2.208 (f) | FAST    |   8.279 (f) | SLOW    |       inf |       inf |             - |
ddram_dq[12]       |  -2.281 (r) | FAST    |   8.286 (r) | SLOW    |       inf |       inf |             - |
ddram_dq[12]       |  -2.209 (f) | FAST    |   8.286 (f) | SLOW    |       inf |       inf |             - |
ddram_dq[13]       |  -2.300 (r) | FAST    |   8.299 (r) | SLOW    |       inf |       inf |             - |
ddram_dq[13]       |  -2.228 (f) | FAST    |   8.299 (f) | SLOW    |       inf |       inf |             - |
ddram_dq[14]       |  -2.269 (r) | FAST    |   8.272 (r) | SLOW    |       inf |       inf |             - |
ddram_dq[14]       |  -2.197 (f) | FAST    |   8.272 (f) | SLOW    |       inf |       inf |             - |
ddram_dq[15]       |  -2.301 (r) | FAST    |   8.301 (r) | SLOW    |       inf |       inf |             - |
ddram_dq[15]       |  -2.229 (f) | FAST    |   8.301 (f) | SLOW    |       inf |       inf |             - |
-------------------+-------------+---------+-------------+---------+-----------+-----------+---------------+
Worst Case Summary |  -2.196 (f) | FAST    |   8.335 (r) | SLOW    |       inf |       inf |             - |
-------------------+-------------+---------+-------------+---------+-----------+-----------+---------------+



Max / Min delays for output bus
Clocked by: clk100
Bus Skew: 0.039 ns
-------------------+--------------+---------+-------------+---------+----------+
                   |      Max     | Process |     Min     | Process | Edge     |
Pad                |    Delay(ns) | Corner  |   Delay(ns) | Corner  | Skew(ns) |
-------------------+--------------+---------+-------------+---------+----------+
ddram_a[0]         |   11.887 (r) | SLOW    |   3.679 (r) | FAST    |    0.009 |
ddram_a[1]         |   11.890 (r) | SLOW    |   3.677 (r) | FAST    |    0.009 |
ddram_a[2]         |   11.880 (r) | SLOW    |   3.669 (r) | FAST    |    0.000 |
ddram_a[3]         |   11.892 (r) | SLOW    |   3.680 (r) | FAST    |    0.011 |
ddram_a[4]         |   11.885 (r) | SLOW    |   3.672 (r) | FAST    |    0.004 |
ddram_a[5]         |   11.911 (r) | SLOW    |   3.696 (r) | FAST    |    0.031 |
ddram_a[6]         |   11.916 (r) | SLOW    |   3.702 (r) | FAST    |    0.036 |
ddram_a[7]         |   11.913 (r) | SLOW    |   3.698 (r) | FAST    |    0.033 |
ddram_a[8]         |   11.904 (r) | SLOW    |   3.689 (r) | FAST    |    0.024 |
ddram_a[9]         |   11.919 (r) | SLOW    |   3.705 (r) | FAST    |    0.039 |
ddram_a[10]        |   11.903 (r) | SLOW    |   3.689 (r) | FAST    |    0.022 |
ddram_a[11]        |   11.912 (r) | SLOW    |   3.697 (r) | FAST    |    0.032 |
ddram_a[12]        |   11.910 (r) | SLOW    |   3.695 (r) | FAST    |    0.030 |
ddram_a[13]        |   11.900 (r) | SLOW    |   3.685 (r) | FAST    |    0.020 |
-------------------+--------------+---------+-------------+---------+----------+
Worst Case Summary |   11.919 (r) | SLOW    |   3.669 (r) | FAST    |    0.039 |
-------------------+--------------+---------+-------------+---------+----------+



Max / Min delays for output bus
Clocked by: clk100
Bus Skew: 0.008 ns
-------------------+--------------+---------+-------------+---------+----------+
                   |      Max     | Process |     Min     | Process | Edge     |
Pad                |    Delay(ns) | Corner  |   Delay(ns) | Corner  | Skew(ns) |
-------------------+--------------+---------+-------------+---------+----------+
ddram_ba[0]        |   11.892 (r) | SLOW    |   3.680 (r) | FAST    |    0.008 |
ddram_ba[1]        |   11.885 (r) | SLOW    |   3.677 (r) | FAST    |    0.000 |
ddram_ba[2]        |   11.888 (r) | SLOW    |   3.680 (r) | FAST    |    0.003 |
-------------------+--------------+---------+-------------+---------+----------+
Worst Case Summary |   11.892 (r) | SLOW    |   3.677 (r) | FAST    |    0.008 |
-------------------+--------------+---------+-------------+---------+----------+



Max / Min delays for output bus
Clocked by: clk100
Bus Skew: 0.023 ns
-------------------+--------------+---------+-------------+---------+----------+
                   |      Max     | Process |     Min     | Process | Edge     |
Pad                |    Delay(ns) | Corner  |   Delay(ns) | Corner  | Skew(ns) |
-------------------+--------------+---------+-------------+---------+----------+
ddram_dm[0]        |   11.911 (r) | SLOW    |   3.696 (r) | FAST    |    0.000 |
ddram_dm[1]        |   11.933 (r) | SLOW    |   3.719 (r) | FAST    |    0.023 |
-------------------+--------------+---------+-------------+---------+----------+
Worst Case Summary |   11.933 (r) | SLOW    |   3.696 (r) | FAST    |    0.023 |
-------------------+--------------+---------+-------------+---------+----------+



Max / Min delays for output bus
Clocked by: clk100
Bus Skew: 2.159 ns
-------------------+--------------+---------+-------------+---------+----------+
                   |      Max     | Process |     Min     | Process | Edge     |
Pad                |    Delay(ns) | Corner  |   Delay(ns) | Corner  | Skew(ns) |
-------------------+--------------+---------+-------------+---------+----------+
ddram_dq[0]        |   16.002 (r) | SLOW    |   3.360 (r) | FAST    |    1.113 |
ddram_dq[1]        |   16.606 (r) | SLOW    |   3.366 (r) | FAST    |    1.717 |
ddram_dq[2]        |   16.756 (r) | SLOW    |   3.365 (r) | FAST    |    1.867 |
ddram_dq[3]        |   16.160 (r) | SLOW    |   3.361 (r) | FAST    |    1.270 |
ddram_dq[4]        |   16.313 (r) | SLOW    |   3.363 (r) | FAST    |    1.424 |
ddram_dq[5]        |   17.048 (r) | SLOW    |   3.382 (r) | FAST    |    2.159 |
ddram_dq[6]        |   15.862 (r) | SLOW    |   3.363 (r) | FAST    |    0.972 |
ddram_dq[7]        |   16.163 (r) | SLOW    |   3.363 (r) | FAST    |    1.274 |
ddram_dq[8]        |   15.199 (r) | SLOW    |   3.406 (r) | FAST    |    0.309 |
ddram_dq[9]        |   14.889 (r) | SLOW    |   3.380 (r) | FAST    |    0.020 |
ddram_dq[10]       |   15.803 (r) | SLOW    |   3.418 (r) | FAST    |    0.914 |
ddram_dq[11]       |   15.349 (r) | SLOW    |   3.400 (r) | FAST    |    0.459 |
ddram_dq[12]       |   15.943 (r) | SLOW    |   3.405 (r) | FAST    |    1.054 |
ddram_dq[13]       |   14.899 (r) | SLOW    |   3.378 (r) | FAST    |    0.018 |
ddram_dq[14]       |   15.654 (r) | SLOW    |   3.417 (r) | FAST    |    0.764 |
ddram_dq[15]       |   15.049 (r) | SLOW    |   3.377 (r) | FAST    |    0.159 |
-------------------+--------------+---------+-------------+---------+----------+
Worst Case Summary |   17.048 (r) | SLOW    |   3.360 (r) | FAST    |    2.159 |
-------------------+--------------+---------+-------------+---------+----------+



Max / Min delays for output bus
Clocked by: clk100
Bus Skew: 0.236 ns
-------------------+--------------+---------+-------------+---------+----------+
                   |      Max     | Process |     Min     | Process | Edge     |
Pad                |    Delay(ns) | Corner  |   Delay(ns) | Corner  | Skew(ns) |
-------------------+--------------+---------+-------------+---------+----------+
ddram_dqs_n[0]     |   15.341 (r) | SLOW    |   4.000 (r) | FAST    |    0.235 |
ddram_dqs_n[1]     |   15.106 (r) | SLOW    |   4.026 (r) | FAST    |    0.027 |
ddram_dqs_p[0]     |   15.342 (r) | SLOW    |   4.007 (r) | FAST    |    0.236 |
ddram_dqs_p[1]     |   15.107 (r) | SLOW    |   4.021 (r) | FAST    |    0.022 |
-------------------+--------------+---------+-------------+---------+----------+
Worst Case Summary |   15.342 (r) | SLOW    |   4.000 (r) | FAST    |    0.236 |
-------------------+--------------+---------+-------------+---------+----------+




