#-----------------------------------------------------------
# Vivado v2024.1 (64-bit)
# SW Build 5076996 on Wed May 22 18:36:09 MDT 2024
# IP Build 5075265 on Wed May 22 21:45:21 MDT 2024
# SharedData Build 5076995 on Wed May 22 18:29:18 MDT 2024
# Start of session at: Fri Nov 21 12:47:53 2025
# Process ID: 46896
# Current directory: /home/jsp/Storage/CFU-Playground/soc/build/digilent_arty.example_cfu/gateware
# Command line: vivado -mode batch -source digilent_arty.tcl
# Log file: /home/jsp/Storage/CFU-Playground/soc/build/digilent_arty.example_cfu/gateware/vivado.log
# Journal file: /home/jsp/Storage/CFU-Playground/soc/build/digilent_arty.example_cfu/gateware/vivado.jou
# Running On        :jsp-H370M-D3H
# Platform          :Ubuntu
# Operating System  :Ubuntu 24.04.3 LTS
# Processor Detail  :Intel(R) Core(TM) i7-8700 CPU @ 3.20GHz
# CPU Frequency     :4300.149 MHz
# CPU Physical cores:6
# CPU Logical cores :12
# Host memory       :16696 MB
# Swap memory       :8589 MB
# Total Virtual     :25285 MB
# Available Virtual :19553 MB
#-----------------------------------------------------------
source digilent_arty.tcl
# create_project -force -name digilent_arty -part xc7a35ticsg324-1L
create_project: Time (s): cpu = 00:00:06 ; elapsed = 00:00:06 . Memory (MB): peak = 1414.941 ; gain = 0.027 ; free physical = 5892 ; free virtual = 18436
# set_msg_config -id {Common 17-55} -new_severity {Warning}
# read_verilog {/home/jsp/Storage/CFU-Playground/proj/example_cfu/cfu.v}
# read_verilog {/home/jsp/Storage/CFU-Playground/third_party/python/pythondata_cpu_vexriscv/pythondata_cpu_vexriscv/verilog/VexRiscv_FullCfu.v}
# read_verilog {/home/jsp/Storage/CFU-Playground/soc/build/digilent_arty.example_cfu/gateware/digilent_arty.v}
# read_xdc digilent_arty.xdc
# set_property PROCESSING_ORDER EARLY [get_files digilent_arty.xdc]
# synth_design -directive default -top digilent_arty -part xc7a35ticsg324-1L
Command: synth_design -directive default -top digilent_arty -part xc7a35ticsg324-1L
Starting synth_design
Attempting to get a license for feature 'Synthesis' and/or device 'xc7a35ti'
INFO: [Common 17-349] Got license for feature 'Synthesis' and/or device 'xc7a35ti'
INFO: [Device 21-403] Loading part xc7a35ticsg324-1L
INFO: [Device 21-9227] Part: xc7a35ticsg324-1L does not have CEAM library.
INFO: [Synth 8-7079] Multithreading enabled for synth_design using a maximum of 4 processes.
INFO: [Synth 8-7078] Launching helper process for spawning children vivado processes
INFO: [Synth 8-7075] Helper process launched with PID 46965
---------------------------------------------------------------------------------
Starting RTL Elaboration : Time (s): cpu = 00:00:03 ; elapsed = 00:00:03 . Memory (MB): peak = 2114.758 ; gain = 413.715 ; free physical = 4962 ; free virtual = 17507
---------------------------------------------------------------------------------
INFO: [Synth 8-6157] synthesizing module 'digilent_arty' [/home/jsp/Storage/CFU-Playground/soc/build/digilent_arty.example_cfu/gateware/digilent_arty.v:20]
INFO: [Synth 8-3876] $readmem data file 'digilent_arty_rom.init' is read successfully [/home/jsp/Storage/CFU-Playground/soc/build/digilent_arty.example_cfu/gateware/digilent_arty.v:10939]
INFO: [Synth 8-3876] $readmem data file 'digilent_arty_sram.init' is read successfully [/home/jsp/Storage/CFU-Playground/soc/build/digilent_arty.example_cfu/gateware/digilent_arty.v:10954]
INFO: [Synth 8-3876] $readmem data file 'digilent_arty_mem.init' is read successfully [/home/jsp/Storage/CFU-Playground/soc/build/digilent_arty.example_cfu/gateware/digilent_arty.v:10977]
INFO: [Synth 8-155] case statement is not full and has no default [/home/jsp/Storage/CFU-Playground/soc/build/digilent_arty.example_cfu/gateware/digilent_arty.v:10189]
INFO: [Synth 8-155] case statement is not full and has no default [/home/jsp/Storage/CFU-Playground/soc/build/digilent_arty.example_cfu/gateware/digilent_arty.v:10212]
INFO: [Synth 8-155] case statement is not full and has no default [/home/jsp/Storage/CFU-Playground/soc/build/digilent_arty.example_cfu/gateware/digilent_arty.v:10281]
INFO: [Synth 8-155] case statement is not full and has no default [/home/jsp/Storage/CFU-Playground/soc/build/digilent_arty.example_cfu/gateware/digilent_arty.v:10293]
INFO: [Synth 8-155] case statement is not full and has no default [/home/jsp/Storage/CFU-Playground/soc/build/digilent_arty.example_cfu/gateware/digilent_arty.v:10445]
INFO: [Synth 8-155] case statement is not full and has no default [/home/jsp/Storage/CFU-Playground/soc/build/digilent_arty.example_cfu/gateware/digilent_arty.v:10500]
INFO: [Synth 8-6157] synthesizing module 'BUFG' [/home/jsp/Storage/Vivado/2024.1/scripts/rt/data/unisim_comp.v:1951]
INFO: [Synth 8-6155] done synthesizing module 'BUFG' (0#1) [/home/jsp/Storage/Vivado/2024.1/scripts/rt/data/unisim_comp.v:1951]
WARNING: [Synth 8-4446] all outputs are unconnected for this instance and logic may be removed [/home/jsp/Storage/CFU-Playground/soc/build/digilent_arty.example_cfu/gateware/digilent_arty.v:10928]
INFO: [Synth 8-6157] synthesizing module 'IDELAYCTRL' [/home/jsp/Storage/Vivado/2024.1/scripts/rt/data/unisim_comp.v:75739]
INFO: [Synth 8-6155] done synthesizing module 'IDELAYCTRL' (0#1) [/home/jsp/Storage/Vivado/2024.1/scripts/rt/data/unisim_comp.v:75739]
WARNING: [Synth 8-7071] port 'RDY' of module 'IDELAYCTRL' is unconnected for instance 'IDELAYCTRL' [/home/jsp/Storage/CFU-Playground/soc/build/digilent_arty.example_cfu/gateware/digilent_arty.v:10928]
WARNING: [Synth 8-7023] instance 'IDELAYCTRL' of module 'IDELAYCTRL' has 3 connections declared, but only 2 given [/home/jsp/Storage/CFU-Playground/soc/build/digilent_arty.example_cfu/gateware/digilent_arty.v:10928]
INFO: [Synth 8-6157] synthesizing module 'OSERDESE2' [/home/jsp/Storage/Vivado/2024.1/scripts/rt/data/unisim_comp.v:100709]
	Parameter DATA_RATE_OQ bound to: DDR - type: string 
	Parameter DATA_RATE_TQ bound to: BUF - type: string 
	Parameter DATA_WIDTH bound to: 8 - type: integer 
	Parameter SERDES_MODE bound to: MASTER - type: string 
	Parameter TRISTATE_WIDTH bound to: 1 - type: integer 
INFO: [Synth 8-6155] done synthesizing module 'OSERDESE2' (0#1) [/home/jsp/Storage/Vivado/2024.1/scripts/rt/data/unisim_comp.v:100709]
WARNING: [Synth 8-7071] port 'OFB' of module 'OSERDESE2' is unconnected for instance 'OSERDESE2' [/home/jsp/Storage/CFU-Playground/soc/build/digilent_arty.example_cfu/gateware/digilent_arty.v:11034]
WARNING: [Synth 8-7071] port 'SHIFTOUT1' of module 'OSERDESE2' is unconnected for instance 'OSERDESE2' [/home/jsp/Storage/CFU-Playground/soc/build/digilent_arty.example_cfu/gateware/digilent_arty.v:11034]
WARNING: [Synth 8-7071] port 'SHIFTOUT2' of module 'OSERDESE2' is unconnected for instance 'OSERDESE2' [/home/jsp/Storage/CFU-Playground/soc/build/digilent_arty.example_cfu/gateware/digilent_arty.v:11034]
WARNING: [Synth 8-7071] port 'TBYTEOUT' of module 'OSERDESE2' is unconnected for instance 'OSERDESE2' [/home/jsp/Storage/CFU-Playground/soc/build/digilent_arty.example_cfu/gateware/digilent_arty.v:11034]
WARNING: [Synth 8-7071] port 'TFB' of module 'OSERDESE2' is unconnected for instance 'OSERDESE2' [/home/jsp/Storage/CFU-Playground/soc/build/digilent_arty.example_cfu/gateware/digilent_arty.v:11034]
WARNING: [Synth 8-7071] port 'TQ' of module 'OSERDESE2' is unconnected for instance 'OSERDESE2' [/home/jsp/Storage/CFU-Playground/soc/build/digilent_arty.example_cfu/gateware/digilent_arty.v:11034]
WARNING: [Synth 8-7071] port 'SHIFTIN1' of module 'OSERDESE2' is unconnected for instance 'OSERDESE2' [/home/jsp/Storage/CFU-Playground/soc/build/digilent_arty.example_cfu/gateware/digilent_arty.v:11034]
WARNING: [Synth 8-7071] port 'SHIFTIN2' of module 'OSERDESE2' is unconnected for instance 'OSERDESE2' [/home/jsp/Storage/CFU-Playground/soc/build/digilent_arty.example_cfu/gateware/digilent_arty.v:11034]
WARNING: [Synth 8-7071] port 'T1' of module 'OSERDESE2' is unconnected for instance 'OSERDESE2' [/home/jsp/Storage/CFU-Playground/soc/build/digilent_arty.example_cfu/gateware/digilent_arty.v:11034]
WARNING: [Synth 8-7071] port 'T2' of module 'OSERDESE2' is unconnected for instance 'OSERDESE2' [/home/jsp/Storage/CFU-Playground/soc/build/digilent_arty.example_cfu/gateware/digilent_arty.v:11034]
WARNING: [Synth 8-7071] port 'T3' of module 'OSERDESE2' is unconnected for instance 'OSERDESE2' [/home/jsp/Storage/CFU-Playground/soc/build/digilent_arty.example_cfu/gateware/digilent_arty.v:11034]
WARNING: [Synth 8-7071] port 'T4' of module 'OSERDESE2' is unconnected for instance 'OSERDESE2' [/home/jsp/Storage/CFU-Playground/soc/build/digilent_arty.example_cfu/gateware/digilent_arty.v:11034]
WARNING: [Synth 8-7071] port 'TBYTEIN' of module 'OSERDESE2' is unconnected for instance 'OSERDESE2' [/home/jsp/Storage/CFU-Playground/soc/build/digilent_arty.example_cfu/gateware/digilent_arty.v:11034]
WARNING: [Synth 8-7071] port 'TCE' of module 'OSERDESE2' is unconnected for instance 'OSERDESE2' [/home/jsp/Storage/CFU-Playground/soc/build/digilent_arty.example_cfu/gateware/digilent_arty.v:11034]
WARNING: [Synth 8-7023] instance 'OSERDESE2' of module 'OSERDESE2' has 27 connections declared, but only 13 given [/home/jsp/Storage/CFU-Playground/soc/build/digilent_arty.example_cfu/gateware/digilent_arty.v:11034]
INFO: [Synth 8-6157] synthesizing module 'OBUFDS' [/home/jsp/Storage/Vivado/2024.1/scripts/rt/data/unisim_comp.v:96472]
INFO: [Synth 8-6155] done synthesizing module 'OBUFDS' (0#1) [/home/jsp/Storage/Vivado/2024.1/scripts/rt/data/unisim_comp.v:96472]
WARNING: [Synth 8-7071] port 'OFB' of module 'OSERDESE2' is unconnected for instance 'OSERDESE2_1' [/home/jsp/Storage/CFU-Playground/soc/build/digilent_arty.example_cfu/gateware/digilent_arty.v:11062]
WARNING: [Synth 8-7071] port 'SHIFTOUT1' of module 'OSERDESE2' is unconnected for instance 'OSERDESE2_1' [/home/jsp/Storage/CFU-Playground/soc/build/digilent_arty.example_cfu/gateware/digilent_arty.v:11062]
WARNING: [Synth 8-7071] port 'SHIFTOUT2' of module 'OSERDESE2' is unconnected for instance 'OSERDESE2_1' [/home/jsp/Storage/CFU-Playground/soc/build/digilent_arty.example_cfu/gateware/digilent_arty.v:11062]
WARNING: [Synth 8-7071] port 'TBYTEOUT' of module 'OSERDESE2' is unconnected for instance 'OSERDESE2_1' [/home/jsp/Storage/CFU-Playground/soc/build/digilent_arty.example_cfu/gateware/digilent_arty.v:11062]
WARNING: [Synth 8-7071] port 'TFB' of module 'OSERDESE2' is unconnected for instance 'OSERDESE2_1' [/home/jsp/Storage/CFU-Playground/soc/build/digilent_arty.example_cfu/gateware/digilent_arty.v:11062]
WARNING: [Synth 8-7071] port 'TQ' of module 'OSERDESE2' is unconnected for instance 'OSERDESE2_1' [/home/jsp/Storage/CFU-Playground/soc/build/digilent_arty.example_cfu/gateware/digilent_arty.v:11062]
WARNING: [Synth 8-7071] port 'SHIFTIN1' of module 'OSERDESE2' is unconnected for instance 'OSERDESE2_1' [/home/jsp/Storage/CFU-Playground/soc/build/digilent_arty.example_cfu/gateware/digilent_arty.v:11062]
WARNING: [Synth 8-7071] port 'SHIFTIN2' of module 'OSERDESE2' is unconnected for instance 'OSERDESE2_1' [/home/jsp/Storage/CFU-Playground/soc/build/digilent_arty.example_cfu/gateware/digilent_arty.v:11062]
WARNING: [Synth 8-7071] port 'T1' of module 'OSERDESE2' is unconnected for instance 'OSERDESE2_1' [/home/jsp/Storage/CFU-Playground/soc/build/digilent_arty.example_cfu/gateware/digilent_arty.v:11062]
WARNING: [Synth 8-7071] port 'T2' of module 'OSERDESE2' is unconnected for instance 'OSERDESE2_1' [/home/jsp/Storage/CFU-Playground/soc/build/digilent_arty.example_cfu/gateware/digilent_arty.v:11062]
WARNING: [Synth 8-7071] port 'T3' of module 'OSERDESE2' is unconnected for instance 'OSERDESE2_1' [/home/jsp/Storage/CFU-Playground/soc/build/digilent_arty.example_cfu/gateware/digilent_arty.v:11062]
WARNING: [Synth 8-7071] port 'T4' of module 'OSERDESE2' is unconnected for instance 'OSERDESE2_1' [/home/jsp/Storage/CFU-Playground/soc/build/digilent_arty.example_cfu/gateware/digilent_arty.v:11062]
WARNING: [Synth 8-7071] port 'TBYTEIN' of module 'OSERDESE2' is unconnected for instance 'OSERDESE2_1' [/home/jsp/Storage/CFU-Playground/soc/build/digilent_arty.example_cfu/gateware/digilent_arty.v:11062]
WARNING: [Synth 8-7071] port 'TCE' of module 'OSERDESE2' is unconnected for instance 'OSERDESE2_1' [/home/jsp/Storage/CFU-Playground/soc/build/digilent_arty.example_cfu/gateware/digilent_arty.v:11062]
WARNING: [Synth 8-7023] instance 'OSERDESE2_1' of module 'OSERDESE2' has 27 connections declared, but only 13 given [/home/jsp/Storage/CFU-Playground/soc/build/digilent_arty.example_cfu/gateware/digilent_arty.v:11062]
WARNING: [Synth 8-7071] port 'OFB' of module 'OSERDESE2' is unconnected for instance 'OSERDESE2_2' [/home/jsp/Storage/CFU-Playground/soc/build/digilent_arty.example_cfu/gateware/digilent_arty.v:11084]
WARNING: [Synth 8-7071] port 'SHIFTOUT1' of module 'OSERDESE2' is unconnected for instance 'OSERDESE2_2' [/home/jsp/Storage/CFU-Playground/soc/build/digilent_arty.example_cfu/gateware/digilent_arty.v:11084]
WARNING: [Synth 8-7071] port 'SHIFTOUT2' of module 'OSERDESE2' is unconnected for instance 'OSERDESE2_2' [/home/jsp/Storage/CFU-Playground/soc/build/digilent_arty.example_cfu/gateware/digilent_arty.v:11084]
WARNING: [Synth 8-7071] port 'TBYTEOUT' of module 'OSERDESE2' is unconnected for instance 'OSERDESE2_2' [/home/jsp/Storage/CFU-Playground/soc/build/digilent_arty.example_cfu/gateware/digilent_arty.v:11084]
WARNING: [Synth 8-7071] port 'TFB' of module 'OSERDESE2' is unconnected for instance 'OSERDESE2_2' [/home/jsp/Storage/CFU-Playground/soc/build/digilent_arty.example_cfu/gateware/digilent_arty.v:11084]
WARNING: [Synth 8-7071] port 'TQ' of module 'OSERDESE2' is unconnected for instance 'OSERDESE2_2' [/home/jsp/Storage/CFU-Playground/soc/build/digilent_arty.example_cfu/gateware/digilent_arty.v:11084]
WARNING: [Synth 8-7071] port 'SHIFTIN1' of module 'OSERDESE2' is unconnected for instance 'OSERDESE2_2' [/home/jsp/Storage/CFU-Playground/soc/build/digilent_arty.example_cfu/gateware/digilent_arty.v:11084]
WARNING: [Synth 8-7071] port 'SHIFTIN2' of module 'OSERDESE2' is unconnected for instance 'OSERDESE2_2' [/home/jsp/Storage/CFU-Playground/soc/build/digilent_arty.example_cfu/gateware/digilent_arty.v:11084]
WARNING: [Synth 8-7071] port 'T1' of module 'OSERDESE2' is unconnected for instance 'OSERDESE2_2' [/home/jsp/Storage/CFU-Playground/soc/build/digilent_arty.example_cfu/gateware/digilent_arty.v:11084]
WARNING: [Synth 8-7071] port 'T2' of module 'OSERDESE2' is unconnected for instance 'OSERDESE2_2' [/home/jsp/Storage/CFU-Playground/soc/build/digilent_arty.example_cfu/gateware/digilent_arty.v:11084]
WARNING: [Synth 8-7071] port 'T3' of module 'OSERDESE2' is unconnected for instance 'OSERDESE2_2' [/home/jsp/Storage/CFU-Playground/soc/build/digilent_arty.example_cfu/gateware/digilent_arty.v:11084]
WARNING: [Synth 8-7071] port 'T4' of module 'OSERDESE2' is unconnected for instance 'OSERDESE2_2' [/home/jsp/Storage/CFU-Playground/soc/build/digilent_arty.example_cfu/gateware/digilent_arty.v:11084]
WARNING: [Synth 8-7071] port 'TBYTEIN' of module 'OSERDESE2' is unconnected for instance 'OSERDESE2_2' [/home/jsp/Storage/CFU-Playground/soc/build/digilent_arty.example_cfu/gateware/digilent_arty.v:11084]
WARNING: [Synth 8-7071] port 'TCE' of module 'OSERDESE2' is unconnected for instance 'OSERDESE2_2' [/home/jsp/Storage/CFU-Playground/soc/build/digilent_arty.example_cfu/gateware/digilent_arty.v:11084]
WARNING: [Synth 8-7023] instance 'OSERDESE2_2' of module 'OSERDESE2' has 27 connections declared, but only 13 given [/home/jsp/Storage/CFU-Playground/soc/build/digilent_arty.example_cfu/gateware/digilent_arty.v:11084]
WARNING: [Synth 8-7071] port 'OFB' of module 'OSERDESE2' is unconnected for instance 'OSERDESE2_3' [/home/jsp/Storage/CFU-Playground/soc/build/digilent_arty.example_cfu/gateware/digilent_arty.v:11106]
WARNING: [Synth 8-7071] port 'SHIFTOUT1' of module 'OSERDESE2' is unconnected for instance 'OSERDESE2_3' [/home/jsp/Storage/CFU-Playground/soc/build/digilent_arty.example_cfu/gateware/digilent_arty.v:11106]
WARNING: [Synth 8-7071] port 'SHIFTOUT2' of module 'OSERDESE2' is unconnected for instance 'OSERDESE2_3' [/home/jsp/Storage/CFU-Playground/soc/build/digilent_arty.example_cfu/gateware/digilent_arty.v:11106]
WARNING: [Synth 8-7071] port 'TBYTEOUT' of module 'OSERDESE2' is unconnected for instance 'OSERDESE2_3' [/home/jsp/Storage/CFU-Playground/soc/build/digilent_arty.example_cfu/gateware/digilent_arty.v:11106]
WARNING: [Synth 8-7071] port 'TFB' of module 'OSERDESE2' is unconnected for instance 'OSERDESE2_3' [/home/jsp/Storage/CFU-Playground/soc/build/digilent_arty.example_cfu/gateware/digilent_arty.v:11106]
WARNING: [Synth 8-7071] port 'TQ' of module 'OSERDESE2' is unconnected for instance 'OSERDESE2_3' [/home/jsp/Storage/CFU-Playground/soc/build/digilent_arty.example_cfu/gateware/digilent_arty.v:11106]
WARNING: [Synth 8-7071] port 'SHIFTIN1' of module 'OSERDESE2' is unconnected for instance 'OSERDESE2_3' [/home/jsp/Storage/CFU-Playground/soc/build/digilent_arty.example_cfu/gateware/digilent_arty.v:11106]
WARNING: [Synth 8-7071] port 'SHIFTIN2' of module 'OSERDESE2' is unconnected for instance 'OSERDESE2_3' [/home/jsp/Storage/CFU-Playground/soc/build/digilent_arty.example_cfu/gateware/digilent_arty.v:11106]
WARNING: [Synth 8-7071] port 'T1' of module 'OSERDESE2' is unconnected for instance 'OSERDESE2_3' [/home/jsp/Storage/CFU-Playground/soc/build/digilent_arty.example_cfu/gateware/digilent_arty.v:11106]
WARNING: [Synth 8-7071] port 'T2' of module 'OSERDESE2' is unconnected for instance 'OSERDESE2_3' [/home/jsp/Storage/CFU-Playground/soc/build/digilent_arty.example_cfu/gateware/digilent_arty.v:11106]
WARNING: [Synth 8-7071] port 'T3' of module 'OSERDESE2' is unconnected for instance 'OSERDESE2_3' [/home/jsp/Storage/CFU-Playground/soc/build/digilent_arty.example_cfu/gateware/digilent_arty.v:11106]
WARNING: [Synth 8-7071] port 'T4' of module 'OSERDESE2' is unconnected for instance 'OSERDESE2_3' [/home/jsp/Storage/CFU-Playground/soc/build/digilent_arty.example_cfu/gateware/digilent_arty.v:11106]
WARNING: [Synth 8-7071] port 'TBYTEIN' of module 'OSERDESE2' is unconnected for instance 'OSERDESE2_3' [/home/jsp/Storage/CFU-Playground/soc/build/digilent_arty.example_cfu/gateware/digilent_arty.v:11106]
WARNING: [Synth 8-7071] port 'TCE' of module 'OSERDESE2' is unconnected for instance 'OSERDESE2_3' [/home/jsp/Storage/CFU-Playground/soc/build/digilent_arty.example_cfu/gateware/digilent_arty.v:11106]
WARNING: [Synth 8-7023] instance 'OSERDESE2_3' of module 'OSERDESE2' has 27 connections declared, but only 13 given [/home/jsp/Storage/CFU-Playground/soc/build/digilent_arty.example_cfu/gateware/digilent_arty.v:11106]
WARNING: [Synth 8-7071] port 'OFB' of module 'OSERDESE2' is unconnected for instance 'OSERDESE2_4' [/home/jsp/Storage/CFU-Playground/soc/build/digilent_arty.example_cfu/gateware/digilent_arty.v:11128]
WARNING: [Synth 8-7071] port 'SHIFTOUT1' of module 'OSERDESE2' is unconnected for instance 'OSERDESE2_4' [/home/jsp/Storage/CFU-Playground/soc/build/digilent_arty.example_cfu/gateware/digilent_arty.v:11128]
WARNING: [Synth 8-7071] port 'SHIFTOUT2' of module 'OSERDESE2' is unconnected for instance 'OSERDESE2_4' [/home/jsp/Storage/CFU-Playground/soc/build/digilent_arty.example_cfu/gateware/digilent_arty.v:11128]
WARNING: [Synth 8-7071] port 'TBYTEOUT' of module 'OSERDESE2' is unconnected for instance 'OSERDESE2_4' [/home/jsp/Storage/CFU-Playground/soc/build/digilent_arty.example_cfu/gateware/digilent_arty.v:11128]
WARNING: [Synth 8-7071] port 'TFB' of module 'OSERDESE2' is unconnected for instance 'OSERDESE2_4' [/home/jsp/Storage/CFU-Playground/soc/build/digilent_arty.example_cfu/gateware/digilent_arty.v:11128]
WARNING: [Synth 8-7071] port 'TQ' of module 'OSERDESE2' is unconnected for instance 'OSERDESE2_4' [/home/jsp/Storage/CFU-Playground/soc/build/digilent_arty.example_cfu/gateware/digilent_arty.v:11128]
WARNING: [Synth 8-7071] port 'SHIFTIN1' of module 'OSERDESE2' is unconnected for instance 'OSERDESE2_4' [/home/jsp/Storage/CFU-Playground/soc/build/digilent_arty.example_cfu/gateware/digilent_arty.v:11128]
WARNING: [Synth 8-7071] port 'SHIFTIN2' of module 'OSERDESE2' is unconnected for instance 'OSERDESE2_4' [/home/jsp/Storage/CFU-Playground/soc/build/digilent_arty.example_cfu/gateware/digilent_arty.v:11128]
WARNING: [Synth 8-7071] port 'T1' of module 'OSERDESE2' is unconnected for instance 'OSERDESE2_4' [/home/jsp/Storage/CFU-Playground/soc/build/digilent_arty.example_cfu/gateware/digilent_arty.v:11128]
WARNING: [Synth 8-7071] port 'T2' of module 'OSERDESE2' is unconnected for instance 'OSERDESE2_4' [/home/jsp/Storage/CFU-Playground/soc/build/digilent_arty.example_cfu/gateware/digilent_arty.v:11128]
WARNING: [Synth 8-7071] port 'T3' of module 'OSERDESE2' is unconnected for instance 'OSERDESE2_4' [/home/jsp/Storage/CFU-Playground/soc/build/digilent_arty.example_cfu/gateware/digilent_arty.v:11128]
WARNING: [Synth 8-7071] port 'T4' of module 'OSERDESE2' is unconnected for instance 'OSERDESE2_4' [/home/jsp/Storage/CFU-Playground/soc/build/digilent_arty.example_cfu/gateware/digilent_arty.v:11128]
WARNING: [Synth 8-7071] port 'TBYTEIN' of module 'OSERDESE2' is unconnected for instance 'OSERDESE2_4' [/home/jsp/Storage/CFU-Playground/soc/build/digilent_arty.example_cfu/gateware/digilent_arty.v:11128]
WARNING: [Synth 8-7071] port 'TCE' of module 'OSERDESE2' is unconnected for instance 'OSERDESE2_4' [/home/jsp/Storage/CFU-Playground/soc/build/digilent_arty.example_cfu/gateware/digilent_arty.v:11128]
WARNING: [Synth 8-7023] instance 'OSERDESE2_4' of module 'OSERDESE2' has 27 connections declared, but only 13 given [/home/jsp/Storage/CFU-Playground/soc/build/digilent_arty.example_cfu/gateware/digilent_arty.v:11128]
WARNING: [Synth 8-7071] port 'OFB' of module 'OSERDESE2' is unconnected for instance 'OSERDESE2_5' [/home/jsp/Storage/CFU-Playground/soc/build/digilent_arty.example_cfu/gateware/digilent_arty.v:11150]
WARNING: [Synth 8-7071] port 'SHIFTOUT1' of module 'OSERDESE2' is unconnected for instance 'OSERDESE2_5' [/home/jsp/Storage/CFU-Playground/soc/build/digilent_arty.example_cfu/gateware/digilent_arty.v:11150]
WARNING: [Synth 8-7071] port 'SHIFTOUT2' of module 'OSERDESE2' is unconnected for instance 'OSERDESE2_5' [/home/jsp/Storage/CFU-Playground/soc/build/digilent_arty.example_cfu/gateware/digilent_arty.v:11150]
WARNING: [Synth 8-7071] port 'TBYTEOUT' of module 'OSERDESE2' is unconnected for instance 'OSERDESE2_5' [/home/jsp/Storage/CFU-Playground/soc/build/digilent_arty.example_cfu/gateware/digilent_arty.v:11150]
WARNING: [Synth 8-7071] port 'TFB' of module 'OSERDESE2' is unconnected for instance 'OSERDESE2_5' [/home/jsp/Storage/CFU-Playground/soc/build/digilent_arty.example_cfu/gateware/digilent_arty.v:11150]
WARNING: [Synth 8-7071] port 'TQ' of module 'OSERDESE2' is unconnected for instance 'OSERDESE2_5' [/home/jsp/Storage/CFU-Playground/soc/build/digilent_arty.example_cfu/gateware/digilent_arty.v:11150]
WARNING: [Synth 8-7071] port 'SHIFTIN1' of module 'OSERDESE2' is unconnected for instance 'OSERDESE2_5' [/home/jsp/Storage/CFU-Playground/soc/build/digilent_arty.example_cfu/gateware/digilent_arty.v:11150]
WARNING: [Synth 8-7071] port 'SHIFTIN2' of module 'OSERDESE2' is unconnected for instance 'OSERDESE2_5' [/home/jsp/Storage/CFU-Playground/soc/build/digilent_arty.example_cfu/gateware/digilent_arty.v:11150]
WARNING: [Synth 8-7071] port 'T1' of module 'OSERDESE2' is unconnected for instance 'OSERDESE2_5' [/home/jsp/Storage/CFU-Playground/soc/build/digilent_arty.example_cfu/gateware/digilent_arty.v:11150]
WARNING: [Synth 8-7071] port 'T2' of module 'OSERDESE2' is unconnected for instance 'OSERDESE2_5' [/home/jsp/Storage/CFU-Playground/soc/build/digilent_arty.example_cfu/gateware/digilent_arty.v:11150]
WARNING: [Synth 8-7071] port 'T3' of module 'OSERDESE2' is unconnected for instance 'OSERDESE2_5' [/home/jsp/Storage/CFU-Playground/soc/build/digilent_arty.example_cfu/gateware/digilent_arty.v:11150]
WARNING: [Synth 8-7071] port 'T4' of module 'OSERDESE2' is unconnected for instance 'OSERDESE2_5' [/home/jsp/Storage/CFU-Playground/soc/build/digilent_arty.example_cfu/gateware/digilent_arty.v:11150]
WARNING: [Synth 8-7071] port 'TBYTEIN' of module 'OSERDESE2' is unconnected for instance 'OSERDESE2_5' [/home/jsp/Storage/CFU-Playground/soc/build/digilent_arty.example_cfu/gateware/digilent_arty.v:11150]
WARNING: [Synth 8-7071] port 'TCE' of module 'OSERDESE2' is unconnected for instance 'OSERDESE2_5' [/home/jsp/Storage/CFU-Playground/soc/build/digilent_arty.example_cfu/gateware/digilent_arty.v:11150]
WARNING: [Synth 8-7023] instance 'OSERDESE2_5' of module 'OSERDESE2' has 27 connections declared, but only 13 given [/home/jsp/Storage/CFU-Playground/soc/build/digilent_arty.example_cfu/gateware/digilent_arty.v:11150]
WARNING: [Synth 8-7071] port 'OFB' of module 'OSERDESE2' is unconnected for instance 'OSERDESE2_6' [/home/jsp/Storage/CFU-Playground/soc/build/digilent_arty.example_cfu/gateware/digilent_arty.v:11172]
WARNING: [Synth 8-7071] port 'SHIFTOUT1' of module 'OSERDESE2' is unconnected for instance 'OSERDESE2_6' [/home/jsp/Storage/CFU-Playground/soc/build/digilent_arty.example_cfu/gateware/digilent_arty.v:11172]
WARNING: [Synth 8-7071] port 'SHIFTOUT2' of module 'OSERDESE2' is unconnected for instance 'OSERDESE2_6' [/home/jsp/Storage/CFU-Playground/soc/build/digilent_arty.example_cfu/gateware/digilent_arty.v:11172]
WARNING: [Synth 8-7071] port 'TBYTEOUT' of module 'OSERDESE2' is unconnected for instance 'OSERDESE2_6' [/home/jsp/Storage/CFU-Playground/soc/build/digilent_arty.example_cfu/gateware/digilent_arty.v:11172]
WARNING: [Synth 8-7071] port 'TFB' of module 'OSERDESE2' is unconnected for instance 'OSERDESE2_6' [/home/jsp/Storage/CFU-Playground/soc/build/digilent_arty.example_cfu/gateware/digilent_arty.v:11172]
WARNING: [Synth 8-7071] port 'TQ' of module 'OSERDESE2' is unconnected for instance 'OSERDESE2_6' [/home/jsp/Storage/CFU-Playground/soc/build/digilent_arty.example_cfu/gateware/digilent_arty.v:11172]
WARNING: [Synth 8-7071] port 'SHIFTIN1' of module 'OSERDESE2' is unconnected for instance 'OSERDESE2_6' [/home/jsp/Storage/CFU-Playground/soc/build/digilent_arty.example_cfu/gateware/digilent_arty.v:11172]
WARNING: [Synth 8-7071] port 'SHIFTIN2' of module 'OSERDESE2' is unconnected for instance 'OSERDESE2_6' [/home/jsp/Storage/CFU-Playground/soc/build/digilent_arty.example_cfu/gateware/digilent_arty.v:11172]
WARNING: [Synth 8-7071] port 'T1' of module 'OSERDESE2' is unconnected for instance 'OSERDESE2_6' [/home/jsp/Storage/CFU-Playground/soc/build/digilent_arty.example_cfu/gateware/digilent_arty.v:11172]
WARNING: [Synth 8-7071] port 'T2' of module 'OSERDESE2' is unconnected for instance 'OSERDESE2_6' [/home/jsp/Storage/CFU-Playground/soc/build/digilent_arty.example_cfu/gateware/digilent_arty.v:11172]
WARNING: [Synth 8-7071] port 'T3' of module 'OSERDESE2' is unconnected for instance 'OSERDESE2_6' [/home/jsp/Storage/CFU-Playground/soc/build/digilent_arty.example_cfu/gateware/digilent_arty.v:11172]
WARNING: [Synth 8-7071] port 'T4' of module 'OSERDESE2' is unconnected for instance 'OSERDESE2_6' [/home/jsp/Storage/CFU-Playground/soc/build/digilent_arty.example_cfu/gateware/digilent_arty.v:11172]
WARNING: [Synth 8-7071] port 'TBYTEIN' of module 'OSERDESE2' is unconnected for instance 'OSERDESE2_6' [/home/jsp/Storage/CFU-Playground/soc/build/digilent_arty.example_cfu/gateware/digilent_arty.v:11172]
WARNING: [Synth 8-7071] port 'TCE' of module 'OSERDESE2' is unconnected for instance 'OSERDESE2_6' [/home/jsp/Storage/CFU-Playground/soc/build/digilent_arty.example_cfu/gateware/digilent_arty.v:11172]
WARNING: [Synth 8-7023] instance 'OSERDESE2_6' of module 'OSERDESE2' has 27 connections declared, but only 13 given [/home/jsp/Storage/CFU-Playground/soc/build/digilent_arty.example_cfu/gateware/digilent_arty.v:11172]
WARNING: [Synth 8-7071] port 'OFB' of module 'OSERDESE2' is unconnected for instance 'OSERDESE2_7' [/home/jsp/Storage/CFU-Playground/soc/build/digilent_arty.example_cfu/gateware/digilent_arty.v:11194]
INFO: [Common 17-14] Message 'Synth 8-7071' appears 100 times and further instances of the messages will be disabled. Use the Tcl command set_msg_config to change the current settings.
WARNING: [Synth 8-7023] instance 'OSERDESE2_7' of module 'OSERDESE2' has 27 connections declared, but only 13 given [/home/jsp/Storage/CFU-Playground/soc/build/digilent_arty.example_cfu/gateware/digilent_arty.v:11194]
WARNING: [Synth 8-7023] instance 'OSERDESE2_8' of module 'OSERDESE2' has 27 connections declared, but only 13 given [/home/jsp/Storage/CFU-Playground/soc/build/digilent_arty.example_cfu/gateware/digilent_arty.v:11216]
WARNING: [Synth 8-7023] instance 'OSERDESE2_9' of module 'OSERDESE2' has 27 connections declared, but only 13 given [/home/jsp/Storage/CFU-Playground/soc/build/digilent_arty.example_cfu/gateware/digilent_arty.v:11238]
WARNING: [Synth 8-7023] instance 'OSERDESE2_10' of module 'OSERDESE2' has 27 connections declared, but only 13 given [/home/jsp/Storage/CFU-Playground/soc/build/digilent_arty.example_cfu/gateware/digilent_arty.v:11260]
WARNING: [Synth 8-7023] instance 'OSERDESE2_11' of module 'OSERDESE2' has 27 connections declared, but only 13 given [/home/jsp/Storage/CFU-Playground/soc/build/digilent_arty.example_cfu/gateware/digilent_arty.v:11282]
WARNING: [Synth 8-7023] instance 'OSERDESE2_12' of module 'OSERDESE2' has 27 connections declared, but only 13 given [/home/jsp/Storage/CFU-Playground/soc/build/digilent_arty.example_cfu/gateware/digilent_arty.v:11304]
WARNING: [Synth 8-7023] instance 'OSERDESE2_13' of module 'OSERDESE2' has 27 connections declared, but only 13 given [/home/jsp/Storage/CFU-Playground/soc/build/digilent_arty.example_cfu/gateware/digilent_arty.v:11326]
WARNING: [Synth 8-7023] instance 'OSERDESE2_14' of module 'OSERDESE2' has 27 connections declared, but only 13 given [/home/jsp/Storage/CFU-Playground/soc/build/digilent_arty.example_cfu/gateware/digilent_arty.v:11348]
WARNING: [Synth 8-7023] instance 'OSERDESE2_15' of module 'OSERDESE2' has 27 connections declared, but only 13 given [/home/jsp/Storage/CFU-Playground/soc/build/digilent_arty.example_cfu/gateware/digilent_arty.v:11370]
WARNING: [Synth 8-7023] instance 'OSERDESE2_16' of module 'OSERDESE2' has 27 connections declared, but only 13 given [/home/jsp/Storage/CFU-Playground/soc/build/digilent_arty.example_cfu/gateware/digilent_arty.v:11392]
WARNING: [Synth 8-7023] instance 'OSERDESE2_17' of module 'OSERDESE2' has 27 connections declared, but only 13 given [/home/jsp/Storage/CFU-Playground/soc/build/digilent_arty.example_cfu/gateware/digilent_arty.v:11414]
WARNING: [Synth 8-7023] instance 'OSERDESE2_18' of module 'OSERDESE2' has 27 connections declared, but only 13 given [/home/jsp/Storage/CFU-Playground/soc/build/digilent_arty.example_cfu/gateware/digilent_arty.v:11436]
WARNING: [Synth 8-7023] instance 'OSERDESE2_19' of module 'OSERDESE2' has 27 connections declared, but only 13 given [/home/jsp/Storage/CFU-Playground/soc/build/digilent_arty.example_cfu/gateware/digilent_arty.v:11458]
WARNING: [Synth 8-7023] instance 'OSERDESE2_20' of module 'OSERDESE2' has 27 connections declared, but only 13 given [/home/jsp/Storage/CFU-Playground/soc/build/digilent_arty.example_cfu/gateware/digilent_arty.v:11480]
WARNING: [Synth 8-7023] instance 'OSERDESE2_21' of module 'OSERDESE2' has 27 connections declared, but only 13 given [/home/jsp/Storage/CFU-Playground/soc/build/digilent_arty.example_cfu/gateware/digilent_arty.v:11502]
WARNING: [Synth 8-7023] instance 'OSERDESE2_22' of module 'OSERDESE2' has 27 connections declared, but only 13 given [/home/jsp/Storage/CFU-Playground/soc/build/digilent_arty.example_cfu/gateware/digilent_arty.v:11524]
WARNING: [Synth 8-7023] instance 'OSERDESE2_23' of module 'OSERDESE2' has 27 connections declared, but only 13 given [/home/jsp/Storage/CFU-Playground/soc/build/digilent_arty.example_cfu/gateware/digilent_arty.v:11546]
WARNING: [Synth 8-7023] instance 'OSERDESE2_24' of module 'OSERDESE2' has 27 connections declared, but only 13 given [/home/jsp/Storage/CFU-Playground/soc/build/digilent_arty.example_cfu/gateware/digilent_arty.v:11568]
WARNING: [Synth 8-7023] instance 'OSERDESE2_25' of module 'OSERDESE2' has 27 connections declared, but only 17 given [/home/jsp/Storage/CFU-Playground/soc/build/digilent_arty.example_cfu/gateware/digilent_arty.v:11590]
INFO: [Synth 8-6157] synthesizing module 'IOBUFDS' [/home/jsp/Storage/Vivado/2024.1/scripts/rt/data/unisim_comp.v:78226]
INFO: [Synth 8-6155] done synthesizing module 'IOBUFDS' (0#1) [/home/jsp/Storage/Vivado/2024.1/scripts/rt/data/unisim_comp.v:78226]
WARNING: [Synth 8-7023] instance 'IOBUFDS' of module 'IOBUFDS' has 5 connections declared, but only 4 given [/home/jsp/Storage/CFU-Playground/soc/build/digilent_arty.example_cfu/gateware/digilent_arty.v:11610]
WARNING: [Synth 8-7023] instance 'OSERDESE2_26' of module 'OSERDESE2' has 27 connections declared, but only 17 given [/home/jsp/Storage/CFU-Playground/soc/build/digilent_arty.example_cfu/gateware/digilent_arty.v:11623]
WARNING: [Synth 8-7023] instance 'IOBUFDS_1' of module 'IOBUFDS' has 5 connections declared, but only 4 given [/home/jsp/Storage/CFU-Playground/soc/build/digilent_arty.example_cfu/gateware/digilent_arty.v:11643]
WARNING: [Synth 8-7023] instance 'OSERDESE2_27' of module 'OSERDESE2' has 27 connections declared, but only 13 given [/home/jsp/Storage/CFU-Playground/soc/build/digilent_arty.example_cfu/gateware/digilent_arty.v:11656]
WARNING: [Synth 8-7023] instance 'OSERDESE2_28' of module 'OSERDESE2' has 27 connections declared, but only 13 given [/home/jsp/Storage/CFU-Playground/soc/build/digilent_arty.example_cfu/gateware/digilent_arty.v:11678]
WARNING: [Synth 8-7023] instance 'OSERDESE2_29' of module 'OSERDESE2' has 27 connections declared, but only 16 given [/home/jsp/Storage/CFU-Playground/soc/build/digilent_arty.example_cfu/gateware/digilent_arty.v:11700]
INFO: [Synth 8-6157] synthesizing module 'ISERDESE2' [/home/jsp/Storage/Vivado/2024.1/scripts/rt/data/unisim_comp.v:80773]
	Parameter DATA_RATE bound to: DDR - type: string 
	Parameter DATA_WIDTH bound to: 8 - type: integer 
	Parameter INTERFACE_TYPE bound to: NETWORKING - type: string 
	Parameter IOBDELAY bound to: IFD - type: string 
	Parameter NUM_CE bound to: 1 - type: integer 
	Parameter SERDES_MODE bound to: MASTER - type: string 
INFO: [Synth 8-6155] done synthesizing module 'ISERDESE2' (0#1) [/home/jsp/Storage/Vivado/2024.1/scripts/rt/data/unisim_comp.v:80773]
WARNING: [Synth 8-7023] instance 'ISERDESE2' of module 'ISERDESE2' has 28 connections declared, but only 15 given [/home/jsp/Storage/CFU-Playground/soc/build/digilent_arty.example_cfu/gateware/digilent_arty.v:11726]
INFO: [Synth 8-6157] synthesizing module 'IDELAYE2' [/home/jsp/Storage/Vivado/2024.1/scripts/rt/data/unisim_comp.v:75752]
	Parameter CINVCTRL_SEL bound to: FALSE - type: string 
	Parameter DELAY_SRC bound to: IDATAIN - type: string 
	Parameter HIGH_PERFORMANCE_MODE bound to: TRUE - type: string 
	Parameter IDELAY_TYPE bound to: VARIABLE - type: string 
	Parameter IDELAY_VALUE bound to: 0 - type: integer 
	Parameter PIPE_SEL bound to: FALSE - type: string 
	Parameter REFCLK_FREQUENCY bound to: 200.000000 - type: double 
	Parameter SIGNAL_PATTERN bound to: DATA - type: string 
INFO: [Synth 8-6155] done synthesizing module 'IDELAYE2' (0#1) [/home/jsp/Storage/Vivado/2024.1/scripts/rt/data/unisim_comp.v:75752]
WARNING: [Synth 8-7023] instance 'IDELAYE2' of module 'IDELAYE2' has 12 connections declared, but only 7 given [/home/jsp/Storage/CFU-Playground/soc/build/digilent_arty.example_cfu/gateware/digilent_arty.v:11753]
INFO: [Synth 8-6157] synthesizing module 'IOBUF' [/home/jsp/Storage/Vivado/2024.1/scripts/rt/data/unisim_comp.v:78209]
INFO: [Synth 8-6155] done synthesizing module 'IOBUF' (0#1) [/home/jsp/Storage/Vivado/2024.1/scripts/rt/data/unisim_comp.v:78209]
WARNING: [Synth 8-7023] instance 'OSERDESE2_30' of module 'OSERDESE2' has 27 connections declared, but only 16 given [/home/jsp/Storage/CFU-Playground/soc/build/digilent_arty.example_cfu/gateware/digilent_arty.v:11776]
WARNING: [Synth 8-7023] instance 'ISERDESE2_1' of module 'ISERDESE2' has 28 connections declared, but only 15 given [/home/jsp/Storage/CFU-Playground/soc/build/digilent_arty.example_cfu/gateware/digilent_arty.v:11802]
WARNING: [Synth 8-7023] instance 'IDELAYE2_1' of module 'IDELAYE2' has 12 connections declared, but only 7 given [/home/jsp/Storage/CFU-Playground/soc/build/digilent_arty.example_cfu/gateware/digilent_arty.v:11829]
WARNING: [Synth 8-7023] instance 'OSERDESE2_31' of module 'OSERDESE2' has 27 connections declared, but only 16 given [/home/jsp/Storage/CFU-Playground/soc/build/digilent_arty.example_cfu/gateware/digilent_arty.v:11852]
WARNING: [Synth 8-7023] instance 'ISERDESE2_2' of module 'ISERDESE2' has 28 connections declared, but only 15 given [/home/jsp/Storage/CFU-Playground/soc/build/digilent_arty.example_cfu/gateware/digilent_arty.v:11878]
WARNING: [Synth 8-7023] instance 'IDELAYE2_2' of module 'IDELAYE2' has 12 connections declared, but only 7 given [/home/jsp/Storage/CFU-Playground/soc/build/digilent_arty.example_cfu/gateware/digilent_arty.v:11905]
WARNING: [Synth 8-7023] instance 'OSERDESE2_32' of module 'OSERDESE2' has 27 connections declared, but only 16 given [/home/jsp/Storage/CFU-Playground/soc/build/digilent_arty.example_cfu/gateware/digilent_arty.v:11928]
WARNING: [Synth 8-7023] instance 'ISERDESE2_3' of module 'ISERDESE2' has 28 connections declared, but only 15 given [/home/jsp/Storage/CFU-Playground/soc/build/digilent_arty.example_cfu/gateware/digilent_arty.v:11954]
WARNING: [Synth 8-7023] instance 'IDELAYE2_3' of module 'IDELAYE2' has 12 connections declared, but only 7 given [/home/jsp/Storage/CFU-Playground/soc/build/digilent_arty.example_cfu/gateware/digilent_arty.v:11981]
WARNING: [Synth 8-7023] instance 'OSERDESE2_33' of module 'OSERDESE2' has 27 connections declared, but only 16 given [/home/jsp/Storage/CFU-Playground/soc/build/digilent_arty.example_cfu/gateware/digilent_arty.v:12004]
WARNING: [Synth 8-7023] instance 'ISERDESE2_4' of module 'ISERDESE2' has 28 connections declared, but only 15 given [/home/jsp/Storage/CFU-Playground/soc/build/digilent_arty.example_cfu/gateware/digilent_arty.v:12030]
WARNING: [Synth 8-7023] instance 'IDELAYE2_4' of module 'IDELAYE2' has 12 connections declared, but only 7 given [/home/jsp/Storage/CFU-Playground/soc/build/digilent_arty.example_cfu/gateware/digilent_arty.v:12057]
WARNING: [Synth 8-7023] instance 'OSERDESE2_34' of module 'OSERDESE2' has 27 connections declared, but only 16 given [/home/jsp/Storage/CFU-Playground/soc/build/digilent_arty.example_cfu/gateware/digilent_arty.v:12080]
WARNING: [Synth 8-7023] instance 'ISERDESE2_5' of module 'ISERDESE2' has 28 connections declared, but only 15 given [/home/jsp/Storage/CFU-Playground/soc/build/digilent_arty.example_cfu/gateware/digilent_arty.v:12106]
WARNING: [Synth 8-7023] instance 'IDELAYE2_5' of module 'IDELAYE2' has 12 connections declared, but only 7 given [/home/jsp/Storage/CFU-Playground/soc/build/digilent_arty.example_cfu/gateware/digilent_arty.v:12133]
WARNING: [Synth 8-7023] instance 'OSERDESE2_35' of module 'OSERDESE2' has 27 connections declared, but only 16 given [/home/jsp/Storage/CFU-Playground/soc/build/digilent_arty.example_cfu/gateware/digilent_arty.v:12156]
WARNING: [Synth 8-7023] instance 'ISERDESE2_6' of module 'ISERDESE2' has 28 connections declared, but only 15 given [/home/jsp/Storage/CFU-Playground/soc/build/digilent_arty.example_cfu/gateware/digilent_arty.v:12182]
WARNING: [Synth 8-7023] instance 'IDELAYE2_6' of module 'IDELAYE2' has 12 connections declared, but only 7 given [/home/jsp/Storage/CFU-Playground/soc/build/digilent_arty.example_cfu/gateware/digilent_arty.v:12209]
WARNING: [Synth 8-7023] instance 'OSERDESE2_36' of module 'OSERDESE2' has 27 connections declared, but only 16 given [/home/jsp/Storage/CFU-Playground/soc/build/digilent_arty.example_cfu/gateware/digilent_arty.v:12232]
WARNING: [Synth 8-7023] instance 'ISERDESE2_7' of module 'ISERDESE2' has 28 connections declared, but only 15 given [/home/jsp/Storage/CFU-Playground/soc/build/digilent_arty.example_cfu/gateware/digilent_arty.v:12258]
WARNING: [Synth 8-7023] instance 'IDELAYE2_7' of module 'IDELAYE2' has 12 connections declared, but only 7 given [/home/jsp/Storage/CFU-Playground/soc/build/digilent_arty.example_cfu/gateware/digilent_arty.v:12285]
WARNING: [Synth 8-7023] instance 'OSERDESE2_37' of module 'OSERDESE2' has 27 connections declared, but only 16 given [/home/jsp/Storage/CFU-Playground/soc/build/digilent_arty.example_cfu/gateware/digilent_arty.v:12308]
WARNING: [Synth 8-7023] instance 'ISERDESE2_8' of module 'ISERDESE2' has 28 connections declared, but only 15 given [/home/jsp/Storage/CFU-Playground/soc/build/digilent_arty.example_cfu/gateware/digilent_arty.v:12334]
WARNING: [Synth 8-7023] instance 'IDELAYE2_8' of module 'IDELAYE2' has 12 connections declared, but only 7 given [/home/jsp/Storage/CFU-Playground/soc/build/digilent_arty.example_cfu/gateware/digilent_arty.v:12361]
WARNING: [Synth 8-7023] instance 'OSERDESE2_38' of module 'OSERDESE2' has 27 connections declared, but only 16 given [/home/jsp/Storage/CFU-Playground/soc/build/digilent_arty.example_cfu/gateware/digilent_arty.v:12384]
WARNING: [Synth 8-7023] instance 'ISERDESE2_9' of module 'ISERDESE2' has 28 connections declared, but only 15 given [/home/jsp/Storage/CFU-Playground/soc/build/digilent_arty.example_cfu/gateware/digilent_arty.v:12410]
WARNING: [Synth 8-7023] instance 'IDELAYE2_9' of module 'IDELAYE2' has 12 connections declared, but only 7 given [/home/jsp/Storage/CFU-Playground/soc/build/digilent_arty.example_cfu/gateware/digilent_arty.v:12437]
WARNING: [Synth 8-7023] instance 'OSERDESE2_39' of module 'OSERDESE2' has 27 connections declared, but only 16 given [/home/jsp/Storage/CFU-Playground/soc/build/digilent_arty.example_cfu/gateware/digilent_arty.v:12460]
WARNING: [Synth 8-7023] instance 'ISERDESE2_10' of module 'ISERDESE2' has 28 connections declared, but only 15 given [/home/jsp/Storage/CFU-Playground/soc/build/digilent_arty.example_cfu/gateware/digilent_arty.v:12486]
WARNING: [Synth 8-7023] instance 'IDELAYE2_10' of module 'IDELAYE2' has 12 connections declared, but only 7 given [/home/jsp/Storage/CFU-Playground/soc/build/digilent_arty.example_cfu/gateware/digilent_arty.v:12513]
WARNING: [Synth 8-7023] instance 'OSERDESE2_40' of module 'OSERDESE2' has 27 connections declared, but only 16 given [/home/jsp/Storage/CFU-Playground/soc/build/digilent_arty.example_cfu/gateware/digilent_arty.v:12536]
WARNING: [Synth 8-7023] instance 'ISERDESE2_11' of module 'ISERDESE2' has 28 connections declared, but only 15 given [/home/jsp/Storage/CFU-Playground/soc/build/digilent_arty.example_cfu/gateware/digilent_arty.v:12562]
WARNING: [Synth 8-7023] instance 'IDELAYE2_11' of module 'IDELAYE2' has 12 connections declared, but only 7 given [/home/jsp/Storage/CFU-Playground/soc/build/digilent_arty.example_cfu/gateware/digilent_arty.v:12589]
WARNING: [Synth 8-7023] instance 'OSERDESE2_41' of module 'OSERDESE2' has 27 connections declared, but only 16 given [/home/jsp/Storage/CFU-Playground/soc/build/digilent_arty.example_cfu/gateware/digilent_arty.v:12612]
WARNING: [Synth 8-7023] instance 'ISERDESE2_12' of module 'ISERDESE2' has 28 connections declared, but only 15 given [/home/jsp/Storage/CFU-Playground/soc/build/digilent_arty.example_cfu/gateware/digilent_arty.v:12638]
WARNING: [Synth 8-7023] instance 'IDELAYE2_12' of module 'IDELAYE2' has 12 connections declared, but only 7 given [/home/jsp/Storage/CFU-Playground/soc/build/digilent_arty.example_cfu/gateware/digilent_arty.v:12665]
WARNING: [Synth 8-7023] instance 'OSERDESE2_42' of module 'OSERDESE2' has 27 connections declared, but only 16 given [/home/jsp/Storage/CFU-Playground/soc/build/digilent_arty.example_cfu/gateware/digilent_arty.v:12688]
WARNING: [Synth 8-7023] instance 'ISERDESE2_13' of module 'ISERDESE2' has 28 connections declared, but only 15 given [/home/jsp/Storage/CFU-Playground/soc/build/digilent_arty.example_cfu/gateware/digilent_arty.v:12714]
WARNING: [Synth 8-7023] instance 'IDELAYE2_13' of module 'IDELAYE2' has 12 connections declared, but only 7 given [/home/jsp/Storage/CFU-Playground/soc/build/digilent_arty.example_cfu/gateware/digilent_arty.v:12741]
WARNING: [Synth 8-7023] instance 'OSERDESE2_43' of module 'OSERDESE2' has 27 connections declared, but only 16 given [/home/jsp/Storage/CFU-Playground/soc/build/digilent_arty.example_cfu/gateware/digilent_arty.v:12764]
WARNING: [Synth 8-7023] instance 'ISERDESE2_14' of module 'ISERDESE2' has 28 connections declared, but only 15 given [/home/jsp/Storage/CFU-Playground/soc/build/digilent_arty.example_cfu/gateware/digilent_arty.v:12790]
WARNING: [Synth 8-7023] instance 'IDELAYE2_14' of module 'IDELAYE2' has 12 connections declared, but only 7 given [/home/jsp/Storage/CFU-Playground/soc/build/digilent_arty.example_cfu/gateware/digilent_arty.v:12817]
WARNING: [Synth 8-7023] instance 'OSERDESE2_44' of module 'OSERDESE2' has 27 connections declared, but only 16 given [/home/jsp/Storage/CFU-Playground/soc/build/digilent_arty.example_cfu/gateware/digilent_arty.v:12840]
WARNING: [Synth 8-7023] instance 'ISERDESE2_15' of module 'ISERDESE2' has 28 connections declared, but only 15 given [/home/jsp/Storage/CFU-Playground/soc/build/digilent_arty.example_cfu/gateware/digilent_arty.v:12866]
WARNING: [Synth 8-7023] instance 'IDELAYE2_15' of module 'IDELAYE2' has 12 connections declared, but only 7 given [/home/jsp/Storage/CFU-Playground/soc/build/digilent_arty.example_cfu/gateware/digilent_arty.v:12893]
INFO: [Synth 8-6157] synthesizing module 'FDCE' [/home/jsp/Storage/Vivado/2024.1/scripts/rt/data/unisim_comp.v:40798]
INFO: [Synth 8-6155] done synthesizing module 'FDCE' (0#1) [/home/jsp/Storage/Vivado/2024.1/scripts/rt/data/unisim_comp.v:40798]
INFO: [Synth 8-6157] synthesizing module 'PLLE2_ADV' [/home/jsp/Storage/Vivado/2024.1/scripts/rt/data/unisim_comp.v:114750]
	Parameter CLKFBOUT_MULT bound to: 16 - type: integer 
	Parameter CLKIN1_PERIOD bound to: 10.000000 - type: double 
	Parameter CLKOUT0_DIVIDE bound to: 16 - type: integer 
	Parameter CLKOUT0_PHASE bound to: 0.000000 - type: double 
	Parameter CLKOUT1_DIVIDE bound to: 64 - type: integer 
	Parameter CLKOUT1_PHASE bound to: 0.000000 - type: double 
	Parameter CLKOUT2_DIVIDE bound to: 4 - type: integer 
	Parameter CLKOUT2_PHASE bound to: 0.000000 - type: double 
	Parameter CLKOUT3_DIVIDE bound to: 4 - type: integer 
	Parameter CLKOUT3_PHASE bound to: 90.000000 - type: double 
	Parameter CLKOUT4_DIVIDE bound to: 8 - type: integer 
	Parameter CLKOUT4_PHASE bound to: 0.000000 - type: double 
	Parameter DIVCLK_DIVIDE bound to: 1 - type: integer 
	Parameter REF_JITTER1 bound to: 0.010000 - type: double 
	Parameter STARTUP_WAIT bound to: FALSE - type: string 
INFO: [Synth 8-6155] done synthesizing module 'PLLE2_ADV' (0#1) [/home/jsp/Storage/Vivado/2024.1/scripts/rt/data/unisim_comp.v:114750]
WARNING: [Synth 8-7023] instance 'PLLE2_ADV' of module 'PLLE2_ADV' has 21 connections declared, but only 11 given [/home/jsp/Storage/CFU-Playground/soc/build/digilent_arty.example_cfu/gateware/digilent_arty.v:13148]
INFO: [Synth 8-6157] synthesizing module 'VexRiscv' [/home/jsp/Storage/CFU-Playground/third_party/python/pythondata_cpu_vexriscv/pythondata_cpu_vexriscv/verilog/VexRiscv_FullCfu.v:7]
INFO: [Synth 8-6157] synthesizing module 'InstructionCache' [/home/jsp/Storage/CFU-Playground/third_party/python/pythondata_cpu_vexriscv/pythondata_cpu_vexriscv/verilog/VexRiscv_FullCfu.v:6648]
INFO: [Synth 8-6155] done synthesizing module 'InstructionCache' (0#1) [/home/jsp/Storage/CFU-Playground/third_party/python/pythondata_cpu_vexriscv/pythondata_cpu_vexriscv/verilog/VexRiscv_FullCfu.v:6648]
INFO: [Synth 8-6157] synthesizing module 'DataCache' [/home/jsp/Storage/CFU-Playground/third_party/python/pythondata_cpu_vexriscv/pythondata_cpu_vexriscv/verilog/VexRiscv_FullCfu.v:5807]
INFO: [Synth 8-6155] done synthesizing module 'DataCache' (0#1) [/home/jsp/Storage/CFU-Playground/third_party/python/pythondata_cpu_vexriscv/pythondata_cpu_vexriscv/verilog/VexRiscv_FullCfu.v:5807]
INFO: [Synth 8-6155] done synthesizing module 'VexRiscv' (0#1) [/home/jsp/Storage/CFU-Playground/third_party/python/pythondata_cpu_vexriscv/pythondata_cpu_vexriscv/verilog/VexRiscv_FullCfu.v:7]
INFO: [Synth 8-6157] synthesizing module 'Cfu' [/home/jsp/Storage/CFU-Playground/proj/example_cfu/cfu.v:3]
INFO: [Synth 8-6157] synthesizing module 'fallback4' [/home/jsp/Storage/CFU-Playground/proj/example_cfu/cfu.v:748]
INFO: [Synth 8-6155] done synthesizing module 'fallback4' (0#1) [/home/jsp/Storage/CFU-Playground/proj/example_cfu/cfu.v:748]
INFO: [Synth 8-6157] synthesizing module 'fallback5' [/home/jsp/Storage/CFU-Playground/proj/example_cfu/cfu.v:773]
INFO: [Synth 8-6155] done synthesizing module 'fallback5' (0#1) [/home/jsp/Storage/CFU-Playground/proj/example_cfu/cfu.v:773]
INFO: [Synth 8-6157] synthesizing module 'fallback6' [/home/jsp/Storage/CFU-Playground/proj/example_cfu/cfu.v:798]
INFO: [Synth 8-6155] done synthesizing module 'fallback6' (0#1) [/home/jsp/Storage/CFU-Playground/proj/example_cfu/cfu.v:798]
INFO: [Synth 8-6157] synthesizing module 'fallback7' [/home/jsp/Storage/CFU-Playground/proj/example_cfu/cfu.v:823]
INFO: [Synth 8-6155] done synthesizing module 'fallback7' (0#1) [/home/jsp/Storage/CFU-Playground/proj/example_cfu/cfu.v:823]
INFO: [Synth 8-6157] synthesizing module 'fn0' [/home/jsp/Storage/CFU-Playground/proj/example_cfu/cfu.v:848]
INFO: [Synth 8-6155] done synthesizing module 'fn0' (0#1) [/home/jsp/Storage/CFU-Playground/proj/example_cfu/cfu.v:848]
INFO: [Synth 8-6157] synthesizing module 'fn1' [/home/jsp/Storage/CFU-Playground/proj/example_cfu/cfu.v:897]
INFO: [Synth 8-6155] done synthesizing module 'fn1' (0#1) [/home/jsp/Storage/CFU-Playground/proj/example_cfu/cfu.v:897]
INFO: [Synth 8-6157] synthesizing module 'fn2' [/home/jsp/Storage/CFU-Playground/proj/example_cfu/cfu.v:925]
INFO: [Synth 8-6155] done synthesizing module 'fn2' (0#1) [/home/jsp/Storage/CFU-Playground/proj/example_cfu/cfu.v:925]
INFO: [Synth 8-6157] synthesizing module 'fn3' [/home/jsp/Storage/CFU-Playground/proj/example_cfu/cfu.v:981]
INFO: [Synth 8-155] case statement is not full and has no default [/home/jsp/Storage/CFU-Playground/proj/example_cfu/cfu.v:1073]
INFO: [Synth 8-155] case statement is not full and has no default [/home/jsp/Storage/CFU-Playground/proj/example_cfu/cfu.v:1093]
INFO: [Synth 8-155] case statement is not full and has no default [/home/jsp/Storage/CFU-Playground/proj/example_cfu/cfu.v:1112]
INFO: [Synth 8-155] case statement is not full and has no default [/home/jsp/Storage/CFU-Playground/proj/example_cfu/cfu.v:1108]
INFO: [Synth 8-155] case statement is not full and has no default [/home/jsp/Storage/CFU-Playground/proj/example_cfu/cfu.v:1122]
INFO: [Synth 8-155] case statement is not full and has no default [/home/jsp/Storage/CFU-Playground/proj/example_cfu/cfu.v:1139]
INFO: [Synth 8-155] case statement is not full and has no default [/home/jsp/Storage/CFU-Playground/proj/example_cfu/cfu.v:1157]
INFO: [Synth 8-155] case statement is not full and has no default [/home/jsp/Storage/CFU-Playground/proj/example_cfu/cfu.v:1164]
INFO: [Synth 8-155] case statement is not full and has no default [/home/jsp/Storage/CFU-Playground/proj/example_cfu/cfu.v:1179]
INFO: [Synth 8-155] case statement is not full and has no default [/home/jsp/Storage/CFU-Playground/proj/example_cfu/cfu.v:1199]
INFO: [Synth 8-6155] done synthesizing module 'fn3' (0#1) [/home/jsp/Storage/CFU-Playground/proj/example_cfu/cfu.v:981]
INFO: [Synth 8-155] case statement is not full and has no default [/home/jsp/Storage/CFU-Playground/proj/example_cfu/cfu.v:289]
INFO: [Synth 8-155] case statement is not full and has no default [/home/jsp/Storage/CFU-Playground/proj/example_cfu/cfu.v:304]
INFO: [Synth 8-155] case statement is not full and has no default [/home/jsp/Storage/CFU-Playground/proj/example_cfu/cfu.v:357]
INFO: [Synth 8-155] case statement is not full and has no default [/home/jsp/Storage/CFU-Playground/proj/example_cfu/cfu.v:373]
INFO: [Synth 8-155] case statement is not full and has no default [/home/jsp/Storage/CFU-Playground/proj/example_cfu/cfu.v:368]
INFO: [Synth 8-155] case statement is not full and has no default [/home/jsp/Storage/CFU-Playground/proj/example_cfu/cfu.v:380]
INFO: [Synth 8-155] case statement is not full and has no default [/home/jsp/Storage/CFU-Playground/proj/example_cfu/cfu.v:401]
INFO: [Synth 8-155] case statement is not full and has no default [/home/jsp/Storage/CFU-Playground/proj/example_cfu/cfu.v:396]
INFO: [Synth 8-155] case statement is not full and has no default [/home/jsp/Storage/CFU-Playground/proj/example_cfu/cfu.v:440]
INFO: [Synth 8-155] case statement is not full and has no default [/home/jsp/Storage/CFU-Playground/proj/example_cfu/cfu.v:436]
INFO: [Synth 8-155] case statement is not full and has no default [/home/jsp/Storage/CFU-Playground/proj/example_cfu/cfu.v:450]
INFO: [Synth 8-155] case statement is not full and has no default [/home/jsp/Storage/CFU-Playground/proj/example_cfu/cfu.v:431]
INFO: [Synth 8-155] case statement is not full and has no default [/home/jsp/Storage/CFU-Playground/proj/example_cfu/cfu.v:474]
INFO: [Synth 8-155] case statement is not full and has no default [/home/jsp/Storage/CFU-Playground/proj/example_cfu/cfu.v:470]
INFO: [Synth 8-155] case statement is not full and has no default [/home/jsp/Storage/CFU-Playground/proj/example_cfu/cfu.v:503]
INFO: [Synth 8-155] case statement is not full and has no default [/home/jsp/Storage/CFU-Playground/proj/example_cfu/cfu.v:465]
INFO: [Synth 8-155] case statement is not full and has no default [/home/jsp/Storage/CFU-Playground/proj/example_cfu/cfu.v:542]
INFO: [Synth 8-155] case statement is not full and has no default [/home/jsp/Storage/CFU-Playground/proj/example_cfu/cfu.v:591]
INFO: [Synth 8-155] case statement is not full and has no default [/home/jsp/Storage/CFU-Playground/proj/example_cfu/cfu.v:537]
INFO: [Synth 8-155] case statement is not full and has no default [/home/jsp/Storage/CFU-Playground/proj/example_cfu/cfu.v:598]
INFO: [Synth 8-155] case statement is not full and has no default [/home/jsp/Storage/CFU-Playground/proj/example_cfu/cfu.v:616]
INFO: [Synth 8-155] case statement is not full and has no default [/home/jsp/Storage/CFU-Playground/proj/example_cfu/cfu.v:612]
INFO: [Synth 8-155] case statement is not full and has no default [/home/jsp/Storage/CFU-Playground/proj/example_cfu/cfu.v:654]
INFO: [Synth 8-155] case statement is not full and has no default [/home/jsp/Storage/CFU-Playground/proj/example_cfu/cfu.v:607]
INFO: [Synth 8-155] case statement is not full and has no default [/home/jsp/Storage/CFU-Playground/proj/example_cfu/cfu.v:689]
INFO: [Synth 8-6155] done synthesizing module 'Cfu' (0#1) [/home/jsp/Storage/CFU-Playground/proj/example_cfu/cfu.v:3]
WARNING: [Synth 8-7023] instance 'Cfu' of module 'Cfu' has 19 connections declared, but only 10 given [/home/jsp/Storage/CFU-Playground/soc/build/digilent_arty.example_cfu/gateware/digilent_arty.v:13201]
INFO: [Synth 8-6157] synthesizing module 'FDPE' [/home/jsp/Storage/Vivado/2024.1/scripts/rt/data/unisim_comp.v:40954]
	Parameter INIT bound to: 1'b1 
INFO: [Synth 8-6155] done synthesizing module 'FDPE' (0#1) [/home/jsp/Storage/Vivado/2024.1/scripts/rt/data/unisim_comp.v:40954]
INFO: [Synth 8-6155] done synthesizing module 'digilent_arty' (0#1) [/home/jsp/Storage/CFU-Playground/soc/build/digilent_arty.example_cfu/gateware/digilent_arty.v:20]
WARNING: [Synth 8-6014] Unused sequential element decodeStage_mmuRsp_isIoAccess_reg was removed.  [/home/jsp/Storage/CFU-Playground/third_party/python/pythondata_cpu_vexriscv/pythondata_cpu_vexriscv/verilog/VexRiscv_FullCfu.v:6926]
WARNING: [Synth 8-6014] Unused sequential element decodeStage_mmuRsp_allowRead_reg was removed.  [/home/jsp/Storage/CFU-Playground/third_party/python/pythondata_cpu_vexriscv/pythondata_cpu_vexriscv/verilog/VexRiscv_FullCfu.v:6928]
WARNING: [Synth 8-6014] Unused sequential element decodeStage_mmuRsp_allowWrite_reg was removed.  [/home/jsp/Storage/CFU-Playground/third_party/python/pythondata_cpu_vexriscv/pythondata_cpu_vexriscv/verilog/VexRiscv_FullCfu.v:6929]
WARNING: [Synth 8-6014] Unused sequential element decodeStage_mmuRsp_bypassTranslation_reg was removed.  [/home/jsp/Storage/CFU-Playground/third_party/python/pythondata_cpu_vexriscv/pythondata_cpu_vexriscv/verilog/VexRiscv_FullCfu.v:6933]
WARNING: [Synth 8-6014] Unused sequential element tagsWriteLastCmd_valid_reg was removed.  [/home/jsp/Storage/CFU-Playground/third_party/python/pythondata_cpu_vexriscv/pythondata_cpu_vexriscv/verilog/VexRiscv_FullCfu.v:6516]
WARNING: [Synth 8-6014] Unused sequential element tagsWriteLastCmd_payload_way_reg was removed.  [/home/jsp/Storage/CFU-Playground/third_party/python/pythondata_cpu_vexriscv/pythondata_cpu_vexriscv/verilog/VexRiscv_FullCfu.v:6517]
WARNING: [Synth 8-6014] Unused sequential element tagsWriteLastCmd_payload_address_reg was removed.  [/home/jsp/Storage/CFU-Playground/third_party/python/pythondata_cpu_vexriscv/pythondata_cpu_vexriscv/verilog/VexRiscv_FullCfu.v:6518]
WARNING: [Synth 8-6014] Unused sequential element tagsWriteLastCmd_payload_data_valid_reg was removed.  [/home/jsp/Storage/CFU-Playground/third_party/python/pythondata_cpu_vexriscv/pythondata_cpu_vexriscv/verilog/VexRiscv_FullCfu.v:6519]
WARNING: [Synth 8-6014] Unused sequential element tagsWriteLastCmd_payload_data_error_reg was removed.  [/home/jsp/Storage/CFU-Playground/third_party/python/pythondata_cpu_vexriscv/pythondata_cpu_vexriscv/verilog/VexRiscv_FullCfu.v:6520]
WARNING: [Synth 8-6014] Unused sequential element tagsWriteLastCmd_payload_data_address_reg was removed.  [/home/jsp/Storage/CFU-Playground/third_party/python/pythondata_cpu_vexriscv/pythondata_cpu_vexriscv/verilog/VexRiscv_FullCfu.v:6521]
WARNING: [Synth 8-6014] Unused sequential element stageA_request_totalyConsistent_reg was removed.  [/home/jsp/Storage/CFU-Playground/third_party/python/pythondata_cpu_vexriscv/pythondata_cpu_vexriscv/verilog/VexRiscv_FullCfu.v:6525]
WARNING: [Synth 8-6014] Unused sequential element stageB_request_totalyConsistent_reg was removed.  [/home/jsp/Storage/CFU-Playground/third_party/python/pythondata_cpu_vexriscv/pythondata_cpu_vexriscv/verilog/VexRiscv_FullCfu.v:6539]
WARNING: [Synth 8-6014] Unused sequential element stageB_mmuRsp_allowExecute_reg was removed.  [/home/jsp/Storage/CFU-Playground/third_party/python/pythondata_cpu_vexriscv/pythondata_cpu_vexriscv/verilog/VexRiscv_FullCfu.v:6547]
WARNING: [Synth 8-6014] Unused sequential element stageB_mmuRsp_bypassTranslation_reg was removed.  [/home/jsp/Storage/CFU-Playground/third_party/python/pythondata_cpu_vexriscv/pythondata_cpu_vexriscv/verilog/VexRiscv_FullCfu.v:6550]
WARNING: [Synth 8-6014] Unused sequential element stageB_tagsReadRsp_0_valid_reg was removed.  [/home/jsp/Storage/CFU-Playground/third_party/python/pythondata_cpu_vexriscv/pythondata_cpu_vexriscv/verilog/VexRiscv_FullCfu.v:6553]
WARNING: [Synth 8-6014] Unused sequential element stageB_tagsReadRsp_0_address_reg was removed.  [/home/jsp/Storage/CFU-Playground/third_party/python/pythondata_cpu_vexriscv/pythondata_cpu_vexriscv/verilog/VexRiscv_FullCfu.v:6555]
WARNING: [Synth 8-3848] Net io_cpu_writeBack_exclusiveOk in module/entity DataCache does not have driver. [/home/jsp/Storage/CFU-Playground/third_party/python/pythondata_cpu_vexriscv/pythondata_cpu_vexriscv/verilog/VexRiscv_FullCfu.v:5850]
WARNING: [Synth 8-6014] Unused sequential element IBusCachedPlugin_fetchPc_correctionReg_reg was removed.  [/home/jsp/Storage/CFU-Playground/third_party/python/pythondata_cpu_vexriscv/pythondata_cpu_vexriscv/verilog/VexRiscv_FullCfu.v:3175]
WARNING: [Synth 8-6014] Unused sequential element IBusCachedPlugin_injector_nextPcCalc_valids_2_reg was removed.  [/home/jsp/Storage/CFU-Playground/third_party/python/pythondata_cpu_vexriscv/pythondata_cpu_vexriscv/verilog/VexRiscv_FullCfu.v:3283]
WARNING: [Synth 8-6014] Unused sequential element IBusCachedPlugin_injector_nextPcCalc_valids_3_reg was removed.  [/home/jsp/Storage/CFU-Playground/third_party/python/pythondata_cpu_vexriscv/pythondata_cpu_vexriscv/verilog/VexRiscv_FullCfu.v:3284]
WARNING: [Synth 8-6014] Unused sequential element IBusCachedPlugin_injector_nextPcCalc_valids_4_reg was removed.  [/home/jsp/Storage/CFU-Playground/third_party/python/pythondata_cpu_vexriscv/pythondata_cpu_vexriscv/verilog/VexRiscv_FullCfu.v:3285]
WARNING: [Synth 8-6014] Unused sequential element IBusCachedPlugin_rspCounter_reg was removed.  [/home/jsp/Storage/CFU-Playground/third_party/python/pythondata_cpu_vexriscv/pythondata_cpu_vexriscv/verilog/VexRiscv_FullCfu.v:5082]
WARNING: [Synth 8-6014] Unused sequential element DBusCachedPlugin_rspCounter_reg was removed.  [/home/jsp/Storage/CFU-Playground/third_party/python/pythondata_cpu_vexriscv/pythondata_cpu_vexriscv/verilog/VexRiscv_FullCfu.v:5085]
WARNING: [Synth 8-6014] Unused sequential element CsrPlugin_lastStageWasWfi_reg was removed.  [/home/jsp/Storage/CFU-Playground/third_party/python/pythondata_cpu_vexriscv/pythondata_cpu_vexriscv/verilog/VexRiscv_FullCfu.v:5103]
WARNING: [Synth 8-6014] Unused sequential element dataCache_1_io_mem_cmd_rData_uncached_reg was removed.  [/home/jsp/Storage/CFU-Playground/third_party/python/pythondata_cpu_vexriscv/pythondata_cpu_vexriscv/verilog/VexRiscv_FullCfu.v:3485]
WARNING: [Synth 8-6014] Unused sequential element dataCache_1_io_mem_cmd_rData_last_reg was removed.  [/home/jsp/Storage/CFU-Playground/third_party/python/pythondata_cpu_vexriscv/pythondata_cpu_vexriscv/verilog/VexRiscv_FullCfu.v:3490]
WARNING: [Synth 8-6014] Unused sequential element dataCache_1_io_mem_cmd_s2mPipe_rData_uncached_reg was removed.  [/home/jsp/Storage/CFU-Playground/third_party/python/pythondata_cpu_vexriscv/pythondata_cpu_vexriscv/verilog/VexRiscv_FullCfu.v:3501]
WARNING: [Synth 8-6014] Unused sequential element dataCache_1_io_mem_cmd_s2mPipe_rData_last_reg was removed.  [/home/jsp/Storage/CFU-Playground/third_party/python/pythondata_cpu_vexriscv/pythondata_cpu_vexriscv/verilog/VexRiscv_FullCfu.v:3506]
WARNING: [Synth 8-6014] Unused sequential element decode_to_execute_FORMAL_PC_NEXT_reg was removed.  [/home/jsp/Storage/CFU-Playground/third_party/python/pythondata_cpu_vexriscv/pythondata_cpu_vexriscv/verilog/VexRiscv_FullCfu.v:2677]
WARNING: [Synth 8-6014] Unused sequential element execute_to_memory_FORMAL_PC_NEXT_reg was removed.  [/home/jsp/Storage/CFU-Playground/third_party/python/pythondata_cpu_vexriscv/pythondata_cpu_vexriscv/verilog/VexRiscv_FullCfu.v:2676]
WARNING: [Synth 8-6014] Unused sequential element memory_to_writeBack_FORMAL_PC_NEXT_reg was removed.  [/home/jsp/Storage/CFU-Playground/third_party/python/pythondata_cpu_vexriscv/pythondata_cpu_vexriscv/verilog/VexRiscv_FullCfu.v:2675]
WARNING: [Synth 8-6014] Unused sequential element memory_to_writeBack_CfuPlugin_CFU_IN_FLIGHT_reg was removed.  [/home/jsp/Storage/CFU-Playground/third_party/python/pythondata_cpu_vexriscv/pythondata_cpu_vexriscv/verilog/VexRiscv_FullCfu.v:2624]
WARNING: [Synth 8-3848] Net IBusCachedPlugin_cache_io_cpu_fetch_isRemoved in module/entity VexRiscv does not have driver. [/home/jsp/Storage/CFU-Playground/third_party/python/pythondata_cpu_vexriscv/pythondata_cpu_vexriscv/verilog/VexRiscv_FullCfu.v:78]
WARNING: [Synth 8-3848] Net IBusCachedPlugin_mmuBus_rsp_bypassTranslation in module/entity VexRiscv does not have driver. [/home/jsp/Storage/CFU-Playground/third_party/python/pythondata_cpu_vexriscv/pythondata_cpu_vexriscv/verilog/VexRiscv_FullCfu.v:664]
WARNING: [Synth 8-3848] Net DBusCachedPlugin_mmuBus_rsp_bypassTranslation in module/entity VexRiscv does not have driver. [/home/jsp/Storage/CFU-Playground/third_party/python/pythondata_cpu_vexriscv/pythondata_cpu_vexriscv/verilog/VexRiscv_FullCfu.v:692]
WARNING: [Synth 8-3848] Net dataCache_1_io_cpu_writeBack_fence_SW in module/entity VexRiscv does not have driver. [/home/jsp/Storage/CFU-Playground/third_party/python/pythondata_cpu_vexriscv/pythondata_cpu_vexriscv/verilog/VexRiscv_FullCfu.v:92]
WARNING: [Synth 8-3848] Net dataCache_1_io_cpu_writeBack_fence_SR in module/entity VexRiscv does not have driver. [/home/jsp/Storage/CFU-Playground/third_party/python/pythondata_cpu_vexriscv/pythondata_cpu_vexriscv/verilog/VexRiscv_FullCfu.v:93]
WARNING: [Synth 8-3848] Net dataCache_1_io_cpu_writeBack_fence_SO in module/entity VexRiscv does not have driver. [/home/jsp/Storage/CFU-Playground/third_party/python/pythondata_cpu_vexriscv/pythondata_cpu_vexriscv/verilog/VexRiscv_FullCfu.v:94]
WARNING: [Synth 8-3848] Net dataCache_1_io_cpu_writeBack_fence_SI in module/entity VexRiscv does not have driver. [/home/jsp/Storage/CFU-Playground/third_party/python/pythondata_cpu_vexriscv/pythondata_cpu_vexriscv/verilog/VexRiscv_FullCfu.v:95]
WARNING: [Synth 8-3848] Net dataCache_1_io_cpu_writeBack_fence_PW in module/entity VexRiscv does not have driver. [/home/jsp/Storage/CFU-Playground/third_party/python/pythondata_cpu_vexriscv/pythondata_cpu_vexriscv/verilog/VexRiscv_FullCfu.v:96]
WARNING: [Synth 8-3848] Net dataCache_1_io_cpu_writeBack_fence_PR in module/entity VexRiscv does not have driver. [/home/jsp/Storage/CFU-Playground/third_party/python/pythondata_cpu_vexriscv/pythondata_cpu_vexriscv/verilog/VexRiscv_FullCfu.v:97]
WARNING: [Synth 8-3848] Net dataCache_1_io_cpu_writeBack_fence_PO in module/entity VexRiscv does not have driver. [/home/jsp/Storage/CFU-Playground/third_party/python/pythondata_cpu_vexriscv/pythondata_cpu_vexriscv/verilog/VexRiscv_FullCfu.v:98]
WARNING: [Synth 8-3848] Net dataCache_1_io_cpu_writeBack_fence_PI in module/entity VexRiscv does not have driver. [/home/jsp/Storage/CFU-Playground/third_party/python/pythondata_cpu_vexriscv/pythondata_cpu_vexriscv/verilog/VexRiscv_FullCfu.v:99]
WARNING: [Synth 8-3848] Net dataCache_1_io_cpu_writeBack_fence_FM in module/entity VexRiscv does not have driver. [/home/jsp/Storage/CFU-Playground/third_party/python/pythondata_cpu_vexriscv/pythondata_cpu_vexriscv/verilog/VexRiscv_FullCfu.v:100]
WARNING: [Synth 8-3848] Net dBus_rsp_payload_last in module/entity VexRiscv does not have driver. [/home/jsp/Storage/CFU-Playground/third_party/python/pythondata_cpu_vexriscv/pythondata_cpu_vexriscv/verilog/VexRiscv_FullCfu.v:677]
WARNING: [Synth 8-6014] Unused sequential element soc_basesoc_sdram_bankmachine0_cmd_buffer_source_first_reg was removed.  [/home/jsp/Storage/CFU-Playground/soc/build/digilent_arty.example_cfu/gateware/digilent_arty.v:8968]
WARNING: [Synth 8-6014] Unused sequential element soc_basesoc_sdram_bankmachine0_cmd_buffer_source_last_reg was removed.  [/home/jsp/Storage/CFU-Playground/soc/build/digilent_arty.example_cfu/gateware/digilent_arty.v:8969]
WARNING: [Synth 8-6014] Unused sequential element soc_basesoc_sdram_bankmachine1_cmd_buffer_source_first_reg was removed.  [/home/jsp/Storage/CFU-Playground/soc/build/digilent_arty.example_cfu/gateware/digilent_arty.v:9044]
WARNING: [Synth 8-6014] Unused sequential element soc_basesoc_sdram_bankmachine1_cmd_buffer_source_last_reg was removed.  [/home/jsp/Storage/CFU-Playground/soc/build/digilent_arty.example_cfu/gateware/digilent_arty.v:9045]
WARNING: [Synth 8-6014] Unused sequential element soc_basesoc_sdram_bankmachine2_cmd_buffer_source_first_reg was removed.  [/home/jsp/Storage/CFU-Playground/soc/build/digilent_arty.example_cfu/gateware/digilent_arty.v:9120]
WARNING: [Synth 8-6014] Unused sequential element soc_basesoc_sdram_bankmachine2_cmd_buffer_source_last_reg was removed.  [/home/jsp/Storage/CFU-Playground/soc/build/digilent_arty.example_cfu/gateware/digilent_arty.v:9121]
WARNING: [Synth 8-6014] Unused sequential element soc_basesoc_sdram_bankmachine3_cmd_buffer_source_first_reg was removed.  [/home/jsp/Storage/CFU-Playground/soc/build/digilent_arty.example_cfu/gateware/digilent_arty.v:9196]
WARNING: [Synth 8-6014] Unused sequential element soc_basesoc_sdram_bankmachine3_cmd_buffer_source_last_reg was removed.  [/home/jsp/Storage/CFU-Playground/soc/build/digilent_arty.example_cfu/gateware/digilent_arty.v:9197]
WARNING: [Synth 8-6014] Unused sequential element soc_basesoc_sdram_bankmachine4_cmd_buffer_source_first_reg was removed.  [/home/jsp/Storage/CFU-Playground/soc/build/digilent_arty.example_cfu/gateware/digilent_arty.v:9272]
WARNING: [Synth 8-6014] Unused sequential element soc_basesoc_sdram_bankmachine4_cmd_buffer_source_last_reg was removed.  [/home/jsp/Storage/CFU-Playground/soc/build/digilent_arty.example_cfu/gateware/digilent_arty.v:9273]
WARNING: [Synth 8-6014] Unused sequential element soc_basesoc_sdram_bankmachine5_cmd_buffer_source_first_reg was removed.  [/home/jsp/Storage/CFU-Playground/soc/build/digilent_arty.example_cfu/gateware/digilent_arty.v:9348]
WARNING: [Synth 8-6014] Unused sequential element soc_basesoc_sdram_bankmachine5_cmd_buffer_source_last_reg was removed.  [/home/jsp/Storage/CFU-Playground/soc/build/digilent_arty.example_cfu/gateware/digilent_arty.v:9349]
WARNING: [Synth 8-6014] Unused sequential element soc_basesoc_sdram_bankmachine6_cmd_buffer_source_first_reg was removed.  [/home/jsp/Storage/CFU-Playground/soc/build/digilent_arty.example_cfu/gateware/digilent_arty.v:9424]
WARNING: [Synth 8-6014] Unused sequential element soc_basesoc_sdram_bankmachine6_cmd_buffer_source_last_reg was removed.  [/home/jsp/Storage/CFU-Playground/soc/build/digilent_arty.example_cfu/gateware/digilent_arty.v:9425]
WARNING: [Synth 8-6014] Unused sequential element soc_basesoc_sdram_bankmachine7_cmd_buffer_source_first_reg was removed.  [/home/jsp/Storage/CFU-Playground/soc/build/digilent_arty.example_cfu/gateware/digilent_arty.v:9500]
WARNING: [Synth 8-6014] Unused sequential element soc_basesoc_sdram_bankmachine7_cmd_buffer_source_last_reg was removed.  [/home/jsp/Storage/CFU-Playground/soc/build/digilent_arty.example_cfu/gateware/digilent_arty.v:9501]
WARNING: [Synth 8-6014] Unused sequential element soc_basesoc_scratch_re_reg was removed.  [/home/jsp/Storage/CFU-Playground/soc/build/digilent_arty.example_cfu/gateware/digilent_arty.v:10208]
WARNING: [Synth 8-6014] Unused sequential element soc_basesoc_bus_errors_re_reg was removed.  [/home/jsp/Storage/CFU-Playground/soc/build/digilent_arty.example_cfu/gateware/digilent_arty.v:10209]
WARNING: [Synth 8-6014] Unused sequential element soc_a7ddrphy_rst_re_reg was removed.  [/home/jsp/Storage/CFU-Playground/soc/build/digilent_arty.example_cfu/gateware/digilent_arty.v:10257]
WARNING: [Synth 8-6014] Unused sequential element soc_a7ddrphy_dly_sel_re_reg was removed.  [/home/jsp/Storage/CFU-Playground/soc/build/digilent_arty.example_cfu/gateware/digilent_arty.v:10261]
WARNING: [Synth 8-6014] Unused sequential element soc_a7ddrphy_half_sys8x_taps_re_reg was removed.  [/home/jsp/Storage/CFU-Playground/soc/build/digilent_arty.example_cfu/gateware/digilent_arty.v:10265]
WARNING: [Synth 8-6014] Unused sequential element soc_a7ddrphy_wlevel_en_re_reg was removed.  [/home/jsp/Storage/CFU-Playground/soc/build/digilent_arty.example_cfu/gateware/digilent_arty.v:10269]
WARNING: [Synth 8-6014] Unused sequential element soc_a7ddrphy_rdphase_re_reg was removed.  [/home/jsp/Storage/CFU-Playground/soc/build/digilent_arty.example_cfu/gateware/digilent_arty.v:10273]
WARNING: [Synth 8-6014] Unused sequential element soc_a7ddrphy_wrphase_re_reg was removed.  [/home/jsp/Storage/CFU-Playground/soc/build/digilent_arty.example_cfu/gateware/digilent_arty.v:10277]
WARNING: [Synth 8-6014] Unused sequential element soc_basesoc_sdram_re_reg was removed.  [/home/jsp/Storage/CFU-Playground/soc/build/digilent_arty.example_cfu/gateware/digilent_arty.v:10374]
WARNING: [Synth 8-6014] Unused sequential element soc_basesoc_sdram_phaseinjector0_command_re_reg was removed.  [/home/jsp/Storage/CFU-Playground/soc/build/digilent_arty.example_cfu/gateware/digilent_arty.v:10378]
WARNING: [Synth 8-6014] Unused sequential element soc_basesoc_sdram_phaseinjector0_address_re_reg was removed.  [/home/jsp/Storage/CFU-Playground/soc/build/digilent_arty.example_cfu/gateware/digilent_arty.v:10382]
WARNING: [Synth 8-6014] Unused sequential element soc_basesoc_sdram_phaseinjector0_baddress_re_reg was removed.  [/home/jsp/Storage/CFU-Playground/soc/build/digilent_arty.example_cfu/gateware/digilent_arty.v:10386]
WARNING: [Synth 8-6014] Unused sequential element soc_basesoc_sdram_phaseinjector0_wrdata_re_reg was removed.  [/home/jsp/Storage/CFU-Playground/soc/build/digilent_arty.example_cfu/gateware/digilent_arty.v:10390]
WARNING: [Synth 8-6014] Unused sequential element soc_basesoc_sdram_phaseinjector0_rddata_re_reg was removed.  [/home/jsp/Storage/CFU-Playground/soc/build/digilent_arty.example_cfu/gateware/digilent_arty.v:10391]
WARNING: [Synth 8-6014] Unused sequential element soc_basesoc_sdram_phaseinjector1_command_re_reg was removed.  [/home/jsp/Storage/CFU-Playground/soc/build/digilent_arty.example_cfu/gateware/digilent_arty.v:10395]
WARNING: [Synth 8-6014] Unused sequential element soc_basesoc_sdram_phaseinjector1_address_re_reg was removed.  [/home/jsp/Storage/CFU-Playground/soc/build/digilent_arty.example_cfu/gateware/digilent_arty.v:10399]
WARNING: [Synth 8-6014] Unused sequential element soc_basesoc_sdram_phaseinjector1_baddress_re_reg was removed.  [/home/jsp/Storage/CFU-Playground/soc/build/digilent_arty.example_cfu/gateware/digilent_arty.v:10403]
WARNING: [Synth 8-6014] Unused sequential element soc_basesoc_sdram_phaseinjector1_wrdata_re_reg was removed.  [/home/jsp/Storage/CFU-Playground/soc/build/digilent_arty.example_cfu/gateware/digilent_arty.v:10407]
WARNING: [Synth 8-6014] Unused sequential element soc_basesoc_sdram_phaseinjector1_rddata_re_reg was removed.  [/home/jsp/Storage/CFU-Playground/soc/build/digilent_arty.example_cfu/gateware/digilent_arty.v:10408]
WARNING: [Synth 8-6014] Unused sequential element soc_basesoc_sdram_phaseinjector2_command_re_reg was removed.  [/home/jsp/Storage/CFU-Playground/soc/build/digilent_arty.example_cfu/gateware/digilent_arty.v:10412]
WARNING: [Synth 8-6014] Unused sequential element soc_basesoc_sdram_phaseinjector2_address_re_reg was removed.  [/home/jsp/Storage/CFU-Playground/soc/build/digilent_arty.example_cfu/gateware/digilent_arty.v:10416]
WARNING: [Synth 8-6014] Unused sequential element soc_basesoc_sdram_phaseinjector2_baddress_re_reg was removed.  [/home/jsp/Storage/CFU-Playground/soc/build/digilent_arty.example_cfu/gateware/digilent_arty.v:10420]
WARNING: [Synth 8-6014] Unused sequential element soc_basesoc_sdram_phaseinjector2_wrdata_re_reg was removed.  [/home/jsp/Storage/CFU-Playground/soc/build/digilent_arty.example_cfu/gateware/digilent_arty.v:10424]
WARNING: [Synth 8-6014] Unused sequential element soc_basesoc_sdram_phaseinjector2_rddata_re_reg was removed.  [/home/jsp/Storage/CFU-Playground/soc/build/digilent_arty.example_cfu/gateware/digilent_arty.v:10425]
WARNING: [Synth 8-6014] Unused sequential element soc_basesoc_sdram_phaseinjector3_command_re_reg was removed.  [/home/jsp/Storage/CFU-Playground/soc/build/digilent_arty.example_cfu/gateware/digilent_arty.v:10429]
WARNING: [Synth 8-6014] Unused sequential element soc_basesoc_sdram_phaseinjector3_address_re_reg was removed.  [/home/jsp/Storage/CFU-Playground/soc/build/digilent_arty.example_cfu/gateware/digilent_arty.v:10433]
WARNING: [Synth 8-6014] Unused sequential element soc_basesoc_sdram_phaseinjector3_baddress_re_reg was removed.  [/home/jsp/Storage/CFU-Playground/soc/build/digilent_arty.example_cfu/gateware/digilent_arty.v:10437]
WARNING: [Synth 8-6014] Unused sequential element soc_basesoc_sdram_phaseinjector3_wrdata_re_reg was removed.  [/home/jsp/Storage/CFU-Playground/soc/build/digilent_arty.example_cfu/gateware/digilent_arty.v:10441]
WARNING: [Synth 8-6014] Unused sequential element soc_basesoc_sdram_phaseinjector3_rddata_re_reg was removed.  [/home/jsp/Storage/CFU-Playground/soc/build/digilent_arty.example_cfu/gateware/digilent_arty.v:10442]
WARNING: [Synth 8-6014] Unused sequential element soc_basesoc_timer_load_re_reg was removed.  [/home/jsp/Storage/CFU-Playground/soc/build/digilent_arty.example_cfu/gateware/digilent_arty.v:10475]
WARNING: [Synth 8-6014] Unused sequential element soc_basesoc_timer_reload_re_reg was removed.  [/home/jsp/Storage/CFU-Playground/soc/build/digilent_arty.example_cfu/gateware/digilent_arty.v:10479]
WARNING: [Synth 8-6014] Unused sequential element soc_basesoc_timer_en_re_reg was removed.  [/home/jsp/Storage/CFU-Playground/soc/build/digilent_arty.example_cfu/gateware/digilent_arty.v:10483]
WARNING: [Synth 8-6014] Unused sequential element soc_basesoc_timer_value_re_reg was removed.  [/home/jsp/Storage/CFU-Playground/soc/build/digilent_arty.example_cfu/gateware/digilent_arty.v:10488]
WARNING: [Synth 8-6014] Unused sequential element soc_basesoc_timer_status_re_reg was removed.  [/home/jsp/Storage/CFU-Playground/soc/build/digilent_arty.example_cfu/gateware/digilent_arty.v:10489]
WARNING: [Synth 8-6014] Unused sequential element soc_basesoc_timer_enable_re_reg was removed.  [/home/jsp/Storage/CFU-Playground/soc/build/digilent_arty.example_cfu/gateware/digilent_arty.v:10497]
WARNING: [Synth 8-6014] Unused sequential element soc_basesoc_uart_txfull_re_reg was removed.  [/home/jsp/Storage/CFU-Playground/soc/build/digilent_arty.example_cfu/gateware/digilent_arty.v:10527]
WARNING: [Synth 8-6014] Unused sequential element soc_basesoc_uart_rxempty_re_reg was removed.  [/home/jsp/Storage/CFU-Playground/soc/build/digilent_arty.example_cfu/gateware/digilent_arty.v:10528]
WARNING: [Synth 8-6014] Unused sequential element soc_basesoc_uart_status_re_reg was removed.  [/home/jsp/Storage/CFU-Playground/soc/build/digilent_arty.example_cfu/gateware/digilent_arty.v:10529]
WARNING: [Synth 8-6014] Unused sequential element soc_basesoc_uart_enable_re_reg was removed.  [/home/jsp/Storage/CFU-Playground/soc/build/digilent_arty.example_cfu/gateware/digilent_arty.v:10537]
WARNING: [Synth 8-6014] Unused sequential element soc_basesoc_uart_txempty_re_reg was removed.  [/home/jsp/Storage/CFU-Playground/soc/build/digilent_arty.example_cfu/gateware/digilent_arty.v:10538]
WARNING: [Synth 8-6014] Unused sequential element soc_basesoc_uart_rxfull_re_reg was removed.  [/home/jsp/Storage/CFU-Playground/soc/build/digilent_arty.example_cfu/gateware/digilent_arty.v:10539]
WARNING: [Synth 8-6014] Unused sequential element storage_dat0_reg was removed.  [/home/jsp/Storage/CFU-Playground/soc/build/digilent_arty.example_cfu/gateware/digilent_arty.v:10997]
WARNING: [Synth 8-6014] Unused sequential element storage_1_dat0_reg was removed.  [/home/jsp/Storage/CFU-Playground/soc/build/digilent_arty.example_cfu/gateware/digilent_arty.v:11018]
WARNING: [Synth 8-6014] Unused sequential element storage_2_dat0_reg was removed.  [/home/jsp/Storage/CFU-Playground/soc/build/digilent_arty.example_cfu/gateware/digilent_arty.v:12920]
WARNING: [Synth 8-6014] Unused sequential element storage_3_dat0_reg was removed.  [/home/jsp/Storage/CFU-Playground/soc/build/digilent_arty.example_cfu/gateware/digilent_arty.v:12938]
WARNING: [Synth 8-6014] Unused sequential element storage_4_dat0_reg was removed.  [/home/jsp/Storage/CFU-Playground/soc/build/digilent_arty.example_cfu/gateware/digilent_arty.v:12956]
WARNING: [Synth 8-6014] Unused sequential element storage_5_dat0_reg was removed.  [/home/jsp/Storage/CFU-Playground/soc/build/digilent_arty.example_cfu/gateware/digilent_arty.v:12974]
WARNING: [Synth 8-6014] Unused sequential element storage_6_dat0_reg was removed.  [/home/jsp/Storage/CFU-Playground/soc/build/digilent_arty.example_cfu/gateware/digilent_arty.v:12992]
WARNING: [Synth 8-6014] Unused sequential element storage_7_dat0_reg was removed.  [/home/jsp/Storage/CFU-Playground/soc/build/digilent_arty.example_cfu/gateware/digilent_arty.v:13010]
WARNING: [Synth 8-6014] Unused sequential element storage_8_dat0_reg was removed.  [/home/jsp/Storage/CFU-Playground/soc/build/digilent_arty.example_cfu/gateware/digilent_arty.v:13028]
WARNING: [Synth 8-6014] Unused sequential element storage_9_dat0_reg was removed.  [/home/jsp/Storage/CFU-Playground/soc/build/digilent_arty.example_cfu/gateware/digilent_arty.v:13046]
WARNING: [Synth 8-6014] Unused sequential element data_mem_grain1_adr0_reg was removed.  [/home/jsp/Storage/CFU-Playground/soc/build/digilent_arty.example_cfu/gateware/digilent_arty.v:13237]
WARNING: [Synth 8-6014] Unused sequential element data_mem_grain2_adr0_reg was removed.  [/home/jsp/Storage/CFU-Playground/soc/build/digilent_arty.example_cfu/gateware/digilent_arty.v:13251]
INFO: [Common 17-14] Message 'Synth 8-6014' appears 100 times and further instances of the messages will be disabled. Use the Tcl command set_msg_config to change the current settings.
WARNING: [Synth 8-7129] Port in1[31] in module fn3 is either unconnected or has no load
WARNING: [Synth 8-7129] Port in1[30] in module fn3 is either unconnected or has no load
WARNING: [Synth 8-7129] Port in1[29] in module fn3 is either unconnected or has no load
WARNING: [Synth 8-7129] Port in1[28] in module fn3 is either unconnected or has no load
WARNING: [Synth 8-7129] Port in1[27] in module fn3 is either unconnected or has no load
WARNING: [Synth 8-7129] Port in1[26] in module fn3 is either unconnected or has no load
WARNING: [Synth 8-7129] Port in1[25] in module fn3 is either unconnected or has no load
WARNING: [Synth 8-7129] Port in1[24] in module fn3 is either unconnected or has no load
WARNING: [Synth 8-7129] Port in1[23] in module fn3 is either unconnected or has no load
WARNING: [Synth 8-7129] Port in1[22] in module fn3 is either unconnected or has no load
WARNING: [Synth 8-7129] Port in1[21] in module fn3 is either unconnected or has no load
WARNING: [Synth 8-7129] Port in1[20] in module fn3 is either unconnected or has no load
WARNING: [Synth 8-7129] Port in1[19] in module fn3 is either unconnected or has no load
WARNING: [Synth 8-7129] Port in1[18] in module fn3 is either unconnected or has no load
WARNING: [Synth 8-7129] Port in1[17] in module fn3 is either unconnected or has no load
WARNING: [Synth 8-7129] Port in1[16] in module fn3 is either unconnected or has no load
WARNING: [Synth 8-7129] Port in1[15] in module fn3 is either unconnected or has no load
WARNING: [Synth 8-7129] Port in1[14] in module fn3 is either unconnected or has no load
WARNING: [Synth 8-7129] Port in1[13] in module fn3 is either unconnected or has no load
WARNING: [Synth 8-7129] Port in1[12] in module fn3 is either unconnected or has no load
WARNING: [Synth 8-7129] Port in1[11] in module fn3 is either unconnected or has no load
WARNING: [Synth 8-7129] Port in1[10] in module fn3 is either unconnected or has no load
WARNING: [Synth 8-7129] Port in1[9] in module fn3 is either unconnected or has no load
WARNING: [Synth 8-7129] Port in1[8] in module fn3 is either unconnected or has no load
WARNING: [Synth 8-7129] Port in1[7] in module fn3 is either unconnected or has no load
WARNING: [Synth 8-7129] Port in1[6] in module fn3 is either unconnected or has no load
WARNING: [Synth 8-7129] Port in1[5] in module fn3 is either unconnected or has no load
WARNING: [Synth 8-7129] Port in1[4] in module fn3 is either unconnected or has no load
WARNING: [Synth 8-7129] Port in1[3] in module fn3 is either unconnected or has no load
WARNING: [Synth 8-7129] Port in1[2] in module fn3 is either unconnected or has no load
WARNING: [Synth 8-7129] Port in1[1] in module fn3 is either unconnected or has no load
WARNING: [Synth 8-7129] Port in1[0] in module fn3 is either unconnected or has no load
WARNING: [Synth 8-7129] Port in1[31] in module fn2 is either unconnected or has no load
WARNING: [Synth 8-7129] Port in1[30] in module fn2 is either unconnected or has no load
WARNING: [Synth 8-7129] Port in1[29] in module fn2 is either unconnected or has no load
WARNING: [Synth 8-7129] Port in1[28] in module fn2 is either unconnected or has no load
WARNING: [Synth 8-7129] Port in1[27] in module fn2 is either unconnected or has no load
WARNING: [Synth 8-7129] Port in1[26] in module fn2 is either unconnected or has no load
WARNING: [Synth 8-7129] Port in1[25] in module fn2 is either unconnected or has no load
WARNING: [Synth 8-7129] Port in1[24] in module fn2 is either unconnected or has no load
WARNING: [Synth 8-7129] Port in1[23] in module fn2 is either unconnected or has no load
WARNING: [Synth 8-7129] Port in1[22] in module fn2 is either unconnected or has no load
WARNING: [Synth 8-7129] Port in1[21] in module fn2 is either unconnected or has no load
WARNING: [Synth 8-7129] Port in1[20] in module fn2 is either unconnected or has no load
WARNING: [Synth 8-7129] Port in1[19] in module fn2 is either unconnected or has no load
WARNING: [Synth 8-7129] Port in1[18] in module fn2 is either unconnected or has no load
WARNING: [Synth 8-7129] Port in1[17] in module fn2 is either unconnected or has no load
WARNING: [Synth 8-7129] Port in1[16] in module fn2 is either unconnected or has no load
WARNING: [Synth 8-7129] Port in1[15] in module fn2 is either unconnected or has no load
WARNING: [Synth 8-7129] Port in1[14] in module fn2 is either unconnected or has no load
WARNING: [Synth 8-7129] Port in1[13] in module fn2 is either unconnected or has no load
WARNING: [Synth 8-7129] Port in1[12] in module fn2 is either unconnected or has no load
WARNING: [Synth 8-7129] Port in1[11] in module fn2 is either unconnected or has no load
WARNING: [Synth 8-7129] Port in1[10] in module fn2 is either unconnected or has no load
WARNING: [Synth 8-7129] Port in1[9] in module fn2 is either unconnected or has no load
WARNING: [Synth 8-7129] Port in1[8] in module fn2 is either unconnected or has no load
WARNING: [Synth 8-7129] Port in1[7] in module fn2 is either unconnected or has no load
WARNING: [Synth 8-7129] Port in1[6] in module fn2 is either unconnected or has no load
WARNING: [Synth 8-7129] Port in1[5] in module fn2 is either unconnected or has no load
WARNING: [Synth 8-7129] Port in1[4] in module fn2 is either unconnected or has no load
WARNING: [Synth 8-7129] Port in1[3] in module fn2 is either unconnected or has no load
WARNING: [Synth 8-7129] Port in1[2] in module fn2 is either unconnected or has no load
WARNING: [Synth 8-7129] Port in1[1] in module fn2 is either unconnected or has no load
WARNING: [Synth 8-7129] Port in1[0] in module fn2 is either unconnected or has no load
WARNING: [Synth 8-7129] Port in1[31] in module fn1 is either unconnected or has no load
WARNING: [Synth 8-7129] Port in1[30] in module fn1 is either unconnected or has no load
WARNING: [Synth 8-7129] Port in1[29] in module fn1 is either unconnected or has no load
WARNING: [Synth 8-7129] Port in1[28] in module fn1 is either unconnected or has no load
WARNING: [Synth 8-7129] Port in1[27] in module fn1 is either unconnected or has no load
WARNING: [Synth 8-7129] Port in1[26] in module fn1 is either unconnected or has no load
WARNING: [Synth 8-7129] Port in1[25] in module fn1 is either unconnected or has no load
WARNING: [Synth 8-7129] Port in1[24] in module fn1 is either unconnected or has no load
WARNING: [Synth 8-7129] Port in1[23] in module fn1 is either unconnected or has no load
WARNING: [Synth 8-7129] Port in1[22] in module fn1 is either unconnected or has no load
WARNING: [Synth 8-7129] Port in1[21] in module fn1 is either unconnected or has no load
WARNING: [Synth 8-7129] Port in1[20] in module fn1 is either unconnected or has no load
WARNING: [Synth 8-7129] Port in1[19] in module fn1 is either unconnected or has no load
WARNING: [Synth 8-7129] Port in1[18] in module fn1 is either unconnected or has no load
WARNING: [Synth 8-7129] Port in1[17] in module fn1 is either unconnected or has no load
WARNING: [Synth 8-7129] Port in1[16] in module fn1 is either unconnected or has no load
WARNING: [Synth 8-7129] Port in1[15] in module fn1 is either unconnected or has no load
WARNING: [Synth 8-7129] Port in1[14] in module fn1 is either unconnected or has no load
WARNING: [Synth 8-7129] Port in1[13] in module fn1 is either unconnected or has no load
WARNING: [Synth 8-7129] Port in1[12] in module fn1 is either unconnected or has no load
WARNING: [Synth 8-7129] Port in1[11] in module fn1 is either unconnected or has no load
WARNING: [Synth 8-7129] Port in1[10] in module fn1 is either unconnected or has no load
WARNING: [Synth 8-7129] Port in1[9] in module fn1 is either unconnected or has no load
WARNING: [Synth 8-7129] Port in1[8] in module fn1 is either unconnected or has no load
WARNING: [Synth 8-7129] Port in1[7] in module fn1 is either unconnected or has no load
WARNING: [Synth 8-7129] Port in1[6] in module fn1 is either unconnected or has no load
WARNING: [Synth 8-7129] Port in1[5] in module fn1 is either unconnected or has no load
WARNING: [Synth 8-7129] Port in1[4] in module fn1 is either unconnected or has no load
WARNING: [Synth 8-7129] Port in1[3] in module fn1 is either unconnected or has no load
WARNING: [Synth 8-7129] Port in1[2] in module fn1 is either unconnected or has no load
WARNING: [Synth 8-7129] Port in1[1] in module fn1 is either unconnected or has no load
WARNING: [Synth 8-7129] Port in1[0] in module fn1 is either unconnected or has no load
WARNING: [Synth 8-7129] Port in1[31] in module fallback7 is either unconnected or has no load
WARNING: [Synth 8-7129] Port in1[30] in module fallback7 is either unconnected or has no load
WARNING: [Synth 8-7129] Port in1[29] in module fallback7 is either unconnected or has no load
WARNING: [Synth 8-7129] Port in1[28] in module fallback7 is either unconnected or has no load
INFO: [Common 17-14] Message 'Synth 8-7129' appears 100 times and further instances of the messages will be disabled. Use the Tcl command set_msg_config to change the current settings.
---------------------------------------------------------------------------------
Finished RTL Elaboration : Time (s): cpu = 00:00:06 ; elapsed = 00:00:07 . Memory (MB): peak = 2296.695 ; gain = 595.652 ; free physical = 4744 ; free virtual = 17292
---------------------------------------------------------------------------------
---------------------------------------------------------------------------------
Start Handling Custom Attributes
---------------------------------------------------------------------------------
---------------------------------------------------------------------------------
Finished Handling Custom Attributes : Time (s): cpu = 00:00:07 ; elapsed = 00:00:07 . Memory (MB): peak = 2308.570 ; gain = 607.527 ; free physical = 4745 ; free virtual = 17292
---------------------------------------------------------------------------------
---------------------------------------------------------------------------------
Finished RTL Optimization Phase 1 : Time (s): cpu = 00:00:07 ; elapsed = 00:00:07 . Memory (MB): peak = 2308.570 ; gain = 607.527 ; free physical = 4745 ; free virtual = 17292
---------------------------------------------------------------------------------
Netlist sorting complete. Time (s): cpu = 00:00:00.07 ; elapsed = 00:00:00.07 . Memory (MB): peak = 2311.539 ; gain = 0.000 ; free physical = 4745 ; free virtual = 17292
INFO: [Netlist 29-17] Analyzing 52 Unisim elements for replacement
INFO: [Netlist 29-28] Unisim Transformation completed in 0 CPU seconds
INFO: [Project 1-570] Preparing netlist for logic optimization

Processing XDC Constraints
Initializing timing engine
Parsing XDC File [/home/jsp/Storage/CFU-Playground/soc/build/digilent_arty.example_cfu/gateware/digilent_arty.xdc]
INFO: [Timing 38-2] Deriving generated clocks [/home/jsp/Storage/CFU-Playground/soc/build/digilent_arty.example_cfu/gateware/digilent_arty.xdc:313]
WARNING: [Vivado 12-3521] Clock specified in more than one group: soc_crg_clkout0 [/home/jsp/Storage/CFU-Playground/soc/build/digilent_arty.example_cfu/gateware/digilent_arty.xdc:313]
Finished Parsing XDC File [/home/jsp/Storage/CFU-Playground/soc/build/digilent_arty.example_cfu/gateware/digilent_arty.xdc]
INFO: [Project 1-236] Implementation specific constraints were found while reading constraint file [/home/jsp/Storage/CFU-Playground/soc/build/digilent_arty.example_cfu/gateware/digilent_arty.xdc]. These constraints will be ignored for synthesis but will be used in implementation. Impacted constraints are listed in the file [.Xil/digilent_arty_propImpl.xdc].
Resolution: To avoid this warning, move constraints listed in [.Xil/digilent_arty_propImpl.xdc] to another XDC file and exclude this new file from synthesis with the used_in_synthesis property (File Properties dialog in GUI) and re-run elaboration/synthesis.
Completed Processing XDC Constraints

Netlist sorting complete. Time (s): cpu = 00:00:00 ; elapsed = 00:00:00 . Memory (MB): peak = 2448.320 ; gain = 0.000 ; free physical = 4744 ; free virtual = 17291
INFO: [Project 1-111] Unisim Transformation Summary:
  A total of 19 instances were transformed.
  IOBUF => IOBUF (IBUF, OBUFT): 16 instances
  IOBUFDS => IOBUFDS (IBUFDS, INV, OBUFTDS(x2)): 2 instances
  OBUFDS => OBUFDS_DUAL_BUF (INV, OBUFDS(x2)): 1 instance 

Constraint Validation Runtime : Time (s): cpu = 00:00:00.02 ; elapsed = 00:00:00.03 . Memory (MB): peak = 2448.320 ; gain = 0.000 ; free physical = 4744 ; free virtual = 17291
---------------------------------------------------------------------------------
Finished Constraint Validation : Time (s): cpu = 00:00:14 ; elapsed = 00:00:14 . Memory (MB): peak = 2448.320 ; gain = 747.277 ; free physical = 4721 ; free virtual = 17269
---------------------------------------------------------------------------------
---------------------------------------------------------------------------------
Start Loading Part and Timing Information
---------------------------------------------------------------------------------
Loading part: xc7a35ticsg324-1L
---------------------------------------------------------------------------------
Finished Loading Part and Timing Information : Time (s): cpu = 00:00:14 ; elapsed = 00:00:14 . Memory (MB): peak = 2456.324 ; gain = 755.281 ; free physical = 4721 ; free virtual = 17269
---------------------------------------------------------------------------------
---------------------------------------------------------------------------------
Start Applying 'set_property' XDC Constraints
---------------------------------------------------------------------------------
---------------------------------------------------------------------------------
Finished applying 'set_property' XDC Constraints : Time (s): cpu = 00:00:14 ; elapsed = 00:00:14 . Memory (MB): peak = 2456.324 ; gain = 755.281 ; free physical = 4725 ; free virtual = 17273
---------------------------------------------------------------------------------
WARNING: [Synth 8-3936] Found unconnected internal register 'memory_to_writeBack_INSTRUCTION_reg' and it is trimmed from '32' to '30' bits. [/home/jsp/Storage/CFU-Playground/third_party/python/pythondata_cpu_vexriscv/pythondata_cpu_vexriscv/verilog/VexRiscv_FullCfu.v:2932]
WARNING: [Synth 8-3936] Found unconnected internal register 'execute_to_memory_INSTRUCTION_reg' and it is trimmed from '32' to '30' bits. [/home/jsp/Storage/CFU-Playground/third_party/python/pythondata_cpu_vexriscv/pythondata_cpu_vexriscv/verilog/VexRiscv_FullCfu.v:2733]
INFO: [Synth 8-802] inferred FSM for state register 'fsm_state_reg' in module 'Cfu'
WARNING: [Synth 8-3936] Found unconnected internal register 'storage_1_dat1_reg' and it is trimmed from '10' to '8' bits. [/home/jsp/Storage/CFU-Playground/soc/build/digilent_arty.example_cfu/gateware/digilent_arty.v:11022]
WARNING: [Synth 8-3936] Found unconnected internal register 'storage_dat1_reg' and it is trimmed from '10' to '8' bits. [/home/jsp/Storage/CFU-Playground/soc/build/digilent_arty.example_cfu/gateware/digilent_arty.v:11001]
INFO: [Synth 8-802] inferred FSM for state register 'soc_builder_basesoc_refresher_state_reg' in module 'digilent_arty'
INFO: [Synth 8-802] inferred FSM for state register 'soc_builder_basesoc_litedramwishbone2native_state_reg' in module 'digilent_arty'
INFO: [Synth 8-802] inferred FSM for state register 'soc_builder_basesoc_wishbone2csr_state_reg' in module 'digilent_arty'
---------------------------------------------------------------------------------------------------
                   State |                     New Encoding |                Previous Encoding 
---------------------------------------------------------------------------------------------------
                 iSTATE0 |                               00 |                               00
                  iSTATE |                               01 |                               10
                 iSTATE1 |                               10 |                               01
---------------------------------------------------------------------------------------------------
INFO: [Synth 8-3354] encoded FSM with state register 'fsm_state_reg' using encoding 'sequential' in module 'Cfu'
---------------------------------------------------------------------------------------------------
                   State |                     New Encoding |                Previous Encoding 
---------------------------------------------------------------------------------------------------
                 iSTATE1 |                               00 |                               00
*
                  iSTATE |                               01 |                               01
                 iSTATE0 |                               10 |                               10
                 iSTATE2 |                               11 |                               11
---------------------------------------------------------------------------------------------------
INFO: [Synth 8-3354] encoded FSM with state register 'soc_builder_basesoc_refresher_state_reg' using encoding 'sequential' in module 'digilent_arty'
---------------------------------------------------------------------------------------------------
                   State |                     New Encoding |                Previous Encoding 
---------------------------------------------------------------------------------------------------
                  iSTATE |                               00 |                               00
*
                 iSTATE1 |                               01 |                               10
                 iSTATE0 |                               10 |                               01
---------------------------------------------------------------------------------------------------
INFO: [Synth 8-3354] encoded FSM with state register 'soc_builder_basesoc_litedramwishbone2native_state_reg' using encoding 'sequential' in module 'digilent_arty'
---------------------------------------------------------------------------------------------------
                   State |                     New Encoding |                Previous Encoding 
---------------------------------------------------------------------------------------------------
                  iSTATE |                              001 |                               00
*
                 iSTATE0 |                              010 |                               01
                 iSTATE1 |                              100 |                               10
---------------------------------------------------------------------------------------------------
INFO: [Synth 8-3354] encoded FSM with state register 'soc_builder_basesoc_wishbone2csr_state_reg' using encoding 'one-hot' in module 'digilent_arty'
---------------------------------------------------------------------------------
Finished RTL Optimization Phase 2 : Time (s): cpu = 00:00:17 ; elapsed = 00:00:18 . Memory (MB): peak = 2456.324 ; gain = 755.281 ; free physical = 4732 ; free virtual = 17282
---------------------------------------------------------------------------------
---------------------------------------------------------------------------------
Start RTL Component Statistics 
---------------------------------------------------------------------------------
Detailed RTL Component Info : 
+---Adders : 
	   2 Input   64 Bit       Adders := 3     
	   3 Input   52 Bit       Adders := 1     
	   2 Input   33 Bit       Adders := 3     
	   3 Input   33 Bit       Adders := 1     
	   3 Input   32 Bit       Adders := 1     
	   2 Input   32 Bit       Adders := 7     
	   8 Input   11 Bit       Adders := 1     
	   2 Input   10 Bit       Adders := 1     
	   2 Input    8 Bit       Adders := 2     
	   2 Input    6 Bit       Adders := 2     
	   2 Input    5 Bit       Adders := 4     
	   2 Input    4 Bit       Adders := 19    
	   2 Input    3 Bit       Adders := 81    
	   5 Input    3 Bit       Adders := 1     
	   2 Input    1 Bit       Adders := 5     
+---XORs : 
	   2 Input     32 Bit         XORs := 1     
	   2 Input      1 Bit         XORs := 2     
+---Registers : 
	               65 Bit    Registers := 1     
	               64 Bit    Registers := 2     
	               52 Bit    Registers := 1     
	               34 Bit    Registers := 1     
	               33 Bit    Registers := 1     
	               32 Bit    Registers := 63    
	               30 Bit    Registers := 3     
	               26 Bit    Registers := 1     
	               22 Bit    Registers := 2     
	               21 Bit    Registers := 8     
	               16 Bit    Registers := 36    
	               14 Bit    Registers := 18    
	               11 Bit    Registers := 1     
	               10 Bit    Registers := 1     
	                9 Bit    Registers := 17    
	                8 Bit    Registers := 11    
	                6 Bit    Registers := 7     
	                5 Bit    Registers := 7     
	                4 Bit    Registers := 36    
	                3 Bit    Registers := 79    
	                2 Bit    Registers := 24    
	                1 Bit    Registers := 280   
+---RAMs : 
	              64K Bit	(2048 X 32 bit)          RAMs := 1     
	              32K Bit	(1024 X 32 bit)          RAMs := 1     
	              12K Bit	(512 X 24 bit)          RAMs := 1     
	               8K Bit	(1024 X 8 bit)          RAMs := 4     
	               4K Bit	(512 X 8 bit)          RAMs := 16    
	               2K Bit	(128 X 22 bit)          RAMs := 2     
	             1024 Bit	(32 X 32 bit)          RAMs := 1     
	              176 Bit	(8 X 22 bit)          RAMs := 8     
	              160 Bit	(16 X 10 bit)          RAMs := 2     
+---ROMs : 
	                    ROMs := 1     
+---Muxes : 
	   2 Input  128 Bit        Muxes := 3     
	   3 Input  128 Bit        Muxes := 1     
	   2 Input   33 Bit        Muxes := 3     
	   2 Input   32 Bit        Muxes := 133   
	   3 Input   32 Bit        Muxes := 7     
	   4 Input   32 Bit        Muxes := 5     
	   2 Input   30 Bit        Muxes := 1     
	   2 Input   25 Bit        Muxes := 1     
	   2 Input   16 Bit        Muxes := 2     
	   2 Input   14 Bit        Muxes := 14    
	   3 Input   14 Bit        Muxes := 4     
	   4 Input   14 Bit        Muxes := 1     
	   3 Input   11 Bit        Muxes := 1     
	   2 Input   11 Bit        Muxes := 1     
	   2 Input   10 Bit        Muxes := 1     
	   2 Input    8 Bit        Muxes := 14    
	   4 Input    8 Bit        Muxes := 1     
	   5 Input    8 Bit        Muxes := 1     
	   3 Input    8 Bit        Muxes := 3     
	   2 Input    7 Bit        Muxes := 4     
	   2 Input    6 Bit        Muxes := 1     
	   2 Input    5 Bit        Muxes := 6     
	   4 Input    4 Bit        Muxes := 3     
	   2 Input    4 Bit        Muxes := 23    
	   5 Input    4 Bit        Muxes := 1     
	   3 Input    4 Bit        Muxes := 1     
	   9 Input    4 Bit        Muxes := 8     
	   2 Input    3 Bit        Muxes := 49    
	   3 Input    3 Bit        Muxes := 6     
	   6 Input    3 Bit        Muxes := 2     
	   4 Input    3 Bit        Muxes := 1     
	   2 Input    2 Bit        Muxes := 54    
	   3 Input    2 Bit        Muxes := 15    
	   4 Input    2 Bit        Muxes := 2     
	  11 Input    2 Bit        Muxes := 4     
	   2 Input    1 Bit        Muxes := 347   
	   3 Input    1 Bit        Muxes := 34    
	   4 Input    1 Bit        Muxes := 17    
	   8 Input    1 Bit        Muxes := 1     
	  11 Input    1 Bit        Muxes := 5     
	   9 Input    1 Bit        Muxes := 80    
---------------------------------------------------------------------------------
Finished RTL Component Statistics 
---------------------------------------------------------------------------------
---------------------------------------------------------------------------------
Start Part Resource Summary
---------------------------------------------------------------------------------
Part Resources:
DSPs: 90 (col length:60)
BRAMs: 100 (col length: RAMB18 60 RAMB36 30)
---------------------------------------------------------------------------------
Finished Part Resource Summary
---------------------------------------------------------------------------------
---------------------------------------------------------------------------------
Start Cross Boundary and Area Optimization
---------------------------------------------------------------------------------
WARNING: [Synth 8-7080] Parallel synthesis criteria is not met
WARNING: [Synth 8-3936] Found unconnected internal register 'memory_to_writeBack_MUL_HH_reg' and it is trimmed from '34' to '32' bits. [/home/jsp/Storage/CFU-Playground/third_party/python/pythondata_cpu_vexriscv/pythondata_cpu_vexriscv/verilog/VexRiscv_FullCfu.v:2704]
WARNING: [Synth 8-3936] Found unconnected internal register 'execute_to_memory_MUL_HH_reg' and it is trimmed from '34' to '32' bits. [/home/jsp/Storage/CFU-Playground/third_party/python/pythondata_cpu_vexriscv/pythondata_cpu_vexriscv/verilog/VexRiscv_FullCfu.v:2626]
DSP Report: Generating DSP memory_to_writeBack_MUL_HH_reg, operation Mode is: (A*B)'.
DSP Report: register memory_to_writeBack_MUL_HH_reg is absorbed into DSP memory_to_writeBack_MUL_HH_reg.
DSP Report: register execute_to_memory_MUL_HH_reg is absorbed into DSP memory_to_writeBack_MUL_HH_reg.
DSP Report: operator execute_MUL_HH is absorbed into DSP memory_to_writeBack_MUL_HH_reg.
DSP Report: Generating DSP execute_to_memory_MUL_LH_reg, operation Mode is: (A*B)'.
DSP Report: register execute_to_memory_MUL_LH_reg is absorbed into DSP execute_to_memory_MUL_LH_reg.
DSP Report: operator execute_MUL_LH is absorbed into DSP execute_to_memory_MUL_LH_reg.
DSP Report: Generating DSP execute_to_memory_MUL_HL_reg, operation Mode is: (A*B)'.
DSP Report: register execute_to_memory_MUL_HL_reg is absorbed into DSP execute_to_memory_MUL_HL_reg.
DSP Report: operator execute_MUL_HL is absorbed into DSP execute_to_memory_MUL_HL_reg.
DSP Report: Generating DSP execute_to_memory_MUL_LL_reg, operation Mode is: (A*B)'.
DSP Report: register execute_to_memory_MUL_LL_reg is absorbed into DSP execute_to_memory_MUL_LL_reg.
DSP Report: operator execute_MUL_LL is absorbed into DSP execute_to_memory_MUL_LL_reg.
INFO: [Synth 8-3971] The signal "VexRiscv/RegFilePlugin_regFile_reg" was recognized as a true dual port RAM template.
RAM Pipeline Warning: Read Address Register Found For RAM tag_mem_reg. We will not be able to pipeline it. This may degrade performance. 
INFO: [Synth 8-5784] Optimized 4 bits of RAM "tag_mem_reg" due to constant propagation. Old ram width 24 bits, new ram width 20 bits.
RAM Pipeline Warning: Read Address Register Found For RAM tag_mem_reg. We will not be able to pipeline it. This may degrade performance. 
RAM Pipeline Warning: Read Address Register Found For RAM tag_mem_reg. We will not be able to pipeline it. This may degrade performance. 
RAM Pipeline Warning: Read Address Register Found For RAM sram_reg. We will not be able to pipeline it. This may degrade performance. 
RAM Pipeline Warning: Read Address Register Found For RAM sram_reg. We will not be able to pipeline it. This may degrade performance. 
RAM Pipeline Warning: Read Address Register Found For RAM sram_reg. We will not be able to pipeline it. This may degrade performance. 
RAM Pipeline Warning: Read Address Register Found For RAM data_mem_grain0_reg. We will not be able to pipeline it. This may degrade performance. 
RAM Pipeline Warning: Read Address Register Found For RAM data_mem_grain0_reg. We will not be able to pipeline it. This may degrade performance. 
RAM Pipeline Warning: Read Address Register Found For RAM data_mem_grain0_reg. We will not be able to pipeline it. This may degrade performance. 
RAM Pipeline Warning: Read Address Register Found For RAM data_mem_grain1_reg. We will not be able to pipeline it. This may degrade performance. 
RAM Pipeline Warning: Read Address Register Found For RAM data_mem_grain1_reg. We will not be able to pipeline it. This may degrade performance. 
RAM Pipeline Warning: Read Address Register Found For RAM data_mem_grain1_reg. We will not be able to pipeline it. This may degrade performance. 
RAM Pipeline Warning: Read Address Register Found For RAM data_mem_grain2_reg. We will not be able to pipeline it. This may degrade performance. 
RAM Pipeline Warning: Read Address Register Found For RAM data_mem_grain2_reg. We will not be able to pipeline it. This may degrade performance. 
RAM Pipeline Warning: Read Address Register Found For RAM data_mem_grain2_reg. We will not be able to pipeline it. This may degrade performance. 
RAM Pipeline Warning: Read Address Register Found For RAM data_mem_grain3_reg. We will not be able to pipeline it. This may degrade performance. 
RAM Pipeline Warning: Read Address Register Found For RAM data_mem_grain3_reg. We will not be able to pipeline it. This may degrade performance. 
RAM Pipeline Warning: Read Address Register Found For RAM data_mem_grain3_reg. We will not be able to pipeline it. This may degrade performance. 
RAM Pipeline Warning: Read Address Register Found For RAM data_mem_grain4_reg. We will not be able to pipeline it. This may degrade performance. 
RAM Pipeline Warning: Read Address Register Found For RAM data_mem_grain4_reg. We will not be able to pipeline it. This may degrade performance. 
RAM Pipeline Warning: Read Address Register Found For RAM data_mem_grain4_reg. We will not be able to pipeline it. This may degrade performance. 
RAM Pipeline Warning: Read Address Register Found For RAM data_mem_grain5_reg. We will not be able to pipeline it. This may degrade performance. 
RAM Pipeline Warning: Read Address Register Found For RAM data_mem_grain5_reg. We will not be able to pipeline it. This may degrade performance. 
RAM Pipeline Warning: Read Address Register Found For RAM data_mem_grain5_reg. We will not be able to pipeline it. This may degrade performance. 
RAM Pipeline Warning: Read Address Register Found For RAM data_mem_grain6_reg. We will not be able to pipeline it. This may degrade performance. 
RAM Pipeline Warning: Read Address Register Found For RAM data_mem_grain6_reg. We will not be able to pipeline it. This may degrade performance. 
RAM Pipeline Warning: Read Address Register Found For RAM data_mem_grain6_reg. We will not be able to pipeline it. This may degrade performance. 
RAM Pipeline Warning: Read Address Register Found For RAM data_mem_grain7_reg. We will not be able to pipeline it. This may degrade performance. 
RAM Pipeline Warning: Read Address Register Found For RAM data_mem_grain7_reg. We will not be able to pipeline it. This may degrade performance. 
RAM Pipeline Warning: Read Address Register Found For RAM data_mem_grain7_reg. We will not be able to pipeline it. This may degrade performance. 
RAM Pipeline Warning: Read Address Register Found For RAM data_mem_grain8_reg. We will not be able to pipeline it. This may degrade performance. 
RAM Pipeline Warning: Read Address Register Found For RAM data_mem_grain8_reg. We will not be able to pipeline it. This may degrade performance. 
RAM Pipeline Warning: Read Address Register Found For RAM data_mem_grain8_reg. We will not be able to pipeline it. This may degrade performance. 
RAM Pipeline Warning: Read Address Register Found For RAM data_mem_grain9_reg. We will not be able to pipeline it. This may degrade performance. 
RAM Pipeline Warning: Read Address Register Found For RAM data_mem_grain9_reg. We will not be able to pipeline it. This may degrade performance. 
RAM Pipeline Warning: Read Address Register Found For RAM data_mem_grain9_reg. We will not be able to pipeline it. This may degrade performance. 
RAM Pipeline Warning: Read Address Register Found For RAM data_mem_grain10_reg. We will not be able to pipeline it. This may degrade performance. 
RAM Pipeline Warning: Read Address Register Found For RAM data_mem_grain10_reg. We will not be able to pipeline it. This may degrade performance. 
RAM Pipeline Warning: Read Address Register Found For RAM data_mem_grain10_reg. We will not be able to pipeline it. This may degrade performance. 
RAM Pipeline Warning: Read Address Register Found For RAM data_mem_grain11_reg. We will not be able to pipeline it. This may degrade performance. 
RAM Pipeline Warning: Read Address Register Found For RAM data_mem_grain11_reg. We will not be able to pipeline it. This may degrade performance. 
RAM Pipeline Warning: Read Address Register Found For RAM data_mem_grain11_reg. We will not be able to pipeline it. This may degrade performance. 
RAM Pipeline Warning: Read Address Register Found For RAM data_mem_grain12_reg. We will not be able to pipeline it. This may degrade performance. 
RAM Pipeline Warning: Read Address Register Found For RAM data_mem_grain12_reg. We will not be able to pipeline it. This may degrade performance. 
RAM Pipeline Warning: Read Address Register Found For RAM data_mem_grain12_reg. We will not be able to pipeline it. This may degrade performance. 
RAM Pipeline Warning: Read Address Register Found For RAM data_mem_grain13_reg. We will not be able to pipeline it. This may degrade performance. 
RAM Pipeline Warning: Read Address Register Found For RAM data_mem_grain13_reg. We will not be able to pipeline it. This may degrade performance. 
RAM Pipeline Warning: Read Address Register Found For RAM data_mem_grain13_reg. We will not be able to pipeline it. This may degrade performance. 
RAM Pipeline Warning: Read Address Register Found For RAM data_mem_grain14_reg. We will not be able to pipeline it. This may degrade performance. 
RAM Pipeline Warning: Read Address Register Found For RAM data_mem_grain14_reg. We will not be able to pipeline it. This may degrade performance. 
RAM Pipeline Warning: Read Address Register Found For RAM data_mem_grain14_reg. We will not be able to pipeline it. This may degrade performance. 
RAM Pipeline Warning: Read Address Register Found For RAM data_mem_grain15_reg. We will not be able to pipeline it. This may degrade performance. 
RAM Pipeline Warning: Read Address Register Found For RAM data_mem_grain15_reg. We will not be able to pipeline it. This may degrade performance. 
RAM Pipeline Warning: Read Address Register Found For RAM data_mem_grain15_reg. We will not be able to pipeline it. This may degrade performance. 
RAM Pipeline Warning: Read Address Register Found For RAM tag_mem_reg. We will not be able to pipeline it. This may degrade performance. 
RAM Pipeline Warning: Read Address Register Found For RAM sram_reg. We will not be able to pipeline it. This may degrade performance. 
RAM Pipeline Warning: Read Address Register Found For RAM data_mem_grain0_reg. We will not be able to pipeline it. This may degrade performance. 
RAM Pipeline Warning: Read Address Register Found For RAM data_mem_grain1_reg. We will not be able to pipeline it. This may degrade performance. 
RAM Pipeline Warning: Read Address Register Found For RAM data_mem_grain2_reg. We will not be able to pipeline it. This may degrade performance. 
RAM Pipeline Warning: Read Address Register Found For RAM data_mem_grain3_reg. We will not be able to pipeline it. This may degrade performance. 
RAM Pipeline Warning: Read Address Register Found For RAM data_mem_grain4_reg. We will not be able to pipeline it. This may degrade performance. 
RAM Pipeline Warning: Read Address Register Found For RAM data_mem_grain5_reg. We will not be able to pipeline it. This may degrade performance. 
RAM Pipeline Warning: Read Address Register Found For RAM data_mem_grain6_reg. We will not be able to pipeline it. This may degrade performance. 
RAM Pipeline Warning: Read Address Register Found For RAM data_mem_grain7_reg. We will not be able to pipeline it. This may degrade performance. 
RAM Pipeline Warning: Read Address Register Found For RAM data_mem_grain8_reg. We will not be able to pipeline it. This may degrade performance. 
RAM Pipeline Warning: Read Address Register Found For RAM data_mem_grain9_reg. We will not be able to pipeline it. This may degrade performance. 
RAM Pipeline Warning: Read Address Register Found For RAM data_mem_grain10_reg. We will not be able to pipeline it. This may degrade performance. 
RAM Pipeline Warning: Read Address Register Found For RAM data_mem_grain11_reg. We will not be able to pipeline it. This may degrade performance. 
RAM Pipeline Warning: Read Address Register Found For RAM data_mem_grain12_reg. We will not be able to pipeline it. This may degrade performance. 
RAM Pipeline Warning: Read Address Register Found For RAM data_mem_grain13_reg. We will not be able to pipeline it. This may degrade performance. 
RAM Pipeline Warning: Read Address Register Found For RAM data_mem_grain14_reg. We will not be able to pipeline it. This may degrade performance. 
RAM Pipeline Warning: Read Address Register Found For RAM data_mem_grain15_reg. We will not be able to pipeline it. This may degrade performance. 
WARNING: [Synth 8-3332] Sequential element (FDPE_2) is unused and will be removed from module digilent_arty.
WARNING: [Synth 8-3332] Sequential element (FDPE_3) is unused and will be removed from module digilent_arty.
WARNING: [Synth 8-3332] Sequential element (FDPE_4) is unused and will be removed from module digilent_arty.
WARNING: [Synth 8-3332] Sequential element (FDPE_5) is unused and will be removed from module digilent_arty.
WARNING: [Synth 8-3332] Sequential element (FDPE_6) is unused and will be removed from module digilent_arty.
WARNING: [Synth 8-3332] Sequential element (FDPE_7) is unused and will be removed from module digilent_arty.
WARNING: [Synth 8-3332] Sequential element (FSM_onehot_soc_builder_basesoc_wishbone2csr_state_reg[0]) is unused and will be removed from module digilent_arty.
---------------------------------------------------------------------------------
Finished Cross Boundary and Area Optimization : Time (s): cpu = 00:00:36 ; elapsed = 00:00:37 . Memory (MB): peak = 2456.324 ; gain = 755.281 ; free physical = 4708 ; free virtual = 17275
---------------------------------------------------------------------------------
 Sort Area is  memory_to_writeBack_MUL_HH_reg_5 : 0 0 : 2328 2328 : Used 1 time 0
 Sort Area is  execute_to_memory_MUL_HL_reg_2 : 0 0 : 2298 2298 : Used 1 time 0
 Sort Area is  execute_to_memory_MUL_LH_reg_4 : 0 0 : 2298 2298 : Used 1 time 0
 Sort Area is  execute_to_memory_MUL_LL_reg_0 : 0 0 : 1978 1978 : Used 1 time 0
---------------------------------------------------------------------------------
Start ROM, RAM, DSP, Shift Register and Retiming Reporting
---------------------------------------------------------------------------------

ROM: Preliminary Mapping Report
+--------------+--------------+---------------+----------------+
|Module Name   | RTL Object   | Depth x Width | Implemented As | 
+--------------+--------------+---------------+----------------+
|digilent_arty | mem          | 64x8          | LUT            | 
|digilent_arty | p_0_out      | 64x8          | LUT            | 
|digilent_arty | rom_dat0_reg | 8192x32       | Block RAM      | 
+--------------+--------------+---------------+----------------+


Block RAM: Preliminary Mapping Report (see note below)
+--------------------------------+-------------------------+------------------------+---+---+------------------------+---+---+------------------+--------+--------+
|Module Name                     | RTL Object              | PORT A (Depth x Width) | W | R | PORT B (Depth x Width) | W | R | Ports driving FF | RAMB18 | RAMB36 | 
+--------------------------------+-------------------------+------------------------+---+---+------------------------+---+---+------------------+--------+--------+
|VexRiscv/IBusCachedPlugin_cache | banks_0_reg             | 1 K x 32(READ_FIRST)   | W |   | 1 K x 32(WRITE_FIRST)  |   | R | Port A and B     | 0      | 1      | 
|VexRiscv/IBusCachedPlugin_cache | ways_0_tags_reg         | 128 x 22(READ_FIRST)   | W |   | 128 x 22(WRITE_FIRST)  |   | R | Port A and B     | 1      | 0      | 
|VexRiscv/dataCache_1            | ways_0_tags_reg         | 128 x 22(READ_FIRST)   | W |   | 128 x 22(WRITE_FIRST)  |   | R | Port A and B     | 1      | 0      | 
|VexRiscv/dataCache_1            | ways_0_data_symbol0_reg | 1 K x 8(READ_FIRST)    | W |   | 1 K x 8(WRITE_FIRST)   |   | R | Port A and B     | 1      | 0      | 
|VexRiscv/dataCache_1            | ways_0_data_symbol1_reg | 1 K x 8(READ_FIRST)    | W |   | 1 K x 8(WRITE_FIRST)   |   | R | Port A and B     | 1      | 0      | 
|VexRiscv/dataCache_1            | ways_0_data_symbol2_reg | 1 K x 8(READ_FIRST)    | W |   | 1 K x 8(WRITE_FIRST)   |   | R | Port A and B     | 1      | 0      | 
|VexRiscv/dataCache_1            | ways_0_data_symbol3_reg | 1 K x 8(READ_FIRST)    | W |   | 1 K x 8(WRITE_FIRST)   |   | R | Port A and B     | 1      | 0      | 
|digilent_arty                   | tag_mem_reg             | 512 x 24(WRITE_FIRST)  | W | R |                        |   |   | Port A           | 1      | 0      | 
|digilent_arty                   | sram_reg                | 2 K x 32(WRITE_FIRST)  | W | R |                        |   |   | Port A           | 0      | 2      | 
|digilent_arty                   | data_mem_grain0_reg     | 512 x 8(WRITE_FIRST)   | W | R |                        |   |   | Port A           | 1      | 0      | 
|digilent_arty                   | data_mem_grain1_reg     | 512 x 8(WRITE_FIRST)   | W | R |                        |   |   | Port A           | 1      | 0      | 
|digilent_arty                   | data_mem_grain2_reg     | 512 x 8(WRITE_FIRST)   | W | R |                        |   |   | Port A           | 1      | 0      | 
|digilent_arty                   | data_mem_grain3_reg     | 512 x 8(WRITE_FIRST)   | W | R |                        |   |   | Port A           | 1      | 0      | 
|digilent_arty                   | data_mem_grain4_reg     | 512 x 8(WRITE_FIRST)   | W | R |                        |   |   | Port A           | 1      | 0      | 
|digilent_arty                   | data_mem_grain5_reg     | 512 x 8(WRITE_FIRST)   | W | R |                        |   |   | Port A           | 1      | 0      | 
|digilent_arty                   | data_mem_grain6_reg     | 512 x 8(WRITE_FIRST)   | W | R |                        |   |   | Port A           | 1      | 0      | 
|digilent_arty                   | data_mem_grain7_reg     | 512 x 8(WRITE_FIRST)   | W | R |                        |   |   | Port A           | 1      | 0      | 
|digilent_arty                   | data_mem_grain8_reg     | 512 x 8(WRITE_FIRST)   | W | R |                        |   |   | Port A           | 1      | 0      | 
|digilent_arty                   | data_mem_grain9_reg     | 512 x 8(WRITE_FIRST)   | W | R |                        |   |   | Port A           | 1      | 0      | 
|digilent_arty                   | data_mem_grain10_reg    | 512 x 8(WRITE_FIRST)   | W | R |                        |   |   | Port A           | 1      | 0      | 
|digilent_arty                   | data_mem_grain11_reg    | 512 x 8(WRITE_FIRST)   | W | R |                        |   |   | Port A           | 1      | 0      | 
|digilent_arty                   | data_mem_grain12_reg    | 512 x 8(WRITE_FIRST)   | W | R |                        |   |   | Port A           | 1      | 0      | 
|digilent_arty                   | data_mem_grain13_reg    | 512 x 8(WRITE_FIRST)   | W | R |                        |   |   | Port A           | 1      | 0      | 
|digilent_arty                   | data_mem_grain14_reg    | 512 x 8(WRITE_FIRST)   | W | R |                        |   |   | Port A           | 1      | 0      | 
|digilent_arty                   | data_mem_grain15_reg    | 512 x 8(WRITE_FIRST)   | W | R |                        |   |   | Port A           | 1      | 0      | 
+--------------------------------+-------------------------+------------------------+---+---+------------------------+---+---+------------------+--------+--------+

Note: The table above is a preliminary report that shows the Block RAMs at the current stage of the synthesis flow. Some Block RAMs may be reimplemented as non Block RAM primitives later in the synthesis flow. Multiple instantiated Block RAMs are reported only once. 

Distributed RAM: Preliminary Mapping Report (see note below)
+--------------+---------------+-----------+----------------------+-------------+
|Module Name   | RTL Object    | Inference | Size (Depth x Width) | Primitives  | 
+--------------+---------------+-----------+----------------------+-------------+
|digilent_arty | storage_2_reg | Implied   | 8 x 22               | RAM32M x 4  | 
|digilent_arty | storage_9_reg | Implied   | 8 x 22               | RAM32M x 4  | 
|digilent_arty | storage_7_reg | Implied   | 8 x 22               | RAM32M x 4  | 
|digilent_arty | storage_6_reg | Implied   | 8 x 22               | RAM32M x 4  | 
|digilent_arty | storage_5_reg | Implied   | 8 x 22               | RAM32M x 4  | 
|digilent_arty | storage_4_reg | Implied   | 8 x 22               | RAM32M x 4  | 
|digilent_arty | storage_8_reg | Implied   | 8 x 22               | RAM32M x 4  | 
|digilent_arty | storage_3_reg | Implied   | 8 x 22               | RAM32M x 4  | 
|digilent_arty | storage_1_reg | Implied   | 16 x 8               | RAM32M x 2  | 
|digilent_arty | storage_reg   | Implied   | 16 x 8               | RAM32M x 2  | 
+--------------+---------------+-----------+----------------------+-------------+

Note: The table above is a preliminary report that shows the Distributed RAMs at the current stage of the synthesis flow. Some Distributed RAMs may be reimplemented as non Distributed RAM primitives later in the synthesis flow. Multiple instantiated RAMs are reported only once.

DSP: Preliminary Mapping Report (see note below. The ' indicates corresponding REG is set)
+------------+-------------+--------+--------+--------+--------+--------+------+------+------+------+-------+------+------+
|Module Name | DSP Mapping | A Size | B Size | C Size | D Size | P Size | AREG | BREG | CREG | DREG | ADREG | MREG | PREG | 
+------------+-------------+--------+--------+--------+--------+--------+------+------+------+------+-------+------+------+
|VexRiscv    | (A*B)'      | 17     | 17     | -      | -      | 34     | 0    | 0    | -    | -    | -     | 1    | 1    | 
|VexRiscv    | (A*B)'      | 17     | 17     | -      | -      | 34     | 0    | 0    | -    | -    | -     | 1    | 0    | 
|VexRiscv    | (A*B)'      | 17     | 17     | -      | -      | 34     | 0    | 0    | -    | -    | -     | 1    | 0    | 
|VexRiscv    | (A*B)'      | 16     | 16     | -      | -      | 32     | 0    | 0    | -    | -    | -     | 1    | 0    | 
+------------+-------------+--------+--------+--------+--------+--------+------+------+------+------+-------+------+------+

Note: The table above is a preliminary report that shows the DSPs inferred at the current stage of the synthesis flow. Some DSP may be reimplemented as non DSP primitives later in the synthesis flow. Multiple instantiated DSPs are reported only once.
---------------------------------------------------------------------------------
Finished ROM, RAM, DSP, Shift Register and Retiming Reporting
---------------------------------------------------------------------------------
---------------------------------------------------------------------------------
Start Applying XDC Timing Constraints
---------------------------------------------------------------------------------
soc_crg_clkout0 in more then one group at line 313 of file /home/jsp/Storage/CFU-Playground/soc/build/digilent_arty.example_cfu/gateware/digilent_arty.xdc
---------------------------------------------------------------------------------
Finished Applying XDC Timing Constraints : Time (s): cpu = 00:00:42 ; elapsed = 00:00:43 . Memory (MB): peak = 2456.324 ; gain = 755.281 ; free physical = 4710 ; free virtual = 17277
---------------------------------------------------------------------------------
---------------------------------------------------------------------------------
Start Timing Optimization
---------------------------------------------------------------------------------
---------------------------------------------------------------------------------
Finished Timing Optimization : Time (s): cpu = 00:01:08 ; elapsed = 00:01:09 . Memory (MB): peak = 2679.426 ; gain = 978.383 ; free physical = 4437 ; free virtual = 17004
---------------------------------------------------------------------------------
---------------------------------------------------------------------------------
Start ROM, RAM, DSP, Shift Register and Retiming Reporting
---------------------------------------------------------------------------------

Block RAM: Final Mapping Report
+--------------------------------+-------------------------+------------------------+---+---+------------------------+---+---+------------------+--------+--------+
|Module Name                     | RTL Object              | PORT A (Depth x Width) | W | R | PORT B (Depth x Width) | W | R | Ports driving FF | RAMB18 | RAMB36 | 
+--------------------------------+-------------------------+------------------------+---+---+------------------------+---+---+------------------+--------+--------+
|VexRiscv/IBusCachedPlugin_cache | banks_0_reg             | 1 K x 32(READ_FIRST)   | W |   | 1 K x 32(WRITE_FIRST)  |   | R | Port A and B     | 0      | 1      | 
|VexRiscv/IBusCachedPlugin_cache | ways_0_tags_reg         | 128 x 22(READ_FIRST)   | W |   | 128 x 22(WRITE_FIRST)  |   | R | Port A and B     | 1      | 0      | 
|VexRiscv/dataCache_1            | ways_0_tags_reg         | 128 x 22(READ_FIRST)   | W |   | 128 x 22(WRITE_FIRST)  |   | R | Port A and B     | 1      | 0      | 
|VexRiscv/dataCache_1            | ways_0_data_symbol0_reg | 1 K x 8(READ_FIRST)    | W |   | 1 K x 8(WRITE_FIRST)   |   | R | Port A and B     | 1      | 0      | 
|VexRiscv/dataCache_1            | ways_0_data_symbol1_reg | 1 K x 8(READ_FIRST)    | W |   | 1 K x 8(WRITE_FIRST)   |   | R | Port A and B     | 1      | 0      | 
|VexRiscv/dataCache_1            | ways_0_data_symbol2_reg | 1 K x 8(READ_FIRST)    | W |   | 1 K x 8(WRITE_FIRST)   |   | R | Port A and B     | 1      | 0      | 
|VexRiscv/dataCache_1            | ways_0_data_symbol3_reg | 1 K x 8(READ_FIRST)    | W |   | 1 K x 8(WRITE_FIRST)   |   | R | Port A and B     | 1      | 0      | 
|digilent_arty                   | tag_mem_reg             | 512 x 24(WRITE_FIRST)  | W | R |                        |   |   | Port A           | 1      | 0      | 
|digilent_arty                   | sram_reg                | 2 K x 32(WRITE_FIRST)  | W | R |                        |   |   | Port A           | 0      | 2      | 
|digilent_arty                   | data_mem_grain0_reg     | 512 x 8(WRITE_FIRST)   | W | R |                        |   |   | Port A           | 1      | 0      | 
|digilent_arty                   | data_mem_grain1_reg     | 512 x 8(WRITE_FIRST)   | W | R |                        |   |   | Port A           | 1      | 0      | 
|digilent_arty                   | data_mem_grain2_reg     | 512 x 8(WRITE_FIRST)   | W | R |                        |   |   | Port A           | 1      | 0      | 
|digilent_arty                   | data_mem_grain3_reg     | 512 x 8(WRITE_FIRST)   | W | R |                        |   |   | Port A           | 1      | 0      | 
|digilent_arty                   | data_mem_grain4_reg     | 512 x 8(WRITE_FIRST)   | W | R |                        |   |   | Port A           | 1      | 0      | 
|digilent_arty                   | data_mem_grain5_reg     | 512 x 8(WRITE_FIRST)   | W | R |                        |   |   | Port A           | 1      | 0      | 
|digilent_arty                   | data_mem_grain6_reg     | 512 x 8(WRITE_FIRST)   | W | R |                        |   |   | Port A           | 1      | 0      | 
|digilent_arty                   | data_mem_grain7_reg     | 512 x 8(WRITE_FIRST)   | W | R |                        |   |   | Port A           | 1      | 0      | 
|digilent_arty                   | data_mem_grain8_reg     | 512 x 8(WRITE_FIRST)   | W | R |                        |   |   | Port A           | 1      | 0      | 
|digilent_arty                   | data_mem_grain9_reg     | 512 x 8(WRITE_FIRST)   | W | R |                        |   |   | Port A           | 1      | 0      | 
|digilent_arty                   | data_mem_grain10_reg    | 512 x 8(WRITE_FIRST)   | W | R |                        |   |   | Port A           | 1      | 0      | 
|digilent_arty                   | data_mem_grain11_reg    | 512 x 8(WRITE_FIRST)   | W | R |                        |   |   | Port A           | 1      | 0      | 
|digilent_arty                   | data_mem_grain12_reg    | 512 x 8(WRITE_FIRST)   | W | R |                        |   |   | Port A           | 1      | 0      | 
|digilent_arty                   | data_mem_grain13_reg    | 512 x 8(WRITE_FIRST)   | W | R |                        |   |   | Port A           | 1      | 0      | 
|digilent_arty                   | data_mem_grain14_reg    | 512 x 8(WRITE_FIRST)   | W | R |                        |   |   | Port A           | 1      | 0      | 
|digilent_arty                   | data_mem_grain15_reg    | 512 x 8(WRITE_FIRST)   | W | R |                        |   |   | Port A           | 1      | 0      | 
+--------------------------------+-------------------------+------------------------+---+---+------------------------+---+---+------------------+--------+--------+


Distributed RAM: Final Mapping Report
+--------------+---------------+-----------+----------------------+-------------+
|Module Name   | RTL Object    | Inference | Size (Depth x Width) | Primitives  | 
+--------------+---------------+-----------+----------------------+-------------+
|digilent_arty | storage_2_reg | Implied   | 8 x 22               | RAM32M x 4  | 
|digilent_arty | storage_9_reg | Implied   | 8 x 22               | RAM32M x 4  | 
|digilent_arty | storage_7_reg | Implied   | 8 x 22               | RAM32M x 4  | 
|digilent_arty | storage_6_reg | Implied   | 8 x 22               | RAM32M x 4  | 
|digilent_arty | storage_5_reg | Implied   | 8 x 22               | RAM32M x 4  | 
|digilent_arty | storage_4_reg | Implied   | 8 x 22               | RAM32M x 4  | 
|digilent_arty | storage_8_reg | Implied   | 8 x 22               | RAM32M x 4  | 
|digilent_arty | storage_3_reg | Implied   | 8 x 22               | RAM32M x 4  | 
|digilent_arty | storage_1_reg | Implied   | 16 x 8               | RAM32M x 2  | 
|digilent_arty | storage_reg   | Implied   | 16 x 8               | RAM32M x 2  | 
+--------------+---------------+-----------+----------------------+-------------+

---------------------------------------------------------------------------------
Finished ROM, RAM, DSP, Shift Register and Retiming Reporting
---------------------------------------------------------------------------------
---------------------------------------------------------------------------------
Start Technology Mapping
---------------------------------------------------------------------------------
INFO: [Synth 8-7052] The timing for the instance VexRiscv/IBusCachedPlugin_cache/banks_0_reg (implemented as a Block RAM) might be sub-optimal as no optional output register could be merged into the ram block. Providing additional output register may help in improving timing.
INFO: [Synth 8-7052] The timing for the instance VexRiscv/IBusCachedPlugin_cache/ways_0_tags_reg (implemented as a Block RAM) might be sub-optimal as no optional output register could be merged into the ram block. Providing additional output register may help in improving timing.
INFO: [Synth 8-7052] The timing for the instance VexRiscv/dataCache_1/ways_0_tags_reg (implemented as a Block RAM) might be sub-optimal as no optional output register could be merged into the ram block. Providing additional output register may help in improving timing.
INFO: [Synth 8-7052] The timing for the instance VexRiscv/RegFilePlugin_regFile_reg_1 (implemented as a Block RAM) might be sub-optimal as no optional output register could be merged into the ram block. Providing additional output register may help in improving timing.
INFO: [Synth 8-7052] The timing for the instance VexRiscv/RegFilePlugin_regFile_reg_2 (implemented as a Block RAM) might be sub-optimal as no optional output register could be merged into the ram block. Providing additional output register may help in improving timing.
INFO: [Synth 8-7052] The timing for the instance tag_mem_reg (implemented as a Block RAM) might be sub-optimal as no optional output register could be merged into the ram block. Providing additional output register may help in improving timing.
INFO: [Synth 8-7052] The timing for the instance tag_mem_reg (implemented as a Block RAM) might be sub-optimal as no optional output register could be merged into the ram block. Providing additional output register may help in improving timing.
INFO: [Synth 8-7052] The timing for the instance sram_reg_0 (implemented as a Block RAM) might be sub-optimal as no optional output register could be merged into the ram block. Providing additional output register may help in improving timing.
INFO: [Synth 8-7052] The timing for the instance sram_reg_1 (implemented as a Block RAM) might be sub-optimal as no optional output register could be merged into the ram block. Providing additional output register may help in improving timing.
INFO: [Synth 8-7052] The timing for the instance data_mem_grain0_reg (implemented as a Block RAM) might be sub-optimal as no optional output register could be merged into the ram block. Providing additional output register may help in improving timing.
INFO: [Synth 8-7052] The timing for the instance data_mem_grain1_reg (implemented as a Block RAM) might be sub-optimal as no optional output register could be merged into the ram block. Providing additional output register may help in improving timing.
INFO: [Synth 8-7052] The timing for the instance data_mem_grain2_reg (implemented as a Block RAM) might be sub-optimal as no optional output register could be merged into the ram block. Providing additional output register may help in improving timing.
INFO: [Synth 8-7052] The timing for the instance data_mem_grain3_reg (implemented as a Block RAM) might be sub-optimal as no optional output register could be merged into the ram block. Providing additional output register may help in improving timing.
INFO: [Synth 8-7052] The timing for the instance data_mem_grain4_reg (implemented as a Block RAM) might be sub-optimal as no optional output register could be merged into the ram block. Providing additional output register may help in improving timing.
INFO: [Synth 8-7052] The timing for the instance data_mem_grain5_reg (implemented as a Block RAM) might be sub-optimal as no optional output register could be merged into the ram block. Providing additional output register may help in improving timing.
INFO: [Synth 8-7052] The timing for the instance data_mem_grain6_reg (implemented as a Block RAM) might be sub-optimal as no optional output register could be merged into the ram block. Providing additional output register may help in improving timing.
INFO: [Synth 8-7052] The timing for the instance data_mem_grain7_reg (implemented as a Block RAM) might be sub-optimal as no optional output register could be merged into the ram block. Providing additional output register may help in improving timing.
INFO: [Synth 8-7052] The timing for the instance data_mem_grain8_reg (implemented as a Block RAM) might be sub-optimal as no optional output register could be merged into the ram block. Providing additional output register may help in improving timing.
INFO: [Synth 8-7052] The timing for the instance data_mem_grain9_reg (implemented as a Block RAM) might be sub-optimal as no optional output register could be merged into the ram block. Providing additional output register may help in improving timing.
INFO: [Synth 8-7052] The timing for the instance data_mem_grain10_reg (implemented as a Block RAM) might be sub-optimal as no optional output register could be merged into the ram block. Providing additional output register may help in improving timing.
INFO: [Synth 8-7052] The timing for the instance data_mem_grain11_reg (implemented as a Block RAM) might be sub-optimal as no optional output register could be merged into the ram block. Providing additional output register may help in improving timing.
INFO: [Synth 8-7052] The timing for the instance data_mem_grain12_reg (implemented as a Block RAM) might be sub-optimal as no optional output register could be merged into the ram block. Providing additional output register may help in improving timing.
INFO: [Synth 8-7052] The timing for the instance data_mem_grain13_reg (implemented as a Block RAM) might be sub-optimal as no optional output register could be merged into the ram block. Providing additional output register may help in improving timing.
INFO: [Synth 8-7052] The timing for the instance data_mem_grain14_reg (implemented as a Block RAM) might be sub-optimal as no optional output register could be merged into the ram block. Providing additional output register may help in improving timing.
INFO: [Synth 8-7052] The timing for the instance data_mem_grain15_reg (implemented as a Block RAM) might be sub-optimal as no optional output register could be merged into the ram block. Providing additional output register may help in improving timing.
INFO: [Synth 8-7052] The timing for the instance rom_dat0_reg_0 (implemented as a Block RAM) might be sub-optimal as no optional output register could be merged into the ram block. Providing additional output register may help in improving timing.
INFO: [Synth 8-7052] The timing for the instance rom_dat0_reg_1 (implemented as a Block RAM) might be sub-optimal as no optional output register could be merged into the ram block. Providing additional output register may help in improving timing.
INFO: [Synth 8-7052] The timing for the instance rom_dat0_reg_2 (implemented as a Block RAM) might be sub-optimal as no optional output register could be merged into the ram block. Providing additional output register may help in improving timing.
INFO: [Synth 8-7052] The timing for the instance rom_dat0_reg_3 (implemented as a Block RAM) might be sub-optimal as no optional output register could be merged into the ram block. Providing additional output register may help in improving timing.
INFO: [Synth 8-7052] The timing for the instance rom_dat0_reg_4 (implemented as a Block RAM) might be sub-optimal as no optional output register could be merged into the ram block. Providing additional output register may help in improving timing.
INFO: [Synth 8-7052] The timing for the instance rom_dat0_reg_5 (implemented as a Block RAM) might be sub-optimal as no optional output register could be merged into the ram block. Providing additional output register may help in improving timing.
INFO: [Synth 8-7052] The timing for the instance rom_dat0_reg_6 (implemented as a Block RAM) might be sub-optimal as no optional output register could be merged into the ram block. Providing additional output register may help in improving timing.
INFO: [Synth 8-7052] The timing for the instance rom_dat0_reg_7 (implemented as a Block RAM) might be sub-optimal as no optional output register could be merged into the ram block. Providing additional output register may help in improving timing.
---------------------------------------------------------------------------------
Finished Technology Mapping : Time (s): cpu = 00:01:11 ; elapsed = 00:01:12 . Memory (MB): peak = 2679.426 ; gain = 978.383 ; free physical = 4433 ; free virtual = 17000
---------------------------------------------------------------------------------
---------------------------------------------------------------------------------
Start IO Insertion
---------------------------------------------------------------------------------
---------------------------------------------------------------------------------
Start Flattening Before IO Insertion
---------------------------------------------------------------------------------
---------------------------------------------------------------------------------
Finished Flattening Before IO Insertion
---------------------------------------------------------------------------------
---------------------------------------------------------------------------------
Start Final Netlist Cleanup
---------------------------------------------------------------------------------
---------------------------------------------------------------------------------
Finished Final Netlist Cleanup
---------------------------------------------------------------------------------
WARNING: [Synth 8-5396] Clock pin C has keep related attribute (keep/mark_debug/dont_touch) which could create extra logic on its net [/home/jsp/Storage/CFU-Playground/soc/build/digilent_arty.example_cfu/gateware/digilent_arty.v:10163]
WARNING: [Synth 8-5396] Clock pin C has keep related attribute (keep/mark_debug/dont_touch) which could create extra logic on its net [/home/jsp/Storage/CFU-Playground/soc/build/digilent_arty.example_cfu/gateware/digilent_arty.v:6879]
WARNING: [Synth 8-5396] Clock pin C has keep related attribute (keep/mark_debug/dont_touch) which could create extra logic on its net [/home/jsp/Storage/CFU-Playground/soc/build/digilent_arty.example_cfu/gateware/digilent_arty.v:20]
WARNING: [Synth 8-5396] Clock pin C has keep related attribute (keep/mark_debug/dont_touch) which could create extra logic on its net [/home/jsp/Storage/CFU-Playground/soc/build/digilent_arty.example_cfu/gateware/digilent_arty.v:8825]
WARNING: [Synth 8-5396] Clock pin CLK has keep related attribute (keep/mark_debug/dont_touch) which could create extra logic on its net [/home/jsp/Storage/CFU-Playground/soc/build/digilent_arty.example_cfu/gateware/digilent_arty.v:8824]
WARNING: [Synth 8-5396] Clock pin C has keep related attribute (keep/mark_debug/dont_touch) which could create extra logic on its net [/home/jsp/Storage/CFU-Playground/soc/build/digilent_arty.example_cfu/gateware/digilent_arty.v:20]
WARNING: [Synth 8-5396] Clock pin C has keep related attribute (keep/mark_debug/dont_touch) which could create extra logic on its net [/home/jsp/Storage/CFU-Playground/soc/build/digilent_arty.example_cfu/gateware/digilent_arty.v:10132]
WARNING: [Synth 8-5396] Clock pin CLK has keep related attribute (keep/mark_debug/dont_touch) which could create extra logic on its net [/home/jsp/Storage/CFU-Playground/soc/build/digilent_arty.example_cfu/gateware/digilent_arty.v:10131]
WARNING: [Synth 8-5396] Clock pin C has keep related attribute (keep/mark_debug/dont_touch) which could create extra logic on its net [/home/jsp/Storage/CFU-Playground/soc/build/digilent_arty.example_cfu/gateware/digilent_arty.v:10132]
WARNING: [Synth 8-5396] Clock pin C has keep related attribute (keep/mark_debug/dont_touch) which could create extra logic on its net [/home/jsp/Storage/CFU-Playground/soc/build/digilent_arty.example_cfu/gateware/digilent_arty.v:10131]
WARNING: [Synth 8-5396] Clock pin C has keep related attribute (keep/mark_debug/dont_touch) which could create extra logic on its net [/home/jsp/Storage/CFU-Playground/soc/build/digilent_arty.example_cfu/gateware/digilent_arty.v:10130]
WARNING: [Synth 8-5396] Clock pin C has keep related attribute (keep/mark_debug/dont_touch) which could create extra logic on its net [/home/jsp/Storage/CFU-Playground/soc/build/digilent_arty.example_cfu/gateware/digilent_arty.v:10129]
WARNING: [Synth 8-5396] Clock pin C has keep related attribute (keep/mark_debug/dont_touch) which could create extra logic on its net [/home/jsp/Storage/CFU-Playground/soc/build/digilent_arty.example_cfu/gateware/digilent_arty.v:10128]
WARNING: [Synth 8-5396] Clock pin C has keep related attribute (keep/mark_debug/dont_touch) which could create extra logic on its net [/home/jsp/Storage/CFU-Playground/soc/build/digilent_arty.example_cfu/gateware/digilent_arty.v:10127]
WARNING: [Synth 8-5396] Clock pin C has keep related attribute (keep/mark_debug/dont_touch) which could create extra logic on its net [/home/jsp/Storage/CFU-Playground/soc/build/digilent_arty.example_cfu/gateware/digilent_arty.v:10126]
WARNING: [Synth 8-5396] Clock pin C has keep related attribute (keep/mark_debug/dont_touch) which could create extra logic on its net [/home/jsp/Storage/CFU-Playground/soc/build/digilent_arty.example_cfu/gateware/digilent_arty.v:10125]
WARNING: [Synth 8-5396] Clock pin C has keep related attribute (keep/mark_debug/dont_touch) which could create extra logic on its net [/home/jsp/Storage/CFU-Playground/third_party/python/pythondata_cpu_vexriscv/pythondata_cpu_vexriscv/verilog/VexRiscv_FullCfu.v:5434]
WARNING: [Synth 8-5396] Clock pin C has keep related attribute (keep/mark_debug/dont_touch) which could create extra logic on its net [/home/jsp/Storage/CFU-Playground/soc/build/digilent_arty.example_cfu/gateware/digilent_arty.v:8483]
WARNING: [Synth 8-5396] Clock pin C has keep related attribute (keep/mark_debug/dont_touch) which could create extra logic on its net [/home/jsp/Storage/CFU-Playground/soc/build/digilent_arty.example_cfu/gateware/digilent_arty.v:8483]
WARNING: [Synth 8-5396] Clock pin C has keep related attribute (keep/mark_debug/dont_touch) which could create extra logic on its net [/home/jsp/Storage/CFU-Playground/soc/build/digilent_arty.example_cfu/gateware/digilent_arty.v:8483]
WARNING: [Synth 8-5396] Clock pin C has keep related attribute (keep/mark_debug/dont_touch) which could create extra logic on its net [/home/jsp/Storage/CFU-Playground/soc/build/digilent_arty.example_cfu/gateware/digilent_arty.v:8483]
WARNING: [Synth 8-5396] Clock pin C has keep related attribute (keep/mark_debug/dont_touch) which could create extra logic on its net [/home/jsp/Storage/CFU-Playground/soc/build/digilent_arty.example_cfu/gateware/digilent_arty.v:8483]
WARNING: [Synth 8-5396] Clock pin C has keep related attribute (keep/mark_debug/dont_touch) which could create extra logic on its net [/home/jsp/Storage/CFU-Playground/soc/build/digilent_arty.example_cfu/gateware/digilent_arty.v:8483]
WARNING: [Synth 8-5396] Clock pin C has keep related attribute (keep/mark_debug/dont_touch) which could create extra logic on its net [/home/jsp/Storage/CFU-Playground/soc/build/digilent_arty.example_cfu/gateware/digilent_arty.v:8483]
WARNING: [Synth 8-5396] Clock pin C has keep related attribute (keep/mark_debug/dont_touch) which could create extra logic on its net [/home/jsp/Storage/CFU-Playground/soc/build/digilent_arty.example_cfu/gateware/digilent_arty.v:8483]
WARNING: [Synth 8-5396] Clock pin C has keep related attribute (keep/mark_debug/dont_touch) which could create extra logic on its net [/home/jsp/Storage/CFU-Playground/soc/build/digilent_arty.example_cfu/gateware/digilent_arty.v:7119]
WARNING: [Synth 8-5396] Clock pin C has keep related attribute (keep/mark_debug/dont_touch) which could create extra logic on its net [/home/jsp/Storage/CFU-Playground/soc/build/digilent_arty.example_cfu/gateware/digilent_arty.v:7119]
WARNING: [Synth 8-5396] Clock pin C has keep related attribute (keep/mark_debug/dont_touch) which could create extra logic on its net [/home/jsp/Storage/CFU-Playground/soc/build/digilent_arty.example_cfu/gateware/digilent_arty.v:7119]
WARNING: [Synth 8-5396] Clock pin C has keep related attribute (keep/mark_debug/dont_touch) which could create extra logic on its net [/home/jsp/Storage/CFU-Playground/soc/build/digilent_arty.example_cfu/gateware/digilent_arty.v:7119]
WARNING: [Synth 8-5396] Clock pin C has keep related attribute (keep/mark_debug/dont_touch) which could create extra logic on its net [/home/jsp/Storage/CFU-Playground/soc/build/digilent_arty.example_cfu/gateware/digilent_arty.v:7119]
WARNING: [Synth 8-5396] Clock pin C has keep related attribute (keep/mark_debug/dont_touch) which could create extra logic on its net [/home/jsp/Storage/CFU-Playground/soc/build/digilent_arty.example_cfu/gateware/digilent_arty.v:7119]
WARNING: [Synth 8-5396] Clock pin C has keep related attribute (keep/mark_debug/dont_touch) which could create extra logic on its net [/home/jsp/Storage/CFU-Playground/soc/build/digilent_arty.example_cfu/gateware/digilent_arty.v:7119]
WARNING: [Synth 8-5396] Clock pin C has keep related attribute (keep/mark_debug/dont_touch) which could create extra logic on its net [/home/jsp/Storage/CFU-Playground/soc/build/digilent_arty.example_cfu/gateware/digilent_arty.v:7119]
WARNING: [Synth 8-5396] Clock pin C has keep related attribute (keep/mark_debug/dont_touch) which could create extra logic on its net [/home/jsp/Storage/CFU-Playground/soc/build/digilent_arty.example_cfu/gateware/digilent_arty.v:7119]
WARNING: [Synth 8-5396] Clock pin C has keep related attribute (keep/mark_debug/dont_touch) which could create extra logic on its net [/home/jsp/Storage/CFU-Playground/soc/build/digilent_arty.example_cfu/gateware/digilent_arty.v:7119]
WARNING: [Synth 8-5396] Clock pin C has keep related attribute (keep/mark_debug/dont_touch) which could create extra logic on its net [/home/jsp/Storage/CFU-Playground/soc/build/digilent_arty.example_cfu/gateware/digilent_arty.v:7119]
WARNING: [Synth 8-5396] Clock pin C has keep related attribute (keep/mark_debug/dont_touch) which could create extra logic on its net [/home/jsp/Storage/CFU-Playground/soc/build/digilent_arty.example_cfu/gateware/digilent_arty.v:7119]
WARNING: [Synth 8-5396] Clock pin C has keep related attribute (keep/mark_debug/dont_touch) which could create extra logic on its net [/home/jsp/Storage/CFU-Playground/soc/build/digilent_arty.example_cfu/gateware/digilent_arty.v:7119]
WARNING: [Synth 8-5396] Clock pin C has keep related attribute (keep/mark_debug/dont_touch) which could create extra logic on its net [/home/jsp/Storage/CFU-Playground/soc/build/digilent_arty.example_cfu/gateware/digilent_arty.v:7119]
WARNING: [Synth 8-5396] Clock pin C has keep related attribute (keep/mark_debug/dont_touch) which could create extra logic on its net [/home/jsp/Storage/CFU-Playground/soc/build/digilent_arty.example_cfu/gateware/digilent_arty.v:7119]
WARNING: [Synth 8-5396] Clock pin C has keep related attribute (keep/mark_debug/dont_touch) which could create extra logic on its net [/home/jsp/Storage/CFU-Playground/soc/build/digilent_arty.example_cfu/gateware/digilent_arty.v:7119]
WARNING: [Synth 8-5396] Clock pin C has keep related attribute (keep/mark_debug/dont_touch) which could create extra logic on its net [/home/jsp/Storage/CFU-Playground/soc/build/digilent_arty.example_cfu/gateware/digilent_arty.v:7119]
WARNING: [Synth 8-5396] Clock pin C has keep related attribute (keep/mark_debug/dont_touch) which could create extra logic on its net [/home/jsp/Storage/CFU-Playground/soc/build/digilent_arty.example_cfu/gateware/digilent_arty.v:7119]
WARNING: [Synth 8-5396] Clock pin C has keep related attribute (keep/mark_debug/dont_touch) which could create extra logic on its net [/home/jsp/Storage/CFU-Playground/soc/build/digilent_arty.example_cfu/gateware/digilent_arty.v:7119]
WARNING: [Synth 8-5396] Clock pin C has keep related attribute (keep/mark_debug/dont_touch) which could create extra logic on its net [/home/jsp/Storage/CFU-Playground/soc/build/digilent_arty.example_cfu/gateware/digilent_arty.v:7119]
WARNING: [Synth 8-5396] Clock pin C has keep related attribute (keep/mark_debug/dont_touch) which could create extra logic on its net [/home/jsp/Storage/CFU-Playground/soc/build/digilent_arty.example_cfu/gateware/digilent_arty.v:7119]
WARNING: [Synth 8-5396] Clock pin C has keep related attribute (keep/mark_debug/dont_touch) which could create extra logic on its net [/home/jsp/Storage/CFU-Playground/soc/build/digilent_arty.example_cfu/gateware/digilent_arty.v:7119]
WARNING: [Synth 8-5396] Clock pin C has keep related attribute (keep/mark_debug/dont_touch) which could create extra logic on its net [/home/jsp/Storage/CFU-Playground/soc/build/digilent_arty.example_cfu/gateware/digilent_arty.v:7119]
WARNING: [Synth 8-5396] Clock pin C has keep related attribute (keep/mark_debug/dont_touch) which could create extra logic on its net [/home/jsp/Storage/CFU-Playground/soc/build/digilent_arty.example_cfu/gateware/digilent_arty.v:7119]
WARNING: [Synth 8-5396] Clock pin C has keep related attribute (keep/mark_debug/dont_touch) which could create extra logic on its net [/home/jsp/Storage/CFU-Playground/soc/build/digilent_arty.example_cfu/gateware/digilent_arty.v:7119]
WARNING: [Synth 8-5396] Clock pin C has keep related attribute (keep/mark_debug/dont_touch) which could create extra logic on its net [/home/jsp/Storage/CFU-Playground/soc/build/digilent_arty.example_cfu/gateware/digilent_arty.v:7119]
WARNING: [Synth 8-5396] Clock pin C has keep related attribute (keep/mark_debug/dont_touch) which could create extra logic on its net [/home/jsp/Storage/CFU-Playground/soc/build/digilent_arty.example_cfu/gateware/digilent_arty.v:7119]
WARNING: [Synth 8-5396] Clock pin C has keep related attribute (keep/mark_debug/dont_touch) which could create extra logic on its net [/home/jsp/Storage/CFU-Playground/soc/build/digilent_arty.example_cfu/gateware/digilent_arty.v:7119]
WARNING: [Synth 8-5396] Clock pin C has keep related attribute (keep/mark_debug/dont_touch) which could create extra logic on its net [/home/jsp/Storage/CFU-Playground/soc/build/digilent_arty.example_cfu/gateware/digilent_arty.v:7119]
WARNING: [Synth 8-5396] Clock pin C has keep related attribute (keep/mark_debug/dont_touch) which could create extra logic on its net [/home/jsp/Storage/CFU-Playground/soc/build/digilent_arty.example_cfu/gateware/digilent_arty.v:7119]
WARNING: [Synth 8-5396] Clock pin C has keep related attribute (keep/mark_debug/dont_touch) which could create extra logic on its net [/home/jsp/Storage/CFU-Playground/soc/build/digilent_arty.example_cfu/gateware/digilent_arty.v:7119]
WARNING: [Synth 8-5396] Clock pin C has keep related attribute (keep/mark_debug/dont_touch) which could create extra logic on its net [/home/jsp/Storage/CFU-Playground/soc/build/digilent_arty.example_cfu/gateware/digilent_arty.v:7119]
WARNING: [Synth 8-5396] Clock pin C has keep related attribute (keep/mark_debug/dont_touch) which could create extra logic on its net [/home/jsp/Storage/CFU-Playground/soc/build/digilent_arty.example_cfu/gateware/digilent_arty.v:7117]
WARNING: [Synth 8-5396] Clock pin C has keep related attribute (keep/mark_debug/dont_touch) which could create extra logic on its net [/home/jsp/Storage/CFU-Playground/soc/build/digilent_arty.example_cfu/gateware/digilent_arty.v:7117]
WARNING: [Synth 8-5396] Clock pin C has keep related attribute (keep/mark_debug/dont_touch) which could create extra logic on its net [/home/jsp/Storage/CFU-Playground/soc/build/digilent_arty.example_cfu/gateware/digilent_arty.v:7117]
WARNING: [Synth 8-5396] Clock pin C has keep related attribute (keep/mark_debug/dont_touch) which could create extra logic on its net [/home/jsp/Storage/CFU-Playground/soc/build/digilent_arty.example_cfu/gateware/digilent_arty.v:7117]
WARNING: [Synth 8-5396] Clock pin C has keep related attribute (keep/mark_debug/dont_touch) which could create extra logic on its net [/home/jsp/Storage/CFU-Playground/soc/build/digilent_arty.example_cfu/gateware/digilent_arty.v:7117]
WARNING: [Synth 8-5396] Clock pin C has keep related attribute (keep/mark_debug/dont_touch) which could create extra logic on its net [/home/jsp/Storage/CFU-Playground/soc/build/digilent_arty.example_cfu/gateware/digilent_arty.v:7117]
WARNING: [Synth 8-5396] Clock pin C has keep related attribute (keep/mark_debug/dont_touch) which could create extra logic on its net [/home/jsp/Storage/CFU-Playground/soc/build/digilent_arty.example_cfu/gateware/digilent_arty.v:7117]
WARNING: [Synth 8-5396] Clock pin C has keep related attribute (keep/mark_debug/dont_touch) which could create extra logic on its net [/home/jsp/Storage/CFU-Playground/soc/build/digilent_arty.example_cfu/gateware/digilent_arty.v:7117]
WARNING: [Synth 8-5396] Clock pin C has keep related attribute (keep/mark_debug/dont_touch) which could create extra logic on its net [/home/jsp/Storage/CFU-Playground/soc/build/digilent_arty.example_cfu/gateware/digilent_arty.v:7117]
WARNING: [Synth 8-5396] Clock pin C has keep related attribute (keep/mark_debug/dont_touch) which could create extra logic on its net [/home/jsp/Storage/CFU-Playground/soc/build/digilent_arty.example_cfu/gateware/digilent_arty.v:7117]
WARNING: [Synth 8-5396] Clock pin C has keep related attribute (keep/mark_debug/dont_touch) which could create extra logic on its net [/home/jsp/Storage/CFU-Playground/soc/build/digilent_arty.example_cfu/gateware/digilent_arty.v:7117]
WARNING: [Synth 8-5396] Clock pin C has keep related attribute (keep/mark_debug/dont_touch) which could create extra logic on its net [/home/jsp/Storage/CFU-Playground/soc/build/digilent_arty.example_cfu/gateware/digilent_arty.v:7117]
WARNING: [Synth 8-5396] Clock pin C has keep related attribute (keep/mark_debug/dont_touch) which could create extra logic on its net [/home/jsp/Storage/CFU-Playground/soc/build/digilent_arty.example_cfu/gateware/digilent_arty.v:7117]
WARNING: [Synth 8-5396] Clock pin C has keep related attribute (keep/mark_debug/dont_touch) which could create extra logic on its net [/home/jsp/Storage/CFU-Playground/soc/build/digilent_arty.example_cfu/gateware/digilent_arty.v:7117]
WARNING: [Synth 8-5396] Clock pin C has keep related attribute (keep/mark_debug/dont_touch) which could create extra logic on its net [/home/jsp/Storage/CFU-Playground/third_party/python/pythondata_cpu_vexriscv/pythondata_cpu_vexriscv/verilog/VexRiscv_FullCfu.v:3261]
WARNING: [Synth 8-5396] Clock pin C has keep related attribute (keep/mark_debug/dont_touch) which could create extra logic on its net [/home/jsp/Storage/CFU-Playground/third_party/python/pythondata_cpu_vexriscv/pythondata_cpu_vexriscv/verilog/VexRiscv_FullCfu.v:3261]
WARNING: [Synth 8-5396] Clock pin C has keep related attribute (keep/mark_debug/dont_touch) which could create extra logic on its net [/home/jsp/Storage/CFU-Playground/third_party/python/pythondata_cpu_vexriscv/pythondata_cpu_vexriscv/verilog/VexRiscv_FullCfu.v:3261]
WARNING: [Synth 8-5396] Clock pin C has keep related attribute (keep/mark_debug/dont_touch) which could create extra logic on its net [/home/jsp/Storage/CFU-Playground/third_party/python/pythondata_cpu_vexriscv/pythondata_cpu_vexriscv/verilog/VexRiscv_FullCfu.v:3261]
WARNING: [Synth 8-5396] Clock pin C has keep related attribute (keep/mark_debug/dont_touch) which could create extra logic on its net [/home/jsp/Storage/CFU-Playground/third_party/python/pythondata_cpu_vexriscv/pythondata_cpu_vexriscv/verilog/VexRiscv_FullCfu.v:3261]
WARNING: [Synth 8-5396] Clock pin C has keep related attribute (keep/mark_debug/dont_touch) which could create extra logic on its net [/home/jsp/Storage/CFU-Playground/third_party/python/pythondata_cpu_vexriscv/pythondata_cpu_vexriscv/verilog/VexRiscv_FullCfu.v:3261]
WARNING: [Synth 8-5396] Clock pin C has keep related attribute (keep/mark_debug/dont_touch) which could create extra logic on its net [/home/jsp/Storage/CFU-Playground/third_party/python/pythondata_cpu_vexriscv/pythondata_cpu_vexriscv/verilog/VexRiscv_FullCfu.v:3261]
WARNING: [Synth 8-5396] Clock pin C has keep related attribute (keep/mark_debug/dont_touch) which could create extra logic on its net [/home/jsp/Storage/CFU-Playground/third_party/python/pythondata_cpu_vexriscv/pythondata_cpu_vexriscv/verilog/VexRiscv_FullCfu.v:3261]
WARNING: [Synth 8-5396] Clock pin C has keep related attribute (keep/mark_debug/dont_touch) which could create extra logic on its net [/home/jsp/Storage/CFU-Playground/third_party/python/pythondata_cpu_vexriscv/pythondata_cpu_vexriscv/verilog/VexRiscv_FullCfu.v:3261]
WARNING: [Synth 8-5396] Clock pin C has keep related attribute (keep/mark_debug/dont_touch) which could create extra logic on its net [/home/jsp/Storage/CFU-Playground/third_party/python/pythondata_cpu_vexriscv/pythondata_cpu_vexriscv/verilog/VexRiscv_FullCfu.v:3261]
WARNING: [Synth 8-5396] Clock pin C has keep related attribute (keep/mark_debug/dont_touch) which could create extra logic on its net [/home/jsp/Storage/CFU-Playground/third_party/python/pythondata_cpu_vexriscv/pythondata_cpu_vexriscv/verilog/VexRiscv_FullCfu.v:3261]
WARNING: [Synth 8-5396] Clock pin C has keep related attribute (keep/mark_debug/dont_touch) which could create extra logic on its net [/home/jsp/Storage/CFU-Playground/third_party/python/pythondata_cpu_vexriscv/pythondata_cpu_vexriscv/verilog/VexRiscv_FullCfu.v:3261]
WARNING: [Synth 8-5396] Clock pin C has keep related attribute (keep/mark_debug/dont_touch) which could create extra logic on its net [/home/jsp/Storage/CFU-Playground/third_party/python/pythondata_cpu_vexriscv/pythondata_cpu_vexriscv/verilog/VexRiscv_FullCfu.v:3261]
WARNING: [Synth 8-5396] Clock pin C has keep related attribute (keep/mark_debug/dont_touch) which could create extra logic on its net [/home/jsp/Storage/CFU-Playground/third_party/python/pythondata_cpu_vexriscv/pythondata_cpu_vexriscv/verilog/VexRiscv_FullCfu.v:3261]
WARNING: [Synth 8-5396] Clock pin C has keep related attribute (keep/mark_debug/dont_touch) which could create extra logic on its net [/home/jsp/Storage/CFU-Playground/third_party/python/pythondata_cpu_vexriscv/pythondata_cpu_vexriscv/verilog/VexRiscv_FullCfu.v:3261]
WARNING: [Synth 8-5396] Clock pin C has keep related attribute (keep/mark_debug/dont_touch) which could create extra logic on its net [/home/jsp/Storage/CFU-Playground/third_party/python/pythondata_cpu_vexriscv/pythondata_cpu_vexriscv/verilog/VexRiscv_FullCfu.v:3261]
WARNING: [Synth 8-5396] Clock pin C has keep related attribute (keep/mark_debug/dont_touch) which could create extra logic on its net [/home/jsp/Storage/CFU-Playground/third_party/python/pythondata_cpu_vexriscv/pythondata_cpu_vexriscv/verilog/VexRiscv_FullCfu.v:3261]
WARNING: [Synth 8-5396] Clock pin C has keep related attribute (keep/mark_debug/dont_touch) which could create extra logic on its net [/home/jsp/Storage/CFU-Playground/third_party/python/pythondata_cpu_vexriscv/pythondata_cpu_vexriscv/verilog/VexRiscv_FullCfu.v:3261]
WARNING: [Synth 8-5396] Clock pin C has keep related attribute (keep/mark_debug/dont_touch) which could create extra logic on its net [/home/jsp/Storage/CFU-Playground/third_party/python/pythondata_cpu_vexriscv/pythondata_cpu_vexriscv/verilog/VexRiscv_FullCfu.v:3261]
WARNING: [Synth 8-5396] Clock pin C has keep related attribute (keep/mark_debug/dont_touch) which could create extra logic on its net [/home/jsp/Storage/CFU-Playground/third_party/python/pythondata_cpu_vexriscv/pythondata_cpu_vexriscv/verilog/VexRiscv_FullCfu.v:3261]
WARNING: [Synth 8-5396] Clock pin C has keep related attribute (keep/mark_debug/dont_touch) which could create extra logic on its net [/home/jsp/Storage/CFU-Playground/third_party/python/pythondata_cpu_vexriscv/pythondata_cpu_vexriscv/verilog/VexRiscv_FullCfu.v:3261]
WARNING: [Synth 8-5396] Clock pin C has keep related attribute (keep/mark_debug/dont_touch) which could create extra logic on its net [/home/jsp/Storage/CFU-Playground/third_party/python/pythondata_cpu_vexriscv/pythondata_cpu_vexriscv/verilog/VexRiscv_FullCfu.v:3261]
WARNING: [Synth 8-5396] Clock pin C has keep related attribute (keep/mark_debug/dont_touch) which could create extra logic on its net [/home/jsp/Storage/CFU-Playground/third_party/python/pythondata_cpu_vexriscv/pythondata_cpu_vexriscv/verilog/VexRiscv_FullCfu.v:3261]
WARNING: [Synth 8-5396] Clock pin C has keep related attribute (keep/mark_debug/dont_touch) which could create extra logic on its net [/home/jsp/Storage/CFU-Playground/third_party/python/pythondata_cpu_vexriscv/pythondata_cpu_vexriscv/verilog/VexRiscv_FullCfu.v:3261]
WARNING: [Synth 8-5396] Clock pin C has keep related attribute (keep/mark_debug/dont_touch) which could create extra logic on its net [/home/jsp/Storage/CFU-Playground/third_party/python/pythondata_cpu_vexriscv/pythondata_cpu_vexriscv/verilog/VexRiscv_FullCfu.v:3261]
WARNING: [Synth 8-5396] Clock pin C has keep related attribute (keep/mark_debug/dont_touch) which could create extra logic on its net [/home/jsp/Storage/CFU-Playground/third_party/python/pythondata_cpu_vexriscv/pythondata_cpu_vexriscv/verilog/VexRiscv_FullCfu.v:3261]
WARNING: [Synth 8-5396] Clock pin C has keep related attribute (keep/mark_debug/dont_touch) which could create extra logic on its net [/home/jsp/Storage/CFU-Playground/third_party/python/pythondata_cpu_vexriscv/pythondata_cpu_vexriscv/verilog/VexRiscv_FullCfu.v:3261]
WARNING: [Synth 8-5396] Clock pin C has keep related attribute (keep/mark_debug/dont_touch) which could create extra logic on its net [/home/jsp/Storage/CFU-Playground/third_party/python/pythondata_cpu_vexriscv/pythondata_cpu_vexriscv/verilog/VexRiscv_FullCfu.v:3261]
WARNING: [Synth 8-5396] Clock pin C has keep related attribute (keep/mark_debug/dont_touch) which could create extra logic on its net [/home/jsp/Storage/CFU-Playground/third_party/python/pythondata_cpu_vexriscv/pythondata_cpu_vexriscv/verilog/VexRiscv_FullCfu.v:3261]
INFO: [Common 17-14] Message 'Synth 8-5396' appears 100 times and further instances of the messages will be disabled. Use the Tcl command set_msg_config to change the current settings.
---------------------------------------------------------------------------------
Finished IO Insertion : Time (s): cpu = 00:01:14 ; elapsed = 00:01:15 . Memory (MB): peak = 2679.426 ; gain = 978.383 ; free physical = 4435 ; free virtual = 17002
---------------------------------------------------------------------------------
---------------------------------------------------------------------------------
Start Renaming Generated Instances
---------------------------------------------------------------------------------
---------------------------------------------------------------------------------
Finished Renaming Generated Instances : Time (s): cpu = 00:01:14 ; elapsed = 00:01:15 . Memory (MB): peak = 2679.426 ; gain = 978.383 ; free physical = 4435 ; free virtual = 17002
---------------------------------------------------------------------------------
---------------------------------------------------------------------------------
Start Rebuilding User Hierarchy
---------------------------------------------------------------------------------
---------------------------------------------------------------------------------
Finished Rebuilding User Hierarchy : Time (s): cpu = 00:01:15 ; elapsed = 00:01:16 . Memory (MB): peak = 2679.426 ; gain = 978.383 ; free physical = 4435 ; free virtual = 17002
---------------------------------------------------------------------------------
---------------------------------------------------------------------------------
Start Renaming Generated Ports
---------------------------------------------------------------------------------
---------------------------------------------------------------------------------
Finished Renaming Generated Ports : Time (s): cpu = 00:01:15 ; elapsed = 00:01:16 . Memory (MB): peak = 2679.426 ; gain = 978.383 ; free physical = 4435 ; free virtual = 17002
---------------------------------------------------------------------------------
---------------------------------------------------------------------------------
Start Handling Custom Attributes
---------------------------------------------------------------------------------
---------------------------------------------------------------------------------
Finished Handling Custom Attributes : Time (s): cpu = 00:01:15 ; elapsed = 00:01:16 . Memory (MB): peak = 2679.426 ; gain = 978.383 ; free physical = 4435 ; free virtual = 17002
---------------------------------------------------------------------------------
---------------------------------------------------------------------------------
Start Renaming Generated Nets
---------------------------------------------------------------------------------
---------------------------------------------------------------------------------
Finished Renaming Generated Nets : Time (s): cpu = 00:01:15 ; elapsed = 00:01:16 . Memory (MB): peak = 2679.426 ; gain = 978.383 ; free physical = 4435 ; free virtual = 17002
---------------------------------------------------------------------------------
---------------------------------------------------------------------------------
Start ROM, RAM, DSP, Shift Register and Retiming Reporting
---------------------------------------------------------------------------------

Static Shift Register Report:
+--------------+-------------------------------------------------+--------+-------+--------------+--------------------+-------------------+--------+---------+
|Module Name   | RTL Name                                        | Length | Width | Reset Signal | Pull out first Reg | Pull out last Reg | SRL16E | SRLC32E | 
+--------------+-------------------------------------------------+--------+-------+--------------+--------------------+-------------------+--------+---------+
|digilent_arty | soc_builder_basesoc_new_master_rdata_valid8_reg | 9      | 1     | YES          | NO                 | YES               | 1      | 0       | 
|digilent_arty | soc_a7ddrphy_rddata_en_tappeddelayline7_reg     | 8      | 1     | YES          | NO                 | YES               | 1      | 0       | 
+--------------+-------------------------------------------------+--------+-------+--------------+--------------------+-------------------+--------+---------+

---------------------------------------------------------------------------------
Finished ROM, RAM, DSP, Shift Register and Retiming Reporting
---------------------------------------------------------------------------------
---------------------------------------------------------------------------------
Start Writing Synthesis Report
---------------------------------------------------------------------------------

DSP Final Report (the ' indicates corresponding REG is set)
+------------+-------------+--------+--------+--------+--------+--------+------+------+------+------+-------+------+------+
|Module Name | DSP Mapping | A Size | B Size | C Size | D Size | P Size | AREG | BREG | CREG | DREG | ADREG | MREG | PREG | 
+------------+-------------+--------+--------+--------+--------+--------+------+------+------+------+-------+------+------+
|VexRiscv    | ((A*B)')'   | 30     | 18     | -      | -      | 32     | 0    | 0    | -    | -    | -     | 1    | 1    | 
|VexRiscv    | (A*B)'      | 16     | 18     | -      | -      | 34     | 0    | 0    | -    | -    | -     | 0    | 1    | 
|VexRiscv    | (A*B)'      | 30     | 16     | -      | -      | 34     | 0    | 0    | -    | -    | -     | 0    | 1    | 
|VexRiscv    | (A*B)'      | 16     | 16     | -      | -      | 32     | 0    | 0    | -    | -    | -     | 0    | 1    | 
+------------+-------------+--------+--------+--------+--------+--------+------+------+------+------+-------+------+------+


Report BlackBoxes: 
+-+--------------+----------+
| |BlackBox name |Instances |
+-+--------------+----------+
+-+--------------+----------+

Report Cell Usage: 
+------+-----------+------+
|      |Cell       |Count |
+------+-----------+------+
|1     |BUFG       |     6|
|2     |CARRY4     |   233|
|3     |DSP48E1    |     4|
|5     |IDELAYCTRL |     1|
|6     |IDELAYE2   |    16|
|7     |ISERDESE2  |    16|
|8     |LUT1       |   264|
|9     |LUT2       |   506|
|10    |LUT3       |  1221|
|11    |LUT4       |   751|
|12    |LUT5       |  1002|
|13    |LUT6       |  2023|
|14    |MUXF7      |    34|
|15    |MUXF8      |     3|
|16    |OSERDESE2  |    45|
|17    |PLLE2_ADV  |     1|
|18    |RAM32M     |    36|
|19    |RAMB18E1   |    25|
|23    |RAMB36E1   |    11|
|33    |SRL16E     |     2|
|34    |FDCE       |     8|
|35    |FDPE       |     4|
|36    |FDRE       |  3660|
|37    |FDSE       |   211|
|38    |IBUF       |     3|
|39    |IOBUF      |    16|
|40    |IOBUFDS    |     2|
|41    |OBUF       |    32|
|42    |OBUFDS     |     1|
+------+-----------+------+
---------------------------------------------------------------------------------
Finished Writing Synthesis Report : Time (s): cpu = 00:01:15 ; elapsed = 00:01:16 . Memory (MB): peak = 2679.426 ; gain = 978.383 ; free physical = 4435 ; free virtual = 17002
---------------------------------------------------------------------------------
Synthesis finished with 0 errors, 0 critical warnings and 4485 warnings.
Synthesis Optimization Runtime : Time (s): cpu = 00:01:12 ; elapsed = 00:01:13 . Memory (MB): peak = 2679.426 ; gain = 838.633 ; free physical = 4435 ; free virtual = 17002
Synthesis Optimization Complete : Time (s): cpu = 00:01:15 ; elapsed = 00:01:16 . Memory (MB): peak = 2679.434 ; gain = 978.383 ; free physical = 4435 ; free virtual = 17002
INFO: [Project 1-571] Translating synthesized netlist
Netlist sorting complete. Time (s): cpu = 00:00:00.05 ; elapsed = 00:00:00.05 . Memory (MB): peak = 2679.434 ; gain = 0.000 ; free physical = 4735 ; free virtual = 17303
INFO: [Netlist 29-17] Analyzing 398 Unisim elements for replacement
INFO: [Netlist 29-28] Unisim Transformation completed in 0 CPU seconds
INFO: [Project 1-570] Preparing netlist for logic optimization
Parsing XDC File [/home/jsp/Storage/CFU-Playground/soc/build/digilent_arty.example_cfu/gateware/digilent_arty.xdc]
INFO: [Timing 38-35] Done setting XDC timing constraints. [/home/jsp/Storage/CFU-Playground/soc/build/digilent_arty.example_cfu/gateware/digilent_arty.xdc:313]
INFO: [Timing 38-2] Deriving generated clocks [/home/jsp/Storage/CFU-Playground/soc/build/digilent_arty.example_cfu/gateware/digilent_arty.xdc:313]
get_clocks: Time (s): cpu = 00:00:06 ; elapsed = 00:00:05 . Memory (MB): peak = 3004.406 ; gain = 268.953 ; free physical = 4508 ; free virtual = 17076
WARNING: [Vivado 12-3521] Clock specified in more than one group: soc_crg_clkout0 [/home/jsp/Storage/CFU-Playground/soc/build/digilent_arty.example_cfu/gateware/digilent_arty.xdc:313]
Finished Parsing XDC File [/home/jsp/Storage/CFU-Playground/soc/build/digilent_arty.example_cfu/gateware/digilent_arty.xdc]
INFO: [Opt 31-138] Pushed 3 inverter(s) to 34 load pin(s).
Netlist sorting complete. Time (s): cpu = 00:00:00.01 ; elapsed = 00:00:00.01 . Memory (MB): peak = 3004.406 ; gain = 0.000 ; free physical = 4509 ; free virtual = 17077
INFO: [Project 1-111] Unisim Transformation Summary:
  A total of 55 instances were transformed.
  IOBUF => IOBUF (IBUF, OBUFT): 16 instances
  IOBUFDS => IOBUFDS (IBUFDS, INV, OBUFTDS(x2)): 2 instances
  OBUFDS => OBUFDS_DUAL_BUF (INV, OBUFDS(x2)): 1 instance 
  RAM32M => RAM32M (RAMD32(x6), RAMS32(x2)): 36 instances

Synth Design complete | Checksum: 6cb9fa64
INFO: [Common 17-83] Releasing license: Synthesis
160 Infos, 513 Warnings, 0 Critical Warnings and 0 Errors encountered.
synth_design completed successfully
synth_design: Time (s): cpu = 00:01:31 ; elapsed = 00:01:29 . Memory (MB): peak = 3004.406 ; gain = 1589.465 ; free physical = 4509 ; free virtual = 17077
INFO: [Common 17-2834] synth_design peak Physical Memory [PSS] (MB): overall = 2189.214; main = 2075.660; forked = 370.211
INFO: [Common 17-2834] synth_design peak Virtual Memory [VSS] (MB): overall = 3713.062; main = 3004.410; forked = 1033.633
# report_timing_summary -file digilent_arty_timing_synth.rpt
INFO: [Timing 38-35] Done setting XDC timing constraints.
INFO: [Timing 38-91] UpdateTimingParams: Speed grade: -1L, Delay Type: min_max.
INFO: [Timing 38-191] Multithreading enabled for timing update using a maximum of 8 CPUs
# report_utilization -hierarchical -file digilent_arty_utilization_hierarchical_synth.rpt
# report_utilization -file digilent_arty_utilization_synth.rpt
# opt_design -directive default
Command: opt_design -directive default
INFO: [Vivado_Tcl 4-136] Directive used for opt_design is: default
Attempting to get a license for feature 'Implementation' and/or device 'xc7a35ti'
INFO: [Common 17-349] Got license for feature 'Implementation' and/or device 'xc7a35ti'
Running DRC as a precondition to command opt_design

Starting DRC Task
INFO: [DRC 23-27] Running DRC with 8 threads
INFO: [Project 1-461] DRC finished with 0 Errors
INFO: [Project 1-462] Please refer to the DRC report (report_drc) for more information.

Time (s): cpu = 00:00:01 ; elapsed = 00:00:00.83 . Memory (MB): peak = 3068.438 ; gain = 64.031 ; free physical = 4508 ; free virtual = 17076

Starting Cache Timing Information Task
Ending Cache Timing Information Task | Checksum: 29f29462c

Time (s): cpu = 00:00:00 ; elapsed = 00:00:00.01 . Memory (MB): peak = 3068.438 ; gain = 0.000 ; free physical = 4508 ; free virtual = 17076

Starting Logic Optimization Task

Phase 1 Initialization

Phase 1.1 Core Generation And Design Setup
Phase 1.1 Core Generation And Design Setup | Checksum: 29f29462c

Time (s): cpu = 00:00:00 ; elapsed = 00:00:00.01 . Memory (MB): peak = 3068.438 ; gain = 0.000 ; free physical = 4511 ; free virtual = 17078

Phase 1.2 Setup Constraints And Sort Netlist
Phase 1.2 Setup Constraints And Sort Netlist | Checksum: 29f29462c

Time (s): cpu = 00:00:00 ; elapsed = 00:00:00.01 . Memory (MB): peak = 3068.438 ; gain = 0.000 ; free physical = 4511 ; free virtual = 17078
Phase 1 Initialization | Checksum: 29f29462c

Time (s): cpu = 00:00:00 ; elapsed = 00:00:00.01 . Memory (MB): peak = 3068.438 ; gain = 0.000 ; free physical = 4511 ; free virtual = 17078

Phase 2 Timer Update And Timing Data Collection

Phase 2.1 Timer Update
Phase 2.1 Timer Update | Checksum: 29f29462c

Time (s): cpu = 00:00:00.34 ; elapsed = 00:00:00.1 . Memory (MB): peak = 3068.438 ; gain = 0.000 ; free physical = 4510 ; free virtual = 17078

Phase 2.2 Timing Data Collection
Phase 2.2 Timing Data Collection | Checksum: 29f29462c

Time (s): cpu = 00:00:00.35 ; elapsed = 00:00:00.12 . Memory (MB): peak = 3068.438 ; gain = 0.000 ; free physical = 4510 ; free virtual = 17078
Phase 2 Timer Update And Timing Data Collection | Checksum: 29f29462c

Time (s): cpu = 00:00:00.35 ; elapsed = 00:00:00.12 . Memory (MB): peak = 3068.438 ; gain = 0.000 ; free physical = 4510 ; free virtual = 17078

Phase 3 Retarget
INFO: [Opt 31-1834] Total Chains To Be Transformed Were: 0 AND Number of Transformed insts Created are: 0
INFO: [Opt 31-1566] Pulled 54 inverters resulting in an inversion of 190 pins
INFO: [Opt 31-138] Pushed 0 inverter(s) to 0 load pin(s).
INFO: [Opt 31-49] Retargeted 0 cell(s).
Phase 3 Retarget | Checksum: 29f9391fb

Time (s): cpu = 00:00:00.57 ; elapsed = 00:00:00.26 . Memory (MB): peak = 3068.438 ; gain = 0.000 ; free physical = 4510 ; free virtual = 17078
Retarget | Checksum: 29f9391fb
INFO: [Opt 31-389] Phase Retarget created 0 cells and removed 56 cells
INFO: [Opt 31-1021] In phase Retarget, 4 netlist objects are constrained preventing optimization. Please run opt_design with -debug_log to get more detail. 

Phase 4 Constant propagation
INFO: [Opt 31-138] Pushed 0 inverter(s) to 0 load pin(s).
Phase 4 Constant propagation | Checksum: 2a8ece094

Time (s): cpu = 00:00:00.64 ; elapsed = 00:00:00.33 . Memory (MB): peak = 3068.438 ; gain = 0.000 ; free physical = 4510 ; free virtual = 17078
Constant propagation | Checksum: 2a8ece094
INFO: [Opt 31-389] Phase Constant propagation created 1 cells and removed 4 cells
INFO: [Opt 31-1021] In phase Constant propagation, 2 netlist objects are constrained preventing optimization. Please run opt_design with -debug_log to get more detail. 

Phase 5 Sweep
Phase 5 Sweep | Checksum: 2e120332d

Time (s): cpu = 00:00:00.74 ; elapsed = 00:00:00.42 . Memory (MB): peak = 3068.438 ; gain = 0.000 ; free physical = 4510 ; free virtual = 17078
Sweep | Checksum: 2e120332d
INFO: [Opt 31-389] Phase Sweep created 0 cells and removed 3 cells
INFO: [Opt 31-1021] In phase Sweep, 64 netlist objects are constrained preventing optimization. Please run opt_design with -debug_log to get more detail. 

Phase 6 BUFG optimization
Phase 6 BUFG optimization | Checksum: 2e120332d

Time (s): cpu = 00:00:00.83 ; elapsed = 00:00:00.48 . Memory (MB): peak = 3068.438 ; gain = 0.000 ; free physical = 4510 ; free virtual = 17078
BUFG optimization | Checksum: 2e120332d
INFO: [Opt 31-662] Phase BUFG optimization created 0 cells of which 0 are BUFGs and removed 0 cells.
INFO: [Opt 31-1021] In phase BUFG optimization, 3 netlist objects are constrained preventing optimization. Please run opt_design with -debug_log to get more detail. 

Phase 7 Shift Register Optimization
INFO: [Opt 31-1064] SRL Remap converted 0 SRLs to 0 registers and converted 0 registers of register chains to 0 SRLs
Phase 7 Shift Register Optimization | Checksum: 2e120332d

Time (s): cpu = 00:00:00.84 ; elapsed = 00:00:00.49 . Memory (MB): peak = 3068.438 ; gain = 0.000 ; free physical = 4510 ; free virtual = 17078
Shift Register Optimization | Checksum: 2e120332d
INFO: [Opt 31-389] Phase Shift Register Optimization created 0 cells and removed 0 cells

Phase 8 Post Processing Netlist
Phase 8 Post Processing Netlist | Checksum: 2e120332d

Time (s): cpu = 00:00:00.87 ; elapsed = 00:00:00.51 . Memory (MB): peak = 3068.438 ; gain = 0.000 ; free physical = 4510 ; free virtual = 17078
Post Processing Netlist | Checksum: 2e120332d
INFO: [Opt 31-389] Phase Post Processing Netlist created 0 cells and removed 0 cells
INFO: [Opt 31-1021] In phase Post Processing Netlist, 1 netlist objects are constrained preventing optimization. Please run opt_design with -debug_log to get more detail. 

Phase 9 Finalization

Phase 9.1 Finalizing Design Cores and Updating Shapes
Phase 9.1 Finalizing Design Cores and Updating Shapes | Checksum: 2378b3b1f

Time (s): cpu = 00:00:01 ; elapsed = 00:00:00.62 . Memory (MB): peak = 3068.438 ; gain = 0.000 ; free physical = 4510 ; free virtual = 17078

Phase 9.2 Verifying Netlist Connectivity

Starting Connectivity Check Task

Time (s): cpu = 00:00:00.01 ; elapsed = 00:00:00.01 . Memory (MB): peak = 3068.438 ; gain = 0.000 ; free physical = 4510 ; free virtual = 17078
Phase 9.2 Verifying Netlist Connectivity | Checksum: 2378b3b1f

Time (s): cpu = 00:00:01 ; elapsed = 00:00:00.63 . Memory (MB): peak = 3068.438 ; gain = 0.000 ; free physical = 4510 ; free virtual = 17078
Phase 9 Finalization | Checksum: 2378b3b1f

Time (s): cpu = 00:00:01 ; elapsed = 00:00:00.63 . Memory (MB): peak = 3068.438 ; gain = 0.000 ; free physical = 4510 ; free virtual = 17078
Opt_design Change Summary
=========================


-------------------------------------------------------------------------------------------------------------------------
|  Phase                        |  #Cells created  |  #Cells Removed  |  #Constrained objects preventing optimizations  |
-------------------------------------------------------------------------------------------------------------------------
|  Retarget                     |               0  |              56  |                                              4  |
|  Constant propagation         |               1  |               4  |                                              2  |
|  Sweep                        |               0  |               3  |                                             64  |
|  BUFG optimization            |               0  |               0  |                                              3  |
|  Shift Register Optimization  |               0  |               0  |                                              0  |
|  Post Processing Netlist      |               0  |               0  |                                              1  |
-------------------------------------------------------------------------------------------------------------------------


Ending Logic Optimization Task | Checksum: 2378b3b1f

Time (s): cpu = 00:00:01 ; elapsed = 00:00:00.64 . Memory (MB): peak = 3068.438 ; gain = 0.000 ; free physical = 4510 ; free virtual = 17078

Starting Power Optimization Task
INFO: [Pwropt 34-132] Skipping clock gating for clocks with a period < 2.00 ns.
INFO: [Timing 38-35] Done setting XDC timing constraints.
Running Vector-less Activity Propagation...
INFO: [Pwropt 34-9] Applying IDT optimizations ...
INFO: [Pwropt 34-10] Applying ODC optimizations ...

Finished Running Vector-less Activity Propagation


Starting PowerOpt Patch Enables Task
INFO: [Pwropt 34-162] WRITE_MODE attribute of 0 BRAM(s) out of a total of 36 has been updated to save power. Run report_power_opt to get a complete listing of the BRAMs updated.
INFO: [Pwropt 34-201] Structural ODC has moved 0 WE to EN ports
Number of BRAM Ports augmented: 4 newly gated: 1 Total Ports: 72
Ending PowerOpt Patch Enables Task | Checksum: 21898aae6

Time (s): cpu = 00:00:00.09 ; elapsed = 00:00:00.1 . Memory (MB): peak = 3305.367 ; gain = 0.000 ; free physical = 4351 ; free virtual = 16923
Ending Power Optimization Task | Checksum: 21898aae6

Time (s): cpu = 00:00:05 ; elapsed = 00:00:03 . Memory (MB): peak = 3305.367 ; gain = 236.930 ; free physical = 4351 ; free virtual = 16923

Starting Final Cleanup Task
Ending Final Cleanup Task | Checksum: 21898aae6

Time (s): cpu = 00:00:00 ; elapsed = 00:00:00 . Memory (MB): peak = 3305.367 ; gain = 0.000 ; free physical = 4351 ; free virtual = 16923

Starting Netlist Obfuscation Task
Netlist sorting complete. Time (s): cpu = 00:00:00.01 ; elapsed = 00:00:00.01 . Memory (MB): peak = 3305.367 ; gain = 0.000 ; free physical = 4351 ; free virtual = 16923
Ending Netlist Obfuscation Task | Checksum: 29b2810cf

Time (s): cpu = 00:00:00.01 ; elapsed = 00:00:00.01 . Memory (MB): peak = 3305.367 ; gain = 0.000 ; free physical = 4351 ; free virtual = 16923
INFO: [Common 17-83] Releasing license: Implementation
29 Infos, 0 Warnings, 0 Critical Warnings and 0 Errors encountered.
opt_design completed successfully
opt_design: Time (s): cpu = 00:00:10 ; elapsed = 00:00:07 . Memory (MB): peak = 3305.367 ; gain = 300.961 ; free physical = 4351 ; free virtual = 16923
# place_design -directive default
Command: place_design -directive default
Attempting to get a license for feature 'Implementation' and/or device 'xc7a35ti'
INFO: [Common 17-349] Got license for feature 'Implementation' and/or device 'xc7a35ti'
INFO: [Common 17-83] Releasing license: Implementation
INFO: [DRC 23-27] Running DRC with 8 threads
INFO: [Vivado_Tcl 4-198] DRC finished with 0 Errors
INFO: [Vivado_Tcl 4-199] Please refer to the DRC report (report_drc) for more information.
INFO: [Vivado_Tcl 4-2302] The placer was invoked with the 'default' directive.
Running DRC as a precondition to command place_design
INFO: [DRC 23-27] Running DRC with 8 threads
INFO: [Vivado_Tcl 4-198] DRC finished with 0 Errors
INFO: [Vivado_Tcl 4-199] Please refer to the DRC report (report_drc) for more information.
INFO: [Place 30-611] Multithreading enabled for place_design using a maximum of 8 CPUs

Starting Placer Task

Phase 1 Placer Initialization

Phase 1.1 Placer Initialization Netlist Sorting
Netlist sorting complete. Time (s): cpu = 00:00:00.01 ; elapsed = 00:00:00 . Memory (MB): peak = 3305.367 ; gain = 0.000 ; free physical = 4353 ; free virtual = 16925
Phase 1.1 Placer Initialization Netlist Sorting | Checksum: 1a6c9d97f

Time (s): cpu = 00:00:00.01 ; elapsed = 00:00:00.01 . Memory (MB): peak = 3305.367 ; gain = 0.000 ; free physical = 4353 ; free virtual = 16925
Netlist sorting complete. Time (s): cpu = 00:00:00 ; elapsed = 00:00:00 . Memory (MB): peak = 3305.367 ; gain = 0.000 ; free physical = 4353 ; free virtual = 16925

Phase 1.2 IO Placement/ Clock Placement/ Build Placer Device
INFO: [Timing 38-35] Done setting XDC timing constraints.
WARNING: [Place 30-568] A LUT 'clk100_inst' is driving clock pin of 8 registers. This could lead to large hold time violations. First few involved registers are:
	FDCE_7 {FDCE}
	FDCE {FDCE}
	FDCE_5 {FDCE}
	FDCE_3 {FDCE}
	FDCE_4 {FDCE}
Phase 1.2 IO Placement/ Clock Placement/ Build Placer Device | Checksum: 20485f895

Time (s): cpu = 00:00:02 ; elapsed = 00:00:01 . Memory (MB): peak = 3305.367 ; gain = 0.000 ; free physical = 4360 ; free virtual = 16934

Phase 1.3 Build Placer Netlist Model
Phase 1.3 Build Placer Netlist Model | Checksum: 22d5938a3

Time (s): cpu = 00:00:05 ; elapsed = 00:00:02 . Memory (MB): peak = 3305.367 ; gain = 0.000 ; free physical = 4361 ; free virtual = 16936

Phase 1.4 Constrain Clocks/Macros
Phase 1.4 Constrain Clocks/Macros | Checksum: 22d5938a3

Time (s): cpu = 00:00:05 ; elapsed = 00:00:02 . Memory (MB): peak = 3305.367 ; gain = 0.000 ; free physical = 4361 ; free virtual = 16936
Phase 1 Placer Initialization | Checksum: 22d5938a3

Time (s): cpu = 00:00:05 ; elapsed = 00:00:02 . Memory (MB): peak = 3305.367 ; gain = 0.000 ; free physical = 4361 ; free virtual = 16936

Phase 2 Global Placement

Phase 2.1 Floorplanning
Phase 2.1 Floorplanning | Checksum: 2bfd84acd

Time (s): cpu = 00:00:07 ; elapsed = 00:00:02 . Memory (MB): peak = 3305.367 ; gain = 0.000 ; free physical = 4383 ; free virtual = 16959

Phase 2.2 Update Timing before SLR Path Opt
Phase 2.2 Update Timing before SLR Path Opt | Checksum: 2792826b0

Time (s): cpu = 00:00:08 ; elapsed = 00:00:03 . Memory (MB): peak = 3305.367 ; gain = 0.000 ; free physical = 4383 ; free virtual = 16959

Phase 2.3 Post-Processing in Floorplanning
Phase 2.3 Post-Processing in Floorplanning | Checksum: 2792826b0

Time (s): cpu = 00:00:08 ; elapsed = 00:00:03 . Memory (MB): peak = 3305.367 ; gain = 0.000 ; free physical = 4383 ; free virtual = 16959

Phase 2.4 Global Placement Core

Phase 2.4.1 UpdateTiming Before Physical Synthesis
Phase 2.4.1 UpdateTiming Before Physical Synthesis | Checksum: 2928223e5

Time (s): cpu = 00:00:21 ; elapsed = 00:00:06 . Memory (MB): peak = 3305.367 ; gain = 0.000 ; free physical = 4410 ; free virtual = 16987

Phase 2.4.2 Physical Synthesis In Placer
INFO: [Physopt 32-1035] Found 3 LUTNM shape to break, 404 LUT instances to create LUTNM shape
INFO: [Physopt 32-1044] Break lutnm for timing: one critical 3, two critical 0, total 3, new lutff created 0
INFO: [Physopt 32-1138] End 1 Pass. Optimized 152 nets or LUTs. Breaked 3 LUTs, combined 149 existing LUTs and moved 0 existing LUT
INFO: [Physopt 32-65] No nets found for high-fanout optimization.
INFO: [Physopt 32-232] Optimized 0 net. Created 0 new instance.
INFO: [Physopt 32-775] End 1 Pass. Optimized 0 net or cell. Created 0 new cell, deleted 0 existing cell and moved 0 existing cell
INFO: [Physopt 32-456] No candidate cells for DSP register optimization found in the design.
INFO: [Physopt 32-775] End 2 Pass. Optimized 0 net or cell. Created 0 new cell, deleted 0 existing cell and moved 0 existing cell
INFO: [Physopt 32-1123] No candidate cells found for Shift Register to Pipeline optimization
INFO: [Physopt 32-775] End 2 Pass. Optimized 0 net or cell. Created 0 new cell, deleted 0 existing cell and moved 0 existing cell
INFO: [Physopt 32-1401] No candidate cells found for Shift Register optimization.
INFO: [Physopt 32-677] No candidate cells for Shift Register optimization found in the design
INFO: [Physopt 32-775] End 1 Pass. Optimized 0 net or cell. Created 0 new cell, deleted 0 existing cell and moved 0 existing cell
INFO: [Physopt 32-526] No candidate cells for BRAM register optimization found in the design
INFO: [Physopt 32-775] End 1 Pass. Optimized 0 net or cell. Created 0 new cell, deleted 0 existing cell and moved 0 existing cell
INFO: [Physopt 32-846] No candidate cells for URAM register optimization found in the design
INFO: [Physopt 32-775] End 1 Pass. Optimized 0 net or cell. Created 0 new cell, deleted 0 existing cell and moved 0 existing cell
INFO: [Physopt 32-846] No candidate cells for URAM register optimization found in the design
INFO: [Physopt 32-775] End 1 Pass. Optimized 0 net or cell. Created 0 new cell, deleted 0 existing cell and moved 0 existing cell
INFO: [Physopt 32-949] No candidate nets found for dynamic/static region interface net replication
INFO: [Physopt 32-775] End 1 Pass. Optimized 0 net or cell. Created 0 new cell, deleted 0 existing cell and moved 0 existing cell
Netlist sorting complete. Time (s): cpu = 00:00:00 ; elapsed = 00:00:00 . Memory (MB): peak = 3305.367 ; gain = 0.000 ; free physical = 4410 ; free virtual = 16987

Summary of Physical Synthesis Optimizations
============================================


-----------------------------------------------------------------------------------------------------------------------------------------------------------
|  Optimization                                     |  Added Cells  |  Removed Cells  |  Optimized Cells/Nets  |  Dont Touch  |  Iterations  |  Elapsed   |
-----------------------------------------------------------------------------------------------------------------------------------------------------------
|  LUT Combining                                    |            3  |            149  |                   152  |           0  |           1  |  00:00:00  |
|  Retime                                           |            0  |              0  |                     0  |           0  |           1  |  00:00:00  |
|  Very High Fanout                                 |            0  |              0  |                     0  |           0  |           1  |  00:00:00  |
|  DSP Register                                     |            0  |              0  |                     0  |           0  |           1  |  00:00:00  |
|  Shift Register to Pipeline                       |            0  |              0  |                     0  |           0  |           1  |  00:00:00  |
|  Shift Register                                   |            0  |              0  |                     0  |           0  |           1  |  00:00:00  |
|  BRAM Register                                    |            0  |              0  |                     0  |           0  |           1  |  00:00:00  |
|  URAM Register                                    |            0  |              0  |                     0  |           0  |           1  |  00:00:00  |
|  Dynamic/Static Region Interface Net Replication  |            0  |              0  |                     0  |           0  |           1  |  00:00:00  |
|  Total                                            |            3  |            149  |                   152  |           0  |           9  |  00:00:00  |
-----------------------------------------------------------------------------------------------------------------------------------------------------------


Phase 2.4.2 Physical Synthesis In Placer | Checksum: 2b0527396

Time (s): cpu = 00:00:23 ; elapsed = 00:00:07 . Memory (MB): peak = 3305.367 ; gain = 0.000 ; free physical = 4409 ; free virtual = 16986
Phase 2.4 Global Placement Core | Checksum: 2adf49647

Time (s): cpu = 00:00:24 ; elapsed = 00:00:07 . Memory (MB): peak = 3305.367 ; gain = 0.000 ; free physical = 4408 ; free virtual = 16986
Phase 2 Global Placement | Checksum: 2adf49647

Time (s): cpu = 00:00:24 ; elapsed = 00:00:07 . Memory (MB): peak = 3305.367 ; gain = 0.000 ; free physical = 4408 ; free virtual = 16986

Phase 3 Detail Placement

Phase 3.1 Commit Multi Column Macros
Phase 3.1 Commit Multi Column Macros | Checksum: 2dbfca41c

Time (s): cpu = 00:00:25 ; elapsed = 00:00:08 . Memory (MB): peak = 3305.367 ; gain = 0.000 ; free physical = 4408 ; free virtual = 16986

Phase 3.2 Commit Most Macros & LUTRAMs
Phase 3.2 Commit Most Macros & LUTRAMs | Checksum: 20a152bf7

Time (s): cpu = 00:00:27 ; elapsed = 00:00:08 . Memory (MB): peak = 3305.367 ; gain = 0.000 ; free physical = 4408 ; free virtual = 16986

Phase 3.3 Area Swap Optimization
Phase 3.3 Area Swap Optimization | Checksum: 175d0f88d

Time (s): cpu = 00:00:28 ; elapsed = 00:00:08 . Memory (MB): peak = 3305.367 ; gain = 0.000 ; free physical = 4408 ; free virtual = 16986

Phase 3.4 Pipeline Register Optimization
Phase 3.4 Pipeline Register Optimization | Checksum: 2547cbceb

Time (s): cpu = 00:00:28 ; elapsed = 00:00:08 . Memory (MB): peak = 3305.367 ; gain = 0.000 ; free physical = 4408 ; free virtual = 16986

Phase 3.5 Fast Optimization
Phase 3.5 Fast Optimization | Checksum: 25577aadb

Time (s): cpu = 00:00:30 ; elapsed = 00:00:09 . Memory (MB): peak = 3305.367 ; gain = 0.000 ; free physical = 4403 ; free virtual = 16980

Phase 3.6 Small Shape Detail Placement
Phase 3.6 Small Shape Detail Placement | Checksum: 2b9d391c4

Time (s): cpu = 00:00:33 ; elapsed = 00:00:11 . Memory (MB): peak = 3305.367 ; gain = 0.000 ; free physical = 4401 ; free virtual = 16979

Phase 3.7 Re-assign LUT pins
Phase 3.7 Re-assign LUT pins | Checksum: 220632a4c

Time (s): cpu = 00:00:33 ; elapsed = 00:00:11 . Memory (MB): peak = 3305.367 ; gain = 0.000 ; free physical = 4401 ; free virtual = 16979

Phase 3.8 Pipeline Register Optimization
Phase 3.8 Pipeline Register Optimization | Checksum: 25fd5c614

Time (s): cpu = 00:00:33 ; elapsed = 00:00:11 . Memory (MB): peak = 3305.367 ; gain = 0.000 ; free physical = 4401 ; free virtual = 16979
Phase 3 Detail Placement | Checksum: 25fd5c614

Time (s): cpu = 00:00:33 ; elapsed = 00:00:11 . Memory (MB): peak = 3305.367 ; gain = 0.000 ; free physical = 4401 ; free virtual = 16979

Phase 4 Post Placement Optimization and Clean-Up

Phase 4.1 Post Commit Optimization
INFO: [Timing 38-35] Done setting XDC timing constraints.

Phase 4.1.1 Post Placement Optimization
Post Placement Optimization Initialization | Checksum: 24a69768c

Phase 4.1.1.1 BUFG Insertion

Starting Physical Synthesis Task

Phase 1 Physical Synthesis Initialization
INFO: [Physopt 32-721] Multithreading enabled for phys_opt_design using a maximum of 8 CPUs
INFO: [Physopt 32-619] Estimated Timing Summary | WNS=-0.781 | TNS=-13.970 |
Phase 1 Physical Synthesis Initialization | Checksum: 27b79235f

Time (s): cpu = 00:00:00.67 ; elapsed = 00:00:00.23 . Memory (MB): peak = 3305.367 ; gain = 0.000 ; free physical = 4401 ; free virtual = 16979
INFO: [Place 46-33] Processed net sys_rst, BUFG insertion was skipped due to placement/routing conflicts.
INFO: [Place 46-56] BUFG insertion identified 1 candidate nets. Inserted BUFG: 0, Replicated BUFG Driver: 0, Skipped due to Placement/Routing Conflicts: 1, Skipped due to Timing Degradation: 0, Skipped due to netlist editing failed: 0.
Ending Physical Synthesis Task | Checksum: 2a080db63

Time (s): cpu = 00:00:00.87 ; elapsed = 00:00:00.37 . Memory (MB): peak = 3305.367 ; gain = 0.000 ; free physical = 4401 ; free virtual = 16979
Phase 4.1.1.1 BUFG Insertion | Checksum: 24a69768c

Time (s): cpu = 00:00:37 ; elapsed = 00:00:13 . Memory (MB): peak = 3305.367 ; gain = 0.000 ; free physical = 4401 ; free virtual = 16979

Phase 4.1.1.2 Post Placement Timing Optimization
INFO: [Place 30-746] Post Placement Timing Summary WNS=0.505. For the most accurate timing information please run report_timing.
Phase 4.1.1.2 Post Placement Timing Optimization | Checksum: 2a2d93c87

Time (s): cpu = 00:00:42 ; elapsed = 00:00:17 . Memory (MB): peak = 3305.367 ; gain = 0.000 ; free physical = 4399 ; free virtual = 16978

Time (s): cpu = 00:00:42 ; elapsed = 00:00:17 . Memory (MB): peak = 3305.367 ; gain = 0.000 ; free physical = 4399 ; free virtual = 16978
Phase 4.1 Post Commit Optimization | Checksum: 2a2d93c87

Time (s): cpu = 00:00:42 ; elapsed = 00:00:17 . Memory (MB): peak = 3305.367 ; gain = 0.000 ; free physical = 4399 ; free virtual = 16978

Phase 4.2 Post Placement Cleanup
Phase 4.2 Post Placement Cleanup | Checksum: 2a2d93c87

Time (s): cpu = 00:00:42 ; elapsed = 00:00:17 . Memory (MB): peak = 3305.367 ; gain = 0.000 ; free physical = 4399 ; free virtual = 16978

Phase 4.3 Placer Reporting

Phase 4.3.1 Print Estimated Congestion
INFO: [Place 30-612] Post-Placement Estimated Congestion 
 ____________________________________________________
|           | Global Congestion | Short Congestion  |
| Direction | Region Size       | Region Size       |
|___________|___________________|___________________|
|      North|                1x1|                4x4|
|___________|___________________|___________________|
|      South|                1x1|                1x1|
|___________|___________________|___________________|
|       East|                1x1|                2x2|
|___________|___________________|___________________|
|       West|                1x1|                1x1|
|___________|___________________|___________________|

Phase 4.3.1 Print Estimated Congestion | Checksum: 2a2d93c87

Time (s): cpu = 00:00:42 ; elapsed = 00:00:17 . Memory (MB): peak = 3305.367 ; gain = 0.000 ; free physical = 4399 ; free virtual = 16978
Phase 4.3 Placer Reporting | Checksum: 2a2d93c87

Time (s): cpu = 00:00:42 ; elapsed = 00:00:17 . Memory (MB): peak = 3305.367 ; gain = 0.000 ; free physical = 4399 ; free virtual = 16978

Phase 4.4 Final Placement Cleanup
Netlist sorting complete. Time (s): cpu = 00:00:00.01 ; elapsed = 00:00:00.01 . Memory (MB): peak = 3305.367 ; gain = 0.000 ; free physical = 4399 ; free virtual = 16978

Time (s): cpu = 00:00:42 ; elapsed = 00:00:17 . Memory (MB): peak = 3305.367 ; gain = 0.000 ; free physical = 4399 ; free virtual = 16978
Phase 4 Post Placement Optimization and Clean-Up | Checksum: 25641a22e

Time (s): cpu = 00:00:42 ; elapsed = 00:00:17 . Memory (MB): peak = 3305.367 ; gain = 0.000 ; free physical = 4399 ; free virtual = 16978
Ending Placer Task | Checksum: 1a7b206a6

Time (s): cpu = 00:00:42 ; elapsed = 00:00:17 . Memory (MB): peak = 3305.367 ; gain = 0.000 ; free physical = 4399 ; free virtual = 16978
39 Infos, 1 Warnings, 0 Critical Warnings and 0 Errors encountered.
place_design completed successfully
place_design: Time (s): cpu = 00:00:45 ; elapsed = 00:00:19 . Memory (MB): peak = 3305.367 ; gain = 0.000 ; free physical = 4399 ; free virtual = 16978
# report_utilization -hierarchical -file digilent_arty_utilization_hierarchical_place.rpt
# report_utilization -file digilent_arty_utilization_place.rpt
# report_io -file digilent_arty_io.rpt
report_io: Time (s): cpu = 00:00:00.07 ; elapsed = 00:00:00.13 . Memory (MB): peak = 3305.367 ; gain = 0.000 ; free physical = 4393 ; free virtual = 16971
# report_control_sets -verbose -file digilent_arty_control_sets.rpt
report_control_sets: Time (s): cpu = 00:00:00.02 ; elapsed = 00:00:00.09 . Memory (MB): peak = 3305.367 ; gain = 0.000 ; free physical = 4393 ; free virtual = 16971
# report_clock_utilization -file digilent_arty_clock_utilization.rpt
WARNING: [Device 21-9320] Failed to find the Oracle tile group with name 'HSR_BOUNDARY_TOP'. This is required for Clock regions and Virtual grid.
WARNING: [Device 21-2174] Failed to initialize Virtual grid.
# route_design -directive default
Command: route_design -directive default
Attempting to get a license for feature 'Implementation' and/or device 'xc7a35ti'
INFO: [Common 17-349] Got license for feature 'Implementation' and/or device 'xc7a35ti'
Running DRC as a precondition to command route_design
INFO: [DRC 23-27] Running DRC with 8 threads
INFO: [Vivado_Tcl 4-198] DRC finished with 0 Errors
INFO: [Vivado_Tcl 4-199] Please refer to the DRC report (report_drc) for more information.


Starting Routing Task
INFO: [Route 35-270] Using Router directive 'default'.
INFO: [Route 35-254] Multithreading enabled for route_design using a maximum of 8 CPUs

Phase 1 Build RT Design
Checksum: PlaceDB: 6af42b12 ConstDB: 0 ShapeSum: 9c3c7f3d RouteDB: a0815c57
Post Restoration Checksum: NetGraph: b22fa641 | NumContArr: 94251bf3 | Constraints: c2a8fa9d | Timing: c2a8fa9d
Phase 1 Build RT Design | Checksum: 2cba6b76e

Time (s): cpu = 00:00:14 ; elapsed = 00:00:11 . Memory (MB): peak = 3305.367 ; gain = 0.000 ; free physical = 4386 ; free virtual = 16964

Phase 2 Router Initialization

Phase 2.1 Fix Topology Constraints
Phase 2.1 Fix Topology Constraints | Checksum: 2cba6b76e

Time (s): cpu = 00:00:14 ; elapsed = 00:00:11 . Memory (MB): peak = 3305.367 ; gain = 0.000 ; free physical = 4385 ; free virtual = 16964

Phase 2.2 Pre Route Cleanup
Phase 2.2 Pre Route Cleanup | Checksum: 2cba6b76e

Time (s): cpu = 00:00:14 ; elapsed = 00:00:11 . Memory (MB): peak = 3305.367 ; gain = 0.000 ; free physical = 4385 ; free virtual = 16964
 Number of Nodes with overlaps = 0

Phase 2.3 Update Timing
Phase 2.3 Update Timing | Checksum: 255cd1a12

Time (s): cpu = 00:00:18 ; elapsed = 00:00:12 . Memory (MB): peak = 3305.367 ; gain = 0.000 ; free physical = 4385 ; free virtual = 16964
INFO: [Route 35-416] Intermediate Timing Summary | WNS=0.616  | TNS=0.000  | WHS=-0.185 | THS=-113.108|


Router Utilization Summary
  Global Vertical Routing Utilization    = 0.00167424 %
  Global Horizontal Routing Utilization  = 0.00702759 %
  Routable Net Status*
  *Does not include unroutable nets such as driverless and loadless.
  Run report_route_status for detailed report.
  Number of Failed Nets               = 8873
    (Failed Nets is the sum of unrouted and partially routed nets)
  Number of Unrouted Nets             = 8873
  Number of Partially Routed Nets     = 0
  Number of Node Overlaps             = 0

Phase 2 Router Initialization | Checksum: 26dbf4030

Time (s): cpu = 00:00:20 ; elapsed = 00:00:12 . Memory (MB): peak = 3305.367 ; gain = 0.000 ; free physical = 4385 ; free virtual = 16964

Phase 3 Global Routing
Phase 3 Global Routing | Checksum: 26dbf4030

Time (s): cpu = 00:00:20 ; elapsed = 00:00:12 . Memory (MB): peak = 3305.367 ; gain = 0.000 ; free physical = 4385 ; free virtual = 16964

Phase 4 Initial Routing

Phase 4.1 Initial Net Routing Pass
Phase 4.1 Initial Net Routing Pass | Checksum: 16ed1eeff

Time (s): cpu = 00:00:23 ; elapsed = 00:00:13 . Memory (MB): peak = 3305.367 ; gain = 0.000 ; free physical = 4385 ; free virtual = 16964
Phase 4 Initial Routing | Checksum: 16ed1eeff

Time (s): cpu = 00:00:23 ; elapsed = 00:00:13 . Memory (MB): peak = 3305.367 ; gain = 0.000 ; free physical = 4385 ; free virtual = 16964

Phase 5 Rip-up And Reroute

Phase 5.1 Global Iteration 0
 Number of Nodes with overlaps = 1927
 Number of Nodes with overlaps = 637
 Number of Nodes with overlaps = 295
 Number of Nodes with overlaps = 93
 Number of Nodes with overlaps = 44
 Number of Nodes with overlaps = 27
 Number of Nodes with overlaps = 23
 Number of Nodes with overlaps = 16
 Number of Nodes with overlaps = 5
 Number of Nodes with overlaps = 2
 Number of Nodes with overlaps = 0
INFO: [Route 35-416] Intermediate Timing Summary | WNS=0.083  | TNS=0.000  | WHS=N/A    | THS=N/A    |

Phase 5.1 Global Iteration 0 | Checksum: 18fc2bbf8

Time (s): cpu = 00:00:42 ; elapsed = 00:00:22 . Memory (MB): peak = 3305.367 ; gain = 0.000 ; free physical = 4384 ; free virtual = 16963

Phase 5.2 Global Iteration 1
 Number of Nodes with overlaps = 28
 Number of Nodes with overlaps = 6
 Number of Nodes with overlaps = 11
 Number of Nodes with overlaps = 5
 Number of Nodes with overlaps = 3
 Number of Nodes with overlaps = 1
 Number of Nodes with overlaps = 1
 Number of Nodes with overlaps = 0
INFO: [Route 35-416] Intermediate Timing Summary | WNS=0.034  | TNS=0.000  | WHS=N/A    | THS=N/A    |

Phase 5.2 Global Iteration 1 | Checksum: 21598f883

Time (s): cpu = 00:00:44 ; elapsed = 00:00:24 . Memory (MB): peak = 3305.367 ; gain = 0.000 ; free physical = 4384 ; free virtual = 16962
Phase 5 Rip-up And Reroute | Checksum: 21598f883

Time (s): cpu = 00:00:44 ; elapsed = 00:00:24 . Memory (MB): peak = 3305.367 ; gain = 0.000 ; free physical = 4383 ; free virtual = 16962

Phase 6 Delay and Skew Optimization

Phase 6.1 Delay CleanUp
Phase 6.1 Delay CleanUp | Checksum: 21598f883

Time (s): cpu = 00:00:44 ; elapsed = 00:00:24 . Memory (MB): peak = 3305.367 ; gain = 0.000 ; free physical = 4383 ; free virtual = 16962

Phase 6.2 Clock Skew Optimization
Phase 6.2 Clock Skew Optimization | Checksum: 21598f883

Time (s): cpu = 00:00:44 ; elapsed = 00:00:24 . Memory (MB): peak = 3305.367 ; gain = 0.000 ; free physical = 4383 ; free virtual = 16962
Phase 6 Delay and Skew Optimization | Checksum: 21598f883

Time (s): cpu = 00:00:44 ; elapsed = 00:00:24 . Memory (MB): peak = 3305.367 ; gain = 0.000 ; free physical = 4383 ; free virtual = 16962

Phase 7 Post Hold Fix

Phase 7.1 Hold Fix Iter
INFO: [Route 35-416] Intermediate Timing Summary | WNS=0.113  | TNS=0.000  | WHS=0.031  | THS=0.000  |

Phase 7.1 Hold Fix Iter | Checksum: 22c06ee0d

Time (s): cpu = 00:00:45 ; elapsed = 00:00:24 . Memory (MB): peak = 3305.367 ; gain = 0.000 ; free physical = 4383 ; free virtual = 16962
Phase 7 Post Hold Fix | Checksum: 22c06ee0d

Time (s): cpu = 00:00:46 ; elapsed = 00:00:24 . Memory (MB): peak = 3305.367 ; gain = 0.000 ; free physical = 4383 ; free virtual = 16962

Phase 8 Route finalize

Router Utilization Summary
  Global Vertical Routing Utilization    = 3.37367 %
  Global Horizontal Routing Utilization  = 4.5 %
  Routable Net Status*
  *Does not include unroutable nets such as driverless and loadless.
  Run report_route_status for detailed report.
  Number of Failed Nets               = 0
    (Failed Nets is the sum of unrouted and partially routed nets)
  Number of Unrouted Nets             = 0
  Number of Partially Routed Nets     = 0
  Number of Node Overlaps             = 0

Phase 8 Route finalize | Checksum: 22c06ee0d

Time (s): cpu = 00:00:46 ; elapsed = 00:00:24 . Memory (MB): peak = 3305.367 ; gain = 0.000 ; free physical = 4383 ; free virtual = 16962

Phase 9 Verifying routed nets

 Verification completed successfully
Phase 9 Verifying routed nets | Checksum: 22c06ee0d

Time (s): cpu = 00:00:46 ; elapsed = 00:00:24 . Memory (MB): peak = 3305.367 ; gain = 0.000 ; free physical = 4383 ; free virtual = 16962

Phase 10 Depositing Routes
Phase 10 Depositing Routes | Checksum: 16cee43e8

Time (s): cpu = 00:00:46 ; elapsed = 00:00:25 . Memory (MB): peak = 3305.367 ; gain = 0.000 ; free physical = 4383 ; free virtual = 16962

Phase 11 Post Process Routing
Phase 11 Post Process Routing | Checksum: 16cee43e8

Time (s): cpu = 00:00:46 ; elapsed = 00:00:25 . Memory (MB): peak = 3305.367 ; gain = 0.000 ; free physical = 4383 ; free virtual = 16962

Phase 12 Post Router Timing
INFO: [Route 35-57] Estimated Timing Summary | WNS=0.113  | TNS=0.000  | WHS=0.031  | THS=0.000  |

INFO: [Route 35-327] The final timing numbers are based on the router estimated timing analysis. For a complete and accurate timing signoff, please run report_timing_summary.
Phase 12 Post Router Timing | Checksum: 16cee43e8

Time (s): cpu = 00:00:46 ; elapsed = 00:00:25 . Memory (MB): peak = 3305.367 ; gain = 0.000 ; free physical = 4383 ; free virtual = 16962
Total Elapsed time in route_design: 24.93 secs

Phase 13 Post-Route Event Processing
Phase 13 Post-Route Event Processing | Checksum: 1f0d15afa

Time (s): cpu = 00:00:47 ; elapsed = 00:00:25 . Memory (MB): peak = 3305.367 ; gain = 0.000 ; free physical = 4383 ; free virtual = 16962
INFO: [Route 35-16] Router Completed Successfully
Ending Routing Task | Checksum: 1f0d15afa

Time (s): cpu = 00:00:47 ; elapsed = 00:00:25 . Memory (MB): peak = 3305.367 ; gain = 0.000 ; free physical = 4383 ; free virtual = 16962

Routing Is Done.
INFO: [Common 17-83] Releasing license: Implementation
14 Infos, 0 Warnings, 0 Critical Warnings and 0 Errors encountered.
route_design completed successfully
route_design: Time (s): cpu = 00:00:48 ; elapsed = 00:00:26 . Memory (MB): peak = 3305.367 ; gain = 0.000 ; free physical = 4383 ; free virtual = 16962
# phys_opt_design -directive default
Command: phys_opt_design -directive default
Attempting to get a license for feature 'Implementation' and/or device 'xc7a35ti'
INFO: [Common 17-349] Got license for feature 'Implementation' and/or device 'xc7a35ti'
INFO: [Vivado_Tcl 4-241] Physical synthesis in post route mode 
INFO: [Vivado_Tcl 4-137] Directive used for phys_opt_design is: default

Starting Initial Update Timing Task

Time (s): cpu = 00:00:03 ; elapsed = 00:00:00.67 . Memory (MB): peak = 3305.367 ; gain = 0.000 ; free physical = 4383 ; free virtual = 16962
INFO: [Vivado_Tcl 4-2279] Estimated Timing Summary | WNS= 0.121 | TNS= 0.000 | 
INFO: [Vivado_Tcl 4-383] Design worst setup slack (WNS) is greater than or equal to 0.000 ns. All physical synthesis setup optimizations will be skipped.
INFO: [Vivado_Tcl 4-232] No setup violation found. The netlist was not modified.
INFO: [Common 17-83] Releasing license: Implementation
7 Infos, 0 Warnings, 0 Critical Warnings and 0 Errors encountered.
phys_opt_design completed successfully
# write_checkpoint -force digilent_arty_route.dcp
INFO: [Timing 38-480] Writing timing data to binary archive.
Write ShapeDB Complete: Time (s): cpu = 00:00:00.05 ; elapsed = 00:00:00.02 . Memory (MB): peak = 3305.367 ; gain = 0.000 ; free physical = 4382 ; free virtual = 16962
Wrote PlaceDB: Time (s): cpu = 00:00:00.82 ; elapsed = 00:00:00.34 . Memory (MB): peak = 3305.367 ; gain = 0.000 ; free physical = 4372 ; free virtual = 16960
Wrote PulsedLatchDB: Time (s): cpu = 00:00:00 ; elapsed = 00:00:00 . Memory (MB): peak = 3305.367 ; gain = 0.000 ; free physical = 4372 ; free virtual = 16960
Writing XDEF routing.
Writing XDEF routing logical nets.
Writing XDEF routing special nets.
Wrote RouteStorage: Time (s): cpu = 00:00:00.17 ; elapsed = 00:00:00.11 . Memory (MB): peak = 3305.367 ; gain = 0.000 ; free physical = 4371 ; free virtual = 16960
Wrote Netlist Cache: Time (s): cpu = 00:00:00 ; elapsed = 00:00:00.01 . Memory (MB): peak = 3305.367 ; gain = 0.000 ; free physical = 4371 ; free virtual = 16962
Wrote Device Cache: Time (s): cpu = 00:00:00.01 ; elapsed = 00:00:00.01 . Memory (MB): peak = 3305.367 ; gain = 0.000 ; free physical = 4363 ; free virtual = 16954
Write Physdb Complete: Time (s): cpu = 00:00:01 ; elapsed = 00:00:00.47 . Memory (MB): peak = 3305.367 ; gain = 0.000 ; free physical = 4363 ; free virtual = 16954
INFO: [Common 17-1381] The checkpoint '/home/jsp/Storage/CFU-Playground/soc/build/digilent_arty.example_cfu/gateware/digilent_arty_route.dcp' has been generated.
# report_timing_summary -no_header -no_detailed_paths
INFO: [Timing 38-91] UpdateTimingParams: Speed grade: -1L, Delay Type: min_max.
INFO: [Timing 38-191] Multithreading enabled for timing update using a maximum of 8 CPUs
------------------------------------------------------------------------------------------------
| Timer Settings
| --------------
------------------------------------------------------------------------------------------------

  Enable Multi Corner Analysis               :  Yes
  Enable Pessimism Removal                   :  Yes
  Pessimism Removal Resolution               :  Nearest Common Node
  Enable Input Delay Default Clock           :  No
  Enable Preset / Clear Arcs                 :  No
  Disable Flight Delays                      :  No
  Ignore I/O Paths                           :  No
  Timing Early Launch at Borrowing Latches   :  No
  Borrow Time for Max Delay Exceptions       :  Yes
  Merge Timing Exceptions                    :  Yes
  Inter-SLR Compensation                     :  Conservative

  Corner  Analyze    Analyze    
  Name    Max Paths  Min Paths  
  ------  ---------  ---------  
  Slow    Yes        Yes        
  Fast    Yes        Yes        


------------------------------------------------------------------------------------------------
| Report Methodology
| ------------------
------------------------------------------------------------------------------------------------

No report available as report_methodology has not been run prior. Run report_methodology on the current design for the summary of methodology violations.



check_timing report

Table of Contents
-----------------
1. checking no_clock (0)
2. checking constant_clock (0)
3. checking pulse_width_clock (0)
4. checking unconstrained_internal_endpoints (0)
5. checking no_input_delay (18)
6. checking no_output_delay (50)
7. checking multiple_clock (0)
8. checking generated_clocks (0)
9. checking loops (0)
10. checking partial_input_delay (0)
11. checking partial_output_delay (0)
12. checking latch_loops (0)

1. checking no_clock (0)
------------------------
 There are 0 register/latch pins with no clock.


2. checking constant_clock (0)
------------------------------
 There are 0 register/latch pins with constant_clock.


3. checking pulse_width_clock (0)
---------------------------------
 There are 0 register/latch pins which need pulse_width check


4. checking unconstrained_internal_endpoints (0)
------------------------------------------------
 There are 0 pins that are not constrained for maximum delay.

 There are 0 pins that are not constrained for maximum delay due to constant clock.


5. checking no_input_delay (18)
-------------------------------
 There are 18 input ports with no input delay specified. (HIGH)

 There are 0 input ports with no input delay but user has a false path constraint.


6. checking no_output_delay (50)
--------------------------------
 There are 50 ports with no output delay specified. (HIGH)

 There are 0 ports with no output delay but user has a false path constraint

 There are 0 ports with no output delay but with a timing clock defined on it or propagating through it


7. checking multiple_clock (0)
------------------------------
 There are 0 register/latch pins with multiple clocks.


8. checking generated_clocks (0)
--------------------------------
 There are 0 generated clocks that are not connected to a clock source.


9. checking loops (0)
---------------------
 There are 0 combinational loops in the design.


10. checking partial_input_delay (0)
------------------------------------
 There are 0 input ports with partial input delay specified.


11. checking partial_output_delay (0)
-------------------------------------
 There are 0 ports with partial output delay specified.


12. checking latch_loops (0)
----------------------------
 There are 0 combinational latch loops in the design through latch input



------------------------------------------------------------------------------------------------
| Design Timing Summary
| ---------------------
------------------------------------------------------------------------------------------------

    WNS(ns)      TNS(ns)  TNS Failing Endpoints  TNS Total Endpoints      WHS(ns)      THS(ns)  THS Failing Endpoints  THS Total Endpoints     WPWS(ns)     TPWS(ns)  TPWS Failing Endpoints  TPWS Total Endpoints  
    -------      -------  ---------------------  -------------------      -------      -------  ---------------------  -------------------     --------     --------  ----------------------  --------------------  
      0.121        0.000                      0                11236        0.033        0.000                      0                11236        0.264        0.000                       0                  4387  


All user specified timing constraints are met.


------------------------------------------------------------------------------------------------
| Clock Summary
| -------------
------------------------------------------------------------------------------------------------

Clock                         Waveform(ns)         Period(ns)      Frequency(MHz)
-----                         ------------         ----------      --------------
clk100                        {0.000 5.000}        10.000          100.000         
  soc_builder_basesoc_pll_fb  {0.000 5.000}        10.000          100.000         
  soc_crg_clkout0             {0.000 5.000}        10.000          100.000         
  soc_crg_clkout1             {0.000 20.000}       40.000          25.000          
  soc_crg_clkout2             {0.000 1.250}        2.500           400.000         
  soc_crg_clkout3             {0.625 1.875}        2.500           400.000         
  soc_crg_clkout4             {0.000 2.500}        5.000           200.000         


------------------------------------------------------------------------------------------------
| Intra Clock Table
| -----------------
------------------------------------------------------------------------------------------------

Clock                             WNS(ns)      TNS(ns)  TNS Failing Endpoints  TNS Total Endpoints      WHS(ns)      THS(ns)  THS Failing Endpoints  THS Total Endpoints     WPWS(ns)     TPWS(ns)  TPWS Failing Endpoints  TPWS Total Endpoints  
-----                             -------      -------  ---------------------  -------------------      -------      -------  ---------------------  -------------------     --------     --------  ----------------------  --------------------  
clk100                              8.623        0.000                      0                    7        0.174        0.000                      0                    7        3.000        0.000                       0                    10  
  soc_builder_basesoc_pll_fb                                                                                                                                                    8.751        0.000                       0                     2  
  soc_crg_clkout0                   0.121        0.000                      0                11215        0.033        0.000                      0                11215        3.750        0.000                       0                  4282  
  soc_crg_clkout1                                                                                                                                                              37.845        0.000                       0                     2  
  soc_crg_clkout2                                                                                                                                                               0.345        0.000                       0                    77  
  soc_crg_clkout3                                                                                                                                                               0.345        0.000                       0                     4  
  soc_crg_clkout4                   1.254        0.000                      0                   14        0.122        0.000                      0                   14        0.264        0.000                       0                    10  


------------------------------------------------------------------------------------------------
| Inter Clock Table
| -----------------
------------------------------------------------------------------------------------------------

From Clock    To Clock          WNS(ns)      TNS(ns)  TNS Failing Endpoints  TNS Total Endpoints      WHS(ns)      THS(ns)  THS Failing Endpoints  THS Total Endpoints  
----------    --------          -------      -------  ---------------------  -------------------      -------      -------  ---------------------  -------------------  


------------------------------------------------------------------------------------------------
| Other Path Groups Table
| -----------------------
------------------------------------------------------------------------------------------------

Path Group    From Clock    To Clock          WNS(ns)      TNS(ns)  TNS Failing Endpoints  TNS Total Endpoints      WHS(ns)      THS(ns)  THS Failing Endpoints  THS Total Endpoints  
----------    ----------    --------          -------      -------  ---------------------  -------------------      -------      -------  ---------------------  -------------------  


# report_route_status -file digilent_arty_route_status.rpt
# report_drc -file digilent_arty_drc.rpt
Command: report_drc -file digilent_arty_drc.rpt
INFO: [IP_Flow 19-234] Refreshing IP repositories
INFO: [IP_Flow 19-1704] No user IP repositories specified
INFO: [IP_Flow 19-2313] Loaded Vivado IP repository '/home/jsp/Storage/Vivado/2024.1/data/ip'.
INFO: [DRC 23-27] Running DRC with 8 threads
INFO: [Vivado_Tcl 2-168] The results of DRC are in file /home/jsp/Storage/CFU-Playground/soc/build/digilent_arty.example_cfu/gateware/digilent_arty_drc.rpt.
report_drc completed successfully
# report_timing_summary -datasheet -max_paths 10 -file digilent_arty_timing.rpt
INFO: [Timing 38-91] UpdateTimingParams: Speed grade: -1L, Delay Type: min_max.
INFO: [Timing 38-191] Multithreading enabled for timing update using a maximum of 8 CPUs
# report_power -file digilent_arty_power.rpt
Command: report_power -file digilent_arty_power.rpt
Running Vector-less Activity Propagation...

Finished Running Vector-less Activity Propagation
WARNING: [Power 33-332] Found switching activity that implies high-fanout reset nets being asserted for excessive periods of time which may result in inaccurate power analysis.
Resolution: To review and fix problems, please run Power Constraints Advisor in the GUI from Tools > Power Constraints Advisor or run report_power with the -advisory option to generate a text report.
0 Infos, 1 Warnings, 0 Critical Warnings and 0 Errors encountered.
report_power completed successfully
# set_property BITSTREAM.CONFIG.SPI_BUSWIDTH 4 [current_design]
# write_bitstream -force digilent_arty.bit 
Command: write_bitstream -force digilent_arty.bit
Attempting to get a license for feature 'Implementation' and/or device 'xc7a35ti'
INFO: [Common 17-349] Got license for feature 'Implementation' and/or device 'xc7a35ti'
Running DRC as a precondition to command write_bitstream
INFO: [IP_Flow 19-1839] IP Catalog is up to date.
INFO: [DRC 23-27] Running DRC with 8 threads
WARNING: [DRC BUFC-1] Input Buffer Connections: Input buffer IOBUFDS/IBUFDS has no loads. It is recommended to have an input buffer drive an internal load.
WARNING: [DRC BUFC-1] Input Buffer Connections: Input buffer IOBUFDS_1/IBUFDS has no loads. It is recommended to have an input buffer drive an internal load.
WARNING: [DRC CFGBVS-1] Missing CFGBVS and CONFIG_VOLTAGE Design Properties: Neither the CFGBVS nor CONFIG_VOLTAGE voltage property is set in the current_design.  Configuration bank voltage select (CFGBVS) must be set to VCCO or GND, and CONFIG_VOLTAGE must be set to the correct configuration voltage, in order to determine the I/O voltage support for the pins in bank 0.  It is suggested to specify these either using the 'Edit Device Properties' function in the GUI or directly in the XDC file using the following syntax:

 set_property CFGBVS value1 [current_design]
 #where value1 is either VCCO or GND

 set_property CONFIG_VOLTAGE value2 [current_design]
 #where value2 is the voltage provided to configuration bank 0

Refer to the device configuration user guide for more information.
WARNING: [DRC DPIP-1] Input pipelining: DSP VexRiscv/execute_to_memory_MUL_HL_reg input VexRiscv/execute_to_memory_MUL_HL_reg/A[29:0] is not pipelined. Pipelining DSP48 input will improve performance.
WARNING: [DRC DPIP-1] Input pipelining: DSP VexRiscv/execute_to_memory_MUL_HL_reg input VexRiscv/execute_to_memory_MUL_HL_reg/B[17:0] is not pipelined. Pipelining DSP48 input will improve performance.
WARNING: [DRC DPIP-1] Input pipelining: DSP VexRiscv/execute_to_memory_MUL_LH_reg input VexRiscv/execute_to_memory_MUL_LH_reg/A[29:0] is not pipelined. Pipelining DSP48 input will improve performance.
WARNING: [DRC DPIP-1] Input pipelining: DSP VexRiscv/execute_to_memory_MUL_LH_reg input VexRiscv/execute_to_memory_MUL_LH_reg/B[17:0] is not pipelined. Pipelining DSP48 input will improve performance.
WARNING: [DRC DPIP-1] Input pipelining: DSP VexRiscv/execute_to_memory_MUL_LL_reg input VexRiscv/execute_to_memory_MUL_LL_reg/A[29:0] is not pipelined. Pipelining DSP48 input will improve performance.
WARNING: [DRC DPIP-1] Input pipelining: DSP VexRiscv/execute_to_memory_MUL_LL_reg input VexRiscv/execute_to_memory_MUL_LL_reg/B[17:0] is not pipelined. Pipelining DSP48 input will improve performance.
WARNING: [DRC DPIP-1] Input pipelining: DSP VexRiscv/memory_to_writeBack_MUL_HH_reg input VexRiscv/memory_to_writeBack_MUL_HH_reg/A[29:0] is not pipelined. Pipelining DSP48 input will improve performance.
WARNING: [DRC DPIP-1] Input pipelining: DSP VexRiscv/memory_to_writeBack_MUL_HH_reg input VexRiscv/memory_to_writeBack_MUL_HH_reg/B[17:0] is not pipelined. Pipelining DSP48 input will improve performance.
WARNING: [DRC DPOP-2] MREG Output pipelining: DSP VexRiscv/execute_to_memory_MUL_HL_reg multiplier stage VexRiscv/execute_to_memory_MUL_HL_reg/P[47:0] is not pipelined (MREG=0). Pipelining the multiplier function will improve performance and will save significant power so it is suggested whenever possible to fully pipeline this function.  If this multiplier was inferred, it is suggested to describe an additional register stage after this function.  If there is no registered adder/accumulator following the multiply function, two pipeline stages are suggested to allow both the MREG and PREG registers to be used.  If the DSP48 was instantiated in the design, it is suggested to set both the MREG and PREG attributes to 1 when performing multiply functions.
WARNING: [DRC DPOP-2] MREG Output pipelining: DSP VexRiscv/execute_to_memory_MUL_LH_reg multiplier stage VexRiscv/execute_to_memory_MUL_LH_reg/P[47:0] is not pipelined (MREG=0). Pipelining the multiplier function will improve performance and will save significant power so it is suggested whenever possible to fully pipeline this function.  If this multiplier was inferred, it is suggested to describe an additional register stage after this function.  If there is no registered adder/accumulator following the multiply function, two pipeline stages are suggested to allow both the MREG and PREG registers to be used.  If the DSP48 was instantiated in the design, it is suggested to set both the MREG and PREG attributes to 1 when performing multiply functions.
WARNING: [DRC DPOP-2] MREG Output pipelining: DSP VexRiscv/execute_to_memory_MUL_LL_reg multiplier stage VexRiscv/execute_to_memory_MUL_LL_reg/P[47:0] is not pipelined (MREG=0). Pipelining the multiplier function will improve performance and will save significant power so it is suggested whenever possible to fully pipeline this function.  If this multiplier was inferred, it is suggested to describe an additional register stage after this function.  If there is no registered adder/accumulator following the multiply function, two pipeline stages are suggested to allow both the MREG and PREG registers to be used.  If the DSP48 was instantiated in the design, it is suggested to set both the MREG and PREG attributes to 1 when performing multiply functions.
WARNING: [DRC PDRC-153] Gated clock check: Net soc_crg_clkin is a gated clock net sourced by a combinational pin clk100_inst/O, cell clk100_inst. This is not good design practice and will likely impact performance. For SLICE registers, for example, use the CE pin to control the loading of data.
WARNING: [DRC PLHOLDVIO-2] Non-Optimal connections which could lead to hold violations: A LUT clk100_inst is driving clock pin of 8 cells. This could lead to large hold time violations. Involved cells are:
FDCE, FDCE_1, FDCE_2, FDCE_3, FDCE_4, FDCE_5, FDCE_6, and FDCE_7
INFO: [Vivado 12-3199] DRC finished with 0 Errors, 16 Warnings
INFO: [Vivado 12-3200] Please refer to the DRC report (report_drc) for more information.
INFO: [Designutils 20-2272] Running write_bitstream with 8 threads.
Loading data files...
Loading site data...
Loading route data...
Processing options...
Creating bitmap...
Creating bitstream...
Writing bitstream ./digilent_arty.bit...
INFO: [Vivado 12-1842] Bitgen Completed Successfully.
INFO: [Project 1-1876] WebTalk data collection is mandatory when using a ULT device. To see the specific WebTalk data collected for your design, open the usage_statistics_webtalk.html or usage_statistics_webtalk.xml file in the implementation directory.
INFO: [Common 17-83] Releasing license: Implementation
9 Infos, 16 Warnings, 0 Critical Warnings and 0 Errors encountered.
write_bitstream completed successfully
write_bitstream: Time (s): cpu = 00:00:16 ; elapsed = 00:00:18 . Memory (MB): peak = 3305.367 ; gain = 0.000 ; free physical = 4336 ; free virtual = 16921
# write_cfgmem -force -format bin -interface spix4 -size 16 -loadbit "up 0x0 digilent_arty.bit" -file digilent_arty.bin
Command: write_cfgmem -force -format bin -interface spix4 -size 16 -loadbit {up 0x0 digilent_arty.bit} -file digilent_arty.bin
Creating config memory files...
Creating bitstream load up from address 0x00000000
Loading bitfile digilent_arty.bit
Writing file ./digilent_arty.bin
Writing log file ./digilent_arty.prm
===================================
Configuration Memory information
===================================
File Format        BIN
Interface          SPIX4
Size               16M
Start Address      0x00000000
End Address        0x00FFFFFF

Addr1         Addr2         Date                    File(s)
0x00000000    0x0021728B    Nov 21 12:50:47 2025    digilent_arty.bit
0 Infos, 0 Warnings, 0 Critical Warnings and 0 Errors encountered.
write_cfgmem completed successfully
# quit
INFO: [Common 17-206] Exiting Vivado at Fri Nov 21 12:50:48 2025...
