#-----------------------------------------------------------
# Vivado v2024.1 (64-bit)
# SW Build 5076996 on Wed May 22 18:36:09 MDT 2024
# IP Build 5075265 on Wed May 22 21:45:21 MDT 2024
# SharedData Build 5076995 on Wed May 22 18:29:18 MDT 2024
# Start of session at: Tue Nov  4 23:10:48 2025
# Process ID: 9334
# Current directory: /home/jsp/Storage/CFU_PYNQ_FIles/CFU_SRC/pynq_z2/pynq_z2
# Command line: vivado pynq_z2.xpr
# Log file: /home/jsp/Storage/CFU_PYNQ_FIles/CFU_SRC/pynq_z2/pynq_z2/vivado.log
# Journal file: /home/jsp/Storage/CFU_PYNQ_FIles/CFU_SRC/pynq_z2/pynq_z2/vivado.jou
# Running On        :jsp-H370M-D3H
# Platform          :Ubuntu
# Operating System  :Ubuntu 24.04.3 LTS
# Processor Detail  :Intel(R) Core(TM) i7-8700 CPU @ 3.20GHz
# CPU Frequency     :4299.987 MHz
# CPU Physical cores:6
# CPU Logical cores :12
# Host memory       :16696 MB
# Swap memory       :8589 MB
# Total Virtual     :25285 MB
# Available Virtual :22968 MB
#-----------------------------------------------------------
start_gui
WARNING: [Board 49-26] cannot add Board Part xilinx.com:kc705:part0:1.6 available at /home/jsp/Storage/Vivado/2024.1/data/xhub/boards/XilinxBoardStore/boards/Xilinx/kc705/1.6/board.xml as part xc7k325tffg900-2 specified in board_part file is either invalid or not available
WARNING: [Board 49-26] cannot add Board Part xilinx.com:kcu105:part0:1.6 available at /home/jsp/Storage/Vivado/2024.1/data/xhub/boards/XilinxBoardStore/boards/Xilinx/kcu105/1.6/board.xml as part xcku040-ffva1156-2-e specified in board_part file is either invalid or not available
WARNING: [Board 49-26] cannot add Board Part xilinx.com:kcu105:part0:1.7 available at /home/jsp/Storage/Vivado/2024.1/data/xhub/boards/XilinxBoardStore/boards/Xilinx/kcu105/1.7/board.xml as part xcku040-ffva1156-2-e specified in board_part file is either invalid or not available
WARNING: [Board 49-26] cannot add Board Part xilinx.com:kcu116:part0:1.4 available at /home/jsp/Storage/Vivado/2024.1/data/xhub/boards/XilinxBoardStore/boards/Xilinx/kcu116/1.4/board.xml as part xcku5p-ffvb676-2-e specified in board_part file is either invalid or not available
WARNING: [Board 49-26] cannot add Board Part xilinx.com:kcu116:part0:1.5 available at /home/jsp/Storage/Vivado/2024.1/data/xhub/boards/XilinxBoardStore/boards/Xilinx/kcu116/1.5/board.xml as part xcku5p-ffvb676-2-e specified in board_part file is either invalid or not available
WARNING: [Board 49-26] cannot add Board Part xilinx.com:kcu1500:part0:1.2 available at /home/jsp/Storage/Vivado/2024.1/data/xhub/boards/XilinxBoardStore/boards/Xilinx/kcu1500/1.2/board.xml as part xcku115-flvb2104-2-e specified in board_part file is either invalid or not available
WARNING: [Board 49-26] cannot add Board Part xilinx.com:sp701:part0:1.0 available at /home/jsp/Storage/Vivado/2024.1/data/xhub/boards/XilinxBoardStore/boards/Xilinx/sp701/1.0/board.xml as part xc7s100fgga676-2 specified in board_part file is either invalid or not available
WARNING: [Board 49-26] cannot add Board Part xilinx.com:sp701:part0:1.1 available at /home/jsp/Storage/Vivado/2024.1/data/xhub/boards/XilinxBoardStore/boards/Xilinx/sp701/1.1/board.xml as part xc7s100fgga676-2 specified in board_part file is either invalid or not available
WARNING: [Board 49-26] cannot add Board Part xilinx.com:vc707:part0:1.4 available at /home/jsp/Storage/Vivado/2024.1/data/xhub/boards/XilinxBoardStore/boards/Xilinx/vc707/1.4/board.xml as part xc7vx485tffg1761-2 specified in board_part file is either invalid or not available
WARNING: [Board 49-26] cannot add Board Part xilinx.com:vc709:part0:1.8 available at /home/jsp/Storage/Vivado/2024.1/data/xhub/boards/XilinxBoardStore/boards/Xilinx/vc709/1.8/board.xml as part xc7vx690tffg1761-2 specified in board_part file is either invalid or not available
WARNING: [Board 49-26] cannot add Board Part xilinx.com:vck190:part0:2.2 available at /home/jsp/Storage/Vivado/2024.1/data/xhub/boards/XilinxBoardStore/boards/Xilinx/vck190/production/2.2/board.xml as part xcvc1902-vsva2197-2mp-e-s specified in board_part file is either invalid or not available
WARNING: [Board 49-26] cannot add Board Part xilinx.com:vck190:part0:3.0 available at /home/jsp/Storage/Vivado/2024.1/data/xhub/boards/XilinxBoardStore/boards/Xilinx/vck190/production/3.0/board.xml as part xcvc1902-vsva2197-2mp-e-s specified in board_part file is either invalid or not available
WARNING: [Board 49-26] cannot add Board Part xilinx.com:vck190:part0:3.1 available at /home/jsp/Storage/Vivado/2024.1/data/xhub/boards/XilinxBoardStore/boards/Xilinx/vck190/production/3.1/board.xml as part xcvc1902-vsva2197-2mp-e-s specified in board_part file is either invalid or not available
WARNING: [Board 49-26] cannot add Board Part xilinx.com:vck190:part0:3.2 available at /home/jsp/Storage/Vivado/2024.1/data/xhub/boards/XilinxBoardStore/boards/Xilinx/vck190/production/3.2/board.xml as part xcvc1902-vsva2197-2mp-e-s specified in board_part file is either invalid or not available
WARNING: [Board 49-26] cannot add Board Part xilinx.com:vck190:part0:3.3 available at /home/jsp/Storage/Vivado/2024.1/data/xhub/boards/XilinxBoardStore/boards/Xilinx/vck190/production/3.3/board.xml as part xcvc1902-vsva2197-2mp-e-s specified in board_part file is either invalid or not available
WARNING: [Board 49-26] cannot add Board Part xilinx.com:vck190_newl:part0:1.0 available at /home/jsp/Storage/Vivado/2024.1/data/xhub/boards/XilinxBoardStore/boards/Xilinx/vck190_newl/production/1.0/board.xml as part xcvc1902-vsva2197-2mp-e-s specified in board_part file is either invalid or not available
WARNING: [Board 49-26] cannot add Board Part xilinx.com:vck190_newl:part0:1.1 available at /home/jsp/Storage/Vivado/2024.1/data/xhub/boards/XilinxBoardStore/boards/Xilinx/vck190_newl/production/1.1/board.xml as part xcvc1902-vsva2197-2mp-e-s specified in board_part file is either invalid or not available
WARNING: [Board 49-26] cannot add Board Part xilinx.com:vck190_newl:part0:1.2 available at /home/jsp/Storage/Vivado/2024.1/data/xhub/boards/XilinxBoardStore/boards/Xilinx/vck190_newl/production/1.2/board.xml as part xcvc1902-vsva2197-2mp-e-s specified in board_part file is either invalid or not available
WARNING: [Board 49-26] cannot add Board Part xilinx.com:vcu108:part0:1.6 available at /home/jsp/Storage/Vivado/2024.1/data/xhub/boards/XilinxBoardStore/boards/Xilinx/vcu108/1.6/board.xml as part xcvu095-ffva2104-2-e specified in board_part file is either invalid or not available
WARNING: [Board 49-26] cannot add Board Part xilinx.com:vcu108:part0:1.7 available at /home/jsp/Storage/Vivado/2024.1/data/xhub/boards/XilinxBoardStore/boards/Xilinx/vcu108/1.7/board.xml as part xcvu095-ffva2104-2-e specified in board_part file is either invalid or not available
WARNING: [Board 49-26] cannot add Board Part xilinx.com:vcu110:part0:1.4 available at /home/jsp/Storage/Vivado/2024.1/data/xhub/boards/XilinxBoardStore/boards/Xilinx/vcu110/1.4/board.xml as part xcvu190-flgc2104-2-e specified in board_part file is either invalid or not available
WARNING: [Board 49-26] cannot add Board Part xilinx.com:vcu118:part0:2.0 available at /home/jsp/Storage/Vivado/2024.1/data/xhub/boards/XilinxBoardStore/boards/Xilinx/vcu118/2.0/board.xml as part xcvu9p-flga2104-2l-e specified in board_part file is either invalid or not available
WARNING: [Board 49-26] cannot add Board Part xilinx.com:vcu118:part0:2.3 available at /home/jsp/Storage/Vivado/2024.1/data/xhub/boards/XilinxBoardStore/boards/Xilinx/vcu118/2.3/board.xml as part xcvu9p-flga2104-2l-e specified in board_part file is either invalid or not available
WARNING: [Board 49-26] cannot add Board Part xilinx.com:vcu118:part0:2.4 available at /home/jsp/Storage/Vivado/2024.1/data/xhub/boards/XilinxBoardStore/boards/Xilinx/vcu118/2.4/board.xml as part xcvu9p-flga2104-2l-e specified in board_part file is either invalid or not available
WARNING: [Board 49-26] cannot add Board Part xilinx.com:vcu128:part0:1.0 available at /home/jsp/Storage/Vivado/2024.1/data/xhub/boards/XilinxBoardStore/boards/Xilinx/vcu128/production/1.0/board.xml as part xcvu37p-fsvh2892-2l-e specified in board_part file is either invalid or not available
WARNING: [Board 49-26] cannot add Board Part xilinx.com:vcu129:part0:1.0 available at /home/jsp/Storage/Vivado/2024.1/data/xhub/boards/XilinxBoardStore/boards/Xilinx/vcu129/production/1.0/board.xml as part xcvu29p-fsga2577-2l-e specified in board_part file is either invalid or not available
WARNING: [Board 49-26] cannot add Board Part xilinx.com:vcu1525:part0:1.3 available at /home/jsp/Storage/Vivado/2024.1/data/xhub/boards/XilinxBoardStore/boards/Xilinx/vcu1525/1.3/board.xml as part xcvu9p-fsgd2104-2l-e specified in board_part file is either invalid or not available
WARNING: [Board 49-26] cannot add Board Part xilinx.com:vek280:part0:1.0 available at /home/jsp/Storage/Vivado/2024.1/data/xhub/boards/XilinxBoardStore/boards/Xilinx/vek280/production/1.0/board.xml as part xcve2802-vsvh1760-2mp-e-s specified in board_part file is either invalid or not available
WARNING: [Board 49-26] cannot add Board Part xilinx.com:vek280:part0:1.1 available at /home/jsp/Storage/Vivado/2024.1/data/xhub/boards/XilinxBoardStore/boards/Xilinx/vek280/production/1.1/board.xml as part xcve2802-vsvh1760-2mp-e-s specified in board_part file is either invalid or not available
WARNING: [Board 49-26] cannot add Board Part xilinx.com:vek280:part0:1.2 available at /home/jsp/Storage/Vivado/2024.1/data/xhub/boards/XilinxBoardStore/boards/Xilinx/vek280/production/1.2/board.xml as part xcve2802-vsvh1760-2mp-e-s specified in board_part file is either invalid or not available
WARNING: [Board 49-26] cannot add Board Part xilinx.com:vek280_es:part0:1.0 available at /home/jsp/Storage/Vivado/2024.1/data/xhub/boards/XilinxBoardStore/boards/Xilinx/vek280/es/rev_a/1.0/board.xml as part xcve2802-vsvh1760-2lp-e-s-es1 specified in board_part file is either invalid or not available
WARNING: [Board 49-26] cannot add Board Part xilinx.com:vek280_es:part0:1.1 available at /home/jsp/Storage/Vivado/2024.1/data/xhub/boards/XilinxBoardStore/boards/Xilinx/vek280/es/rev_a/1.1/board.xml as part xcve2802-vsvh1760-2lp-e-s-es1 specified in board_part file is either invalid or not available
WARNING: [Board 49-26] cannot add Board Part xilinx.com:vek280_es_revb:part0:1.0 available at /home/jsp/Storage/Vivado/2024.1/data/xhub/boards/XilinxBoardStore/boards/Xilinx/vek280/es/rev_b/1.0/board.xml as part xcve2802-vsvh1760-2mp-e-s-es1 specified in board_part file is either invalid or not available
WARNING: [Board 49-26] cannot add Board Part xilinx.com:vek280_es_revb:part0:1.1 available at /home/jsp/Storage/Vivado/2024.1/data/xhub/boards/XilinxBoardStore/boards/Xilinx/vek280/es/rev_b/1.1/board.xml as part xcve2802-vsvh1760-2mp-e-s-es1 specified in board_part file is either invalid or not available
WARNING: [Board 49-26] cannot add Board Part xilinx.com:vermeo_t1_rfsoc:part0:1.0 available at /home/jsp/Storage/Vivado/2024.1/data/xhub/boards/XilinxBoardStore/boards/Xilinx/vermeo_t1_rfsoc/1.0/board.xml as part xczu21dr-ffvd1156-2l-e specified in board_part file is either invalid or not available
WARNING: [Board 49-26] cannot add Board Part xilinx.com:vhk158:part0:1.0 available at /home/jsp/Storage/Vivado/2024.1/data/xhub/boards/XilinxBoardStore/boards/Xilinx/vhk158/production/1.0/board.xml as part xcvh1582-vsva3697-2mp-e-s specified in board_part file is either invalid or not available
WARNING: [Board 49-26] cannot add Board Part xilinx.com:vhk158:part0:1.1 available at /home/jsp/Storage/Vivado/2024.1/data/xhub/boards/XilinxBoardStore/boards/Xilinx/vhk158/production/1.1/board.xml as part xcvh1582-vsva3697-2mp-e-s specified in board_part file is either invalid or not available
WARNING: [Board 49-26] cannot add Board Part xilinx.com:vhk158_es:part0:1.0 available at /home/jsp/Storage/Vivado/2024.1/data/xhub/boards/XilinxBoardStore/boards/Xilinx/vhk158/es/1.0/board.xml as part xcvh1582-vsva3697-2mp-e-s-es1 specified in board_part file is either invalid or not available
WARNING: [Board 49-26] cannot add Board Part xilinx.com:vhk158_es:part0:1.1 available at /home/jsp/Storage/Vivado/2024.1/data/xhub/boards/XilinxBoardStore/boards/Xilinx/vhk158/es/1.1/board.xml as part xcvh1582-vsva3697-2mp-e-s-es1 specified in board_part file is either invalid or not available
WARNING: [Board 49-26] cannot add Board Part xilinx.com:vmk180:part0:2.2 available at /home/jsp/Storage/Vivado/2024.1/data/xhub/boards/XilinxBoardStore/boards/Xilinx/vmk180/production/2.2/board.xml as part xcvm1802-vsva2197-2mp-e-s specified in board_part file is either invalid or not available
WARNING: [Board 49-26] cannot add Board Part xilinx.com:vmk180:part0:3.0 available at /home/jsp/Storage/Vivado/2024.1/data/xhub/boards/XilinxBoardStore/boards/Xilinx/vmk180/production/3.0/board.xml as part xcvm1802-vsva2197-2mp-e-s specified in board_part file is either invalid or not available
WARNING: [Board 49-26] cannot add Board Part xilinx.com:vmk180:part0:3.1 available at /home/jsp/Storage/Vivado/2024.1/data/xhub/boards/XilinxBoardStore/boards/Xilinx/vmk180/production/3.1/board.xml as part xcvm1802-vsva2197-2mp-e-s specified in board_part file is either invalid or not available
WARNING: [Board 49-26] cannot add Board Part xilinx.com:vmk180:part0:3.2 available at /home/jsp/Storage/Vivado/2024.1/data/xhub/boards/XilinxBoardStore/boards/Xilinx/vmk180/production/3.2/board.xml as part xcvm1802-vsva2197-2mp-e-s specified in board_part file is either invalid or not available
WARNING: [Board 49-26] cannot add Board Part xilinx.com:vmk180_newl:part0:1.0 available at /home/jsp/Storage/Vivado/2024.1/data/xhub/boards/XilinxBoardStore/boards/Xilinx/vmk180_newl/production/1.0/board.xml as part xcvm1802-vsva2197-2mp-e-s specified in board_part file is either invalid or not available
WARNING: [Board 49-26] cannot add Board Part xilinx.com:vmk180_newl:part0:1.1 available at /home/jsp/Storage/Vivado/2024.1/data/xhub/boards/XilinxBoardStore/boards/Xilinx/vmk180_newl/production/1.1/board.xml as part xcvm1802-vsva2197-2mp-e-s specified in board_part file is either invalid or not available
WARNING: [Board 49-26] cannot add Board Part xilinx.com:vpk120:part0:1.0 available at /home/jsp/Storage/Vivado/2024.1/data/xhub/boards/XilinxBoardStore/boards/Xilinx/vpk120/production/1.0/board.xml as part xcvp1202-vsva2785-2mp-e-s specified in board_part file is either invalid or not available
WARNING: [Board 49-26] cannot add Board Part xilinx.com:vpk120:part0:1.1 available at /home/jsp/Storage/Vivado/2024.1/data/xhub/boards/XilinxBoardStore/boards/Xilinx/vpk120/production/1.1/board.xml as part xcvp1202-vsva2785-2mp-e-s specified in board_part file is either invalid or not available
WARNING: [Board 49-26] cannot add Board Part xilinx.com:vpk120:part0:1.2 available at /home/jsp/Storage/Vivado/2024.1/data/xhub/boards/XilinxBoardStore/boards/Xilinx/vpk120/production/1.2/board.xml as part xcvp1202-vsva2785-2mp-e-s specified in board_part file is either invalid or not available
WARNING: [Board 49-26] cannot add Board Part xilinx.com:vpk180:part0:1.0 available at /home/jsp/Storage/Vivado/2024.1/data/xhub/boards/XilinxBoardStore/boards/Xilinx/vpk180/production/1.0/board.xml as part xcvp1802-lsvc4072-2mp-e-s specified in board_part file is either invalid or not available
WARNING: [Board 49-26] cannot add Board Part xilinx.com:vpk180:part0:1.1 available at /home/jsp/Storage/Vivado/2024.1/data/xhub/boards/XilinxBoardStore/boards/Xilinx/vpk180/production/1.1/board.xml as part xcvp1802-lsvc4072-2mp-e-s specified in board_part file is either invalid or not available
WARNING: [Board 49-26] cannot add Board Part xilinx.com:vpk180:part0:1.2 available at /home/jsp/Storage/Vivado/2024.1/data/xhub/boards/XilinxBoardStore/boards/Xilinx/vpk180/production/1.2/board.xml as part xcvp1802-lsvc4072-2mp-e-s specified in board_part file is either invalid or not available
WARNING: [Board 49-26] cannot add Board Part xilinx.com:zcu111:part0:1.2 available at /home/jsp/Storage/Vivado/2024.1/data/xhub/boards/XilinxBoardStore/boards/Xilinx/zcu111/1.2/board.xml as part xczu28dr-ffvg1517-2-e specified in board_part file is either invalid or not available
WARNING: [Board 49-26] cannot add Board Part xilinx.com:zcu111:part0:1.3 available at /home/jsp/Storage/Vivado/2024.1/data/xhub/boards/XilinxBoardStore/boards/Xilinx/zcu111/1.3/board.xml as part xczu28dr-ffvg1517-2-e specified in board_part file is either invalid or not available
WARNING: [Board 49-26] cannot add Board Part xilinx.com:zcu111:part0:1.4 available at /home/jsp/Storage/Vivado/2024.1/data/xhub/boards/XilinxBoardStore/boards/Xilinx/zcu111/1.4/board.xml as part xczu28dr-ffvg1517-2-e specified in board_part file is either invalid or not available
WARNING: [Board 49-26] cannot add Board Part xilinx.com:zcu1275:part0:1.0 available at /home/jsp/Storage/Vivado/2024.1/data/xhub/boards/XilinxBoardStore/boards/Xilinx/zcu1275/1.0/board.xml as part xczu29dr-ffvf1760-2-e specified in board_part file is either invalid or not available
WARNING: [Board 49-26] cannot add Board Part xilinx.com:zcu1285:part0:1.0 available at /home/jsp/Storage/Vivado/2024.1/data/xhub/boards/XilinxBoardStore/boards/Xilinx/zcu1285/1.0/board.xml as part xczu39dr-ffvf1760-2-i specified in board_part file is either invalid or not available
WARNING: [Board 49-26] cannot add Board Part xilinx.com:zcu208:part0:2.0 available at /home/jsp/Storage/Vivado/2024.1/data/xhub/boards/XilinxBoardStore/boards/Xilinx/zcu208/production/2.0/board.xml as part xczu48dr-fsvg1517-2-e specified in board_part file is either invalid or not available
WARNING: [Board 49-26] cannot add Board Part xilinx.com:zcu208ld:part0:2.0 available at /home/jsp/Storage/Vivado/2024.1/data/xhub/boards/XilinxBoardStore/boards/Xilinx/zcu208ld/production/2.0/board.xml as part xczu58dr-fsvg1517-2-i specified in board_part file is either invalid or not available
WARNING: [Board 49-26] cannot add Board Part xilinx.com:zcu216:part0:2.0 available at /home/jsp/Storage/Vivado/2024.1/data/xhub/boards/XilinxBoardStore/boards/Xilinx/zcu216/production/2.0/board.xml as part xczu49dr-ffvf1760-2-e specified in board_part file is either invalid or not available
WARNING: [Board 49-26] cannot add Board Part xilinx.com:zcu216ld:part0:2.0 available at /home/jsp/Storage/Vivado/2024.1/data/xhub/boards/XilinxBoardStore/boards/Xilinx/zcu216ld/production/2.0/board.xml as part xczu59dr-ffvf1760-2-i specified in board_part file is either invalid or not available
WARNING: [Board 49-26] cannot add Board Part xilinx.com:zcu670:part0:2.0 available at /home/jsp/Storage/Vivado/2024.1/data/xhub/boards/XilinxBoardStore/boards/Xilinx/zcu670/2.0/board.xml as part xczu67dr-fsve1156-2-i specified in board_part file is either invalid or not available
WARNING: [Board 49-26] cannot add Board Part xilinx.com:zcu670ld:part0:1.0 available at /home/jsp/Storage/Vivado/2024.1/data/xhub/boards/XilinxBoardStore/boards/Xilinx/zcu670ld/1.0/board.xml as part xczu57dr-fsve1156-2-i specified in board_part file is either invalid or not available
open_project pynq_z2.xpr
INFO: [Project 1-313] Project file moved from '/home/arix8/Desktop/CFU_SRC/pynq_z2/pynq_z2' since last save.
WARNING: [filemgmt 56-2] Board Part Repository Path: Could not find the directory '/home/work/Vivado/2024.2/data/xhub/boards/XilinxBoardStore/board_store/xilinx_board_store', nor could it be found using path '/work/Vivado/2024.2/data/xhub/boards/XilinxBoardStore/board_store/xilinx_board_store'.
WARNING: [filemgmt 56-2] Board Part Repository Path: Could not find the directory '/home/work/Vivado/2024.2/data/xhub/boards', nor could it be found using path '/work/Vivado/2024.2/data/xhub/boards'.
WARNING: [filemgmt 56-2] IP Repository Path: Could not find the directory '/home/work/Xilinx/Vivado/2024.2/data/ip', nor could it be found using path '/work/Xilinx/Vivado/2024.2/data/ip'.
WARNING: [filemgmt 56-2] IP Repository Path: Could not find the directory '/home/primary/vivado-library/ip', nor could it be found using path '/primary/vivado-library/ip'.
CRITICAL WARNING: [Project 1-505] Unrecognized Option Name UseInlineHdlIP
ERROR: [Project 1-4421] No val for DA Elab Attr 'CosimPdi'
ERROR: [Project 1-4421] No val for DA Elab Attr 'CosimPlatform'
ERROR: [Project 1-4421] No val for DA Elab Attr 'CosimElf'
Scanning sources...
Finished scanning sources
INFO: [IP_Flow 19-234] Refreshing IP repositories
WARNING: [IP_Flow 19-2248] Failed to load user IP repository '/home/work/Xilinx/Vivado/2024.2/data/ip'; Can't find the specified path.
If this directory should no longer be in your list of user repositories, go to the IP Settings dialog and remove it.
WARNING: [IP_Flow 19-2248] Failed to load user IP repository '/home/primary/vivado-library/ip'; Can't find the specified path.
If this directory should no longer be in your list of user repositories, go to the IP Settings dialog and remove it.
INFO: [IP_Flow 19-2313] Loaded Vivado IP repository '/home/jsp/Storage/Vivado/2024.1/data/ip'.
WARNING: [IP_Flow 19-2162] IP 'cfu_decoupler' is locked:
* Project containing IP 'cfu_decoupler' is read-only. * IP definition 'DFX Decoupler (1.0)' for IP 'cfu_decoupler' (customized with software release 2024.2) has a different revision in the IP Catalog.
WARNING: [Project 1-231] Project 'pynq_z2.xpr' was created with a future version and may or may not perform reliably with this version of Vivado. It has been opened in read-only mode for the protection of unrecognized data. Use 'File | Save Project As...' if you wish to alter a copy of the project.
ERROR: [Common 17-39] 'open_project' failed due to earlier errors.
update_compile_order -fileset sources_1
close_project
open_project /home/jsp/Storage/CFU_PYNQ_FIles/CFU_SRC/pynq_z2/pynq_z2/arunQAFDHGDZXVNBDXG_gae.xpr
WARNING: [filemgmt 56-3] IP Repository Path: Could not find the directory '/home/work/Xilinx/Vivado/2024.2/data/ip'.
WARNING: [filemgmt 56-3] IP Repository Path: Could not find the directory '/home/primary/vivado-library/ip'.
Scanning sources...
Finished scanning sources
INFO: [IP_Flow 19-234] Refreshing IP repositories
WARNING: [IP_Flow 19-2248] Failed to load user IP repository '/home/work/Xilinx/Vivado/2024.2/data/ip'; Can't find the specified path.
If this directory should no longer be in your list of user repositories, go to the IP Settings dialog and remove it.
WARNING: [IP_Flow 19-2248] Failed to load user IP repository '/home/primary/vivado-library/ip'; Can't find the specified path.
If this directory should no longer be in your list of user repositories, go to the IP Settings dialog and remove it.
INFO: [IP_Flow 19-2313] Loaded Vivado IP repository '/home/jsp/Storage/Vivado/2024.1/data/ip'.
update_compile_order -fileset sources_1
open_run impl_1
INFO: [Device 21-403] Loading part xc7z020clg400-1
INFO: [Device 21-9227] Part: xc7z020clg400-1 does not have CEAM library.
Netlist sorting complete. Time (s): cpu = 00:00:00.04 ; elapsed = 00:00:00.04 . Memory (MB): peak = 8453.930 ; gain = 0.000 ; free physical = 9348 ; free virtual = 20664
INFO: [Netlist 29-17] Analyzing 208 Unisim elements for replacement
INFO: [Netlist 29-28] Unisim Transformation completed in 0 CPU seconds
INFO: [Project 1-479] Netlist was created with Vivado 2024.1
INFO: [Project 1-570] Preparing netlist for logic optimization
Read ShapeDB Complete: Time (s): cpu = 00:00:00.01 ; elapsed = 00:00:00.02 . Memory (MB): peak = 8532.648 ; gain = 1.000 ; free physical = 9248 ; free virtual = 20578
INFO: [Timing 38-478] Restoring timing data from binary archive.
INFO: [Timing 38-479] Binary timing data restore complete.
INFO: [Project 1-856] Restoring constraints from binary archive.
INFO: [Project 1-853] Binary constraint restore complete.
INFO: [Designutils 20-5722] Start Reading Physical Databases.
Reading placement.
Read Netlist Cache: Time (s): cpu = 00:00:00.01 ; elapsed = 00:00:00 . Memory (MB): peak = 9068.461 ; gain = 0.000 ; free physical = 8762 ; free virtual = 20115
Reading placer database...
Read Device Cache: Time (s): cpu = 00:00:00.01 ; elapsed = 00:00:00.01 . Memory (MB): peak = 9068.461 ; gain = 0.000 ; free physical = 8754 ; free virtual = 20108
Read PlaceDB: Time (s): cpu = 00:00:00.22 ; elapsed = 00:00:00.23 . Memory (MB): peak = 9068.461 ; gain = 0.000 ; free physical = 8755 ; free virtual = 20108
Read PulsedLatchDB: Time (s): cpu = 00:00:00.01 ; elapsed = 00:00:00 . Memory (MB): peak = 9068.461 ; gain = 0.000 ; free physical = 8755 ; free virtual = 20108
Reading routing.
Read RouteStorage: Time (s): cpu = 00:00:00.11 ; elapsed = 00:00:00.04 . Memory (MB): peak = 9068.461 ; gain = 0.000 ; free physical = 8755 ; free virtual = 20109
Read Physdb Files: Time (s): cpu = 00:00:00.36 ; elapsed = 00:00:00.3 . Memory (MB): peak = 9068.461 ; gain = 0.000 ; free physical = 8755 ; free virtual = 20109
Restored from archive | CPU: 0.370000 secs | Memory: 7.542442 MB |
Finished XDEF File Restore: Time (s): cpu = 00:00:00.36 ; elapsed = 00:00:00.3 . Memory (MB): peak = 9068.461 ; gain = 0.000 ; free physical = 8755 ; free virtual = 20109
Netlist sorting complete. Time (s): cpu = 00:00:00 ; elapsed = 00:00:00 . Memory (MB): peak = 9068.461 ; gain = 0.000 ; free physical = 8755 ; free virtual = 20109
INFO: [Project 1-111] Unisim Transformation Summary:
  A total of 6 instances were transformed.
  RAM32M => RAM32M (RAMD32(x6), RAMS32(x2)): 2 instances
  RAM32X1D => RAM32X1D (RAMD32(x2)): 4 instances

open_run: Time (s): cpu = 00:00:22 ; elapsed = 00:00:17 . Memory (MB): peak = 9251.930 ; gain = 832.453 ; free physical = 8648 ; free virtual = 20012
CRITICAL WARNING: [Timing 38-282] The design failed to meet the timing requirements. Please see the timing summary report for details on the timing violations.
WARNING: [filemgmt 56-199] Attempt to get parsing info during refresh. "On-the-fly" syntax checking information may be incorrect. [/home/jsp/Storage/CFU_PYNQ_FIles/CFU_SRC/donut-accel/cfu.v:]
WARNING: [filemgmt 56-199] Attempt to get parsing info during refresh. "On-the-fly" syntax checking information may be incorrect. [/home/jsp/Storage/CFU_PYNQ_FIles/CFU_SRC/pynq_z2/pynq_z2/arunQAFDHGDZXVNBDXG_gae.srcs/sources_1/new/Cfu.v:]
WARNING: [filemgmt 56-199] Attempt to get parsing info during refresh. "On-the-fly" syntax checking information may be incorrect. [/home/jsp/Storage/CFU_PYNQ_FIles/CFU_SRC/donut-accel/cfu.v:]
WARNING: [filemgmt 56-199] Attempt to get parsing info during refresh. "On-the-fly" syntax checking information may be incorrect. [/home/jsp/Storage/CFU_PYNQ_FIles/CFU_SRC/donut-accel/cfu.v:]
WARNING: [filemgmt 56-199] Attempt to get parsing info during refresh. "On-the-fly" syntax checking information may be incorrect. [/home/jsp/Storage/CFU_PYNQ_FIles/CFU_SRC/donut-accel/cfu.v:]
WARNING: [filemgmt 56-199] Attempt to get parsing info during refresh. "On-the-fly" syntax checking information may be incorrect. [/home/jsp/Storage/CFU_PYNQ_FIles/CFU_SRC/pynq_z2/pynq_z2/arunQAFDHGDZXVNBDXG_gae.srcs/sources_1/new/Cfu.v:]
WARNING: [filemgmt 56-199] Attempt to get parsing info during refresh. "On-the-fly" syntax checking information may be incorrect. [/home/jsp/Storage/CFU_PYNQ_FIles/CFU_SRC/donut-accel/cfu.v:]
WARNING: [filemgmt 56-199] Attempt to get parsing info during refresh. "On-the-fly" syntax checking information may be incorrect. [/home/jsp/Storage/CFU_PYNQ_FIles/CFU_SRC/donut-accel/cfu.v:]
WARNING: [filemgmt 56-199] Attempt to get parsing info during refresh. "On-the-fly" syntax checking information may be incorrect. [/home/jsp/Storage/CFU_PYNQ_FIles/CFU_SRC/donut-accel/cfu.v:]
WARNING: [filemgmt 56-199] Attempt to get parsing info during refresh. "On-the-fly" syntax checking information may be incorrect. [/home/jsp/Storage/CFU_PYNQ_FIles/CFU_SRC/pynq_z2/pynq_z2/arunQAFDHGDZXVNBDXG_gae.srcs/sources_1/new/Cfu.v:]
WARNING: [filemgmt 56-199] Attempt to get parsing info during refresh. "On-the-fly" syntax checking information may be incorrect. [/home/jsp/Storage/CFU_PYNQ_FIles/CFU_SRC/donut-accel/cfu.v:]
WARNING: [filemgmt 56-199] Attempt to get parsing info during refresh. "On-the-fly" syntax checking information may be incorrect. [/home/jsp/Storage/CFU_PYNQ_FIles/CFU_SRC/donut-accel/cfu.v:]
reset_run system_tul_pynq_z2_0_0_synth_1
reset_run synth_1
INFO: [Project 1-1161] Replacing file /home/jsp/Storage/CFU_PYNQ_FIles/CFU_SRC/pynq_z2/pynq_z2/arunQAFDHGDZXVNBDXG_gae.srcs/utils_1/imports/synth_1/system_wrapper.dcp with file /home/jsp/Storage/CFU_PYNQ_FIles/CFU_SRC/pynq_z2/pynq_z2/arunQAFDHGDZXVNBDXG_gae.runs/synth_1/system_wrapper.dcp
WARNING: [filemgmt 56-199] Attempt to get parsing info during refresh. "On-the-fly" syntax checking information may be incorrect. [/home/jsp/Storage/CFU_PYNQ_FIles/CFU_SRC/donut-accel/cfu.v:]
WARNING: [filemgmt 56-199] Attempt to get parsing info during refresh. "On-the-fly" syntax checking information may be incorrect. [/home/jsp/Storage/CFU_PYNQ_FIles/CFU_SRC/pynq_z2/pynq_z2/arunQAFDHGDZXVNBDXG_gae.srcs/sources_1/new/Cfu.v:]
WARNING: [filemgmt 56-199] Attempt to get parsing info during refresh. "On-the-fly" syntax checking information may be incorrect. [/home/jsp/Storage/CFU_PYNQ_FIles/CFU_SRC/donut-accel/cfu.v:]
WARNING: [filemgmt 56-199] Attempt to get parsing info during refresh. "On-the-fly" syntax checking information may be incorrect. [/home/jsp/Storage/CFU_PYNQ_FIles/CFU_SRC/donut-accel/cfu.v:]
launch_runs impl_1 -jobs 12
INFO: [Vivado 12-4149] The synthesis checkpoint for IP '/home/jsp/Storage/CFU_PYNQ_FIles/CFU_SRC/pynq_z2/pynq_z2/arunQAFDHGDZXVNBDXG_gae.srcs/sources_1/ip/cfu_decoupler/cfu_decoupler.xci' is already up-to-date
[Tue Nov  4 23:31:16 2025] Launched system_tul_pynq_z2_0_0_synth_1, synth_1...
Run output will be captured here:
system_tul_pynq_z2_0_0_synth_1: /home/jsp/Storage/CFU_PYNQ_FIles/CFU_SRC/pynq_z2/pynq_z2/arunQAFDHGDZXVNBDXG_gae.runs/system_tul_pynq_z2_0_0_synth_1/runme.log
synth_1: /home/jsp/Storage/CFU_PYNQ_FIles/CFU_SRC/pynq_z2/pynq_z2/arunQAFDHGDZXVNBDXG_gae.runs/synth_1/runme.log
[Tue Nov  4 23:31:16 2025] Launched impl_1...
Run output will be captured here: /home/jsp/Storage/CFU_PYNQ_FIles/CFU_SRC/pynq_z2/pynq_z2/arunQAFDHGDZXVNBDXG_gae.runs/impl_1/runme.log
close_design
WARNING: [filemgmt 56-199] Attempt to get parsing info during refresh. "On-the-fly" syntax checking information may be incorrect. [/home/jsp/Storage/CFU_PYNQ_FIles/CFU_SRC/donut-accel/cfu.v:]
WARNING: [filemgmt 56-199] Attempt to get parsing info during refresh. "On-the-fly" syntax checking information may be incorrect. [/home/jsp/Storage/CFU_PYNQ_FIles/CFU_SRC/pynq_z2/pynq_z2/arunQAFDHGDZXVNBDXG_gae.srcs/sources_1/new/Cfu.v:]
WARNING: [filemgmt 56-199] Attempt to get parsing info during refresh. "On-the-fly" syntax checking information may be incorrect. [/home/jsp/Storage/CFU_PYNQ_FIles/CFU_SRC/pynq_z2/pynq_z2/arunQAFDHGDZXVNBDXG_gae.srcs/sources_1/new/Cfu.v:]
WARNING: [filemgmt 56-199] Attempt to get parsing info during refresh. "On-the-fly" syntax checking information may be incorrect. [/home/jsp/Storage/CFU_PYNQ_FIles/CFU_SRC/pynq_z2/pynq_z2/arunQAFDHGDZXVNBDXG_gae.srcs/sources_1/new/Cfu.v:]
open_run impl_1
Netlist sorting complete. Time (s): cpu = 00:00:00.05 ; elapsed = 00:00:00.05 . Memory (MB): peak = 9699.180 ; gain = 0.000 ; free physical = 5244 ; free virtual = 16675
INFO: [Netlist 29-17] Analyzing 208 Unisim elements for replacement
INFO: [Netlist 29-28] Unisim Transformation completed in 0 CPU seconds
INFO: [Project 1-479] Netlist was created with Vivado 2024.1
INFO: [Project 1-570] Preparing netlist for logic optimization
Read ShapeDB Complete: Time (s): cpu = 00:00:00.01 ; elapsed = 00:00:00.01 . Memory (MB): peak = 9699.180 ; gain = 0.000 ; free physical = 5247 ; free virtual = 16678
INFO: [Timing 38-478] Restoring timing data from binary archive.
INFO: [Timing 38-479] Binary timing data restore complete.
INFO: [Project 1-856] Restoring constraints from binary archive.
INFO: [Project 1-853] Binary constraint restore complete.
INFO: [Designutils 20-5722] Start Reading Physical Databases.
Reading placement.
Read Netlist Cache: Time (s): cpu = 00:00:00.01 ; elapsed = 00:00:00 . Memory (MB): peak = 9699.180 ; gain = 0.000 ; free physical = 8290 ; free virtual = 19721
Reading placer database...
Read Device Cache: Time (s): cpu = 00:00:00.01 ; elapsed = 00:00:00.01 . Memory (MB): peak = 9699.180 ; gain = 0.000 ; free physical = 8290 ; free virtual = 19721
Read PlaceDB: Time (s): cpu = 00:00:00.24 ; elapsed = 00:00:00.23 . Memory (MB): peak = 9699.180 ; gain = 0.000 ; free physical = 8282 ; free virtual = 19714
Read PulsedLatchDB: Time (s): cpu = 00:00:00 ; elapsed = 00:00:00 . Memory (MB): peak = 9699.180 ; gain = 0.000 ; free physical = 8282 ; free virtual = 19714
Reading routing.
Read RouteStorage: Time (s): cpu = 00:00:00.1 ; elapsed = 00:00:00.04 . Memory (MB): peak = 9699.180 ; gain = 0.000 ; free physical = 8282 ; free virtual = 19713
Read Physdb Files: Time (s): cpu = 00:00:00.37 ; elapsed = 00:00:00.29 . Memory (MB): peak = 9699.180 ; gain = 0.000 ; free physical = 8282 ; free virtual = 19713
Restored from archive | CPU: 0.380000 secs | Memory: 7.518013 MB |
Finished XDEF File Restore: Time (s): cpu = 00:00:00.37 ; elapsed = 00:00:00.29 . Memory (MB): peak = 9699.180 ; gain = 0.000 ; free physical = 8282 ; free virtual = 19713
Netlist sorting complete. Time (s): cpu = 00:00:00 ; elapsed = 00:00:00 . Memory (MB): peak = 9699.180 ; gain = 0.000 ; free physical = 8282 ; free virtual = 19713
INFO: [Project 1-111] Unisim Transformation Summary:
  A total of 6 instances were transformed.
  RAM32M => RAM32M (RAMD32(x6), RAMS32(x2)): 2 instances
  RAM32X1D => RAM32X1D (RAMD32(x2)): 4 instances

open_run: Time (s): cpu = 00:00:14 ; elapsed = 00:00:10 . Memory (MB): peak = 9699.180 ; gain = 0.000 ; free physical = 8221 ; free virtual = 19658
CRITICAL WARNING: [Timing 38-282] The design failed to meet the timing requirements. Please see the timing summary report for details on the timing violations.
synth_design -rtl -rtl_skip_mlo -name rtl_1
Command: synth_design -rtl -rtl_skip_mlo -name rtl_1
Starting synth_design
Using part: xc7z020clg400-1
Top: system_wrapper
INFO: [Synth 8-7079] Multithreading enabled for synth_design using a maximum of 4 processes.
INFO: [Synth 8-7078] Launching helper process for spawning children vivado processes
INFO: [Synth 8-7075] Helper process launched with PID 93909
---------------------------------------------------------------------------------
Starting RTL Elaboration : Time (s): cpu = 00:00:06 ; elapsed = 00:00:04 . Memory (MB): peak = 9876.766 ; gain = 177.586 ; free physical = 7452 ; free virtual = 18884
---------------------------------------------------------------------------------
INFO: [Synth 8-11241] undeclared symbol 'dec_zz_cmd_valid', assumed default net type 'wire' [/home/jsp/Storage/CFU_PYNQ_FIles/CFU_SRC/pynq_z2/pynq_z2/arunQAFDHGDZXVNBDXG_gae.srcs/sources_1/new/Cfu.v:78]
INFO: [Synth 8-11241] undeclared symbol 'dec_zz_cmd_ready', assumed default net type 'wire' [/home/jsp/Storage/CFU_PYNQ_FIles/CFU_SRC/pynq_z2/pynq_z2/arunQAFDHGDZXVNBDXG_gae.srcs/sources_1/new/Cfu.v:78]
INFO: [Synth 8-11241] undeclared symbol 'dec_zz_cmd_payload_function_id', assumed default net type 'wire' [/home/jsp/Storage/CFU_PYNQ_FIles/CFU_SRC/pynq_z2/pynq_z2/arunQAFDHGDZXVNBDXG_gae.srcs/sources_1/new/Cfu.v:79]
INFO: [Synth 8-11241] undeclared symbol 'dec_zz_cmd_payload_inputs_0', assumed default net type 'wire' [/home/jsp/Storage/CFU_PYNQ_FIles/CFU_SRC/pynq_z2/pynq_z2/arunQAFDHGDZXVNBDXG_gae.srcs/sources_1/new/Cfu.v:80]
INFO: [Synth 8-11241] undeclared symbol 'dec_zz_cmd_payload_inputs_1', assumed default net type 'wire' [/home/jsp/Storage/CFU_PYNQ_FIles/CFU_SRC/pynq_z2/pynq_z2/arunQAFDHGDZXVNBDXG_gae.srcs/sources_1/new/Cfu.v:80]
INFO: [Synth 8-11241] undeclared symbol 'dec_zz_rsp_valid', assumed default net type 'wire' [/home/jsp/Storage/CFU_PYNQ_FIles/CFU_SRC/pynq_z2/pynq_z2/arunQAFDHGDZXVNBDXG_gae.srcs/sources_1/new/Cfu.v:81]
INFO: [Synth 8-11241] undeclared symbol 'dec_rsp_ready', assumed default net type 'wire' [/home/jsp/Storage/CFU_PYNQ_FIles/CFU_SRC/pynq_z2/pynq_z2/arunQAFDHGDZXVNBDXG_gae.srcs/sources_1/new/Cfu.v:81]
INFO: [Synth 8-11241] undeclared symbol 'dec_zz_rsp_payload_outputs_0', assumed default net type 'wire' [/home/jsp/Storage/CFU_PYNQ_FIles/CFU_SRC/pynq_z2/pynq_z2/arunQAFDHGDZXVNBDXG_gae.srcs/sources_1/new/Cfu.v:81]
INFO: [Synth 8-11241] undeclared symbol 'dec_reset', assumed default net type 'wire' [/home/jsp/Storage/CFU_PYNQ_FIles/CFU_SRC/pynq_z2/pynq_z2/arunQAFDHGDZXVNBDXG_gae.srcs/sources_1/new/Cfu.v:82]
INFO: [Synth 8-11241] undeclared symbol 'dec_clk', assumed default net type 'wire' [/home/jsp/Storage/CFU_PYNQ_FIles/CFU_SRC/pynq_z2/pynq_z2/arunQAFDHGDZXVNBDXG_gae.srcs/sources_1/new/Cfu.v:82]
INFO: [Synth 8-11241] undeclared symbol 'dec_cfu_id', assumed default net type 'wire' [/home/jsp/Storage/CFU_PYNQ_FIles/CFU_SRC/pynq_z2/pynq_z2/arunQAFDHGDZXVNBDXG_gae.srcs/sources_1/new/Cfu.v:82]
WARNING: [Synth 8-6901] identifier 'mul' is used before its declaration [/home/jsp/Storage/CFU_PYNQ_FIles/CFU_SRC/donut-accel/cfu.v:47]
WARNING: [Synth 8-6901] identifier 'mulsh' is used before its declaration [/home/jsp/Storage/CFU_PYNQ_FIles/CFU_SRC/donut-accel/cfu.v:47]
INFO: [Synth 8-6157] synthesizing module 'system_wrapper' [/home/jsp/Storage/CFU_PYNQ_FIles/CFU_SRC/pynq_z2/pynq_z2/arunQAFDHGDZXVNBDXG_gae.gen/sources_1/bd/system/hdl/system_wrapper.v:13]
INFO: [Synth 8-6157] synthesizing module 'system' [/home/jsp/Storage/CFU_PYNQ_FIles/CFU_SRC/pynq_z2/pynq_z2/arunQAFDHGDZXVNBDXG_gae.gen/sources_1/bd/system/synth/system.v:846]
INFO: [Synth 8-6157] synthesizing module 'system_axi_gpio_decouple_status_0' [/home/jsp/Storage/CFU_PYNQ_FIles/CFU_SRC/pynq_z2/pynq_z2/.Xil/Vivado-9334-jsp-H370M-D3H/realtime/system_axi_gpio_decouple_status_0_stub.v:6]
INFO: [Synth 8-6155] done synthesizing module 'system_axi_gpio_decouple_status_0' (0#1) [/home/jsp/Storage/CFU_PYNQ_FIles/CFU_SRC/pynq_z2/pynq_z2/.Xil/Vivado-9334-jsp-H370M-D3H/realtime/system_axi_gpio_decouple_status_0_stub.v:6]
INFO: [Synth 8-6157] synthesizing module 'system_axi_gpio_0_0' [/home/jsp/Storage/CFU_PYNQ_FIles/CFU_SRC/pynq_z2/pynq_z2/.Xil/Vivado-9334-jsp-H370M-D3H/realtime/system_axi_gpio_0_0_stub.v:6]
INFO: [Synth 8-6155] done synthesizing module 'system_axi_gpio_0_0' (0#1) [/home/jsp/Storage/CFU_PYNQ_FIles/CFU_SRC/pynq_z2/pynq_z2/.Xil/Vivado-9334-jsp-H370M-D3H/realtime/system_axi_gpio_0_0_stub.v:6]
INFO: [Synth 8-6157] synthesizing module 'system_axi_gpio_to_reconfig_0' [/home/jsp/Storage/CFU_PYNQ_FIles/CFU_SRC/pynq_z2/pynq_z2/.Xil/Vivado-9334-jsp-H370M-D3H/realtime/system_axi_gpio_to_reconfig_0_stub.v:6]
INFO: [Synth 8-6155] done synthesizing module 'system_axi_gpio_to_reconfig_0' (0#1) [/home/jsp/Storage/CFU_PYNQ_FIles/CFU_SRC/pynq_z2/pynq_z2/.Xil/Vivado-9334-jsp-H370M-D3H/realtime/system_axi_gpio_to_reconfig_0_stub.v:6]
INFO: [Synth 8-6157] synthesizing module 'system_axi_gpio_0_1' [/home/jsp/Storage/CFU_PYNQ_FIles/CFU_SRC/pynq_z2/pynq_z2/.Xil/Vivado-9334-jsp-H370M-D3H/realtime/system_axi_gpio_0_1_stub.v:6]
INFO: [Synth 8-6155] done synthesizing module 'system_axi_gpio_0_1' (0#1) [/home/jsp/Storage/CFU_PYNQ_FIles/CFU_SRC/pynq_z2/pynq_z2/.Xil/Vivado-9334-jsp-H370M-D3H/realtime/system_axi_gpio_0_1_stub.v:6]
INFO: [Synth 8-6157] synthesizing module 'system_clk_wiz_0' [/home/jsp/Storage/CFU_PYNQ_FIles/CFU_SRC/pynq_z2/pynq_z2/.Xil/Vivado-9334-jsp-H370M-D3H/realtime/system_clk_wiz_0_stub.v:6]
INFO: [Synth 8-6155] done synthesizing module 'system_clk_wiz_0' (0#1) [/home/jsp/Storage/CFU_PYNQ_FIles/CFU_SRC/pynq_z2/pynq_z2/.Xil/Vivado-9334-jsp-H370M-D3H/realtime/system_clk_wiz_0_stub.v:6]
WARNING: [Synth 8-7071] port 'locked' of module 'system_clk_wiz_0' is unconnected for instance 'clk_wiz' [/home/jsp/Storage/CFU_PYNQ_FIles/CFU_SRC/pynq_z2/pynq_z2/arunQAFDHGDZXVNBDXG_gae.gen/sources_1/bd/system/synth/system.v:1143]
WARNING: [Synth 8-7023] instance 'clk_wiz' of module 'system_clk_wiz_0' has 4 connections declared, but only 3 given [/home/jsp/Storage/CFU_PYNQ_FIles/CFU_SRC/pynq_z2/pynq_z2/arunQAFDHGDZXVNBDXG_gae.gen/sources_1/bd/system/synth/system.v:1143]
INFO: [Synth 8-6157] synthesizing module 'system_processing_system7_0_0' [/home/jsp/Storage/CFU_PYNQ_FIles/CFU_SRC/pynq_z2/pynq_z2/.Xil/Vivado-9334-jsp-H370M-D3H/realtime/system_processing_system7_0_0_stub.v:6]
INFO: [Synth 8-6155] done synthesizing module 'system_processing_system7_0_0' (0#1) [/home/jsp/Storage/CFU_PYNQ_FIles/CFU_SRC/pynq_z2/pynq_z2/.Xil/Vivado-9334-jsp-H370M-D3H/realtime/system_processing_system7_0_0_stub.v:6]
WARNING: [Synth 8-7071] port 'USB0_PORT_INDCTL' of module 'system_processing_system7_0_0' is unconnected for instance 'processing_system7_0' [/home/jsp/Storage/CFU_PYNQ_FIles/CFU_SRC/pynq_z2/pynq_z2/arunQAFDHGDZXVNBDXG_gae.gen/sources_1/bd/system/synth/system.v:1147]
WARNING: [Synth 8-7071] port 'USB0_VBUS_PWRSELECT' of module 'system_processing_system7_0_0' is unconnected for instance 'processing_system7_0' [/home/jsp/Storage/CFU_PYNQ_FIles/CFU_SRC/pynq_z2/pynq_z2/arunQAFDHGDZXVNBDXG_gae.gen/sources_1/bd/system/synth/system.v:1147]
WARNING: [Synth 8-7023] instance 'processing_system7_0' of module 'system_processing_system7_0_0' has 65 connections declared, but only 63 given [/home/jsp/Storage/CFU_PYNQ_FIles/CFU_SRC/pynq_z2/pynq_z2/arunQAFDHGDZXVNBDXG_gae.gen/sources_1/bd/system/synth/system.v:1147]
INFO: [Synth 8-6157] synthesizing module 'system_ps7_0_axi_periph_0' [/home/jsp/Storage/CFU_PYNQ_FIles/CFU_SRC/pynq_z2/pynq_z2/arunQAFDHGDZXVNBDXG_gae.gen/sources_1/bd/system/synth/system.v:1351]
INFO: [Synth 8-6157] synthesizing module 'm00_couplers_imp_1H7AUOX' [/home/jsp/Storage/CFU_PYNQ_FIles/CFU_SRC/pynq_z2/pynq_z2/arunQAFDHGDZXVNBDXG_gae.gen/sources_1/bd/system/synth/system.v:13]
INFO: [Synth 8-6155] done synthesizing module 'm00_couplers_imp_1H7AUOX' (0#1) [/home/jsp/Storage/CFU_PYNQ_FIles/CFU_SRC/pynq_z2/pynq_z2/arunQAFDHGDZXVNBDXG_gae.gen/sources_1/bd/system/synth/system.v:13]
INFO: [Synth 8-6157] synthesizing module 'm01_couplers_imp_4Y7TYO' [/home/jsp/Storage/CFU_PYNQ_FIles/CFU_SRC/pynq_z2/pynq_z2/arunQAFDHGDZXVNBDXG_gae.gen/sources_1/bd/system/synth/system.v:145]
INFO: [Synth 8-6155] done synthesizing module 'm01_couplers_imp_4Y7TYO' (0#1) [/home/jsp/Storage/CFU_PYNQ_FIles/CFU_SRC/pynq_z2/pynq_z2/arunQAFDHGDZXVNBDXG_gae.gen/sources_1/bd/system/synth/system.v:145]
INFO: [Synth 8-6157] synthesizing module 'm02_couplers_imp_FKL2TE' [/home/jsp/Storage/CFU_PYNQ_FIles/CFU_SRC/pynq_z2/pynq_z2/arunQAFDHGDZXVNBDXG_gae.gen/sources_1/bd/system/synth/system.v:277]
INFO: [Synth 8-6155] done synthesizing module 'm02_couplers_imp_FKL2TE' (0#1) [/home/jsp/Storage/CFU_PYNQ_FIles/CFU_SRC/pynq_z2/pynq_z2/arunQAFDHGDZXVNBDXG_gae.gen/sources_1/bd/system/synth/system.v:277]
INFO: [Synth 8-6157] synthesizing module 'm03_couplers_imp_15QZ4LV' [/home/jsp/Storage/CFU_PYNQ_FIles/CFU_SRC/pynq_z2/pynq_z2/arunQAFDHGDZXVNBDXG_gae.gen/sources_1/bd/system/synth/system.v:409]
INFO: [Synth 8-6155] done synthesizing module 'm03_couplers_imp_15QZ4LV' (0#1) [/home/jsp/Storage/CFU_PYNQ_FIles/CFU_SRC/pynq_z2/pynq_z2/arunQAFDHGDZXVNBDXG_gae.gen/sources_1/bd/system/synth/system.v:409]
INFO: [Synth 8-6157] synthesizing module 's00_couplers_imp_11SE3QO' [/home/jsp/Storage/CFU_PYNQ_FIles/CFU_SRC/pynq_z2/pynq_z2/arunQAFDHGDZXVNBDXG_gae.gen/sources_1/bd/system/synth/system.v:541]
INFO: [Synth 8-6157] synthesizing module 'system_auto_pc_0' [/home/jsp/Storage/CFU_PYNQ_FIles/CFU_SRC/pynq_z2/pynq_z2/.Xil/Vivado-9334-jsp-H370M-D3H/realtime/system_auto_pc_0_stub.v:6]
INFO: [Synth 8-6155] done synthesizing module 'system_auto_pc_0' (0#1) [/home/jsp/Storage/CFU_PYNQ_FIles/CFU_SRC/pynq_z2/pynq_z2/.Xil/Vivado-9334-jsp-H370M-D3H/realtime/system_auto_pc_0_stub.v:6]
INFO: [Synth 8-6155] done synthesizing module 's00_couplers_imp_11SE3QO' (0#1) [/home/jsp/Storage/CFU_PYNQ_FIles/CFU_SRC/pynq_z2/pynq_z2/arunQAFDHGDZXVNBDXG_gae.gen/sources_1/bd/system/synth/system.v:541]
INFO: [Synth 8-6157] synthesizing module 'system_xbar_0' [/home/jsp/Storage/CFU_PYNQ_FIles/CFU_SRC/pynq_z2/pynq_z2/.Xil/Vivado-9334-jsp-H370M-D3H/realtime/system_xbar_0_stub.v:6]
INFO: [Synth 8-6155] done synthesizing module 'system_xbar_0' (0#1) [/home/jsp/Storage/CFU_PYNQ_FIles/CFU_SRC/pynq_z2/pynq_z2/.Xil/Vivado-9334-jsp-H370M-D3H/realtime/system_xbar_0_stub.v:6]
WARNING: [Synth 8-7071] port 'm_axi_awprot' of module 'system_xbar_0' is unconnected for instance 'xbar' [/home/jsp/Storage/CFU_PYNQ_FIles/CFU_SRC/pynq_z2/pynq_z2/arunQAFDHGDZXVNBDXG_gae.gen/sources_1/bd/system/synth/system.v:2111]
WARNING: [Synth 8-7071] port 'm_axi_arprot' of module 'system_xbar_0' is unconnected for instance 'xbar' [/home/jsp/Storage/CFU_PYNQ_FIles/CFU_SRC/pynq_z2/pynq_z2/arunQAFDHGDZXVNBDXG_gae.gen/sources_1/bd/system/synth/system.v:2111]
WARNING: [Synth 8-7023] instance 'xbar' of module 'system_xbar_0' has 40 connections declared, but only 38 given [/home/jsp/Storage/CFU_PYNQ_FIles/CFU_SRC/pynq_z2/pynq_z2/arunQAFDHGDZXVNBDXG_gae.gen/sources_1/bd/system/synth/system.v:2111]
INFO: [Synth 8-6155] done synthesizing module 'system_ps7_0_axi_periph_0' (0#1) [/home/jsp/Storage/CFU_PYNQ_FIles/CFU_SRC/pynq_z2/pynq_z2/arunQAFDHGDZXVNBDXG_gae.gen/sources_1/bd/system/synth/system.v:1351]
INFO: [Synth 8-6157] synthesizing module 'system_rst_ps7_0_100M_0' [/home/jsp/Storage/CFU_PYNQ_FIles/CFU_SRC/pynq_z2/pynq_z2/.Xil/Vivado-9334-jsp-H370M-D3H/realtime/system_rst_ps7_0_100M_0_stub.v:6]
INFO: [Synth 8-6155] done synthesizing module 'system_rst_ps7_0_100M_0' (0#1) [/home/jsp/Storage/CFU_PYNQ_FIles/CFU_SRC/pynq_z2/pynq_z2/.Xil/Vivado-9334-jsp-H370M-D3H/realtime/system_rst_ps7_0_100M_0_stub.v:6]
WARNING: [Synth 8-7071] port 'mb_reset' of module 'system_rst_ps7_0_100M_0' is unconnected for instance 'rst_ps7_0_100M' [/home/jsp/Storage/CFU_PYNQ_FIles/CFU_SRC/pynq_z2/pynq_z2/arunQAFDHGDZXVNBDXG_gae.gen/sources_1/bd/system/synth/system.v:1330]
WARNING: [Synth 8-7071] port 'bus_struct_reset' of module 'system_rst_ps7_0_100M_0' is unconnected for instance 'rst_ps7_0_100M' [/home/jsp/Storage/CFU_PYNQ_FIles/CFU_SRC/pynq_z2/pynq_z2/arunQAFDHGDZXVNBDXG_gae.gen/sources_1/bd/system/synth/system.v:1330]
WARNING: [Synth 8-7071] port 'peripheral_reset' of module 'system_rst_ps7_0_100M_0' is unconnected for instance 'rst_ps7_0_100M' [/home/jsp/Storage/CFU_PYNQ_FIles/CFU_SRC/pynq_z2/pynq_z2/arunQAFDHGDZXVNBDXG_gae.gen/sources_1/bd/system/synth/system.v:1330]
WARNING: [Synth 8-7071] port 'interconnect_aresetn' of module 'system_rst_ps7_0_100M_0' is unconnected for instance 'rst_ps7_0_100M' [/home/jsp/Storage/CFU_PYNQ_FIles/CFU_SRC/pynq_z2/pynq_z2/arunQAFDHGDZXVNBDXG_gae.gen/sources_1/bd/system/synth/system.v:1330]
WARNING: [Synth 8-7023] instance 'rst_ps7_0_100M' of module 'system_rst_ps7_0_100M_0' has 10 connections declared, but only 6 given [/home/jsp/Storage/CFU_PYNQ_FIles/CFU_SRC/pynq_z2/pynq_z2/arunQAFDHGDZXVNBDXG_gae.gen/sources_1/bd/system/synth/system.v:1330]
INFO: [Synth 8-6157] synthesizing module 'system_tul_pynq_z2_0_0' [/home/jsp/Storage/CFU_PYNQ_FIles/CFU_SRC/pynq_z2/pynq_z2/.Xil/Vivado-9334-jsp-H370M-D3H/realtime/system_tul_pynq_z2_0_0_stub.v:6]
INFO: [Synth 8-6155] done synthesizing module 'system_tul_pynq_z2_0_0' (0#1) [/home/jsp/Storage/CFU_PYNQ_FIles/CFU_SRC/pynq_z2/pynq_z2/.Xil/Vivado-9334-jsp-H370M-D3H/realtime/system_tul_pynq_z2_0_0_stub.v:6]
INFO: [Synth 8-6155] done synthesizing module 'system' (0#1) [/home/jsp/Storage/CFU_PYNQ_FIles/CFU_SRC/pynq_z2/pynq_z2/arunQAFDHGDZXVNBDXG_gae.gen/sources_1/bd/system/synth/system.v:846]
INFO: [Synth 8-6155] done synthesizing module 'system_wrapper' (0#1) [/home/jsp/Storage/CFU_PYNQ_FIles/CFU_SRC/pynq_z2/pynq_z2/arunQAFDHGDZXVNBDXG_gae.gen/sources_1/bd/system/hdl/system_wrapper.v:13]
WARNING: [Synth 8-7129] Port M_ACLK in module s00_couplers_imp_11SE3QO is either unconnected or has no load
WARNING: [Synth 8-7129] Port M_ARESETN in module s00_couplers_imp_11SE3QO is either unconnected or has no load
WARNING: [Synth 8-7129] Port M_ACLK in module m03_couplers_imp_15QZ4LV is either unconnected or has no load
WARNING: [Synth 8-7129] Port M_ARESETN in module m03_couplers_imp_15QZ4LV is either unconnected or has no load
WARNING: [Synth 8-7129] Port S_ACLK in module m03_couplers_imp_15QZ4LV is either unconnected or has no load
WARNING: [Synth 8-7129] Port S_ARESETN in module m03_couplers_imp_15QZ4LV is either unconnected or has no load
WARNING: [Synth 8-7129] Port M_ACLK in module m02_couplers_imp_FKL2TE is either unconnected or has no load
WARNING: [Synth 8-7129] Port M_ARESETN in module m02_couplers_imp_FKL2TE is either unconnected or has no load
WARNING: [Synth 8-7129] Port S_ACLK in module m02_couplers_imp_FKL2TE is either unconnected or has no load
WARNING: [Synth 8-7129] Port S_ARESETN in module m02_couplers_imp_FKL2TE is either unconnected or has no load
WARNING: [Synth 8-7129] Port M_ACLK in module m01_couplers_imp_4Y7TYO is either unconnected or has no load
WARNING: [Synth 8-7129] Port M_ARESETN in module m01_couplers_imp_4Y7TYO is either unconnected or has no load
WARNING: [Synth 8-7129] Port S_ACLK in module m01_couplers_imp_4Y7TYO is either unconnected or has no load
WARNING: [Synth 8-7129] Port S_ARESETN in module m01_couplers_imp_4Y7TYO is either unconnected or has no load
WARNING: [Synth 8-7129] Port M_ACLK in module m00_couplers_imp_1H7AUOX is either unconnected or has no load
WARNING: [Synth 8-7129] Port M_ARESETN in module m00_couplers_imp_1H7AUOX is either unconnected or has no load
WARNING: [Synth 8-7129] Port S_ACLK in module m00_couplers_imp_1H7AUOX is either unconnected or has no load
WARNING: [Synth 8-7129] Port S_ARESETN in module m00_couplers_imp_1H7AUOX is either unconnected or has no load
WARNING: [Synth 8-7129] Port M00_ACLK in module system_ps7_0_axi_periph_0 is either unconnected or has no load
WARNING: [Synth 8-7129] Port M00_ARESETN in module system_ps7_0_axi_periph_0 is either unconnected or has no load
WARNING: [Synth 8-7129] Port M01_ACLK in module system_ps7_0_axi_periph_0 is either unconnected or has no load
WARNING: [Synth 8-7129] Port M01_ARESETN in module system_ps7_0_axi_periph_0 is either unconnected or has no load
WARNING: [Synth 8-7129] Port M02_ACLK in module system_ps7_0_axi_periph_0 is either unconnected or has no load
WARNING: [Synth 8-7129] Port M02_ARESETN in module system_ps7_0_axi_periph_0 is either unconnected or has no load
WARNING: [Synth 8-7129] Port M03_ACLK in module system_ps7_0_axi_periph_0 is either unconnected or has no load
WARNING: [Synth 8-7129] Port M03_ARESETN in module system_ps7_0_axi_periph_0 is either unconnected or has no load
WARNING: [Synth 8-7129] Port S00_ACLK in module system_ps7_0_axi_periph_0 is either unconnected or has no load
WARNING: [Synth 8-7129] Port S00_ARESETN in module system_ps7_0_axi_periph_0 is either unconnected or has no load
---------------------------------------------------------------------------------
Finished RTL Elaboration : Time (s): cpu = 00:00:07 ; elapsed = 00:00:05 . Memory (MB): peak = 9960.734 ; gain = 261.555 ; free physical = 7360 ; free virtual = 18792
---------------------------------------------------------------------------------
---------------------------------------------------------------------------------
Start Handling Custom Attributes
---------------------------------------------------------------------------------
---------------------------------------------------------------------------------
Finished Handling Custom Attributes : Time (s): cpu = 00:00:07 ; elapsed = 00:00:05 . Memory (MB): peak = 9960.734 ; gain = 261.555 ; free physical = 7360 ; free virtual = 18792
---------------------------------------------------------------------------------
---------------------------------------------------------------------------------
Finished RTL Optimization Phase 1 : Time (s): cpu = 00:00:07 ; elapsed = 00:00:05 . Memory (MB): peak = 9960.734 ; gain = 261.555 ; free physical = 7360 ; free virtual = 18792
---------------------------------------------------------------------------------
INFO: [Project 1-454] Reading design checkpoint '/home/jsp/Storage/CFU_PYNQ_FIles/CFU_SRC/pynq_z2/pynq_z2/arunQAFDHGDZXVNBDXG_gae.gen/sources_1/bd/system/ip/system_axi_gpio_decouple_status_0/system_axi_gpio_decouple_status_0.dcp' for cell 'system_i/axi_gpio_config_to'
INFO: [Project 1-454] Reading design checkpoint '/home/jsp/Storage/CFU_PYNQ_FIles/CFU_SRC/pynq_z2/pynq_z2/arunQAFDHGDZXVNBDXG_gae.gen/sources_1/bd/system/ip/system_axi_gpio_0_0/system_axi_gpio_0_0.dcp' for cell 'system_i/axi_gpio_decouple'
INFO: [Project 1-454] Reading design checkpoint '/home/jsp/Storage/CFU_PYNQ_FIles/CFU_SRC/pynq_z2/pynq_z2/arunQAFDHGDZXVNBDXG_gae.gen/sources_1/bd/system/ip/system_axi_gpio_to_reconfig_0/system_axi_gpio_to_reconfig_0.dcp' for cell 'system_i/axi_gpio_decouple_status'
INFO: [Project 1-454] Reading design checkpoint '/home/jsp/Storage/CFU_PYNQ_FIles/CFU_SRC/pynq_z2/pynq_z2/arunQAFDHGDZXVNBDXG_gae.gen/sources_1/bd/system/ip/system_axi_gpio_0_1/system_axi_gpio_0_1.dcp' for cell 'system_i/axi_gpio_to_reconfig'
INFO: [Project 1-454] Reading design checkpoint '/home/jsp/Storage/CFU_PYNQ_FIles/CFU_SRC/pynq_z2/pynq_z2/arunQAFDHGDZXVNBDXG_gae.gen/sources_1/bd/system/ip/system_clk_wiz_0/system_clk_wiz_0.dcp' for cell 'system_i/clk_wiz'
INFO: [Project 1-454] Reading design checkpoint '/home/jsp/Storage/CFU_PYNQ_FIles/CFU_SRC/pynq_z2/pynq_z2/arunQAFDHGDZXVNBDXG_gae.gen/sources_1/bd/system/ip/system_processing_system7_0_0/system_processing_system7_0_0.dcp' for cell 'system_i/processing_system7_0'
INFO: [Project 1-454] Reading design checkpoint '/home/jsp/Storage/CFU_PYNQ_FIles/CFU_SRC/pynq_z2/pynq_z2/arunQAFDHGDZXVNBDXG_gae.gen/sources_1/bd/system/ip/system_rst_ps7_0_100M_0/system_rst_ps7_0_100M_0.dcp' for cell 'system_i/rst_ps7_0_100M'
INFO: [Project 1-454] Reading design checkpoint '/home/jsp/Storage/CFU_PYNQ_FIles/CFU_SRC/pynq_z2/pynq_z2/arunQAFDHGDZXVNBDXG_gae.gen/sources_1/bd/system/ip/system_tul_pynq_z2_0_0/system_tul_pynq_z2_0_0.dcp' for cell 'system_i/tul_pynq_z2_0'
INFO: [Project 1-454] Reading design checkpoint '/home/jsp/Storage/CFU_PYNQ_FIles/CFU_SRC/pynq_z2/pynq_z2/arunQAFDHGDZXVNBDXG_gae.gen/sources_1/bd/system/ip/system_xbar_0/system_xbar_0.dcp' for cell 'system_i/ps7_0_axi_periph/xbar'
INFO: [Project 1-454] Reading design checkpoint '/home/jsp/Storage/CFU_PYNQ_FIles/CFU_SRC/pynq_z2/pynq_z2/arunQAFDHGDZXVNBDXG_gae.gen/sources_1/bd/system/ip/system_auto_pc_0/system_auto_pc_0.dcp' for cell 'system_i/ps7_0_axi_periph/s00_couplers/auto_pc'
INFO: [Project 1-454] Reading design checkpoint '/home/jsp/Storage/CFU_PYNQ_FIles/CFU_SRC/pynq_z2/pynq_z2/arunQAFDHGDZXVNBDXG_gae.gen/sources_1/ip/cfu_decoupler/cfu_decoupler.dcp' for cell 'system_i/tul_pynq_z2_0/inst/Cfu/cfu_decoupler_inst'
Netlist sorting complete. Time (s): cpu = 00:00:00.06 ; elapsed = 00:00:00.06 . Memory (MB): peak = 9960.742 ; gain = 0.000 ; free physical = 7626 ; free virtual = 19058
INFO: [Netlist 29-17] Analyzing 208 Unisim elements for replacement
INFO: [Netlist 29-28] Unisim Transformation completed in 0 CPU seconds
INFO: [Project 1-479] Netlist was created with Vivado 2024.1
INFO: [Project 1-570] Preparing netlist for logic optimization

Processing XDC Constraints
Initializing timing engine
Parsing XDC File [/home/jsp/Storage/CFU_PYNQ_FIles/CFU_SRC/pynq_z2/pynq_z2/arunQAFDHGDZXVNBDXG_gae.gen/sources_1/bd/system/ip/system_processing_system7_0_0/system_processing_system7_0_0.xdc] for cell 'system_i/processing_system7_0/inst'
Finished Parsing XDC File [/home/jsp/Storage/CFU_PYNQ_FIles/CFU_SRC/pynq_z2/pynq_z2/arunQAFDHGDZXVNBDXG_gae.gen/sources_1/bd/system/ip/system_processing_system7_0_0/system_processing_system7_0_0.xdc] for cell 'system_i/processing_system7_0/inst'
INFO: [Project 1-236] Implementation specific constraints were found while reading constraint file [/home/jsp/Storage/CFU_PYNQ_FIles/CFU_SRC/pynq_z2/pynq_z2/arunQAFDHGDZXVNBDXG_gae.gen/sources_1/bd/system/ip/system_processing_system7_0_0/system_processing_system7_0_0.xdc]. These constraints will be ignored for synthesis but will be used in implementation. Impacted constraints are listed in the file [.Xil/system_wrapper_propImpl.xdc].
Resolution: To avoid this warning, move constraints listed in [.Xil/system_wrapper_propImpl.xdc] to another XDC file and exclude this new file from synthesis with the used_in_synthesis property (File Properties dialog in GUI) and re-run elaboration/synthesis.
Parsing XDC File [/home/jsp/Storage/CFU_PYNQ_FIles/CFU_SRC/pynq_z2/pynq_z2/arunQAFDHGDZXVNBDXG_gae.gen/sources_1/bd/system/ip/system_axi_gpio_0_0/system_axi_gpio_0_0_board.xdc] for cell 'system_i/axi_gpio_decouple/U0'
Finished Parsing XDC File [/home/jsp/Storage/CFU_PYNQ_FIles/CFU_SRC/pynq_z2/pynq_z2/arunQAFDHGDZXVNBDXG_gae.gen/sources_1/bd/system/ip/system_axi_gpio_0_0/system_axi_gpio_0_0_board.xdc] for cell 'system_i/axi_gpio_decouple/U0'
Parsing XDC File [/home/jsp/Storage/CFU_PYNQ_FIles/CFU_SRC/pynq_z2/pynq_z2/arunQAFDHGDZXVNBDXG_gae.gen/sources_1/bd/system/ip/system_axi_gpio_0_0/system_axi_gpio_0_0.xdc] for cell 'system_i/axi_gpio_decouple/U0'
Finished Parsing XDC File [/home/jsp/Storage/CFU_PYNQ_FIles/CFU_SRC/pynq_z2/pynq_z2/arunQAFDHGDZXVNBDXG_gae.gen/sources_1/bd/system/ip/system_axi_gpio_0_0/system_axi_gpio_0_0.xdc] for cell 'system_i/axi_gpio_decouple/U0'
Parsing XDC File [/home/jsp/Storage/CFU_PYNQ_FIles/CFU_SRC/pynq_z2/pynq_z2/arunQAFDHGDZXVNBDXG_gae.gen/sources_1/bd/system/ip/system_axi_gpio_0_1/system_axi_gpio_0_1_board.xdc] for cell 'system_i/axi_gpio_to_reconfig/U0'
Finished Parsing XDC File [/home/jsp/Storage/CFU_PYNQ_FIles/CFU_SRC/pynq_z2/pynq_z2/arunQAFDHGDZXVNBDXG_gae.gen/sources_1/bd/system/ip/system_axi_gpio_0_1/system_axi_gpio_0_1_board.xdc] for cell 'system_i/axi_gpio_to_reconfig/U0'
Parsing XDC File [/home/jsp/Storage/CFU_PYNQ_FIles/CFU_SRC/pynq_z2/pynq_z2/arunQAFDHGDZXVNBDXG_gae.gen/sources_1/bd/system/ip/system_axi_gpio_0_1/system_axi_gpio_0_1.xdc] for cell 'system_i/axi_gpio_to_reconfig/U0'
Finished Parsing XDC File [/home/jsp/Storage/CFU_PYNQ_FIles/CFU_SRC/pynq_z2/pynq_z2/arunQAFDHGDZXVNBDXG_gae.gen/sources_1/bd/system/ip/system_axi_gpio_0_1/system_axi_gpio_0_1.xdc] for cell 'system_i/axi_gpio_to_reconfig/U0'
Parsing XDC File [/home/jsp/Storage/CFU_PYNQ_FIles/CFU_SRC/pynq_z2/pynq_z2/arunQAFDHGDZXVNBDXG_gae.gen/sources_1/bd/system/ip/system_axi_gpio_to_reconfig_0/system_axi_gpio_to_reconfig_0_board.xdc] for cell 'system_i/axi_gpio_decouple_status/U0'
Finished Parsing XDC File [/home/jsp/Storage/CFU_PYNQ_FIles/CFU_SRC/pynq_z2/pynq_z2/arunQAFDHGDZXVNBDXG_gae.gen/sources_1/bd/system/ip/system_axi_gpio_to_reconfig_0/system_axi_gpio_to_reconfig_0_board.xdc] for cell 'system_i/axi_gpio_decouple_status/U0'
Parsing XDC File [/home/jsp/Storage/CFU_PYNQ_FIles/CFU_SRC/pynq_z2/pynq_z2/arunQAFDHGDZXVNBDXG_gae.gen/sources_1/bd/system/ip/system_axi_gpio_to_reconfig_0/system_axi_gpio_to_reconfig_0.xdc] for cell 'system_i/axi_gpio_decouple_status/U0'
Finished Parsing XDC File [/home/jsp/Storage/CFU_PYNQ_FIles/CFU_SRC/pynq_z2/pynq_z2/arunQAFDHGDZXVNBDXG_gae.gen/sources_1/bd/system/ip/system_axi_gpio_to_reconfig_0/system_axi_gpio_to_reconfig_0.xdc] for cell 'system_i/axi_gpio_decouple_status/U0'
Parsing XDC File [/home/jsp/Storage/CFU_PYNQ_FIles/CFU_SRC/pynq_z2/pynq_z2/arunQAFDHGDZXVNBDXG_gae.gen/sources_1/bd/system/ip/system_axi_gpio_decouple_status_0/system_axi_gpio_decouple_status_0_board.xdc] for cell 'system_i/axi_gpio_config_to/U0'
Finished Parsing XDC File [/home/jsp/Storage/CFU_PYNQ_FIles/CFU_SRC/pynq_z2/pynq_z2/arunQAFDHGDZXVNBDXG_gae.gen/sources_1/bd/system/ip/system_axi_gpio_decouple_status_0/system_axi_gpio_decouple_status_0_board.xdc] for cell 'system_i/axi_gpio_config_to/U0'
Parsing XDC File [/home/jsp/Storage/CFU_PYNQ_FIles/CFU_SRC/pynq_z2/pynq_z2/arunQAFDHGDZXVNBDXG_gae.gen/sources_1/bd/system/ip/system_axi_gpio_decouple_status_0/system_axi_gpio_decouple_status_0.xdc] for cell 'system_i/axi_gpio_config_to/U0'
Finished Parsing XDC File [/home/jsp/Storage/CFU_PYNQ_FIles/CFU_SRC/pynq_z2/pynq_z2/arunQAFDHGDZXVNBDXG_gae.gen/sources_1/bd/system/ip/system_axi_gpio_decouple_status_0/system_axi_gpio_decouple_status_0.xdc] for cell 'system_i/axi_gpio_config_to/U0'
Parsing XDC File [/home/jsp/Storage/CFU_PYNQ_FIles/CFU_SRC/pynq_z2/pynq_z2/arunQAFDHGDZXVNBDXG_gae.gen/sources_1/bd/system/ip/system_rst_ps7_0_100M_0/system_rst_ps7_0_100M_0_board.xdc] for cell 'system_i/rst_ps7_0_100M/U0'
Finished Parsing XDC File [/home/jsp/Storage/CFU_PYNQ_FIles/CFU_SRC/pynq_z2/pynq_z2/arunQAFDHGDZXVNBDXG_gae.gen/sources_1/bd/system/ip/system_rst_ps7_0_100M_0/system_rst_ps7_0_100M_0_board.xdc] for cell 'system_i/rst_ps7_0_100M/U0'
Parsing XDC File [/home/jsp/Storage/CFU_PYNQ_FIles/CFU_SRC/pynq_z2/pynq_z2/arunQAFDHGDZXVNBDXG_gae.gen/sources_1/bd/system/ip/system_rst_ps7_0_100M_0/system_rst_ps7_0_100M_0.xdc] for cell 'system_i/rst_ps7_0_100M/U0'
Finished Parsing XDC File [/home/jsp/Storage/CFU_PYNQ_FIles/CFU_SRC/pynq_z2/pynq_z2/arunQAFDHGDZXVNBDXG_gae.gen/sources_1/bd/system/ip/system_rst_ps7_0_100M_0/system_rst_ps7_0_100M_0.xdc] for cell 'system_i/rst_ps7_0_100M/U0'
INFO: [Project 1-236] Implementation specific constraints were found while reading constraint file [/home/jsp/Storage/CFU_PYNQ_FIles/CFU_SRC/pynq_z2/pynq_z2/arunQAFDHGDZXVNBDXG_gae.gen/sources_1/bd/system/ip/system_rst_ps7_0_100M_0/system_rst_ps7_0_100M_0.xdc]. These constraints will be ignored for synthesis but will be used in implementation. Impacted constraints are listed in the file [.Xil/system_wrapper_propImpl.xdc].
Resolution: To avoid this warning, move constraints listed in [.Xil/system_wrapper_propImpl.xdc] to another XDC file and exclude this new file from synthesis with the used_in_synthesis property (File Properties dialog in GUI) and re-run elaboration/synthesis.
Parsing XDC File [/home/jsp/Storage/CFU_PYNQ_FIles/CFU_SRC/pynq_z2/pynq_z2/arunQAFDHGDZXVNBDXG_gae.gen/sources_1/bd/system/ip/system_clk_wiz_0/system_clk_wiz_0_board.xdc] for cell 'system_i/clk_wiz/inst'
Finished Parsing XDC File [/home/jsp/Storage/CFU_PYNQ_FIles/CFU_SRC/pynq_z2/pynq_z2/arunQAFDHGDZXVNBDXG_gae.gen/sources_1/bd/system/ip/system_clk_wiz_0/system_clk_wiz_0_board.xdc] for cell 'system_i/clk_wiz/inst'
Parsing XDC File [/home/jsp/Storage/CFU_PYNQ_FIles/CFU_SRC/pynq_z2/pynq_z2/arunQAFDHGDZXVNBDXG_gae.gen/sources_1/bd/system/ip/system_clk_wiz_0/system_clk_wiz_0.xdc] for cell 'system_i/clk_wiz/inst'
Finished Parsing XDC File [/home/jsp/Storage/CFU_PYNQ_FIles/CFU_SRC/pynq_z2/pynq_z2/arunQAFDHGDZXVNBDXG_gae.gen/sources_1/bd/system/ip/system_clk_wiz_0/system_clk_wiz_0.xdc] for cell 'system_i/clk_wiz/inst'
INFO: [Project 1-236] Implementation specific constraints were found while reading constraint file [/home/jsp/Storage/CFU_PYNQ_FIles/CFU_SRC/pynq_z2/pynq_z2/arunQAFDHGDZXVNBDXG_gae.gen/sources_1/bd/system/ip/system_clk_wiz_0/system_clk_wiz_0.xdc]. These constraints will be ignored for synthesis but will be used in implementation. Impacted constraints are listed in the file [.Xil/system_wrapper_propImpl.xdc].
Resolution: To avoid this warning, move constraints listed in [.Xil/system_wrapper_propImpl.xdc] to another XDC file and exclude this new file from synthesis with the used_in_synthesis property (File Properties dialog in GUI) and re-run elaboration/synthesis.
INFO: [Timing 38-2] Deriving generated clocks
Parsing XDC File [/home/jsp/Storage/CFU_PYNQ_FIles/CFU_SRC/pynq_z2/pynq_z2/pynq_z2.srcs/sources_1/new/tul_pynq_z2.xdc]
WARNING: [Vivado 12-584] No ports matched 'clk125'. [/home/jsp/Storage/CFU_PYNQ_FIles/CFU_SRC/pynq_z2/pynq_z2/pynq_z2.srcs/sources_1/new/tul_pynq_z2.xdc:46]
WARNING: [Vivado 12-507] No nets matched 'sys_clk'. [/home/jsp/Storage/CFU_PYNQ_FIles/CFU_SRC/pynq_z2/pynq_z2/pynq_z2.srcs/sources_1/new/tul_pynq_z2.xdc:48]
Finished Parsing XDC File [/home/jsp/Storage/CFU_PYNQ_FIles/CFU_SRC/pynq_z2/pynq_z2/pynq_z2.srcs/sources_1/new/tul_pynq_z2.xdc]
WARNING: [Project 1-498] One or more constraints failed evaluation while reading constraint file [/home/jsp/Storage/CFU_PYNQ_FIles/CFU_SRC/pynq_z2/pynq_z2/pynq_z2.srcs/sources_1/new/tul_pynq_z2.xdc] and the design contains unresolved black boxes. These constraints will be read post-synthesis (as long as their source constraint file is marked as used_in_implementation) and should be applied correctly then. You should review the constraints listed in the file [.Xil/system_wrapper_propImpl.xdc] and check the run log file to verify that these constraints were correctly applied.
Completed Processing XDC Constraints

Netlist sorting complete. Time (s): cpu = 00:00:00.01 ; elapsed = 00:00:00 . Memory (MB): peak = 10021.660 ; gain = 0.000 ; free physical = 7634 ; free virtual = 19066
INFO: [Project 1-111] Unisim Transformation Summary:
  A total of 6 instances were transformed.
  RAM32M => RAM32M (RAMD32(x6), RAMS32(x2)): 2 instances
  RAM32X1D => RAM32X1D (RAMD32(x2)): 4 instances

RTL Elaboration Complete:  : Time (s): cpu = 00:00:18 ; elapsed = 00:00:11 . Memory (MB): peak = 10116.703 ; gain = 417.523 ; free physical = 7624 ; free virtual = 19057
70 Infos, 46 Warnings, 0 Critical Warnings and 0 Errors encountered.
synth_design completed successfully
synth_design: Time (s): cpu = 00:00:18 ; elapsed = 00:00:11 . Memory (MB): peak = 10116.703 ; gain = 417.523 ; free physical = 7624 ; free virtual = 19057
INFO: [Common 17-2834] synth_design peak Physical Memory [PSS] (MB): overall = 3379.508; main = 3379.508; forked = 0.000
INFO: [Common 17-2834] synth_design peak Virtual Memory [VSS] (MB): overall = 10060.664; main = 10060.664; forked = 0.000
current_design impl_1
open_bd_design {/home/jsp/Storage/CFU_PYNQ_FIles/CFU_SRC/pynq_z2/pynq_z2/arunQAFDHGDZXVNBDXG_gae.srcs/sources_1/bd/system/system.bd}
Reading block design file </home/jsp/Storage/CFU_PYNQ_FIles/CFU_SRC/pynq_z2/pynq_z2/arunQAFDHGDZXVNBDXG_gae.srcs/sources_1/bd/system/system.bd>...
Adding component instance block -- xilinx.com:ip:processing_system7:5.5 - processing_system7_0
Adding component instance block -- xilinx.com:module_ref:tul_pynq_z2:1.0 - tul_pynq_z2_0
Adding component instance block -- xilinx.com:ip:axi_gpio:2.0 - axi_gpio_decouple
Adding component instance block -- xilinx.com:ip:axi_gpio:2.0 - axi_gpio_to_reconfig
Adding component instance block -- xilinx.com:ip:axi_gpio:2.0 - axi_gpio_decouple_status
Adding component instance block -- xilinx.com:ip:axi_gpio:2.0 - axi_gpio_config_to
Adding component instance block -- xilinx.com:ip:axi_interconnect:2.1 - ps7_0_axi_periph
Adding component instance block -- xilinx.com:ip:axi_crossbar:2.1 - xbar
Adding component instance block -- xilinx.com:ip:axi_protocol_converter:2.1 - auto_pc
Adding component instance block -- xilinx.com:ip:proc_sys_reset:5.0 - rst_ps7_0_100M
Adding component instance block -- xilinx.com:ip:clk_wiz:6.0 - clk_wiz
Successfully read diagram <system> from block design file </home/jsp/Storage/CFU_PYNQ_FIles/CFU_SRC/pynq_z2/pynq_z2/arunQAFDHGDZXVNBDXG_gae.srcs/sources_1/bd/system/system.bd>
open_bd_design {/home/jsp/Storage/CFU_PYNQ_FIles/CFU_SRC/pynq_z2/pynq_z2/arunQAFDHGDZXVNBDXG_gae.srcs/sources_1/bd/system/system.bd}
report_timing -from [get_cells system_i/axi_gpio_decouple] -to [get_nets {system_i/axi_gpio_decouple_gpio_io_o}] -delay_type min_max -max_paths 10 -sort_by group -input_pins -routable_nets -name {[get_nets {system_i/axi_gpio_decouple_gpio_io_o}]}
CRITICAL WARNING: [Constraints 18-614] report_timing: list of objects specified for option 'to' contains '1' objects of types '(net)' other than the types '(port,pin,cell,clock)' supported by the command. These objects will not be used. Please review the object list and ensure unsupported object types are removed.
ERROR: [Constraints 18-615] report_timing: list of objects specified for option 'to' does not contain any object of type(s) '(port,pin,cell,clock)' supported by the command. Please check to make sure that this is intended.
report_timing -from [get_cells system_i/axi_gpio_decouple] -to [get_nets {system_i/axi_gpio_decouple_gpio_io_o}] -delay_type min_max -max_paths 10 -sort_by group -input_pins -routable_nets -name {[get_nets {system_i/axi_gpio_decouple_gpio_io_o}]}
CRITICAL WARNING: [Constraints 18-614] report_timing: list of objects specified for option 'to' contains '1' objects of types '(net)' other than the types '(port,pin,cell,clock)' supported by the command. These objects will not be used. Please review the object list and ensure unsupported object types are removed.
ERROR: [Constraints 18-615] report_timing: list of objects specified for option 'to' does not contain any object of type(s) '(port,pin,cell,clock)' supported by the command. Please check to make sure that this is intended.
open_bd_design {/home/jsp/Storage/CFU_PYNQ_FIles/CFU_SRC/pynq_z2/pynq_z2/arunQAFDHGDZXVNBDXG_gae.srcs/sources_1/bd/system/system.bd}
set_property -dict [list \
  CONFIG.ALL_PARAMS {INTF {cfu_inputs {ID 0 MODE slave SIGNALS {cmd_valid {} cmd_payload_function_id {} cmd_payload_inputs_0 {WIDTH 10} cmd_payload_inputs_1 {WIDTH 32} rsp_ready {WIDTH 32} reset {} clk {}} REGISTER 0 CDC_STAGES 2} cfu_output {ID 1 SIGNALS {cmd_ready {} rsp_valid {} rsp_payload_outputs_0 {WIDTH 32} cfu_id {WIDTH 3}}}}} \
  CONFIG.GUI_SELECT_CDC_STAGES {2} \
] [get_ips cfu_decoupler]
WARNING: [filemgmt 56-199] Attempt to get parsing info during refresh. "On-the-fly" syntax checking information may be incorrect. [/home/jsp/Storage/CFU_PYNQ_FIles/CFU_SRC/donut-accel/cfu.v:]
WARNING: [filemgmt 56-199] Attempt to get parsing info during refresh. "On-the-fly" syntax checking information may be incorrect. [/home/jsp/Storage/CFU_PYNQ_FIles/CFU_SRC/pynq_z2/pynq_z2/arunQAFDHGDZXVNBDXG_gae.srcs/sources_1/new/Cfu.v:]
WARNING: [filemgmt 56-199] Attempt to get parsing info during refresh. "On-the-fly" syntax checking information may be incorrect. [/home/jsp/Storage/CFU_PYNQ_FIles/CFU_SRC/donut-accel/cfu.v:]
WARNING: [filemgmt 56-199] Attempt to get parsing info during refresh. "On-the-fly" syntax checking information may be incorrect. [/home/jsp/Storage/CFU_PYNQ_FIles/CFU_SRC/donut-accel/cfu.v:]
generate_target all [get_files  /home/jsp/Storage/CFU_PYNQ_FIles/CFU_SRC/pynq_z2/pynq_z2/arunQAFDHGDZXVNBDXG_gae.srcs/sources_1/ip/cfu_decoupler/cfu_decoupler.xci]
INFO: [IP_Flow 19-1686] Generating 'Instantiation Template' target for IP 'cfu_decoupler'...
INFO: [IP_Flow 19-1686] Generating 'Synthesis' target for IP 'cfu_decoupler'...
CONFIG.HAS_AXI_LITE                                                    0
CONFIG.HAS_AXIS_CONTROL                                                0
CONFIG.HAS_AXIS_STATUS                                                 0
CONFIG.HAS_SIGNAL_CONTROL                                              1
CONFIG.HAS_SIGNAL_STATUS                                               1
CONFIG.ALWAYS_HAVE_AXI_CLK                                             0
CONFIG.INTF.cfu_inputs.VLNV                                            undef
CONFIG.INTF.cfu_inputs.MODE                                            slave
CONFIG.INTF.cfu_inputs.CDC_STAGES                                      2
CONFIG.INTF.cfu_inputs.REGISTER                                        0
CONFIG.INTF.cfu_inputs.SIGNAL.cmd_valid.PRESENT                        1
CONFIG.INTF.cfu_inputs.SIGNAL.cmd_valid.DECOUPLED                      1
CONFIG.INTF.cfu_inputs.SIGNAL.cmd_valid.DECOUPLED_VALUE                0x0
CONFIG.INTF.cfu_inputs.SIGNAL.cmd_valid.WIDTH                          1
CONFIG.INTF.cfu_inputs.SIGNAL.cmd_valid.DIRECTION                      s
CONFIG.INTF.cfu_inputs.SIGNAL.cmd_valid.RESOURCE                       infer
CONFIG.INTF.cfu_inputs.SIGNAL.cmd_valid.MANAGEMENT                     auto
CONFIG.INTF.cfu_inputs.SIGNAL.cmd_payload_function_id.PRESENT          1
CONFIG.INTF.cfu_inputs.SIGNAL.cmd_payload_function_id.DECOUPLED        1
CONFIG.INTF.cfu_inputs.SIGNAL.cmd_payload_function_id.DECOUPLED_VALUE  0x0
CONFIG.INTF.cfu_inputs.SIGNAL.cmd_payload_function_id.WIDTH            1
CONFIG.INTF.cfu_inputs.SIGNAL.cmd_payload_function_id.DIRECTION        s
CONFIG.INTF.cfu_inputs.SIGNAL.cmd_payload_function_id.RESOURCE         infer
CONFIG.INTF.cfu_inputs.SIGNAL.cmd_payload_function_id.MANAGEMENT       auto
CONFIG.INTF.cfu_inputs.SIGNAL.cmd_payload_inputs_0.PRESENT             1
CONFIG.INTF.cfu_inputs.SIGNAL.cmd_payload_inputs_0.DECOUPLED           1
CONFIG.INTF.cfu_inputs.SIGNAL.cmd_payload_inputs_0.DECOUPLED_VALUE     0x0
CONFIG.INTF.cfu_inputs.SIGNAL.cmd_payload_inputs_0.WIDTH               10
CONFIG.INTF.cfu_inputs.SIGNAL.cmd_payload_inputs_0.DIRECTION           s
CONFIG.INTF.cfu_inputs.SIGNAL.cmd_payload_inputs_0.RESOURCE            infer
CONFIG.INTF.cfu_inputs.SIGNAL.cmd_payload_inputs_0.MANAGEMENT          auto
CONFIG.INTF.cfu_inputs.SIGNAL.cmd_payload_inputs_1.PRESENT             1
CONFIG.INTF.cfu_inputs.SIGNAL.cmd_payload_inputs_1.DECOUPLED           1
CONFIG.INTF.cfu_inputs.SIGNAL.cmd_payload_inputs_1.DECOUPLED_VALUE     0x0
CONFIG.INTF.cfu_inputs.SIGNAL.cmd_payload_inputs_1.WIDTH               32
CONFIG.INTF.cfu_inputs.SIGNAL.cmd_payload_inputs_1.DIRECTION           s
CONFIG.INTF.cfu_inputs.SIGNAL.cmd_payload_inputs_1.RESOURCE            infer
CONFIG.INTF.cfu_inputs.SIGNAL.cmd_payload_inputs_1.MANAGEMENT          auto
CONFIG.INTF.cfu_inputs.SIGNAL.rsp_ready.PRESENT                        1
CONFIG.INTF.cfu_inputs.SIGNAL.rsp_ready.DECOUPLED                      1
CONFIG.INTF.cfu_inputs.SIGNAL.rsp_ready.DECOUPLED_VALUE                0x0
CONFIG.INTF.cfu_inputs.SIGNAL.rsp_ready.WIDTH                          32
CONFIG.INTF.cfu_inputs.SIGNAL.rsp_ready.DIRECTION                      s
CONFIG.INTF.cfu_inputs.SIGNAL.rsp_ready.RESOURCE                       infer
CONFIG.INTF.cfu_inputs.SIGNAL.rsp_ready.MANAGEMENT                     auto
CONFIG.INTF.cfu_inputs.SIGNAL.reset.PRESENT                            1
CONFIG.INTF.cfu_inputs.SIGNAL.reset.DECOUPLED                          1
CONFIG.INTF.cfu_inputs.SIGNAL.reset.DECOUPLED_VALUE                    0x0
CONFIG.INTF.cfu_inputs.SIGNAL.reset.WIDTH                              1
CONFIG.INTF.cfu_inputs.SIGNAL.reset.DIRECTION                          s
CONFIG.INTF.cfu_inputs.SIGNAL.reset.RESOURCE                           infer
CONFIG.INTF.cfu_inputs.SIGNAL.reset.MANAGEMENT                         auto
CONFIG.INTF.cfu_inputs.SIGNAL.clk.PRESENT                              1
CONFIG.INTF.cfu_inputs.SIGNAL.clk.DECOUPLED                            1
CONFIG.INTF.cfu_inputs.SIGNAL.clk.DECOUPLED_VALUE                      0x0
CONFIG.INTF.cfu_inputs.SIGNAL.clk.WIDTH                                1
CONFIG.INTF.cfu_inputs.SIGNAL.clk.DIRECTION                            s
CONFIG.INTF.cfu_inputs.SIGNAL.clk.RESOURCE                             infer
CONFIG.INTF.cfu_inputs.SIGNAL.clk.MANAGEMENT                           auto
CONFIG.INTF.cfu_output.VLNV                                            undef
CONFIG.INTF.cfu_output.MODE                                            master
CONFIG.INTF.cfu_output.CDC_STAGES                                      0
CONFIG.INTF.cfu_output.REGISTER                                        0
CONFIG.INTF.cfu_output.SIGNAL.cmd_ready.PRESENT                        1
CONFIG.INTF.cfu_output.SIGNAL.cmd_ready.DECOUPLED                      1
CONFIG.INTF.cfu_output.SIGNAL.cmd_ready.DECOUPLED_VALUE                0x0
CONFIG.INTF.cfu_output.SIGNAL.cmd_ready.WIDTH                          1
CONFIG.INTF.cfu_output.SIGNAL.cmd_ready.DIRECTION                      s
CONFIG.INTF.cfu_output.SIGNAL.cmd_ready.RESOURCE                       infer
CONFIG.INTF.cfu_output.SIGNAL.cmd_ready.MANAGEMENT                     auto
CONFIG.INTF.cfu_output.SIGNAL.rsp_valid.PRESENT                        1
CONFIG.INTF.cfu_output.SIGNAL.rsp_valid.DECOUPLED                      1
CONFIG.INTF.cfu_output.SIGNAL.rsp_valid.DECOUPLED_VALUE                0x0
CONFIG.INTF.cfu_output.SIGNAL.rsp_valid.WIDTH                          1
CONFIG.INTF.cfu_output.SIGNAL.rsp_valid.DIRECTION                      s
CONFIG.INTF.cfu_output.SIGNAL.rsp_valid.RESOURCE                       infer
CONFIG.INTF.cfu_output.SIGNAL.rsp_valid.MANAGEMENT                     auto
CONFIG.INTF.cfu_output.SIGNAL.rsp_payload_outputs_0.PRESENT            1
CONFIG.INTF.cfu_output.SIGNAL.rsp_payload_outputs_0.DECOUPLED          1
CONFIG.INTF.cfu_output.SIGNAL.rsp_payload_outputs_0.DECOUPLED_VALUE    0x0
CONFIG.INTF.cfu_output.SIGNAL.rsp_payload_outputs_0.WIDTH              32
CONFIG.INTF.cfu_output.SIGNAL.rsp_payload_outputs_0.DIRECTION          s
CONFIG.INTF.cfu_output.SIGNAL.rsp_payload_outputs_0.RESOURCE           infer
CONFIG.INTF.cfu_output.SIGNAL.rsp_payload_outputs_0.MANAGEMENT         auto
CONFIG.INTF.cfu_output.SIGNAL.cfu_id.PRESENT                           1
CONFIG.INTF.cfu_output.SIGNAL.cfu_id.DECOUPLED                         1
CONFIG.INTF.cfu_output.SIGNAL.cfu_id.DECOUPLED_VALUE                   0x0
CONFIG.INTF.cfu_output.SIGNAL.cfu_id.WIDTH                             3
CONFIG.INTF.cfu_output.SIGNAL.cfu_id.DIRECTION                         s
CONFIG.INTF.cfu_output.SIGNAL.cfu_id.RESOURCE                          infer
CONFIG.INTF.cfu_output.SIGNAL.cfu_id.MANAGEMENT                        auto

INFO: [IP_Flow 19-1686] Generating 'Simulation' target for IP 'cfu_decoupler'...
INFO: [IP_Flow 19-1686] Generating 'Test Bench' target for IP 'cfu_decoupler'...
INFO: [IP_Flow 19-1686] Generating 'Change Log' target for IP 'cfu_decoupler'...
catch { config_ip_cache -export [get_ips -all cfu_decoupler] }
INFO: [IP_Flow 19-6924] IPCACHE: Running cache check for IP inst: cfu_decoupler
export_ip_user_files -of_objects [get_files /home/jsp/Storage/CFU_PYNQ_FIles/CFU_SRC/pynq_z2/pynq_z2/arunQAFDHGDZXVNBDXG_gae.srcs/sources_1/ip/cfu_decoupler/cfu_decoupler.xci] -no_script -sync -force -quiet
reset_run cfu_decoupler_synth_1
launch_runs cfu_decoupler_synth_1 -jobs 12
INFO: [IP_Flow 19-6924] IPCACHE: Running cache check for IP inst: cfu_decoupler
[Wed Nov  5 06:29:50 2025] Launched cfu_decoupler_synth_1...
Run output will be captured here: /home/jsp/Storage/CFU_PYNQ_FIles/CFU_SRC/pynq_z2/pynq_z2/arunQAFDHGDZXVNBDXG_gae.runs/cfu_decoupler_synth_1/runme.log
export_simulation -of_objects [get_files /home/jsp/Storage/CFU_PYNQ_FIles/CFU_SRC/pynq_z2/pynq_z2/arunQAFDHGDZXVNBDXG_gae.srcs/sources_1/ip/cfu_decoupler/cfu_decoupler.xci] -directory /home/jsp/Storage/CFU_PYNQ_FIles/CFU_SRC/pynq_z2/pynq_z2/arunQAFDHGDZXVNBDXG_gae.ip_user_files/sim_scripts -ip_user_files_dir /home/jsp/Storage/CFU_PYNQ_FIles/CFU_SRC/pynq_z2/pynq_z2/arunQAFDHGDZXVNBDXG_gae.ip_user_files -ipstatic_source_dir /home/jsp/Storage/CFU_PYNQ_FIles/CFU_SRC/pynq_z2/pynq_z2/arunQAFDHGDZXVNBDXG_gae.ip_user_files/ipstatic -lib_map_path [list {modelsim=/home/jsp/Storage/CFU_PYNQ_FIles/CFU_SRC/pynq_z2/pynq_z2/arunQAFDHGDZXVNBDXG_gae.cache/compile_simlib/modelsim} {questa=/home/jsp/Storage/CFU_PYNQ_FIles/CFU_SRC/pynq_z2/pynq_z2/arunQAFDHGDZXVNBDXG_gae.cache/compile_simlib/questa} {xcelium=/home/jsp/Storage/CFU_PYNQ_FIles/CFU_SRC/pynq_z2/pynq_z2/arunQAFDHGDZXVNBDXG_gae.cache/compile_simlib/xcelium} {vcs=/home/jsp/Storage/CFU_PYNQ_FIles/CFU_SRC/pynq_z2/pynq_z2/arunQAFDHGDZXVNBDXG_gae.cache/compile_simlib/vcs} {riviera=/home/jsp/Storage/CFU_PYNQ_FIles/CFU_SRC/pynq_z2/pynq_z2/arunQAFDHGDZXVNBDXG_gae.cache/compile_simlib/riviera}] -use_ip_compiled_libs -force -quiet
WARNING: [filemgmt 56-199] Attempt to get parsing info during refresh. "On-the-fly" syntax checking information may be incorrect. [/home/jsp/Storage/CFU_PYNQ_FIles/CFU_SRC/donut-accel/cfu.v:]
WARNING: [filemgmt 56-199] Attempt to get parsing info during refresh. "On-the-fly" syntax checking information may be incorrect. [/home/jsp/Storage/CFU_PYNQ_FIles/CFU_SRC/pynq_z2/pynq_z2/arunQAFDHGDZXVNBDXG_gae.srcs/sources_1/new/Cfu.v:]
WARNING: [filemgmt 56-199] Attempt to get parsing info during refresh. "On-the-fly" syntax checking information may be incorrect. [/home/jsp/Storage/CFU_PYNQ_FIles/CFU_SRC/donut-accel/cfu.v:]
WARNING: [filemgmt 56-199] Attempt to get parsing info during refresh. "On-the-fly" syntax checking information may be incorrect. [/home/jsp/Storage/CFU_PYNQ_FIles/CFU_SRC/donut-accel/cfu.v:]
open_bd_design {/home/jsp/Storage/CFU_PYNQ_FIles/CFU_SRC/pynq_z2/pynq_z2/arunQAFDHGDZXVNBDXG_gae.srcs/sources_1/bd/system/system.bd}
reset_run system_tul_pynq_z2_0_0_synth_1
reset_run synth_1
INFO: [Project 1-1161] Replacing file /home/jsp/Storage/CFU_PYNQ_FIles/CFU_SRC/pynq_z2/pynq_z2/arunQAFDHGDZXVNBDXG_gae.srcs/utils_1/imports/synth_1/system_wrapper.dcp with file /home/jsp/Storage/CFU_PYNQ_FIles/CFU_SRC/pynq_z2/pynq_z2/arunQAFDHGDZXVNBDXG_gae.runs/synth_1/system_wrapper.dcp
WARNING: [filemgmt 56-199] Attempt to get parsing info during refresh. "On-the-fly" syntax checking information may be incorrect. [/home/jsp/Storage/CFU_PYNQ_FIles/CFU_SRC/donut-accel/cfu.v:]
WARNING: [filemgmt 56-199] Attempt to get parsing info during refresh. "On-the-fly" syntax checking information may be incorrect. [/home/jsp/Storage/CFU_PYNQ_FIles/CFU_SRC/pynq_z2/pynq_z2/arunQAFDHGDZXVNBDXG_gae.srcs/sources_1/new/Cfu.v:]
WARNING: [filemgmt 56-199] Attempt to get parsing info during refresh. "On-the-fly" syntax checking information may be incorrect. [/home/jsp/Storage/CFU_PYNQ_FIles/CFU_SRC/donut-accel/cfu.v:]
WARNING: [filemgmt 56-199] Attempt to get parsing info during refresh. "On-the-fly" syntax checking information may be incorrect. [/home/jsp/Storage/CFU_PYNQ_FIles/CFU_SRC/donut-accel/cfu.v:]
launch_runs impl_1 -jobs 12
INFO: [Vivado 12-4149] The synthesis checkpoint for IP '/home/jsp/Storage/CFU_PYNQ_FIles/CFU_SRC/pynq_z2/pynq_z2/arunQAFDHGDZXVNBDXG_gae.srcs/sources_1/ip/cfu_decoupler/cfu_decoupler.xci' is already up-to-date
[Wed Nov  5 06:31:09 2025] Launched system_tul_pynq_z2_0_0_synth_1, synth_1...
Run output will be captured here:
system_tul_pynq_z2_0_0_synth_1: /home/jsp/Storage/CFU_PYNQ_FIles/CFU_SRC/pynq_z2/pynq_z2/arunQAFDHGDZXVNBDXG_gae.runs/system_tul_pynq_z2_0_0_synth_1/runme.log
synth_1: /home/jsp/Storage/CFU_PYNQ_FIles/CFU_SRC/pynq_z2/pynq_z2/arunQAFDHGDZXVNBDXG_gae.runs/synth_1/runme.log
[Wed Nov  5 06:31:09 2025] Launched impl_1...
Run output will be captured here: /home/jsp/Storage/CFU_PYNQ_FIles/CFU_SRC/pynq_z2/pynq_z2/arunQAFDHGDZXVNBDXG_gae.runs/impl_1/runme.log
WARNING: [filemgmt 56-199] Attempt to get parsing info during refresh. "On-the-fly" syntax checking information may be incorrect. [/home/jsp/Storage/CFU_PYNQ_FIles/CFU_SRC/donut-accel/cfu.v:]
WARNING: [filemgmt 56-199] Attempt to get parsing info during refresh. "On-the-fly" syntax checking information may be incorrect. [/home/jsp/Storage/CFU_PYNQ_FIles/CFU_SRC/pynq_z2/pynq_z2/arunQAFDHGDZXVNBDXG_gae.srcs/sources_1/new/Cfu.v:]
WARNING: [filemgmt 56-199] Attempt to get parsing info during refresh. "On-the-fly" syntax checking information may be incorrect. [/home/jsp/Storage/CFU_PYNQ_FIles/CFU_SRC/donut-accel/cfu.v:]
WARNING: [filemgmt 56-199] Attempt to get parsing info during refresh. "On-the-fly" syntax checking information may be incorrect. [/home/jsp/Storage/CFU_PYNQ_FIles/CFU_SRC/donut-accel/cfu.v:]
report_timing_summary -delay_type min_max -report_unconstrained -check_timing_verbose -max_paths 10 -input_pins -routable_nets -name timing_1
INFO: [Timing 38-91] UpdateTimingParams: Speed grade: -1, Delay Type: min_max.
INFO: [Timing 38-191] Multithreading enabled for timing update using a maximum of 8 CPUs
open_bd_design {/home/jsp/Storage/CFU_PYNQ_FIles/CFU_SRC/pynq_z2/pynq_z2/arunQAFDHGDZXVNBDXG_gae.srcs/sources_1/bd/system/system.bd}
CRITICAL WARNING: [PSU-1]  Parameter : PCW_UIPARAM_DDR_DQS_TO_CLK_DELAY_0 has negative value -0.051 . PS DDR interfaces might fail when entering negative DQS skew values. 
CRITICAL WARNING: [PSU-2]  Parameter : PCW_UIPARAM_DDR_DQS_TO_CLK_DELAY_1 has negative value -0.006 . PS DDR interfaces might fail when entering negative DQS skew values. 
CRITICAL WARNING: [PSU-3]  Parameter : PCW_UIPARAM_DDR_DQS_TO_CLK_DELAY_2 has negative value -0.009 . PS DDR interfaces might fail when entering negative DQS skew values. 
CRITICAL WARNING: [PSU-4]  Parameter : PCW_UIPARAM_DDR_DQS_TO_CLK_DELAY_3 has negative value -0.033 . PS DDR interfaces might fail when entering negative DQS skew values. 
CRITICAL WARNING: [PSU-1]  Parameter : PCW_UIPARAM_DDR_DQS_TO_CLK_DELAY_0 has negative value -0.051 . PS DDR interfaces might fail when entering negative DQS skew values. 
CRITICAL WARNING: [PSU-2]  Parameter : PCW_UIPARAM_DDR_DQS_TO_CLK_DELAY_1 has negative value -0.006 . PS DDR interfaces might fail when entering negative DQS skew values. 
CRITICAL WARNING: [PSU-3]  Parameter : PCW_UIPARAM_DDR_DQS_TO_CLK_DELAY_2 has negative value -0.009 . PS DDR interfaces might fail when entering negative DQS skew values. 
CRITICAL WARNING: [PSU-4]  Parameter : PCW_UIPARAM_DDR_DQS_TO_CLK_DELAY_3 has negative value -0.033 . PS DDR interfaces might fail when entering negative DQS skew values. 
WARNING: [IP_Flow 19-474] Invalid Parameter 'Component_Name'
CRITICAL WARNING: [PSU-1]  Parameter : PCW_UIPARAM_DDR_DQS_TO_CLK_DELAY_0 has negative value -0.051 . PS DDR interfaces might fail when entering negative DQS skew values. 
CRITICAL WARNING: [PSU-2]  Parameter : PCW_UIPARAM_DDR_DQS_TO_CLK_DELAY_1 has negative value -0.006 . PS DDR interfaces might fail when entering negative DQS skew values. 
CRITICAL WARNING: [PSU-3]  Parameter : PCW_UIPARAM_DDR_DQS_TO_CLK_DELAY_2 has negative value -0.009 . PS DDR interfaces might fail when entering negative DQS skew values. 
CRITICAL WARNING: [PSU-4]  Parameter : PCW_UIPARAM_DDR_DQS_TO_CLK_DELAY_3 has negative value -0.033 . PS DDR interfaces might fail when entering negative DQS skew values. 
CRITICAL WARNING: [PSU-1]  Parameter : PCW_UIPARAM_DDR_DQS_TO_CLK_DELAY_0 has negative value -0.051 . PS DDR interfaces might fail when entering negative DQS skew values. 
CRITICAL WARNING: [PSU-2]  Parameter : PCW_UIPARAM_DDR_DQS_TO_CLK_DELAY_1 has negative value -0.006 . PS DDR interfaces might fail when entering negative DQS skew values. 
CRITICAL WARNING: [PSU-3]  Parameter : PCW_UIPARAM_DDR_DQS_TO_CLK_DELAY_2 has negative value -0.009 . PS DDR interfaces might fail when entering negative DQS skew values. 
CRITICAL WARNING: [PSU-4]  Parameter : PCW_UIPARAM_DDR_DQS_TO_CLK_DELAY_3 has negative value -0.033 . PS DDR interfaces might fail when entering negative DQS skew values. 
startgroup
set_property -dict [list \
  CONFIG.PCW_EN_CLK0_PORT {1} \
  CONFIG.PCW_FPGA1_PERIPHERAL_FREQMHZ {100} \
] [get_bd_cells processing_system7_0]
CRITICAL WARNING: [PSU-1]  Parameter : PCW_UIPARAM_DDR_DQS_TO_CLK_DELAY_0 has negative value -0.051 . PS DDR interfaces might fail when entering negative DQS skew values. 
CRITICAL WARNING: [PSU-2]  Parameter : PCW_UIPARAM_DDR_DQS_TO_CLK_DELAY_1 has negative value -0.006 . PS DDR interfaces might fail when entering negative DQS skew values. 
CRITICAL WARNING: [PSU-3]  Parameter : PCW_UIPARAM_DDR_DQS_TO_CLK_DELAY_2 has negative value -0.009 . PS DDR interfaces might fail when entering negative DQS skew values. 
CRITICAL WARNING: [PSU-4]  Parameter : PCW_UIPARAM_DDR_DQS_TO_CLK_DELAY_3 has negative value -0.033 . PS DDR interfaces might fail when entering negative DQS skew values. 
endgroup
validate_bd_design
WARNING: [BD 41-702] Propagation TCL tries to overwrite USER strength parameter PCW_M_AXI_GP0_FREQMHZ(10) on '/processing_system7_0' with propagated value(100). Command ignored
INFO: [xilinx.com:ip:clk_wiz:6.0-1] /clk_wiz clk_wiz propagate
set_property -dict [list \
  CONFIG.ALL_PARAMS {INTF {cfu_inputs {ID 0 MODE slave SIGNALS {cmd_valid {} cmd_payload_function_id {} cmd_payload_inputs_0 {WIDTH 10} cmd_payload_inputs_1 {WIDTH 32} rsp_ready {WIDTH 32} reset {} clk {}} REGISTER 0 CDC_STAGES 4} cfu_output {ID 1 SIGNALS {cmd_ready {} rsp_valid {} rsp_payload_outputs_0 {WIDTH 32} cfu_id {WIDTH 3}} CDC_STAGES 4}}} \
  CONFIG.GUI_SELECT_CDC_STAGES {4} \
  CONFIG.GUI_SELECT_INTERFACE {1} \
] [get_ips cfu_decoupler]
WARNING: [filemgmt 56-199] Attempt to get parsing info during refresh. "On-the-fly" syntax checking information may be incorrect. [/home/jsp/Storage/CFU_PYNQ_FIles/CFU_SRC/donut-accel/cfu.v:]
WARNING: [filemgmt 56-199] Attempt to get parsing info during refresh. "On-the-fly" syntax checking information may be incorrect. [/home/jsp/Storage/CFU_PYNQ_FIles/CFU_SRC/pynq_z2/pynq_z2/arunQAFDHGDZXVNBDXG_gae.srcs/sources_1/new/Cfu.v:]
WARNING: [filemgmt 56-199] Attempt to get parsing info during refresh. "On-the-fly" syntax checking information may be incorrect. [/home/jsp/Storage/CFU_PYNQ_FIles/CFU_SRC/donut-accel/cfu.v:]
WARNING: [filemgmt 56-199] Attempt to get parsing info during refresh. "On-the-fly" syntax checking information may be incorrect. [/home/jsp/Storage/CFU_PYNQ_FIles/CFU_SRC/donut-accel/cfu.v:]
generate_target all [get_files  /home/jsp/Storage/CFU_PYNQ_FIles/CFU_SRC/pynq_z2/pynq_z2/arunQAFDHGDZXVNBDXG_gae.srcs/sources_1/ip/cfu_decoupler/cfu_decoupler.xci]
INFO: [IP_Flow 19-1686] Generating 'Instantiation Template' target for IP 'cfu_decoupler'...
INFO: [IP_Flow 19-1686] Generating 'Synthesis' target for IP 'cfu_decoupler'...
CONFIG.HAS_AXI_LITE                                                    0
CONFIG.HAS_AXIS_CONTROL                                                0
CONFIG.HAS_AXIS_STATUS                                                 0
CONFIG.HAS_SIGNAL_CONTROL                                              1
CONFIG.HAS_SIGNAL_STATUS                                               1
CONFIG.ALWAYS_HAVE_AXI_CLK                                             0
CONFIG.INTF.cfu_inputs.VLNV                                            undef
CONFIG.INTF.cfu_inputs.MODE                                            slave
CONFIG.INTF.cfu_inputs.CDC_STAGES                                      4
CONFIG.INTF.cfu_inputs.REGISTER                                        0
CONFIG.INTF.cfu_inputs.SIGNAL.cmd_valid.PRESENT                        1
CONFIG.INTF.cfu_inputs.SIGNAL.cmd_valid.DECOUPLED                      1
CONFIG.INTF.cfu_inputs.SIGNAL.cmd_valid.DECOUPLED_VALUE                0x0
CONFIG.INTF.cfu_inputs.SIGNAL.cmd_valid.WIDTH                          1
CONFIG.INTF.cfu_inputs.SIGNAL.cmd_valid.DIRECTION                      s
CONFIG.INTF.cfu_inputs.SIGNAL.cmd_valid.RESOURCE                       infer
CONFIG.INTF.cfu_inputs.SIGNAL.cmd_valid.MANAGEMENT                     auto
CONFIG.INTF.cfu_inputs.SIGNAL.cmd_payload_function_id.PRESENT          1
CONFIG.INTF.cfu_inputs.SIGNAL.cmd_payload_function_id.DECOUPLED        1
CONFIG.INTF.cfu_inputs.SIGNAL.cmd_payload_function_id.DECOUPLED_VALUE  0x0
CONFIG.INTF.cfu_inputs.SIGNAL.cmd_payload_function_id.WIDTH            1
CONFIG.INTF.cfu_inputs.SIGNAL.cmd_payload_function_id.DIRECTION        s
CONFIG.INTF.cfu_inputs.SIGNAL.cmd_payload_function_id.RESOURCE         infer
CONFIG.INTF.cfu_inputs.SIGNAL.cmd_payload_function_id.MANAGEMENT       auto
CONFIG.INTF.cfu_inputs.SIGNAL.cmd_payload_inputs_0.PRESENT             1
CONFIG.INTF.cfu_inputs.SIGNAL.cmd_payload_inputs_0.DECOUPLED           1
CONFIG.INTF.cfu_inputs.SIGNAL.cmd_payload_inputs_0.DECOUPLED_VALUE     0x0
CONFIG.INTF.cfu_inputs.SIGNAL.cmd_payload_inputs_0.WIDTH               10
CONFIG.INTF.cfu_inputs.SIGNAL.cmd_payload_inputs_0.DIRECTION           s
CONFIG.INTF.cfu_inputs.SIGNAL.cmd_payload_inputs_0.RESOURCE            infer
CONFIG.INTF.cfu_inputs.SIGNAL.cmd_payload_inputs_0.MANAGEMENT          auto
CONFIG.INTF.cfu_inputs.SIGNAL.cmd_payload_inputs_1.PRESENT             1
CONFIG.INTF.cfu_inputs.SIGNAL.cmd_payload_inputs_1.DECOUPLED           1
CONFIG.INTF.cfu_inputs.SIGNAL.cmd_payload_inputs_1.DECOUPLED_VALUE     0x0
CONFIG.INTF.cfu_inputs.SIGNAL.cmd_payload_inputs_1.WIDTH               32
CONFIG.INTF.cfu_inputs.SIGNAL.cmd_payload_inputs_1.DIRECTION           s
CONFIG.INTF.cfu_inputs.SIGNAL.cmd_payload_inputs_1.RESOURCE            infer
CONFIG.INTF.cfu_inputs.SIGNAL.cmd_payload_inputs_1.MANAGEMENT          auto
CONFIG.INTF.cfu_inputs.SIGNAL.rsp_ready.PRESENT                        1
CONFIG.INTF.cfu_inputs.SIGNAL.rsp_ready.DECOUPLED                      1
CONFIG.INTF.cfu_inputs.SIGNAL.rsp_ready.DECOUPLED_VALUE                0x0
CONFIG.INTF.cfu_inputs.SIGNAL.rsp_ready.WIDTH                          32
CONFIG.INTF.cfu_inputs.SIGNAL.rsp_ready.DIRECTION                      s
CONFIG.INTF.cfu_inputs.SIGNAL.rsp_ready.RESOURCE                       infer
CONFIG.INTF.cfu_inputs.SIGNAL.rsp_ready.MANAGEMENT                     auto
CONFIG.INTF.cfu_inputs.SIGNAL.reset.PRESENT                            1
CONFIG.INTF.cfu_inputs.SIGNAL.reset.DECOUPLED                          1
CONFIG.INTF.cfu_inputs.SIGNAL.reset.DECOUPLED_VALUE                    0x0
CONFIG.INTF.cfu_inputs.SIGNAL.reset.WIDTH                              1
CONFIG.INTF.cfu_inputs.SIGNAL.reset.DIRECTION                          s
CONFIG.INTF.cfu_inputs.SIGNAL.reset.RESOURCE                           infer
CONFIG.INTF.cfu_inputs.SIGNAL.reset.MANAGEMENT                         auto
CONFIG.INTF.cfu_inputs.SIGNAL.clk.PRESENT                              1
CONFIG.INTF.cfu_inputs.SIGNAL.clk.DECOUPLED                            1
CONFIG.INTF.cfu_inputs.SIGNAL.clk.DECOUPLED_VALUE                      0x0
CONFIG.INTF.cfu_inputs.SIGNAL.clk.WIDTH                                1
CONFIG.INTF.cfu_inputs.SIGNAL.clk.DIRECTION                            s
CONFIG.INTF.cfu_inputs.SIGNAL.clk.RESOURCE                             infer
CONFIG.INTF.cfu_inputs.SIGNAL.clk.MANAGEMENT                           auto
CONFIG.INTF.cfu_output.VLNV                                            undef
CONFIG.INTF.cfu_output.MODE                                            master
CONFIG.INTF.cfu_output.CDC_STAGES                                      4
CONFIG.INTF.cfu_output.REGISTER                                        0
CONFIG.INTF.cfu_output.SIGNAL.cmd_ready.PRESENT                        1
CONFIG.INTF.cfu_output.SIGNAL.cmd_ready.DECOUPLED                      1
CONFIG.INTF.cfu_output.SIGNAL.cmd_ready.DECOUPLED_VALUE                0x0
CONFIG.INTF.cfu_output.SIGNAL.cmd_ready.WIDTH                          1
CONFIG.INTF.cfu_output.SIGNAL.cmd_ready.DIRECTION                      s
CONFIG.INTF.cfu_output.SIGNAL.cmd_ready.RESOURCE                       infer
CONFIG.INTF.cfu_output.SIGNAL.cmd_ready.MANAGEMENT                     auto
CONFIG.INTF.cfu_output.SIGNAL.rsp_valid.PRESENT                        1
CONFIG.INTF.cfu_output.SIGNAL.rsp_valid.DECOUPLED                      1
CONFIG.INTF.cfu_output.SIGNAL.rsp_valid.DECOUPLED_VALUE                0x0
CONFIG.INTF.cfu_output.SIGNAL.rsp_valid.WIDTH                          1
CONFIG.INTF.cfu_output.SIGNAL.rsp_valid.DIRECTION                      s
CONFIG.INTF.cfu_output.SIGNAL.rsp_valid.RESOURCE                       infer
CONFIG.INTF.cfu_output.SIGNAL.rsp_valid.MANAGEMENT                     auto
CONFIG.INTF.cfu_output.SIGNAL.rsp_payload_outputs_0.PRESENT            1
CONFIG.INTF.cfu_output.SIGNAL.rsp_payload_outputs_0.DECOUPLED          1
CONFIG.INTF.cfu_output.SIGNAL.rsp_payload_outputs_0.DECOUPLED_VALUE    0x0
CONFIG.INTF.cfu_output.SIGNAL.rsp_payload_outputs_0.WIDTH              32
CONFIG.INTF.cfu_output.SIGNAL.rsp_payload_outputs_0.DIRECTION          s
CONFIG.INTF.cfu_output.SIGNAL.rsp_payload_outputs_0.RESOURCE           infer
CONFIG.INTF.cfu_output.SIGNAL.rsp_payload_outputs_0.MANAGEMENT         auto
CONFIG.INTF.cfu_output.SIGNAL.cfu_id.PRESENT                           1
CONFIG.INTF.cfu_output.SIGNAL.cfu_id.DECOUPLED                         1
CONFIG.INTF.cfu_output.SIGNAL.cfu_id.DECOUPLED_VALUE                   0x0
CONFIG.INTF.cfu_output.SIGNAL.cfu_id.WIDTH                             3
CONFIG.INTF.cfu_output.SIGNAL.cfu_id.DIRECTION                         s
CONFIG.INTF.cfu_output.SIGNAL.cfu_id.RESOURCE                          infer
CONFIG.INTF.cfu_output.SIGNAL.cfu_id.MANAGEMENT                        auto

INFO: [IP_Flow 19-1686] Generating 'Simulation' target for IP 'cfu_decoupler'...
INFO: [IP_Flow 19-1686] Generating 'Test Bench' target for IP 'cfu_decoupler'...
INFO: [IP_Flow 19-1686] Generating 'Change Log' target for IP 'cfu_decoupler'...
catch { config_ip_cache -export [get_ips -all cfu_decoupler] }
INFO: [IP_Flow 19-6924] IPCACHE: Running cache check for IP inst: cfu_decoupler
export_ip_user_files -of_objects [get_files /home/jsp/Storage/CFU_PYNQ_FIles/CFU_SRC/pynq_z2/pynq_z2/arunQAFDHGDZXVNBDXG_gae.srcs/sources_1/ip/cfu_decoupler/cfu_decoupler.xci] -no_script -sync -force -quiet
reset_run cfu_decoupler_synth_1
launch_runs cfu_decoupler_synth_1 -jobs 12
INFO: [IP_Flow 19-6924] IPCACHE: Running cache check for IP inst: cfu_decoupler
[Wed Nov  5 06:48:26 2025] Launched cfu_decoupler_synth_1...
Run output will be captured here: /home/jsp/Storage/CFU_PYNQ_FIles/CFU_SRC/pynq_z2/pynq_z2/arunQAFDHGDZXVNBDXG_gae.runs/cfu_decoupler_synth_1/runme.log
export_simulation -of_objects [get_files /home/jsp/Storage/CFU_PYNQ_FIles/CFU_SRC/pynq_z2/pynq_z2/arunQAFDHGDZXVNBDXG_gae.srcs/sources_1/ip/cfu_decoupler/cfu_decoupler.xci] -directory /home/jsp/Storage/CFU_PYNQ_FIles/CFU_SRC/pynq_z2/pynq_z2/arunQAFDHGDZXVNBDXG_gae.ip_user_files/sim_scripts -ip_user_files_dir /home/jsp/Storage/CFU_PYNQ_FIles/CFU_SRC/pynq_z2/pynq_z2/arunQAFDHGDZXVNBDXG_gae.ip_user_files -ipstatic_source_dir /home/jsp/Storage/CFU_PYNQ_FIles/CFU_SRC/pynq_z2/pynq_z2/arunQAFDHGDZXVNBDXG_gae.ip_user_files/ipstatic -lib_map_path [list {modelsim=/home/jsp/Storage/CFU_PYNQ_FIles/CFU_SRC/pynq_z2/pynq_z2/arunQAFDHGDZXVNBDXG_gae.cache/compile_simlib/modelsim} {questa=/home/jsp/Storage/CFU_PYNQ_FIles/CFU_SRC/pynq_z2/pynq_z2/arunQAFDHGDZXVNBDXG_gae.cache/compile_simlib/questa} {xcelium=/home/jsp/Storage/CFU_PYNQ_FIles/CFU_SRC/pynq_z2/pynq_z2/arunQAFDHGDZXVNBDXG_gae.cache/compile_simlib/xcelium} {vcs=/home/jsp/Storage/CFU_PYNQ_FIles/CFU_SRC/pynq_z2/pynq_z2/arunQAFDHGDZXVNBDXG_gae.cache/compile_simlib/vcs} {riviera=/home/jsp/Storage/CFU_PYNQ_FIles/CFU_SRC/pynq_z2/pynq_z2/arunQAFDHGDZXVNBDXG_gae.cache/compile_simlib/riviera}] -use_ip_compiled_libs -force -quiet
WARNING: [filemgmt 56-199] Attempt to get parsing info during refresh. "On-the-fly" syntax checking information may be incorrect. [/home/jsp/Storage/CFU_PYNQ_FIles/CFU_SRC/donut-accel/cfu.v:]
WARNING: [filemgmt 56-199] Attempt to get parsing info during refresh. "On-the-fly" syntax checking information may be incorrect. [/home/jsp/Storage/CFU_PYNQ_FIles/CFU_SRC/pynq_z2/pynq_z2/arunQAFDHGDZXVNBDXG_gae.srcs/sources_1/new/Cfu.v:]
WARNING: [filemgmt 56-199] Attempt to get parsing info during refresh. "On-the-fly" syntax checking information may be incorrect. [/home/jsp/Storage/CFU_PYNQ_FIles/CFU_SRC/pynq_z2/pynq_z2/arunQAFDHGDZXVNBDXG_gae.srcs/sources_1/new/Cfu.v:]
WARNING: [filemgmt 56-199] Attempt to get parsing info during refresh. "On-the-fly" syntax checking information may be incorrect. [/home/jsp/Storage/CFU_PYNQ_FIles/CFU_SRC/pynq_z2/pynq_z2/arunQAFDHGDZXVNBDXG_gae.srcs/sources_1/new/Cfu.v:]
reset_run system_processing_system7_0_0_synth_1
reset_run system_tul_pynq_z2_0_0_synth_1
reset_run synth_1
INFO: [Project 1-1161] Replacing file /home/jsp/Storage/CFU_PYNQ_FIles/CFU_SRC/pynq_z2/pynq_z2/arunQAFDHGDZXVNBDXG_gae.srcs/utils_1/imports/synth_1/system_wrapper.dcp with file /home/jsp/Storage/CFU_PYNQ_FIles/CFU_SRC/pynq_z2/pynq_z2/arunQAFDHGDZXVNBDXG_gae.runs/synth_1/system_wrapper.dcp
save_bd_design
Wrote  : </home/jsp/Storage/CFU_PYNQ_FIles/CFU_SRC/pynq_z2/pynq_z2/arunQAFDHGDZXVNBDXG_gae.srcs/sources_1/bd/system/system.bd> 
Wrote  : </home/jsp/Storage/CFU_PYNQ_FIles/CFU_SRC/pynq_z2/pynq_z2/arunQAFDHGDZXVNBDXG_gae.srcs/sources_1/bd/system/ui/bd_c954508f.ui> 
WARNING: [filemgmt 56-199] Attempt to get parsing info during refresh. "On-the-fly" syntax checking information may be incorrect. [/home/jsp/Storage/CFU_PYNQ_FIles/CFU_SRC/donut-accel/cfu.v:]
WARNING: [filemgmt 56-199] Attempt to get parsing info during refresh. "On-the-fly" syntax checking information may be incorrect. [/home/jsp/Storage/CFU_PYNQ_FIles/CFU_SRC/pynq_z2/pynq_z2/arunQAFDHGDZXVNBDXG_gae.srcs/sources_1/new/Cfu.v:]
WARNING: [filemgmt 56-199] Attempt to get parsing info during refresh. "On-the-fly" syntax checking information may be incorrect. [/home/jsp/Storage/CFU_PYNQ_FIles/CFU_SRC/pynq_z2/pynq_z2/arunQAFDHGDZXVNBDXG_gae.srcs/sources_1/new/Cfu.v:]
WARNING: [filemgmt 56-199] Attempt to get parsing info during refresh. "On-the-fly" syntax checking information may be incorrect. [/home/jsp/Storage/CFU_PYNQ_FIles/CFU_SRC/pynq_z2/pynq_z2/arunQAFDHGDZXVNBDXG_gae.srcs/sources_1/new/Cfu.v:]
launch_runs impl_1 -jobs 12
INFO: [Vivado 12-4149] The synthesis checkpoint for IP '/home/jsp/Storage/CFU_PYNQ_FIles/CFU_SRC/pynq_z2/pynq_z2/arunQAFDHGDZXVNBDXG_gae.srcs/sources_1/ip/cfu_decoupler/cfu_decoupler.xci' is already up-to-date
INFO: [BD 41-1662] The design 'system.bd' is already validated. Therefore parameter propagation will not be re-run.
Verilog Output written to : /home/jsp/Storage/CFU_PYNQ_FIles/CFU_SRC/pynq_z2/pynq_z2/arunQAFDHGDZXVNBDXG_gae.gen/sources_1/bd/system/synth/system.v
Verilog Output written to : /home/jsp/Storage/CFU_PYNQ_FIles/CFU_SRC/pynq_z2/pynq_z2/arunQAFDHGDZXVNBDXG_gae.gen/sources_1/bd/system/sim/system.v
Verilog Output written to : /home/jsp/Storage/CFU_PYNQ_FIles/CFU_SRC/pynq_z2/pynq_z2/arunQAFDHGDZXVNBDXG_gae.gen/sources_1/bd/system/hdl/system_wrapper.v
INFO: [IP_Flow 19-5611] Unable to find an associated reset port for the interface 'M_AXI_GP0'. A default connection has been created.
INFO: [BD 41-1029] Generation completed for the IP Integrator block processing_system7_0 .
WARNING: [IP_Flow 19-4994] Overwriting existing constraint file '/home/jsp/Storage/CFU_PYNQ_FIles/CFU_SRC/pynq_z2/pynq_z2/arunQAFDHGDZXVNBDXG_gae.gen/sources_1/bd/system/ip/system_auto_pc_0/system_auto_pc_0_ooc.xdc'
INFO: [BD 41-1029] Generation completed for the IP Integrator block ps7_0_axi_periph/s00_couplers/auto_pc .
Exporting to file /home/jsp/Storage/CFU_PYNQ_FIles/CFU_SRC/pynq_z2/pynq_z2/arunQAFDHGDZXVNBDXG_gae.gen/sources_1/bd/system/hw_handoff/system.hwh
Generated Hardware Definition File /home/jsp/Storage/CFU_PYNQ_FIles/CFU_SRC/pynq_z2/pynq_z2/arunQAFDHGDZXVNBDXG_gae.gen/sources_1/bd/system/synth/system.hwdef
INFO: [IP_Flow 19-6924] IPCACHE: Running cache check for IP inst: system_auto_pc_0
INFO: [IP_Flow 19-6922] IPCACHE: Exporting cached entry 28dbe6f2fca8b92b to dir: /home/jsp/Storage/CFU_PYNQ_FIles/CFU_SRC/pynq_z2/pynq_z2/arunQAFDHGDZXVNBDXG_gae.gen/sources_1/bd/system/ip/system_auto_pc_0
INFO: [IP_Flow 19-6928] IPCACHE: copied cached file /home/jsp/Storage/CFU_PYNQ_FIles/CFU_SRC/pynq_z2/pynq_z2/arunQAFDHGDZXVNBDXG_gae.cache/ip/2024.1/2/8/28dbe6f2fca8b92b/system_auto_pc_0_sim_netlist.v to /home/jsp/Storage/CFU_PYNQ_FIles/CFU_SRC/pynq_z2/pynq_z2/arunQAFDHGDZXVNBDXG_gae.gen/sources_1/bd/system/ip/system_auto_pc_0/system_auto_pc_0_sim_netlist.v.
INFO: [IP_Flow 19-6926] IPCACHE: added file to list for BOM: /home/jsp/Storage/CFU_PYNQ_FIles/CFU_SRC/pynq_z2/pynq_z2/arunQAFDHGDZXVNBDXG_gae.gen/sources_1/bd/system/ip/system_auto_pc_0/system_auto_pc_0_sim_netlist.v
INFO: [IP_Flow 19-6928] IPCACHE: copied cached file /home/jsp/Storage/CFU_PYNQ_FIles/CFU_SRC/pynq_z2/pynq_z2/arunQAFDHGDZXVNBDXG_gae.cache/ip/2024.1/2/8/28dbe6f2fca8b92b/system_auto_pc_0_stub.v to /home/jsp/Storage/CFU_PYNQ_FIles/CFU_SRC/pynq_z2/pynq_z2/arunQAFDHGDZXVNBDXG_gae.gen/sources_1/bd/system/ip/system_auto_pc_0/system_auto_pc_0_stub.v.
INFO: [IP_Flow 19-6926] IPCACHE: added file to list for BOM: /home/jsp/Storage/CFU_PYNQ_FIles/CFU_SRC/pynq_z2/pynq_z2/arunQAFDHGDZXVNBDXG_gae.gen/sources_1/bd/system/ip/system_auto_pc_0/system_auto_pc_0_stub.v
INFO: [IP_Flow 19-6928] IPCACHE: copied cached file /home/jsp/Storage/CFU_PYNQ_FIles/CFU_SRC/pynq_z2/pynq_z2/arunQAFDHGDZXVNBDXG_gae.cache/ip/2024.1/2/8/28dbe6f2fca8b92b/system_auto_pc_0_sim_netlist.vhdl to /home/jsp/Storage/CFU_PYNQ_FIles/CFU_SRC/pynq_z2/pynq_z2/arunQAFDHGDZXVNBDXG_gae.gen/sources_1/bd/system/ip/system_auto_pc_0/system_auto_pc_0_sim_netlist.vhdl.
INFO: [IP_Flow 19-6926] IPCACHE: added file to list for BOM: /home/jsp/Storage/CFU_PYNQ_FIles/CFU_SRC/pynq_z2/pynq_z2/arunQAFDHGDZXVNBDXG_gae.gen/sources_1/bd/system/ip/system_auto_pc_0/system_auto_pc_0_sim_netlist.vhdl
INFO: [IP_Flow 19-6928] IPCACHE: copied cached file /home/jsp/Storage/CFU_PYNQ_FIles/CFU_SRC/pynq_z2/pynq_z2/arunQAFDHGDZXVNBDXG_gae.cache/ip/2024.1/2/8/28dbe6f2fca8b92b/system_auto_pc_0.dcp to /home/jsp/Storage/CFU_PYNQ_FIles/CFU_SRC/pynq_z2/pynq_z2/arunQAFDHGDZXVNBDXG_gae.gen/sources_1/bd/system/ip/system_auto_pc_0/system_auto_pc_0.dcp.
INFO: [IP_Flow 19-6926] IPCACHE: added file to list for BOM: /home/jsp/Storage/CFU_PYNQ_FIles/CFU_SRC/pynq_z2/pynq_z2/arunQAFDHGDZXVNBDXG_gae.gen/sources_1/bd/system/ip/system_auto_pc_0/system_auto_pc_0.dcp
INFO: [IP_Flow 19-6928] IPCACHE: copied cached file /home/jsp/Storage/CFU_PYNQ_FIles/CFU_SRC/pynq_z2/pynq_z2/arunQAFDHGDZXVNBDXG_gae.cache/ip/2024.1/2/8/28dbe6f2fca8b92b/system_auto_pc_0_stub.vhdl to /home/jsp/Storage/CFU_PYNQ_FIles/CFU_SRC/pynq_z2/pynq_z2/arunQAFDHGDZXVNBDXG_gae.gen/sources_1/bd/system/ip/system_auto_pc_0/system_auto_pc_0_stub.vhdl.
INFO: [IP_Flow 19-6926] IPCACHE: added file to list for BOM: /home/jsp/Storage/CFU_PYNQ_FIles/CFU_SRC/pynq_z2/pynq_z2/arunQAFDHGDZXVNBDXG_gae.gen/sources_1/bd/system/ip/system_auto_pc_0/system_auto_pc_0_stub.vhdl
INFO: [IP_Flow 19-4993] Using cached IP synthesis design for IP system_auto_pc_0, cache-ID = 28dbe6f2fca8b92b; cache size = 3.011 MB.
[Wed Nov  5 06:50:08 2025] Launched system_processing_system7_0_0_synth_1, system_tul_pynq_z2_0_0_synth_1, synth_1...
Run output will be captured here:
system_processing_system7_0_0_synth_1: /home/jsp/Storage/CFU_PYNQ_FIles/CFU_SRC/pynq_z2/pynq_z2/arunQAFDHGDZXVNBDXG_gae.runs/system_processing_system7_0_0_synth_1/runme.log
system_tul_pynq_z2_0_0_synth_1: /home/jsp/Storage/CFU_PYNQ_FIles/CFU_SRC/pynq_z2/pynq_z2/arunQAFDHGDZXVNBDXG_gae.runs/system_tul_pynq_z2_0_0_synth_1/runme.log
synth_1: /home/jsp/Storage/CFU_PYNQ_FIles/CFU_SRC/pynq_z2/pynq_z2/arunQAFDHGDZXVNBDXG_gae.runs/synth_1/runme.log
[Wed Nov  5 06:50:08 2025] Launched impl_1...
Run output will be captured here: /home/jsp/Storage/CFU_PYNQ_FIles/CFU_SRC/pynq_z2/pynq_z2/arunQAFDHGDZXVNBDXG_gae.runs/impl_1/runme.log
launch_runs: Time (s): cpu = 00:00:23 ; elapsed = 00:00:21 . Memory (MB): peak = 11192.266 ; gain = 298.961 ; free physical = 6834 ; free virtual = 18422
WARNING: [filemgmt 56-199] Attempt to get parsing info during refresh. "On-the-fly" syntax checking information may be incorrect. [/home/jsp/Storage/CFU_PYNQ_FIles/CFU_SRC/donut-accel/cfu.v:]
WARNING: [filemgmt 56-199] Attempt to get parsing info during refresh. "On-the-fly" syntax checking information may be incorrect. [/home/jsp/Storage/CFU_PYNQ_FIles/CFU_SRC/pynq_z2/pynq_z2/arunQAFDHGDZXVNBDXG_gae.srcs/sources_1/new/Cfu.v:]
WARNING: [filemgmt 56-199] Attempt to get parsing info during refresh. "On-the-fly" syntax checking information may be incorrect. [/home/jsp/Storage/CFU_PYNQ_FIles/CFU_SRC/pynq_z2/pynq_z2/arunQAFDHGDZXVNBDXG_gae.srcs/sources_1/new/Cfu.v:]
WARNING: [filemgmt 56-199] Attempt to get parsing info during refresh. "On-the-fly" syntax checking information may be incorrect. [/home/jsp/Storage/CFU_PYNQ_FIles/CFU_SRC/pynq_z2/pynq_z2/arunQAFDHGDZXVNBDXG_gae.srcs/sources_1/new/Cfu.v:]
WARNING: [filemgmt 56-199] Attempt to get parsing info during refresh. "On-the-fly" syntax checking information may be incorrect. [/home/jsp/Storage/CFU_PYNQ_FIles/CFU_SRC/donut-accel/cfu.v:]
WARNING: [filemgmt 56-199] Attempt to get parsing info during refresh. "On-the-fly" syntax checking information may be incorrect. [/home/jsp/Storage/CFU_PYNQ_FIles/CFU_SRC/pynq_z2/pynq_z2/arunQAFDHGDZXVNBDXG_gae.srcs/sources_1/new/Cfu.v:]
WARNING: [filemgmt 56-199] Attempt to get parsing info during refresh. "On-the-fly" syntax checking information may be incorrect. [/home/jsp/Storage/CFU_PYNQ_FIles/CFU_SRC/donut-accel/cfu.v:]
WARNING: [filemgmt 56-199] Attempt to get parsing info during refresh. "On-the-fly" syntax checking information may be incorrect. [/home/jsp/Storage/CFU_PYNQ_FIles/CFU_SRC/donut-accel/cfu.v:]
WARNING: [filemgmt 56-199] Attempt to get parsing info during refresh. "On-the-fly" syntax checking information may be incorrect. [/home/jsp/Storage/CFU_PYNQ_FIles/CFU_SRC/donut-accel/cfu.v:]
WARNING: [filemgmt 56-199] Attempt to get parsing info during refresh. "On-the-fly" syntax checking information may be incorrect. [/home/jsp/Storage/CFU_PYNQ_FIles/CFU_SRC/pynq_z2/pynq_z2/arunQAFDHGDZXVNBDXG_gae.srcs/sources_1/new/Cfu.v:]
WARNING: [filemgmt 56-199] Attempt to get parsing info during refresh. "On-the-fly" syntax checking information may be incorrect. [/home/jsp/Storage/CFU_PYNQ_FIles/CFU_SRC/donut-accel/cfu.v:]
WARNING: [filemgmt 56-199] Attempt to get parsing info during refresh. "On-the-fly" syntax checking information may be incorrect. [/home/jsp/Storage/CFU_PYNQ_FIles/CFU_SRC/donut-accel/cfu.v:]
WARNING: [filemgmt 56-199] Attempt to get parsing info during refresh. "On-the-fly" syntax checking information may be incorrect. [/home/jsp/Storage/CFU_PYNQ_FIles/CFU_SRC/donut-accel/cfu.v:]
WARNING: [filemgmt 56-199] Attempt to get parsing info during refresh. "On-the-fly" syntax checking information may be incorrect. [/home/jsp/Storage/CFU_PYNQ_FIles/CFU_SRC/pynq_z2/pynq_z2/arunQAFDHGDZXVNBDXG_gae.srcs/sources_1/new/Cfu.v:]
WARNING: [filemgmt 56-199] Attempt to get parsing info during refresh. "On-the-fly" syntax checking information may be incorrect. [/home/jsp/Storage/CFU_PYNQ_FIles/CFU_SRC/donut-accel/cfu.v:]
WARNING: [filemgmt 56-199] Attempt to get parsing info during refresh. "On-the-fly" syntax checking information may be incorrect. [/home/jsp/Storage/CFU_PYNQ_FIles/CFU_SRC/donut-accel/cfu.v:]
create_ip_run [get_files -of_objects [get_fileset sources_1] /home/jsp/Storage/CFU_PYNQ_FIles/CFU_SRC/pynq_z2/pynq_z2/arunQAFDHGDZXVNBDXG_gae.srcs/sources_1/bd/system/system.bd]
refresh_design
Netlist sorting complete. Time (s): cpu = 00:00:00.09 ; elapsed = 00:00:00.05 . Memory (MB): peak = 11192.266 ; gain = 0.000 ; free physical = 6942 ; free virtual = 18554
INFO: [Netlist 29-17] Analyzing 208 Unisim elements for replacement
INFO: [Netlist 29-28] Unisim Transformation completed in 0 CPU seconds
INFO: [Project 1-479] Netlist was created with Vivado 2024.1
INFO: [Project 1-570] Preparing netlist for logic optimization
Read ShapeDB Complete: Time (s): cpu = 00:00:00.04 ; elapsed = 00:00:00.01 . Memory (MB): peak = 11192.266 ; gain = 0.000 ; free physical = 6942 ; free virtual = 18554
INFO: [Timing 38-478] Restoring timing data from binary archive.
INFO: [Timing 38-479] Binary timing data restore complete.
INFO: [Project 1-856] Restoring constraints from binary archive.
INFO: [Project 1-853] Binary constraint restore complete.
INFO: [Designutils 20-5722] Start Reading Physical Databases.
Reading placement.
Read Netlist Cache: Time (s): cpu = 00:00:00.01 ; elapsed = 00:00:00 . Memory (MB): peak = 11192.266 ; gain = 0.000 ; free physical = 6939 ; free virtual = 18550
Reading placer database...
Read Device Cache: Time (s): cpu = 00:00:00.01 ; elapsed = 00:00:00.01 . Memory (MB): peak = 11192.266 ; gain = 0.000 ; free physical = 6939 ; free virtual = 18550
Read PlaceDB: Time (s): cpu = 00:00:00.24 ; elapsed = 00:00:00.23 . Memory (MB): peak = 11192.266 ; gain = 0.000 ; free physical = 6939 ; free virtual = 18550
Read PulsedLatchDB: Time (s): cpu = 00:00:00 ; elapsed = 00:00:00 . Memory (MB): peak = 11192.266 ; gain = 0.000 ; free physical = 6939 ; free virtual = 18550
Reading routing.
Read RouteStorage: Time (s): cpu = 00:00:00.14 ; elapsed = 00:00:00.04 . Memory (MB): peak = 11192.266 ; gain = 0.000 ; free physical = 6939 ; free virtual = 18550
Read Physdb Files: Time (s): cpu = 00:00:00.41 ; elapsed = 00:00:00.3 . Memory (MB): peak = 11192.266 ; gain = 0.000 ; free physical = 6939 ; free virtual = 18550
Restored from archive | CPU: 0.410000 secs | Memory: 7.530861 MB |
Finished XDEF File Restore: Time (s): cpu = 00:00:00.41 ; elapsed = 00:00:00.3 . Memory (MB): peak = 11192.266 ; gain = 0.000 ; free physical = 6939 ; free virtual = 18550
refresh_design: Time (s): cpu = 00:00:10 ; elapsed = 00:00:05 . Memory (MB): peak = 11192.266 ; gain = 0.000 ; free physical = 6928 ; free virtual = 18545
CRITICAL WARNING: [Timing 38-282] The design failed to meet the timing requirements. Please see the timing summary report for details on the timing violations.
set_property -dict [list \
  CONFIG.ALL_PARAMS {INTF {cfu_inputs {ID 0 MODE slave SIGNALS {cmd_valid {} cmd_payload_function_id {} cmd_payload_inputs_0 {WIDTH 10} cmd_payload_inputs_1 {WIDTH 32} rsp_ready {WIDTH 32} reset {} clk {}} REGISTER 0 CDC_STAGES 6} cfu_output {ID 1 SIGNALS {cmd_ready {} rsp_valid {} rsp_payload_outputs_0 {WIDTH 32} cfu_id {WIDTH 3}} CDC_STAGES 6}}} \
  CONFIG.GUI_SELECT_CDC_STAGES {6} \
  CONFIG.GUI_SELECT_INTERFACE {1} \
] [get_ips cfu_decoupler]
WARNING: [filemgmt 56-199] Attempt to get parsing info during refresh. "On-the-fly" syntax checking information may be incorrect. [/home/jsp/Storage/CFU_PYNQ_FIles/CFU_SRC/donut-accel/cfu.v:]
WARNING: [filemgmt 56-199] Attempt to get parsing info during refresh. "On-the-fly" syntax checking information may be incorrect. [/home/jsp/Storage/CFU_PYNQ_FIles/CFU_SRC/pynq_z2/pynq_z2/arunQAFDHGDZXVNBDXG_gae.srcs/sources_1/new/Cfu.v:]
WARNING: [filemgmt 56-199] Attempt to get parsing info during refresh. "On-the-fly" syntax checking information may be incorrect. [/home/jsp/Storage/CFU_PYNQ_FIles/CFU_SRC/donut-accel/cfu.v:]
WARNING: [filemgmt 56-199] Attempt to get parsing info during refresh. "On-the-fly" syntax checking information may be incorrect. [/home/jsp/Storage/CFU_PYNQ_FIles/CFU_SRC/donut-accel/cfu.v:]
generate_target all [get_files  /home/jsp/Storage/CFU_PYNQ_FIles/CFU_SRC/pynq_z2/pynq_z2/arunQAFDHGDZXVNBDXG_gae.srcs/sources_1/ip/cfu_decoupler/cfu_decoupler.xci]
INFO: [IP_Flow 19-1686] Generating 'Instantiation Template' target for IP 'cfu_decoupler'...
INFO: [IP_Flow 19-1686] Generating 'Synthesis' target for IP 'cfu_decoupler'...
CONFIG.HAS_AXI_LITE                                                    0
CONFIG.HAS_AXIS_CONTROL                                                0
CONFIG.HAS_AXIS_STATUS                                                 0
CONFIG.HAS_SIGNAL_CONTROL                                              1
CONFIG.HAS_SIGNAL_STATUS                                               1
CONFIG.ALWAYS_HAVE_AXI_CLK                                             0
CONFIG.INTF.cfu_inputs.VLNV                                            undef
CONFIG.INTF.cfu_inputs.MODE                                            slave
CONFIG.INTF.cfu_inputs.CDC_STAGES                                      6
CONFIG.INTF.cfu_inputs.REGISTER                                        0
CONFIG.INTF.cfu_inputs.SIGNAL.cmd_valid.PRESENT                        1
CONFIG.INTF.cfu_inputs.SIGNAL.cmd_valid.DECOUPLED                      1
CONFIG.INTF.cfu_inputs.SIGNAL.cmd_valid.DECOUPLED_VALUE                0x0
CONFIG.INTF.cfu_inputs.SIGNAL.cmd_valid.WIDTH                          1
CONFIG.INTF.cfu_inputs.SIGNAL.cmd_valid.DIRECTION                      s
CONFIG.INTF.cfu_inputs.SIGNAL.cmd_valid.RESOURCE                       infer
CONFIG.INTF.cfu_inputs.SIGNAL.cmd_valid.MANAGEMENT                     auto
CONFIG.INTF.cfu_inputs.SIGNAL.cmd_payload_function_id.PRESENT          1
CONFIG.INTF.cfu_inputs.SIGNAL.cmd_payload_function_id.DECOUPLED        1
CONFIG.INTF.cfu_inputs.SIGNAL.cmd_payload_function_id.DECOUPLED_VALUE  0x0
CONFIG.INTF.cfu_inputs.SIGNAL.cmd_payload_function_id.WIDTH            1
CONFIG.INTF.cfu_inputs.SIGNAL.cmd_payload_function_id.DIRECTION        s
CONFIG.INTF.cfu_inputs.SIGNAL.cmd_payload_function_id.RESOURCE         infer
CONFIG.INTF.cfu_inputs.SIGNAL.cmd_payload_function_id.MANAGEMENT       auto
CONFIG.INTF.cfu_inputs.SIGNAL.cmd_payload_inputs_0.PRESENT             1
CONFIG.INTF.cfu_inputs.SIGNAL.cmd_payload_inputs_0.DECOUPLED           1
CONFIG.INTF.cfu_inputs.SIGNAL.cmd_payload_inputs_0.DECOUPLED_VALUE     0x0
CONFIG.INTF.cfu_inputs.SIGNAL.cmd_payload_inputs_0.WIDTH               10
CONFIG.INTF.cfu_inputs.SIGNAL.cmd_payload_inputs_0.DIRECTION           s
CONFIG.INTF.cfu_inputs.SIGNAL.cmd_payload_inputs_0.RESOURCE            infer
CONFIG.INTF.cfu_inputs.SIGNAL.cmd_payload_inputs_0.MANAGEMENT          auto
CONFIG.INTF.cfu_inputs.SIGNAL.cmd_payload_inputs_1.PRESENT             1
CONFIG.INTF.cfu_inputs.SIGNAL.cmd_payload_inputs_1.DECOUPLED           1
CONFIG.INTF.cfu_inputs.SIGNAL.cmd_payload_inputs_1.DECOUPLED_VALUE     0x0
CONFIG.INTF.cfu_inputs.SIGNAL.cmd_payload_inputs_1.WIDTH               32
CONFIG.INTF.cfu_inputs.SIGNAL.cmd_payload_inputs_1.DIRECTION           s
CONFIG.INTF.cfu_inputs.SIGNAL.cmd_payload_inputs_1.RESOURCE            infer
CONFIG.INTF.cfu_inputs.SIGNAL.cmd_payload_inputs_1.MANAGEMENT          auto
CONFIG.INTF.cfu_inputs.SIGNAL.rsp_ready.PRESENT                        1
CONFIG.INTF.cfu_inputs.SIGNAL.rsp_ready.DECOUPLED                      1
CONFIG.INTF.cfu_inputs.SIGNAL.rsp_ready.DECOUPLED_VALUE                0x0
CONFIG.INTF.cfu_inputs.SIGNAL.rsp_ready.WIDTH                          32
CONFIG.INTF.cfu_inputs.SIGNAL.rsp_ready.DIRECTION                      s
CONFIG.INTF.cfu_inputs.SIGNAL.rsp_ready.RESOURCE                       infer
CONFIG.INTF.cfu_inputs.SIGNAL.rsp_ready.MANAGEMENT                     auto
CONFIG.INTF.cfu_inputs.SIGNAL.reset.PRESENT                            1
CONFIG.INTF.cfu_inputs.SIGNAL.reset.DECOUPLED                          1
CONFIG.INTF.cfu_inputs.SIGNAL.reset.DECOUPLED_VALUE                    0x0
CONFIG.INTF.cfu_inputs.SIGNAL.reset.WIDTH                              1
CONFIG.INTF.cfu_inputs.SIGNAL.reset.DIRECTION                          s
CONFIG.INTF.cfu_inputs.SIGNAL.reset.RESOURCE                           infer
CONFIG.INTF.cfu_inputs.SIGNAL.reset.MANAGEMENT                         auto
CONFIG.INTF.cfu_inputs.SIGNAL.clk.PRESENT                              1
CONFIG.INTF.cfu_inputs.SIGNAL.clk.DECOUPLED                            1
CONFIG.INTF.cfu_inputs.SIGNAL.clk.DECOUPLED_VALUE                      0x0
CONFIG.INTF.cfu_inputs.SIGNAL.clk.WIDTH                                1
CONFIG.INTF.cfu_inputs.SIGNAL.clk.DIRECTION                            s
CONFIG.INTF.cfu_inputs.SIGNAL.clk.RESOURCE                             infer
CONFIG.INTF.cfu_inputs.SIGNAL.clk.MANAGEMENT                           auto
CONFIG.INTF.cfu_output.VLNV                                            undef
CONFIG.INTF.cfu_output.MODE                                            master
CONFIG.INTF.cfu_output.CDC_STAGES                                      6
CONFIG.INTF.cfu_output.REGISTER                                        0
CONFIG.INTF.cfu_output.SIGNAL.cmd_ready.PRESENT                        1
CONFIG.INTF.cfu_output.SIGNAL.cmd_ready.DECOUPLED                      1
CONFIG.INTF.cfu_output.SIGNAL.cmd_ready.DECOUPLED_VALUE                0x0
CONFIG.INTF.cfu_output.SIGNAL.cmd_ready.WIDTH                          1
CONFIG.INTF.cfu_output.SIGNAL.cmd_ready.DIRECTION                      s
CONFIG.INTF.cfu_output.SIGNAL.cmd_ready.RESOURCE                       infer
CONFIG.INTF.cfu_output.SIGNAL.cmd_ready.MANAGEMENT                     auto
CONFIG.INTF.cfu_output.SIGNAL.rsp_valid.PRESENT                        1
CONFIG.INTF.cfu_output.SIGNAL.rsp_valid.DECOUPLED                      1
CONFIG.INTF.cfu_output.SIGNAL.rsp_valid.DECOUPLED_VALUE                0x0
CONFIG.INTF.cfu_output.SIGNAL.rsp_valid.WIDTH                          1
CONFIG.INTF.cfu_output.SIGNAL.rsp_valid.DIRECTION                      s
CONFIG.INTF.cfu_output.SIGNAL.rsp_valid.RESOURCE                       infer
CONFIG.INTF.cfu_output.SIGNAL.rsp_valid.MANAGEMENT                     auto
CONFIG.INTF.cfu_output.SIGNAL.rsp_payload_outputs_0.PRESENT            1
CONFIG.INTF.cfu_output.SIGNAL.rsp_payload_outputs_0.DECOUPLED          1
CONFIG.INTF.cfu_output.SIGNAL.rsp_payload_outputs_0.DECOUPLED_VALUE    0x0
CONFIG.INTF.cfu_output.SIGNAL.rsp_payload_outputs_0.WIDTH              32
CONFIG.INTF.cfu_output.SIGNAL.rsp_payload_outputs_0.DIRECTION          s
CONFIG.INTF.cfu_output.SIGNAL.rsp_payload_outputs_0.RESOURCE           infer
CONFIG.INTF.cfu_output.SIGNAL.rsp_payload_outputs_0.MANAGEMENT         auto
CONFIG.INTF.cfu_output.SIGNAL.cfu_id.PRESENT                           1
CONFIG.INTF.cfu_output.SIGNAL.cfu_id.DECOUPLED                         1
CONFIG.INTF.cfu_output.SIGNAL.cfu_id.DECOUPLED_VALUE                   0x0
CONFIG.INTF.cfu_output.SIGNAL.cfu_id.WIDTH                             3
CONFIG.INTF.cfu_output.SIGNAL.cfu_id.DIRECTION                         s
CONFIG.INTF.cfu_output.SIGNAL.cfu_id.RESOURCE                          infer
CONFIG.INTF.cfu_output.SIGNAL.cfu_id.MANAGEMENT                        auto

INFO: [IP_Flow 19-1686] Generating 'Simulation' target for IP 'cfu_decoupler'...
INFO: [IP_Flow 19-1686] Generating 'Test Bench' target for IP 'cfu_decoupler'...
INFO: [IP_Flow 19-1686] Generating 'Change Log' target for IP 'cfu_decoupler'...
catch { config_ip_cache -export [get_ips -all cfu_decoupler] }
INFO: [IP_Flow 19-6924] IPCACHE: Running cache check for IP inst: cfu_decoupler
export_ip_user_files -of_objects [get_files /home/jsp/Storage/CFU_PYNQ_FIles/CFU_SRC/pynq_z2/pynq_z2/arunQAFDHGDZXVNBDXG_gae.srcs/sources_1/ip/cfu_decoupler/cfu_decoupler.xci] -no_script -sync -force -quiet
reset_run cfu_decoupler_synth_1
launch_runs cfu_decoupler_synth_1 -jobs 12
INFO: [IP_Flow 19-6924] IPCACHE: Running cache check for IP inst: cfu_decoupler
[Wed Nov  5 06:54:58 2025] Launched cfu_decoupler_synth_1...
Run output will be captured here: /home/jsp/Storage/CFU_PYNQ_FIles/CFU_SRC/pynq_z2/pynq_z2/arunQAFDHGDZXVNBDXG_gae.runs/cfu_decoupler_synth_1/runme.log
export_simulation -of_objects [get_files /home/jsp/Storage/CFU_PYNQ_FIles/CFU_SRC/pynq_z2/pynq_z2/arunQAFDHGDZXVNBDXG_gae.srcs/sources_1/ip/cfu_decoupler/cfu_decoupler.xci] -directory /home/jsp/Storage/CFU_PYNQ_FIles/CFU_SRC/pynq_z2/pynq_z2/arunQAFDHGDZXVNBDXG_gae.ip_user_files/sim_scripts -ip_user_files_dir /home/jsp/Storage/CFU_PYNQ_FIles/CFU_SRC/pynq_z2/pynq_z2/arunQAFDHGDZXVNBDXG_gae.ip_user_files -ipstatic_source_dir /home/jsp/Storage/CFU_PYNQ_FIles/CFU_SRC/pynq_z2/pynq_z2/arunQAFDHGDZXVNBDXG_gae.ip_user_files/ipstatic -lib_map_path [list {modelsim=/home/jsp/Storage/CFU_PYNQ_FIles/CFU_SRC/pynq_z2/pynq_z2/arunQAFDHGDZXVNBDXG_gae.cache/compile_simlib/modelsim} {questa=/home/jsp/Storage/CFU_PYNQ_FIles/CFU_SRC/pynq_z2/pynq_z2/arunQAFDHGDZXVNBDXG_gae.cache/compile_simlib/questa} {xcelium=/home/jsp/Storage/CFU_PYNQ_FIles/CFU_SRC/pynq_z2/pynq_z2/arunQAFDHGDZXVNBDXG_gae.cache/compile_simlib/xcelium} {vcs=/home/jsp/Storage/CFU_PYNQ_FIles/CFU_SRC/pynq_z2/pynq_z2/arunQAFDHGDZXVNBDXG_gae.cache/compile_simlib/vcs} {riviera=/home/jsp/Storage/CFU_PYNQ_FIles/CFU_SRC/pynq_z2/pynq_z2/arunQAFDHGDZXVNBDXG_gae.cache/compile_simlib/riviera}] -use_ip_compiled_libs -force -quiet
WARNING: [filemgmt 56-199] Attempt to get parsing info during refresh. "On-the-fly" syntax checking information may be incorrect. [/home/jsp/Storage/CFU_PYNQ_FIles/CFU_SRC/donut-accel/cfu.v:]
WARNING: [filemgmt 56-199] Attempt to get parsing info during refresh. "On-the-fly" syntax checking information may be incorrect. [/home/jsp/Storage/CFU_PYNQ_FIles/CFU_SRC/pynq_z2/pynq_z2/arunQAFDHGDZXVNBDXG_gae.srcs/sources_1/new/Cfu.v:]
WARNING: [filemgmt 56-199] Attempt to get parsing info during refresh. "On-the-fly" syntax checking information may be incorrect. [/home/jsp/Storage/CFU_PYNQ_FIles/CFU_SRC/donut-accel/cfu.v:]
WARNING: [filemgmt 56-199] Attempt to get parsing info during refresh. "On-the-fly" syntax checking information may be incorrect. [/home/jsp/Storage/CFU_PYNQ_FIles/CFU_SRC/donut-accel/cfu.v:]
reset_run system_tul_pynq_z2_0_0_synth_1
reset_run synth_1
INFO: [Project 1-1161] Replacing file /home/jsp/Storage/CFU_PYNQ_FIles/CFU_SRC/pynq_z2/pynq_z2/arunQAFDHGDZXVNBDXG_gae.srcs/utils_1/imports/synth_1/system_wrapper.dcp with file /home/jsp/Storage/CFU_PYNQ_FIles/CFU_SRC/pynq_z2/pynq_z2/arunQAFDHGDZXVNBDXG_gae.runs/synth_1/system_wrapper.dcp
launch_runs impl_1 -jobs 12
INFO: [Vivado 12-4149] The synthesis checkpoint for IP '/home/jsp/Storage/CFU_PYNQ_FIles/CFU_SRC/pynq_z2/pynq_z2/arunQAFDHGDZXVNBDXG_gae.srcs/sources_1/ip/cfu_decoupler/cfu_decoupler.xci' is already up-to-date
[Wed Nov  5 06:56:53 2025] Launched system_tul_pynq_z2_0_0_synth_1, synth_1...
Run output will be captured here:
system_tul_pynq_z2_0_0_synth_1: /home/jsp/Storage/CFU_PYNQ_FIles/CFU_SRC/pynq_z2/pynq_z2/arunQAFDHGDZXVNBDXG_gae.runs/system_tul_pynq_z2_0_0_synth_1/runme.log
synth_1: /home/jsp/Storage/CFU_PYNQ_FIles/CFU_SRC/pynq_z2/pynq_z2/arunQAFDHGDZXVNBDXG_gae.runs/synth_1/runme.log
[Wed Nov  5 06:56:53 2025] Launched impl_1...
Run output will be captured here: /home/jsp/Storage/CFU_PYNQ_FIles/CFU_SRC/pynq_z2/pynq_z2/arunQAFDHGDZXVNBDXG_gae.runs/impl_1/runme.log
WARNING: [filemgmt 56-199] Attempt to get parsing info during refresh. "On-the-fly" syntax checking information may be incorrect. [/home/jsp/Storage/CFU_PYNQ_FIles/CFU_SRC/donut-accel/cfu.v:]
WARNING: [filemgmt 56-199] Attempt to get parsing info during refresh. "On-the-fly" syntax checking information may be incorrect. [/home/jsp/Storage/CFU_PYNQ_FIles/CFU_SRC/pynq_z2/pynq_z2/arunQAFDHGDZXVNBDXG_gae.srcs/sources_1/new/Cfu.v:]
WARNING: [filemgmt 56-199] Attempt to get parsing info during refresh. "On-the-fly" syntax checking information may be incorrect. [/home/jsp/Storage/CFU_PYNQ_FIles/CFU_SRC/donut-accel/cfu.v:]
WARNING: [filemgmt 56-199] Attempt to get parsing info during refresh. "On-the-fly" syntax checking information may be incorrect. [/home/jsp/Storage/CFU_PYNQ_FIles/CFU_SRC/donut-accel/cfu.v:]
WARNING: [filemgmt 56-199] Attempt to get parsing info during refresh. "On-the-fly" syntax checking information may be incorrect. [/home/jsp/Storage/CFU_PYNQ_FIles/CFU_SRC/donut-accel/cfu.v:]
WARNING: [filemgmt 56-199] Attempt to get parsing info during refresh. "On-the-fly" syntax checking information may be incorrect. [/home/jsp/Storage/CFU_PYNQ_FIles/CFU_SRC/pynq_z2/pynq_z2/arunQAFDHGDZXVNBDXG_gae.srcs/sources_1/new/Cfu.v:]
WARNING: [filemgmt 56-199] Attempt to get parsing info during refresh. "On-the-fly" syntax checking information may be incorrect. [/home/jsp/Storage/CFU_PYNQ_FIles/CFU_SRC/pynq_z2/pynq_z2/arunQAFDHGDZXVNBDXG_gae.srcs/sources_1/new/Cfu.v:]
WARNING: [filemgmt 56-199] Attempt to get parsing info during refresh. "On-the-fly" syntax checking information may be incorrect. [/home/jsp/Storage/CFU_PYNQ_FIles/CFU_SRC/pynq_z2/pynq_z2/arunQAFDHGDZXVNBDXG_gae.srcs/sources_1/new/Cfu.v:]
WARNING: [filemgmt 56-199] Attempt to get parsing info during refresh. "On-the-fly" syntax checking information may be incorrect. [/home/jsp/Storage/CFU_PYNQ_FIles/CFU_SRC/donut-accel/cfu.v:]
WARNING: [filemgmt 56-199] Attempt to get parsing info during refresh. "On-the-fly" syntax checking information may be incorrect. [/home/jsp/Storage/CFU_PYNQ_FIles/CFU_SRC/pynq_z2/pynq_z2/arunQAFDHGDZXVNBDXG_gae.srcs/sources_1/new/Cfu.v:]
WARNING: [filemgmt 56-199] Attempt to get parsing info during refresh. "On-the-fly" syntax checking information may be incorrect. [/home/jsp/Storage/CFU_PYNQ_FIles/CFU_SRC/donut-accel/cfu.v:]
WARNING: [filemgmt 56-199] Attempt to get parsing info during refresh. "On-the-fly" syntax checking information may be incorrect. [/home/jsp/Storage/CFU_PYNQ_FIles/CFU_SRC/donut-accel/cfu.v:]
create_ip_run [get_files -of_objects [get_fileset sources_1] /home/jsp/Storage/CFU_PYNQ_FIles/CFU_SRC/pynq_z2/pynq_z2/arunQAFDHGDZXVNBDXG_gae.srcs/sources_1/bd/system/system.bd]
refresh_design
Netlist sorting complete. Time (s): cpu = 00:00:00.1 ; elapsed = 00:00:00.05 . Memory (MB): peak = 11261.145 ; gain = 0.000 ; free physical = 6852 ; free virtual = 18465
INFO: [Netlist 29-17] Analyzing 208 Unisim elements for replacement
INFO: [Netlist 29-28] Unisim Transformation completed in 0 CPU seconds
INFO: [Project 1-479] Netlist was created with Vivado 2024.1
INFO: [Project 1-570] Preparing netlist for logic optimization
Read ShapeDB Complete: Time (s): cpu = 00:00:00.01 ; elapsed = 00:00:00.02 . Memory (MB): peak = 11261.145 ; gain = 0.000 ; free physical = 6823 ; free virtual = 18437
INFO: [Timing 38-478] Restoring timing data from binary archive.
INFO: [Timing 38-479] Binary timing data restore complete.
INFO: [Project 1-856] Restoring constraints from binary archive.
INFO: [Project 1-853] Binary constraint restore complete.
INFO: [Designutils 20-5722] Start Reading Physical Databases.
Reading placement.
Read Netlist Cache: Time (s): cpu = 00:00:00.01 ; elapsed = 00:00:00.01 . Memory (MB): peak = 11261.145 ; gain = 0.000 ; free physical = 6823 ; free virtual = 18436
Reading placer database...
Read Device Cache: Time (s): cpu = 00:00:00.01 ; elapsed = 00:00:00.01 . Memory (MB): peak = 11261.145 ; gain = 0.000 ; free physical = 6823 ; free virtual = 18436
Read PlaceDB: Time (s): cpu = 00:00:00.24 ; elapsed = 00:00:00.24 . Memory (MB): peak = 11261.145 ; gain = 0.000 ; free physical = 6823 ; free virtual = 18436
Read PulsedLatchDB: Time (s): cpu = 00:00:00 ; elapsed = 00:00:00 . Memory (MB): peak = 11261.145 ; gain = 0.000 ; free physical = 6823 ; free virtual = 18436
Reading routing.
Read RouteStorage: Time (s): cpu = 00:00:00.11 ; elapsed = 00:00:00.04 . Memory (MB): peak = 11261.145 ; gain = 0.000 ; free physical = 6823 ; free virtual = 18436
Read Physdb Files: Time (s): cpu = 00:00:00.37 ; elapsed = 00:00:00.31 . Memory (MB): peak = 11261.145 ; gain = 0.000 ; free physical = 6823 ; free virtual = 18436
Restored from archive | CPU: 0.380000 secs | Memory: 7.526733 MB |
Finished XDEF File Restore: Time (s): cpu = 00:00:00.37 ; elapsed = 00:00:00.31 . Memory (MB): peak = 11261.145 ; gain = 0.000 ; free physical = 6823 ; free virtual = 18436
CRITICAL WARNING: [Timing 38-282] The design failed to meet the timing requirements. Please see the timing summary report for details on the timing violations.
open_bd_design {/home/jsp/Storage/CFU_PYNQ_FIles/CFU_SRC/pynq_z2/pynq_z2/arunQAFDHGDZXVNBDXG_gae.srcs/sources_1/bd/system/system.bd}
CRITICAL WARNING: [PSU-1]  Parameter : PCW_UIPARAM_DDR_DQS_TO_CLK_DELAY_0 has negative value -0.051 . PS DDR interfaces might fail when entering negative DQS skew values. 
CRITICAL WARNING: [PSU-2]  Parameter : PCW_UIPARAM_DDR_DQS_TO_CLK_DELAY_1 has negative value -0.006 . PS DDR interfaces might fail when entering negative DQS skew values. 
CRITICAL WARNING: [PSU-3]  Parameter : PCW_UIPARAM_DDR_DQS_TO_CLK_DELAY_2 has negative value -0.009 . PS DDR interfaces might fail when entering negative DQS skew values. 
CRITICAL WARNING: [PSU-4]  Parameter : PCW_UIPARAM_DDR_DQS_TO_CLK_DELAY_3 has negative value -0.033 . PS DDR interfaces might fail when entering negative DQS skew values. 
WARNING: [IP_Flow 19-474] Invalid Parameter 'Component_Name'
CRITICAL WARNING: [PSU-1]  Parameter : PCW_UIPARAM_DDR_DQS_TO_CLK_DELAY_0 has negative value -0.051 . PS DDR interfaces might fail when entering negative DQS skew values. 
CRITICAL WARNING: [PSU-2]  Parameter : PCW_UIPARAM_DDR_DQS_TO_CLK_DELAY_1 has negative value -0.006 . PS DDR interfaces might fail when entering negative DQS skew values. 
CRITICAL WARNING: [PSU-3]  Parameter : PCW_UIPARAM_DDR_DQS_TO_CLK_DELAY_2 has negative value -0.009 . PS DDR interfaces might fail when entering negative DQS skew values. 
CRITICAL WARNING: [PSU-4]  Parameter : PCW_UIPARAM_DDR_DQS_TO_CLK_DELAY_3 has negative value -0.033 . PS DDR interfaces might fail when entering negative DQS skew values. 
startgroup
set_property CONFIG.PCW_FPGA1_PERIPHERAL_FREQMHZ {125} [get_bd_cells processing_system7_0]
CRITICAL WARNING: [PSU-1]  Parameter : PCW_UIPARAM_DDR_DQS_TO_CLK_DELAY_0 has negative value -0.051 . PS DDR interfaces might fail when entering negative DQS skew values. 
CRITICAL WARNING: [PSU-2]  Parameter : PCW_UIPARAM_DDR_DQS_TO_CLK_DELAY_1 has negative value -0.006 . PS DDR interfaces might fail when entering negative DQS skew values. 
CRITICAL WARNING: [PSU-3]  Parameter : PCW_UIPARAM_DDR_DQS_TO_CLK_DELAY_2 has negative value -0.009 . PS DDR interfaces might fail when entering negative DQS skew values. 
CRITICAL WARNING: [PSU-4]  Parameter : PCW_UIPARAM_DDR_DQS_TO_CLK_DELAY_3 has negative value -0.033 . PS DDR interfaces might fail when entering negative DQS skew values. 
endgroup
CRITICAL WARNING: [PSU-1]  Parameter : PCW_UIPARAM_DDR_DQS_TO_CLK_DELAY_0 has negative value -0.051 . PS DDR interfaces might fail when entering negative DQS skew values. 
CRITICAL WARNING: [PSU-2]  Parameter : PCW_UIPARAM_DDR_DQS_TO_CLK_DELAY_1 has negative value -0.006 . PS DDR interfaces might fail when entering negative DQS skew values. 
CRITICAL WARNING: [PSU-3]  Parameter : PCW_UIPARAM_DDR_DQS_TO_CLK_DELAY_2 has negative value -0.009 . PS DDR interfaces might fail when entering negative DQS skew values. 
CRITICAL WARNING: [PSU-4]  Parameter : PCW_UIPARAM_DDR_DQS_TO_CLK_DELAY_3 has negative value -0.033 . PS DDR interfaces might fail when entering negative DQS skew values. 
WARNING: [IP_Flow 19-474] Invalid Parameter 'Component_Name'
startgroup
endgroup
delete_bd_objs [get_bd_nets processing_system7_0_FCLK_CLK0]
startgroup
apply_bd_automation -rule xilinx.com:bd_rule:clkrst -config { Clk {/processing_system7_0/FCLK_CLK0 (100 MHz)} Freq {100} Ref_Clk0 {} Ref_Clk1 {} Ref_Clk2 {}}  [get_bd_pins axi_gpio_config_to/s_axi_aclk]
apply_bd_automation -rule xilinx.com:bd_rule:clkrst -config { Clk {/processing_system7_0/FCLK_CLK0 (100 MHz)} Freq {100} Ref_Clk0 {} Ref_Clk1 {} Ref_Clk2 {}}  [get_bd_pins axi_gpio_decouple/s_axi_aclk]
apply_bd_automation -rule xilinx.com:bd_rule:clkrst -config { Clk {/processing_system7_0/FCLK_CLK0 (100 MHz)} Freq {100} Ref_Clk0 {} Ref_Clk1 {} Ref_Clk2 {}}  [get_bd_pins axi_gpio_decouple_status/s_axi_aclk]
apply_bd_automation -rule xilinx.com:bd_rule:clkrst -config { Clk {/processing_system7_0/FCLK_CLK0 (100 MHz)} Freq {100} Ref_Clk0 {} Ref_Clk1 {} Ref_Clk2 {}}  [get_bd_pins axi_gpio_to_reconfig/s_axi_aclk]
apply_bd_automation -rule xilinx.com:bd_rule:clkrst -config { Clk {/processing_system7_0/FCLK_CLK0 (100 MHz)} Freq {100} Ref_Clk0 {} Ref_Clk1 {} Ref_Clk2 {}}  [get_bd_pins processing_system7_0/M_AXI_GP0_ACLK]
apply_bd_automation -rule xilinx.com:bd_rule:clkrst -config { Clk {/processing_system7_0/FCLK_CLK0 (100 MHz)} Freq {100} Ref_Clk0 {} Ref_Clk1 {} Ref_Clk2 {}}  [get_bd_pins ps7_0_axi_periph/ACLK]
INFO: [BD 5-455] Automation on '/ps7_0_axi_periph/M00_ACLK' will not be run, since it is obsolete due to previously run automations
INFO: [BD 5-455] Automation on '/ps7_0_axi_periph/M01_ACLK' will not be run, since it is obsolete due to previously run automations
INFO: [BD 5-455] Automation on '/ps7_0_axi_periph/M02_ACLK' will not be run, since it is obsolete due to previously run automations
INFO: [BD 5-455] Automation on '/ps7_0_axi_periph/M03_ACLK' will not be run, since it is obsolete due to previously run automations
INFO: [BD 5-455] Automation on '/ps7_0_axi_periph/S00_ACLK' will not be run, since it is obsolete due to previously run automations
apply_bd_automation -rule xilinx.com:bd_rule:clkrst -config { Clk {/processing_system7_0/FCLK_CLK0 (100 MHz)} Freq {100} Ref_Clk0 {} Ref_Clk1 {} Ref_Clk2 {}}  [get_bd_pins rst_ps7_0_100M/slowest_sync_clk]
endgroup
validate_bd_design
WARNING: [BD 41-702] Propagation TCL tries to overwrite USER strength parameter PCW_M_AXI_GP0_FREQMHZ(10) on '/processing_system7_0' with propagated value(100). Command ignored
INFO: [xilinx.com:ip:clk_wiz:6.0-1] /clk_wiz clk_wiz propagate
reset_run system_processing_system7_0_0_synth_1
reset_run synth_1
INFO: [Project 1-1161] Replacing file /home/jsp/Storage/CFU_PYNQ_FIles/CFU_SRC/pynq_z2/pynq_z2/arunQAFDHGDZXVNBDXG_gae.srcs/utils_1/imports/synth_1/system_wrapper.dcp with file /home/jsp/Storage/CFU_PYNQ_FIles/CFU_SRC/pynq_z2/pynq_z2/arunQAFDHGDZXVNBDXG_gae.runs/synth_1/system_wrapper.dcp
save_bd_design
Wrote  : </home/jsp/Storage/CFU_PYNQ_FIles/CFU_SRC/pynq_z2/pynq_z2/arunQAFDHGDZXVNBDXG_gae.srcs/sources_1/bd/system/system.bd> 
Wrote  : </home/jsp/Storage/CFU_PYNQ_FIles/CFU_SRC/pynq_z2/pynq_z2/arunQAFDHGDZXVNBDXG_gae.srcs/sources_1/bd/system/ui/bd_c954508f.ui> 
WARNING: [filemgmt 56-199] Attempt to get parsing info during refresh. "On-the-fly" syntax checking information may be incorrect. [/home/jsp/Storage/CFU_PYNQ_FIles/CFU_SRC/donut-accel/cfu.v:]
WARNING: [filemgmt 56-199] Attempt to get parsing info during refresh. "On-the-fly" syntax checking information may be incorrect. [/home/jsp/Storage/CFU_PYNQ_FIles/CFU_SRC/pynq_z2/pynq_z2/arunQAFDHGDZXVNBDXG_gae.srcs/sources_1/new/Cfu.v:]
WARNING: [filemgmt 56-199] Attempt to get parsing info during refresh. "On-the-fly" syntax checking information may be incorrect. [/home/jsp/Storage/CFU_PYNQ_FIles/CFU_SRC/donut-accel/cfu.v:]
WARNING: [filemgmt 56-199] Attempt to get parsing info during refresh. "On-the-fly" syntax checking information may be incorrect. [/home/jsp/Storage/CFU_PYNQ_FIles/CFU_SRC/donut-accel/cfu.v:]
launch_runs impl_1 -jobs 12
INFO: [Vivado 12-4149] The synthesis checkpoint for IP '/home/jsp/Storage/CFU_PYNQ_FIles/CFU_SRC/pynq_z2/pynq_z2/arunQAFDHGDZXVNBDXG_gae.srcs/sources_1/ip/cfu_decoupler/cfu_decoupler.xci' is already up-to-date
INFO: [BD 41-1662] The design 'system.bd' is already validated. Therefore parameter propagation will not be re-run.
Verilog Output written to : /home/jsp/Storage/CFU_PYNQ_FIles/CFU_SRC/pynq_z2/pynq_z2/arunQAFDHGDZXVNBDXG_gae.gen/sources_1/bd/system/synth/system.v
Verilog Output written to : /home/jsp/Storage/CFU_PYNQ_FIles/CFU_SRC/pynq_z2/pynq_z2/arunQAFDHGDZXVNBDXG_gae.gen/sources_1/bd/system/sim/system.v
Verilog Output written to : /home/jsp/Storage/CFU_PYNQ_FIles/CFU_SRC/pynq_z2/pynq_z2/arunQAFDHGDZXVNBDXG_gae.gen/sources_1/bd/system/hdl/system_wrapper.v
INFO: [IP_Flow 19-5611] Unable to find an associated reset port for the interface 'M_AXI_GP0'. A default connection has been created.
INFO: [BD 41-1029] Generation completed for the IP Integrator block processing_system7_0 .
WARNING: [IP_Flow 19-4994] Overwriting existing constraint file '/home/jsp/Storage/CFU_PYNQ_FIles/CFU_SRC/pynq_z2/pynq_z2/arunQAFDHGDZXVNBDXG_gae.gen/sources_1/bd/system/ip/system_auto_pc_0/system_auto_pc_0_ooc.xdc'
INFO: [BD 41-1029] Generation completed for the IP Integrator block ps7_0_axi_periph/s00_couplers/auto_pc .
Exporting to file /home/jsp/Storage/CFU_PYNQ_FIles/CFU_SRC/pynq_z2/pynq_z2/arunQAFDHGDZXVNBDXG_gae.gen/sources_1/bd/system/hw_handoff/system.hwh
Generated Hardware Definition File /home/jsp/Storage/CFU_PYNQ_FIles/CFU_SRC/pynq_z2/pynq_z2/arunQAFDHGDZXVNBDXG_gae.gen/sources_1/bd/system/synth/system.hwdef
INFO: [IP_Flow 19-6924] IPCACHE: Running cache check for IP inst: system_auto_pc_0
INFO: [IP_Flow 19-6922] IPCACHE: Exporting cached entry 28dbe6f2fca8b92b to dir: /home/jsp/Storage/CFU_PYNQ_FIles/CFU_SRC/pynq_z2/pynq_z2/arunQAFDHGDZXVNBDXG_gae.gen/sources_1/bd/system/ip/system_auto_pc_0
INFO: [IP_Flow 19-6928] IPCACHE: copied cached file /home/jsp/Storage/CFU_PYNQ_FIles/CFU_SRC/pynq_z2/pynq_z2/arunQAFDHGDZXVNBDXG_gae.cache/ip/2024.1/2/8/28dbe6f2fca8b92b/system_auto_pc_0_sim_netlist.v to /home/jsp/Storage/CFU_PYNQ_FIles/CFU_SRC/pynq_z2/pynq_z2/arunQAFDHGDZXVNBDXG_gae.gen/sources_1/bd/system/ip/system_auto_pc_0/system_auto_pc_0_sim_netlist.v.
INFO: [IP_Flow 19-6926] IPCACHE: added file to list for BOM: /home/jsp/Storage/CFU_PYNQ_FIles/CFU_SRC/pynq_z2/pynq_z2/arunQAFDHGDZXVNBDXG_gae.gen/sources_1/bd/system/ip/system_auto_pc_0/system_auto_pc_0_sim_netlist.v
INFO: [IP_Flow 19-6928] IPCACHE: copied cached file /home/jsp/Storage/CFU_PYNQ_FIles/CFU_SRC/pynq_z2/pynq_z2/arunQAFDHGDZXVNBDXG_gae.cache/ip/2024.1/2/8/28dbe6f2fca8b92b/system_auto_pc_0_stub.v to /home/jsp/Storage/CFU_PYNQ_FIles/CFU_SRC/pynq_z2/pynq_z2/arunQAFDHGDZXVNBDXG_gae.gen/sources_1/bd/system/ip/system_auto_pc_0/system_auto_pc_0_stub.v.
INFO: [IP_Flow 19-6926] IPCACHE: added file to list for BOM: /home/jsp/Storage/CFU_PYNQ_FIles/CFU_SRC/pynq_z2/pynq_z2/arunQAFDHGDZXVNBDXG_gae.gen/sources_1/bd/system/ip/system_auto_pc_0/system_auto_pc_0_stub.v
INFO: [IP_Flow 19-6928] IPCACHE: copied cached file /home/jsp/Storage/CFU_PYNQ_FIles/CFU_SRC/pynq_z2/pynq_z2/arunQAFDHGDZXVNBDXG_gae.cache/ip/2024.1/2/8/28dbe6f2fca8b92b/system_auto_pc_0_sim_netlist.vhdl to /home/jsp/Storage/CFU_PYNQ_FIles/CFU_SRC/pynq_z2/pynq_z2/arunQAFDHGDZXVNBDXG_gae.gen/sources_1/bd/system/ip/system_auto_pc_0/system_auto_pc_0_sim_netlist.vhdl.
INFO: [IP_Flow 19-6926] IPCACHE: added file to list for BOM: /home/jsp/Storage/CFU_PYNQ_FIles/CFU_SRC/pynq_z2/pynq_z2/arunQAFDHGDZXVNBDXG_gae.gen/sources_1/bd/system/ip/system_auto_pc_0/system_auto_pc_0_sim_netlist.vhdl
INFO: [IP_Flow 19-6928] IPCACHE: copied cached file /home/jsp/Storage/CFU_PYNQ_FIles/CFU_SRC/pynq_z2/pynq_z2/arunQAFDHGDZXVNBDXG_gae.cache/ip/2024.1/2/8/28dbe6f2fca8b92b/system_auto_pc_0.dcp to /home/jsp/Storage/CFU_PYNQ_FIles/CFU_SRC/pynq_z2/pynq_z2/arunQAFDHGDZXVNBDXG_gae.gen/sources_1/bd/system/ip/system_auto_pc_0/system_auto_pc_0.dcp.
INFO: [IP_Flow 19-6926] IPCACHE: added file to list for BOM: /home/jsp/Storage/CFU_PYNQ_FIles/CFU_SRC/pynq_z2/pynq_z2/arunQAFDHGDZXVNBDXG_gae.gen/sources_1/bd/system/ip/system_auto_pc_0/system_auto_pc_0.dcp
INFO: [IP_Flow 19-6928] IPCACHE: copied cached file /home/jsp/Storage/CFU_PYNQ_FIles/CFU_SRC/pynq_z2/pynq_z2/arunQAFDHGDZXVNBDXG_gae.cache/ip/2024.1/2/8/28dbe6f2fca8b92b/system_auto_pc_0_stub.vhdl to /home/jsp/Storage/CFU_PYNQ_FIles/CFU_SRC/pynq_z2/pynq_z2/arunQAFDHGDZXVNBDXG_gae.gen/sources_1/bd/system/ip/system_auto_pc_0/system_auto_pc_0_stub.vhdl.
INFO: [IP_Flow 19-6926] IPCACHE: added file to list for BOM: /home/jsp/Storage/CFU_PYNQ_FIles/CFU_SRC/pynq_z2/pynq_z2/arunQAFDHGDZXVNBDXG_gae.gen/sources_1/bd/system/ip/system_auto_pc_0/system_auto_pc_0_stub.vhdl
INFO: [IP_Flow 19-4993] Using cached IP synthesis design for IP system_auto_pc_0, cache-ID = 28dbe6f2fca8b92b; cache size = 3.220 MB.
[Wed Nov  5 07:03:45 2025] Launched system_processing_system7_0_0_synth_1, synth_1...
Run output will be captured here:
system_processing_system7_0_0_synth_1: /home/jsp/Storage/CFU_PYNQ_FIles/CFU_SRC/pynq_z2/pynq_z2/arunQAFDHGDZXVNBDXG_gae.runs/system_processing_system7_0_0_synth_1/runme.log
synth_1: /home/jsp/Storage/CFU_PYNQ_FIles/CFU_SRC/pynq_z2/pynq_z2/arunQAFDHGDZXVNBDXG_gae.runs/synth_1/runme.log
[Wed Nov  5 07:03:45 2025] Launched impl_1...
Run output will be captured here: /home/jsp/Storage/CFU_PYNQ_FIles/CFU_SRC/pynq_z2/pynq_z2/arunQAFDHGDZXVNBDXG_gae.runs/impl_1/runme.log
launch_runs: Time (s): cpu = 00:00:23 ; elapsed = 00:00:20 . Memory (MB): peak = 11716.086 ; gain = 410.969 ; free physical = 6524 ; free virtual = 18121
WARNING: [filemgmt 56-199] Attempt to get parsing info during refresh. "On-the-fly" syntax checking information may be incorrect. [/home/jsp/Storage/CFU_PYNQ_FIles/CFU_SRC/donut-accel/cfu.v:]
WARNING: [filemgmt 56-199] Attempt to get parsing info during refresh. "On-the-fly" syntax checking information may be incorrect. [/home/jsp/Storage/CFU_PYNQ_FIles/CFU_SRC/pynq_z2/pynq_z2/arunQAFDHGDZXVNBDXG_gae.srcs/sources_1/new/Cfu.v:]
WARNING: [filemgmt 56-199] Attempt to get parsing info during refresh. "On-the-fly" syntax checking information may be incorrect. [/home/jsp/Storage/CFU_PYNQ_FIles/CFU_SRC/pynq_z2/pynq_z2/arunQAFDHGDZXVNBDXG_gae.srcs/sources_1/new/Cfu.v:]
WARNING: [filemgmt 56-199] Attempt to get parsing info during refresh. "On-the-fly" syntax checking information may be incorrect. [/home/jsp/Storage/CFU_PYNQ_FIles/CFU_SRC/pynq_z2/pynq_z2/arunQAFDHGDZXVNBDXG_gae.srcs/sources_1/new/Cfu.v:]
WARNING: [filemgmt 56-199] Attempt to get parsing info during refresh. "On-the-fly" syntax checking information may be incorrect. [/home/jsp/Storage/CFU_PYNQ_FIles/CFU_SRC/donut-accel/cfu.v:]
WARNING: [filemgmt 56-199] Attempt to get parsing info during refresh. "On-the-fly" syntax checking information may be incorrect. [/home/jsp/Storage/CFU_PYNQ_FIles/CFU_SRC/pynq_z2/pynq_z2/arunQAFDHGDZXVNBDXG_gae.srcs/sources_1/new/Cfu.v:]
WARNING: [filemgmt 56-199] Attempt to get parsing info during refresh. "On-the-fly" syntax checking information may be incorrect. [/home/jsp/Storage/CFU_PYNQ_FIles/CFU_SRC/donut-accel/cfu.v:]
WARNING: [filemgmt 56-199] Attempt to get parsing info during refresh. "On-the-fly" syntax checking information may be incorrect. [/home/jsp/Storage/CFU_PYNQ_FIles/CFU_SRC/donut-accel/cfu.v:]
reset_run system_tul_pynq_z2_0_0_synth_1
launch_runs system_tul_pynq_z2_0_0_synth_1
INFO: [Vivado 12-4149] The synthesis checkpoint for IP '/home/jsp/Storage/CFU_PYNQ_FIles/CFU_SRC/pynq_z2/pynq_z2/arunQAFDHGDZXVNBDXG_gae.srcs/sources_1/ip/cfu_decoupler/cfu_decoupler.xci' is already up-to-date
[Wed Nov  5 08:20:33 2025] Launched system_tul_pynq_z2_0_0_synth_1...
Run output will be captured here: /home/jsp/Storage/CFU_PYNQ_FIles/CFU_SRC/pynq_z2/pynq_z2/arunQAFDHGDZXVNBDXG_gae.runs/system_tul_pynq_z2_0_0_synth_1/runme.log
wait_on_run system_tul_pynq_z2_0_0_synth_1
[Wed Nov  5 08:20:34 2025] Waiting for system_tul_pynq_z2_0_0_synth_1 to finish...
[Wed Nov  5 08:20:39 2025] Waiting for system_tul_pynq_z2_0_0_synth_1 to finish...
[Wed Nov  5 08:20:44 2025] Waiting for system_tul_pynq_z2_0_0_synth_1 to finish...
[Wed Nov  5 08:20:49 2025] Waiting for system_tul_pynq_z2_0_0_synth_1 to finish...
[Wed Nov  5 08:20:59 2025] Waiting for system_tul_pynq_z2_0_0_synth_1 to finish...
[Wed Nov  5 08:21:09 2025] Waiting for system_tul_pynq_z2_0_0_synth_1 to finish...
[Wed Nov  5 08:21:19 2025] Waiting for system_tul_pynq_z2_0_0_synth_1 to finish...
[Wed Nov  5 08:21:29 2025] Waiting for system_tul_pynq_z2_0_0_synth_1 to finish...

*** Running vivado
    with args -log system_tul_pynq_z2_0_0.vds -m64 -product Vivado -mode batch -messageDb vivado.pb -notrace -source system_tul_pynq_z2_0_0.tcl


****** Vivado v2024.1 (64-bit)
  **** SW Build 5076996 on Wed May 22 18:36:09 MDT 2024
  **** IP Build 5075265 on Wed May 22 21:45:21 MDT 2024
  **** SharedData Build 5076995 on Wed May 22 18:29:18 MDT 2024
  **** Start of session at: Wed Nov  5 08:20:35 2025
    ** Copyright 1986-2022 Xilinx, Inc. All Rights Reserved.
    ** Copyright 2022-2024 Advanced Micro Devices, Inc. All Rights Reserved.

source system_tul_pynq_z2_0_0.tcl -notrace
create_project: Time (s): cpu = 00:00:06 ; elapsed = 00:00:06 . Memory (MB): peak = 1416.867 ; gain = 0.027 ; free physical = 6096 ; free virtual = 17709
INFO: [IP_Flow 19-234] Refreshing IP repositories
WARNING: [IP_Flow 19-2248] Failed to load user IP repository '/home/work/Xilinx/Vivado/2024.2/data/ip'; Can't find the specified path.
If this directory should no longer be in your list of user repositories, go to the IP Settings dialog and remove it.
WARNING: [IP_Flow 19-2248] Failed to load user IP repository '/home/primary/vivado-library/ip'; Can't find the specified path.
If this directory should no longer be in your list of user repositories, go to the IP Settings dialog and remove it.
INFO: [IP_Flow 19-2313] Loaded Vivado IP repository '/home/jsp/Storage/Vivado/2024.1/data/ip'.
Command: synth_design -top system_tul_pynq_z2_0_0 -part xc7z020clg400-1 -incremental_mode off -mode out_of_context
Starting synth_design
Attempting to get a license for feature 'Synthesis' and/or device 'xc7z020'
INFO: [Common 17-349] Got license for feature 'Synthesis' and/or device 'xc7z020'
INFO: [Device 21-403] Loading part xc7z020clg400-1
INFO: [Device 21-9227] Part: xc7z020clg400-1 does not have CEAM library.
INFO: [Synth 8-7079] Multithreading enabled for synth_design using a maximum of 4 processes.
INFO: [Synth 8-7078] Launching helper process for spawning children vivado processes
INFO: [Synth 8-7075] Helper process launched with PID 455658
---------------------------------------------------------------------------------
Starting RTL Elaboration : Time (s): cpu = 00:00:03 ; elapsed = 00:00:03 . Memory (MB): peak = 2152.113 ; gain = 412.746 ; free physical = 5062 ; free virtual = 16675
---------------------------------------------------------------------------------
INFO: [Synth 8-11241] undeclared symbol 'dec_zz_cmd_valid', assumed default net type 'wire' [/home/jsp/Storage/CFU_PYNQ_FIles/CFU_SRC/pynq_z2/pynq_z2/arunQAFDHGDZXVNBDXG_gae.srcs/sources_1/new/Cfu.v:78]
INFO: [Synth 8-11241] undeclared symbol 'dec_zz_cmd_ready', assumed default net type 'wire' [/home/jsp/Storage/CFU_PYNQ_FIles/CFU_SRC/pynq_z2/pynq_z2/arunQAFDHGDZXVNBDXG_gae.srcs/sources_1/new/Cfu.v:78]
INFO: [Synth 8-11241] undeclared symbol 'dec_zz_cmd_payload_function_id', assumed default net type 'wire' [/home/jsp/Storage/CFU_PYNQ_FIles/CFU_SRC/pynq_z2/pynq_z2/arunQAFDHGDZXVNBDXG_gae.srcs/sources_1/new/Cfu.v:79]
INFO: [Synth 8-11241] undeclared symbol 'dec_zz_cmd_payload_inputs_0', assumed default net type 'wire' [/home/jsp/Storage/CFU_PYNQ_FIles/CFU_SRC/pynq_z2/pynq_z2/arunQAFDHGDZXVNBDXG_gae.srcs/sources_1/new/Cfu.v:80]
INFO: [Synth 8-11241] undeclared symbol 'dec_zz_cmd_payload_inputs_1', assumed default net type 'wire' [/home/jsp/Storage/CFU_PYNQ_FIles/CFU_SRC/pynq_z2/pynq_z2/arunQAFDHGDZXVNBDXG_gae.srcs/sources_1/new/Cfu.v:80]
INFO: [Synth 8-11241] undeclared symbol 'dec_zz_rsp_valid', assumed default net type 'wire' [/home/jsp/Storage/CFU_PYNQ_FIles/CFU_SRC/pynq_z2/pynq_z2/arunQAFDHGDZXVNBDXG_gae.srcs/sources_1/new/Cfu.v:81]
INFO: [Synth 8-11241] undeclared symbol 'dec_rsp_ready', assumed default net type 'wire' [/home/jsp/Storage/CFU_PYNQ_FIles/CFU_SRC/pynq_z2/pynq_z2/arunQAFDHGDZXVNBDXG_gae.srcs/sources_1/new/Cfu.v:81]
INFO: [Synth 8-11241] undeclared symbol 'dec_zz_rsp_payload_outputs_0', assumed default net type 'wire' [/home/jsp/Storage/CFU_PYNQ_FIles/CFU_SRC/pynq_z2/pynq_z2/arunQAFDHGDZXVNBDXG_gae.srcs/sources_1/new/Cfu.v:81]
INFO: [Synth 8-11241] undeclared symbol 'dec_reset', assumed default net type 'wire' [/home/jsp/Storage/CFU_PYNQ_FIles/CFU_SRC/pynq_z2/pynq_z2/arunQAFDHGDZXVNBDXG_gae.srcs/sources_1/new/Cfu.v:82]
INFO: [Synth 8-11241] undeclared symbol 'dec_clk', assumed default net type 'wire' [/home/jsp/Storage/CFU_PYNQ_FIles/CFU_SRC/pynq_z2/pynq_z2/arunQAFDHGDZXVNBDXG_gae.srcs/sources_1/new/Cfu.v:82]
INFO: [Synth 8-11241] undeclared symbol 'dec_cfu_id', assumed default net type 'wire' [/home/jsp/Storage/CFU_PYNQ_FIles/CFU_SRC/pynq_z2/pynq_z2/arunQAFDHGDZXVNBDXG_gae.srcs/sources_1/new/Cfu.v:82]
WARNING: [Synth 8-6901] identifier 'mul' is used before its declaration [/home/jsp/Storage/CFU_PYNQ_FIles/CFU_SRC/donut-accel/cfu.v:47]
WARNING: [Synth 8-6901] identifier 'mulsh' is used before its declaration [/home/jsp/Storage/CFU_PYNQ_FIles/CFU_SRC/donut-accel/cfu.v:47]
INFO: [Synth 8-6157] synthesizing module 'system_tul_pynq_z2_0_0' [/home/jsp/Storage/CFU_PYNQ_FIles/CFU_SRC/pynq_z2/pynq_z2/arunQAFDHGDZXVNBDXG_gae.gen/sources_1/bd/system/ip/system_tul_pynq_z2_0_0/synth/system_tul_pynq_z2_0_0.v:53]
INFO: [Synth 8-6157] synthesizing module 'tul_pynq_z2' [/home/jsp/Storage/CFU_PYNQ_FIles/CFU_SRC/pynq_z2/pynq_z2/arunQAFDHGDZXVNBDXG_gae.srcs/sources_1/new/tul_pynq_z2.v:20]
CRITICAL WARNING: [Synth 8-4445] could not open $readmem data file 'tul_pynq_z2_rom.init'; please make sure the file is added to project and has read permission, ignoring [/home/jsp/Storage/CFU_PYNQ_FIles/CFU_SRC/pynq_z2/pynq_z2/arunQAFDHGDZXVNBDXG_gae.srcs/sources_1/new/tul_pynq_z2.v:1544]
CRITICAL WARNING: [Synth 8-4445] could not open $readmem data file 'tul_pynq_z2_sram.init'; please make sure the file is added to project and has read permission, ignoring [/home/jsp/Storage/CFU_PYNQ_FIles/CFU_SRC/pynq_z2/pynq_z2/arunQAFDHGDZXVNBDXG_gae.srcs/sources_1/new/tul_pynq_z2.v:1559]
CRITICAL WARNING: [Synth 8-4445] could not open $readmem data file 'tul_pynq_z2_mem.init'; please make sure the file is added to project and has read permission, ignoring [/home/jsp/Storage/CFU_PYNQ_FIles/CFU_SRC/pynq_z2/pynq_z2/arunQAFDHGDZXVNBDXG_gae.srcs/sources_1/new/tul_pynq_z2.v:1582]
INFO: [Synth 8-155] case statement is not full and has no default [/home/jsp/Storage/CFU_PYNQ_FIles/CFU_SRC/pynq_z2/pynq_z2/arunQAFDHGDZXVNBDXG_gae.srcs/sources_1/new/tul_pynq_z2.v:1328]
INFO: [Synth 8-155] case statement is not full and has no default [/home/jsp/Storage/CFU_PYNQ_FIles/CFU_SRC/pynq_z2/pynq_z2/arunQAFDHGDZXVNBDXG_gae.srcs/sources_1/new/tul_pynq_z2.v:1352]
INFO: [Synth 8-155] case statement is not full and has no default [/home/jsp/Storage/CFU_PYNQ_FIles/CFU_SRC/pynq_z2/pynq_z2/arunQAFDHGDZXVNBDXG_gae.srcs/sources_1/new/tul_pynq_z2.v:1364]
INFO: [Synth 8-155] case statement is not full and has no default [/home/jsp/Storage/CFU_PYNQ_FIles/CFU_SRC/pynq_z2/pynq_z2/arunQAFDHGDZXVNBDXG_gae.srcs/sources_1/new/tul_pynq_z2.v:1419]
INFO: [Synth 8-6157] synthesizing module 'BUFG' [/home/jsp/Storage/Vivado/2024.1/scripts/rt/data/unisim_comp.v:1951]
INFO: [Synth 8-6155] done synthesizing module 'BUFG' (0#1) [/home/jsp/Storage/Vivado/2024.1/scripts/rt/data/unisim_comp.v:1951]
INFO: [Synth 8-6157] synthesizing module 'FDCE' [/home/jsp/Storage/Vivado/2024.1/scripts/rt/data/unisim_comp.v:40798]
INFO: [Synth 8-6155] done synthesizing module 'FDCE' (0#1) [/home/jsp/Storage/Vivado/2024.1/scripts/rt/data/unisim_comp.v:40798]
INFO: [Synth 8-6157] synthesizing module 'PLLE2_ADV' [/home/jsp/Storage/Vivado/2024.1/scripts/rt/data/unisim_comp.v:114750]
	Parameter CLKFBOUT_MULT bound to: 12 - type: integer 
	Parameter CLKIN1_PERIOD bound to: 8.000000 - type: double 
	Parameter CLKOUT0_DIVIDE bound to: 15 - type: integer 
	Parameter CLKOUT0_PHASE bound to: 0.000000 - type: double 
	Parameter DIVCLK_DIVIDE bound to: 1 - type: integer 
	Parameter REF_JITTER1 bound to: 0.010000 - type: double 
	Parameter STARTUP_WAIT bound to: FALSE - type: string 
INFO: [Synth 8-6155] done synthesizing module 'PLLE2_ADV' (0#1) [/home/jsp/Storage/Vivado/2024.1/scripts/rt/data/unisim_comp.v:114750]
WARNING: [Synth 8-7071] port 'CLKOUT1' of module 'PLLE2_ADV' is unconnected for instance 'PLLE2_ADV' [/home/jsp/Storage/CFU_PYNQ_FIles/CFU_SRC/pynq_z2/pynq_z2/arunQAFDHGDZXVNBDXG_gae.srcs/sources_1/new/tul_pynq_z2.v:1705]
WARNING: [Synth 8-7071] port 'CLKOUT2' of module 'PLLE2_ADV' is unconnected for instance 'PLLE2_ADV' [/home/jsp/Storage/CFU_PYNQ_FIles/CFU_SRC/pynq_z2/pynq_z2/arunQAFDHGDZXVNBDXG_gae.srcs/sources_1/new/tul_pynq_z2.v:1705]
WARNING: [Synth 8-7071] port 'CLKOUT3' of module 'PLLE2_ADV' is unconnected for instance 'PLLE2_ADV' [/home/jsp/Storage/CFU_PYNQ_FIles/CFU_SRC/pynq_z2/pynq_z2/arunQAFDHGDZXVNBDXG_gae.srcs/sources_1/new/tul_pynq_z2.v:1705]
WARNING: [Synth 8-7071] port 'CLKOUT4' of module 'PLLE2_ADV' is unconnected for instance 'PLLE2_ADV' [/home/jsp/Storage/CFU_PYNQ_FIles/CFU_SRC/pynq_z2/pynq_z2/arunQAFDHGDZXVNBDXG_gae.srcs/sources_1/new/tul_pynq_z2.v:1705]
WARNING: [Synth 8-7071] port 'CLKOUT5' of module 'PLLE2_ADV' is unconnected for instance 'PLLE2_ADV' [/home/jsp/Storage/CFU_PYNQ_FIles/CFU_SRC/pynq_z2/pynq_z2/arunQAFDHGDZXVNBDXG_gae.srcs/sources_1/new/tul_pynq_z2.v:1705]
WARNING: [Synth 8-7071] port 'DO' of module 'PLLE2_ADV' is unconnected for instance 'PLLE2_ADV' [/home/jsp/Storage/CFU_PYNQ_FIles/CFU_SRC/pynq_z2/pynq_z2/arunQAFDHGDZXVNBDXG_gae.srcs/sources_1/new/tul_pynq_z2.v:1705]
WARNING: [Synth 8-7071] port 'DRDY' of module 'PLLE2_ADV' is unconnected for instance 'PLLE2_ADV' [/home/jsp/Storage/CFU_PYNQ_FIles/CFU_SRC/pynq_z2/pynq_z2/arunQAFDHGDZXVNBDXG_gae.srcs/sources_1/new/tul_pynq_z2.v:1705]
WARNING: [Synth 8-7071] port 'CLKIN2' of module 'PLLE2_ADV' is unconnected for instance 'PLLE2_ADV' [/home/jsp/Storage/CFU_PYNQ_FIles/CFU_SRC/pynq_z2/pynq_z2/arunQAFDHGDZXVNBDXG_gae.srcs/sources_1/new/tul_pynq_z2.v:1705]
WARNING: [Synth 8-7071] port 'CLKINSEL' of module 'PLLE2_ADV' is unconnected for instance 'PLLE2_ADV' [/home/jsp/Storage/CFU_PYNQ_FIles/CFU_SRC/pynq_z2/pynq_z2/arunQAFDHGDZXVNBDXG_gae.srcs/sources_1/new/tul_pynq_z2.v:1705]
WARNING: [Synth 8-7071] port 'DADDR' of module 'PLLE2_ADV' is unconnected for instance 'PLLE2_ADV' [/home/jsp/Storage/CFU_PYNQ_FIles/CFU_SRC/pynq_z2/pynq_z2/arunQAFDHGDZXVNBDXG_gae.srcs/sources_1/new/tul_pynq_z2.v:1705]
WARNING: [Synth 8-7071] port 'DCLK' of module 'PLLE2_ADV' is unconnected for instance 'PLLE2_ADV' [/home/jsp/Storage/CFU_PYNQ_FIles/CFU_SRC/pynq_z2/pynq_z2/arunQAFDHGDZXVNBDXG_gae.srcs/sources_1/new/tul_pynq_z2.v:1705]
WARNING: [Synth 8-7071] port 'DEN' of module 'PLLE2_ADV' is unconnected for instance 'PLLE2_ADV' [/home/jsp/Storage/CFU_PYNQ_FIles/CFU_SRC/pynq_z2/pynq_z2/arunQAFDHGDZXVNBDXG_gae.srcs/sources_1/new/tul_pynq_z2.v:1705]
WARNING: [Synth 8-7071] port 'DI' of module 'PLLE2_ADV' is unconnected for instance 'PLLE2_ADV' [/home/jsp/Storage/CFU_PYNQ_FIles/CFU_SRC/pynq_z2/pynq_z2/arunQAFDHGDZXVNBDXG_gae.srcs/sources_1/new/tul_pynq_z2.v:1705]
WARNING: [Synth 8-7071] port 'DWE' of module 'PLLE2_ADV' is unconnected for instance 'PLLE2_ADV' [/home/jsp/Storage/CFU_PYNQ_FIles/CFU_SRC/pynq_z2/pynq_z2/arunQAFDHGDZXVNBDXG_gae.srcs/sources_1/new/tul_pynq_z2.v:1705]
WARNING: [Synth 8-7023] instance 'PLLE2_ADV' of module 'PLLE2_ADV' has 21 connections declared, but only 7 given [/home/jsp/Storage/CFU_PYNQ_FIles/CFU_SRC/pynq_z2/pynq_z2/arunQAFDHGDZXVNBDXG_gae.srcs/sources_1/new/tul_pynq_z2.v:1705]
INFO: [Synth 8-6157] synthesizing module 'VexRiscv' [/home/jsp/Storage/CFU_PYNQ_FIles/CFU_SRC/verilog/VexRiscv_FullCfu.v:7]
INFO: [Synth 8-6157] synthesizing module 'InstructionCache' [/home/jsp/Storage/CFU_PYNQ_FIles/CFU_SRC/verilog/VexRiscv_FullCfu.v:6648]
INFO: [Synth 8-6155] done synthesizing module 'InstructionCache' (0#1) [/home/jsp/Storage/CFU_PYNQ_FIles/CFU_SRC/verilog/VexRiscv_FullCfu.v:6648]
INFO: [Synth 8-6157] synthesizing module 'DataCache' [/home/jsp/Storage/CFU_PYNQ_FIles/CFU_SRC/verilog/VexRiscv_FullCfu.v:5807]
INFO: [Synth 8-6155] done synthesizing module 'DataCache' (0#1) [/home/jsp/Storage/CFU_PYNQ_FIles/CFU_SRC/verilog/VexRiscv_FullCfu.v:5807]
INFO: [Synth 8-6155] done synthesizing module 'VexRiscv' (0#1) [/home/jsp/Storage/CFU_PYNQ_FIles/CFU_SRC/verilog/VexRiscv_FullCfu.v:7]
INFO: [Synth 8-6157] synthesizing module 'Cfu' [/home/jsp/Storage/CFU_PYNQ_FIles/CFU_SRC/pynq_z2/pynq_z2/arunQAFDHGDZXVNBDXG_gae.srcs/sources_1/new/Cfu.v:23]
INFO: [Synth 8-6157] synthesizing module 'cfu_compute' [/home/jsp/Storage/CFU_PYNQ_FIles/CFU_SRC/donut-accel/cfu.v:17]
INFO: [Synth 8-6155] done synthesizing module 'cfu_compute' (0#1) [/home/jsp/Storage/CFU_PYNQ_FIles/CFU_SRC/donut-accel/cfu.v:17]
WARNING: [Synth 8-689] width (1) of port connection 'cmd_payload_function_id' does not match port width (10) of module 'cfu_compute' [/home/jsp/Storage/CFU_PYNQ_FIles/CFU_SRC/pynq_z2/pynq_z2/arunQAFDHGDZXVNBDXG_gae.srcs/sources_1/new/Cfu.v:79]
WARNING: [Synth 8-689] width (1) of port connection 'cmd_payload_inputs_0' does not match port width (32) of module 'cfu_compute' [/home/jsp/Storage/CFU_PYNQ_FIles/CFU_SRC/pynq_z2/pynq_z2/arunQAFDHGDZXVNBDXG_gae.srcs/sources_1/new/Cfu.v:80]
WARNING: [Synth 8-689] width (1) of port connection 'cmd_payload_inputs_1' does not match port width (32) of module 'cfu_compute' [/home/jsp/Storage/CFU_PYNQ_FIles/CFU_SRC/pynq_z2/pynq_z2/arunQAFDHGDZXVNBDXG_gae.srcs/sources_1/new/Cfu.v:80]
WARNING: [Synth 8-689] width (1) of port connection 'rsp_payload_outputs_0' does not match port width (32) of module 'cfu_compute' [/home/jsp/Storage/CFU_PYNQ_FIles/CFU_SRC/pynq_z2/pynq_z2/arunQAFDHGDZXVNBDXG_gae.srcs/sources_1/new/Cfu.v:81]
WARNING: [Synth 8-689] width (1) of port connection 'cfu_id' does not match port width (3) of module 'cfu_compute' [/home/jsp/Storage/CFU_PYNQ_FIles/CFU_SRC/pynq_z2/pynq_z2/arunQAFDHGDZXVNBDXG_gae.srcs/sources_1/new/Cfu.v:82]
INFO: [Synth 8-6157] synthesizing module 'cfu_decoupler' [/home/jsp/Storage/CFU_PYNQ_FIles/CFU_SRC/pynq_z2/pynq_z2/arunQAFDHGDZXVNBDXG_gae.runs/system_tul_pynq_z2_0_0_synth_1/.Xil/Vivado-455595-jsp-H370M-D3H/realtime/cfu_decoupler_stub.v:6]
INFO: [Synth 8-6155] done synthesizing module 'cfu_decoupler' (0#1) [/home/jsp/Storage/CFU_PYNQ_FIles/CFU_SRC/pynq_z2/pynq_z2/arunQAFDHGDZXVNBDXG_gae.runs/system_tul_pynq_z2_0_0_synth_1/.Xil/Vivado-455595-jsp-H370M-D3H/realtime/cfu_decoupler_stub.v:6]
WARNING: [Synth 8-689] width (10) of port connection 's_cfu_inputs_cmd_payload_function_id' does not match port width (1) of module 'cfu_decoupler' [/home/jsp/Storage/CFU_PYNQ_FIles/CFU_SRC/pynq_z2/pynq_z2/arunQAFDHGDZXVNBDXG_gae.srcs/sources_1/new/Cfu.v:86]
WARNING: [Synth 8-689] width (32) of port connection 's_cfu_inputs_cmd_payload_inputs_0' does not match port width (10) of module 'cfu_decoupler' [/home/jsp/Storage/CFU_PYNQ_FIles/CFU_SRC/pynq_z2/pynq_z2/arunQAFDHGDZXVNBDXG_gae.srcs/sources_1/new/Cfu.v:87]
WARNING: [Synth 8-689] width (1) of port connection 's_cfu_inputs_rsp_ready' does not match port width (32) of module 'cfu_decoupler' [/home/jsp/Storage/CFU_PYNQ_FIles/CFU_SRC/pynq_z2/pynq_z2/arunQAFDHGDZXVNBDXG_gae.srcs/sources_1/new/Cfu.v:89]
WARNING: [Synth 8-689] width (1) of port connection 'rp_cfu_inputs_cmd_payload_inputs_0' does not match port width (10) of module 'cfu_decoupler' [/home/jsp/Storage/CFU_PYNQ_FIles/CFU_SRC/pynq_z2/pynq_z2/arunQAFDHGDZXVNBDXG_gae.srcs/sources_1/new/Cfu.v:102]
WARNING: [Synth 8-689] width (1) of port connection 'rp_cfu_inputs_cmd_payload_inputs_1' does not match port width (32) of module 'cfu_decoupler' [/home/jsp/Storage/CFU_PYNQ_FIles/CFU_SRC/pynq_z2/pynq_z2/arunQAFDHGDZXVNBDXG_gae.srcs/sources_1/new/Cfu.v:103]
WARNING: [Synth 8-689] width (1) of port connection 'rp_cfu_inputs_rsp_ready' does not match port width (32) of module 'cfu_decoupler' [/home/jsp/Storage/CFU_PYNQ_FIles/CFU_SRC/pynq_z2/pynq_z2/arunQAFDHGDZXVNBDXG_gae.srcs/sources_1/new/Cfu.v:104]
WARNING: [Synth 8-689] width (1) of port connection 'rp_cfu_output_rsp_payload_outputs_0' does not match port width (32) of module 'cfu_decoupler' [/home/jsp/Storage/CFU_PYNQ_FIles/CFU_SRC/pynq_z2/pynq_z2/arunQAFDHGDZXVNBDXG_gae.srcs/sources_1/new/Cfu.v:110]
WARNING: [Synth 8-689] width (1) of port connection 'rp_cfu_output_cfu_id' does not match port width (3) of module 'cfu_decoupler' [/home/jsp/Storage/CFU_PYNQ_FIles/CFU_SRC/pynq_z2/pynq_z2/arunQAFDHGDZXVNBDXG_gae.srcs/sources_1/new/Cfu.v:111]
WARNING: [Synth 8-7071] port 'cfu_inputs_ref_clk' of module 'cfu_decoupler' is unconnected for instance 'cfu_decoupler_inst' [/home/jsp/Storage/CFU_PYNQ_FIles/CFU_SRC/pynq_z2/pynq_z2/arunQAFDHGDZXVNBDXG_gae.srcs/sources_1/new/Cfu.v:84]
WARNING: [Synth 8-7071] port 'cfu_inputs_decouple_status' of module 'cfu_decoupler' is unconnected for instance 'cfu_decoupler_inst' [/home/jsp/Storage/CFU_PYNQ_FIles/CFU_SRC/pynq_z2/pynq_z2/arunQAFDHGDZXVNBDXG_gae.srcs/sources_1/new/Cfu.v:84]
WARNING: [Synth 8-7071] port 'cfu_output_decouple_status' of module 'cfu_decoupler' is unconnected for instance 'cfu_decoupler_inst' [/home/jsp/Storage/CFU_PYNQ_FIles/CFU_SRC/pynq_z2/pynq_z2/arunQAFDHGDZXVNBDXG_gae.srcs/sources_1/new/Cfu.v:84]
WARNING: [Synth 8-7023] instance 'cfu_decoupler_inst' of module 'cfu_decoupler' has 29 connections declared, but only 26 given [/home/jsp/Storage/CFU_PYNQ_FIles/CFU_SRC/pynq_z2/pynq_z2/arunQAFDHGDZXVNBDXG_gae.srcs/sources_1/new/Cfu.v:84]
INFO: [Synth 8-6155] done synthesizing module 'Cfu' (0#1) [/home/jsp/Storage/CFU_PYNQ_FIles/CFU_SRC/pynq_z2/pynq_z2/arunQAFDHGDZXVNBDXG_gae.srcs/sources_1/new/Cfu.v:23]
INFO: [Synth 8-6157] synthesizing module 'FDPE' [/home/jsp/Storage/Vivado/2024.1/scripts/rt/data/unisim_comp.v:40954]
	Parameter INIT bound to: 1'b1 
INFO: [Synth 8-6155] done synthesizing module 'FDPE' (0#1) [/home/jsp/Storage/Vivado/2024.1/scripts/rt/data/unisim_comp.v:40954]
INFO: [Synth 8-6155] done synthesizing module 'tul_pynq_z2' (0#1) [/home/jsp/Storage/CFU_PYNQ_FIles/CFU_SRC/pynq_z2/pynq_z2/arunQAFDHGDZXVNBDXG_gae.srcs/sources_1/new/tul_pynq_z2.v:20]
INFO: [Synth 8-6155] done synthesizing module 'system_tul_pynq_z2_0_0' (0#1) [/home/jsp/Storage/CFU_PYNQ_FIles/CFU_SRC/pynq_z2/pynq_z2/arunQAFDHGDZXVNBDXG_gae.gen/sources_1/bd/system/ip/system_tul_pynq_z2_0_0/synth/system_tul_pynq_z2_0_0.v:53]
WARNING: [Synth 8-6014] Unused sequential element decodeStage_mmuRsp_isIoAccess_reg was removed.  [/home/jsp/Storage/CFU_PYNQ_FIles/CFU_SRC/verilog/VexRiscv_FullCfu.v:6926]
WARNING: [Synth 8-6014] Unused sequential element decodeStage_mmuRsp_allowRead_reg was removed.  [/home/jsp/Storage/CFU_PYNQ_FIles/CFU_SRC/verilog/VexRiscv_FullCfu.v:6928]
WARNING: [Synth 8-6014] Unused sequential element decodeStage_mmuRsp_allowWrite_reg was removed.  [/home/jsp/Storage/CFU_PYNQ_FIles/CFU_SRC/verilog/VexRiscv_FullCfu.v:6929]
WARNING: [Synth 8-6014] Unused sequential element decodeStage_mmuRsp_bypassTranslation_reg was removed.  [/home/jsp/Storage/CFU_PYNQ_FIles/CFU_SRC/verilog/VexRiscv_FullCfu.v:6933]
WARNING: [Synth 8-6014] Unused sequential element tagsWriteLastCmd_valid_reg was removed.  [/home/jsp/Storage/CFU_PYNQ_FIles/CFU_SRC/verilog/VexRiscv_FullCfu.v:6516]
WARNING: [Synth 8-6014] Unused sequential element tagsWriteLastCmd_payload_way_reg was removed.  [/home/jsp/Storage/CFU_PYNQ_FIles/CFU_SRC/verilog/VexRiscv_FullCfu.v:6517]
WARNING: [Synth 8-6014] Unused sequential element tagsWriteLastCmd_payload_address_reg was removed.  [/home/jsp/Storage/CFU_PYNQ_FIles/CFU_SRC/verilog/VexRiscv_FullCfu.v:6518]
WARNING: [Synth 8-6014] Unused sequential element tagsWriteLastCmd_payload_data_valid_reg was removed.  [/home/jsp/Storage/CFU_PYNQ_FIles/CFU_SRC/verilog/VexRiscv_FullCfu.v:6519]
WARNING: [Synth 8-6014] Unused sequential element tagsWriteLastCmd_payload_data_error_reg was removed.  [/home/jsp/Storage/CFU_PYNQ_FIles/CFU_SRC/verilog/VexRiscv_FullCfu.v:6520]
WARNING: [Synth 8-6014] Unused sequential element tagsWriteLastCmd_payload_data_address_reg was removed.  [/home/jsp/Storage/CFU_PYNQ_FIles/CFU_SRC/verilog/VexRiscv_FullCfu.v:6521]
WARNING: [Synth 8-6014] Unused sequential element stageA_request_totalyConsistent_reg was removed.  [/home/jsp/Storage/CFU_PYNQ_FIles/CFU_SRC/verilog/VexRiscv_FullCfu.v:6525]
WARNING: [Synth 8-6014] Unused sequential element stageB_request_totalyConsistent_reg was removed.  [/home/jsp/Storage/CFU_PYNQ_FIles/CFU_SRC/verilog/VexRiscv_FullCfu.v:6539]
WARNING: [Synth 8-6014] Unused sequential element stageB_mmuRsp_allowExecute_reg was removed.  [/home/jsp/Storage/CFU_PYNQ_FIles/CFU_SRC/verilog/VexRiscv_FullCfu.v:6547]
WARNING: [Synth 8-6014] Unused sequential element stageB_mmuRsp_bypassTranslation_reg was removed.  [/home/jsp/Storage/CFU_PYNQ_FIles/CFU_SRC/verilog/VexRiscv_FullCfu.v:6550]
WARNING: [Synth 8-6014] Unused sequential element stageB_tagsReadRsp_0_valid_reg was removed.  [/home/jsp/Storage/CFU_PYNQ_FIles/CFU_SRC/verilog/VexRiscv_FullCfu.v:6553]
WARNING: [Synth 8-6014] Unused sequential element stageB_tagsReadRsp_0_address_reg was removed.  [/home/jsp/Storage/CFU_PYNQ_FIles/CFU_SRC/verilog/VexRiscv_FullCfu.v:6555]
WARNING: [Synth 8-3848] Net io_cpu_writeBack_exclusiveOk in module/entity DataCache does not have driver. [/home/jsp/Storage/CFU_PYNQ_FIles/CFU_SRC/verilog/VexRiscv_FullCfu.v:5850]
WARNING: [Synth 8-6014] Unused sequential element IBusCachedPlugin_fetchPc_correctionReg_reg was removed.  [/home/jsp/Storage/CFU_PYNQ_FIles/CFU_SRC/verilog/VexRiscv_FullCfu.v:3175]
WARNING: [Synth 8-6014] Unused sequential element IBusCachedPlugin_injector_nextPcCalc_valids_2_reg was removed.  [/home/jsp/Storage/CFU_PYNQ_FIles/CFU_SRC/verilog/VexRiscv_FullCfu.v:3283]
WARNING: [Synth 8-6014] Unused sequential element IBusCachedPlugin_injector_nextPcCalc_valids_3_reg was removed.  [/home/jsp/Storage/CFU_PYNQ_FIles/CFU_SRC/verilog/VexRiscv_FullCfu.v:3284]
WARNING: [Synth 8-6014] Unused sequential element IBusCachedPlugin_injector_nextPcCalc_valids_4_reg was removed.  [/home/jsp/Storage/CFU_PYNQ_FIles/CFU_SRC/verilog/VexRiscv_FullCfu.v:3285]
WARNING: [Synth 8-6014] Unused sequential element IBusCachedPlugin_rspCounter_reg was removed.  [/home/jsp/Storage/CFU_PYNQ_FIles/CFU_SRC/verilog/VexRiscv_FullCfu.v:5082]
WARNING: [Synth 8-6014] Unused sequential element DBusCachedPlugin_rspCounter_reg was removed.  [/home/jsp/Storage/CFU_PYNQ_FIles/CFU_SRC/verilog/VexRiscv_FullCfu.v:5085]
WARNING: [Synth 8-6014] Unused sequential element CsrPlugin_lastStageWasWfi_reg was removed.  [/home/jsp/Storage/CFU_PYNQ_FIles/CFU_SRC/verilog/VexRiscv_FullCfu.v:5103]
WARNING: [Synth 8-6014] Unused sequential element dataCache_1_io_mem_cmd_rData_uncached_reg was removed.  [/home/jsp/Storage/CFU_PYNQ_FIles/CFU_SRC/verilog/VexRiscv_FullCfu.v:3485]
WARNING: [Synth 8-6014] Unused sequential element dataCache_1_io_mem_cmd_rData_last_reg was removed.  [/home/jsp/Storage/CFU_PYNQ_FIles/CFU_SRC/verilog/VexRiscv_FullCfu.v:3490]
WARNING: [Synth 8-6014] Unused sequential element dataCache_1_io_mem_cmd_s2mPipe_rData_uncached_reg was removed.  [/home/jsp/Storage/CFU_PYNQ_FIles/CFU_SRC/verilog/VexRiscv_FullCfu.v:3501]
WARNING: [Synth 8-6014] Unused sequential element dataCache_1_io_mem_cmd_s2mPipe_rData_last_reg was removed.  [/home/jsp/Storage/CFU_PYNQ_FIles/CFU_SRC/verilog/VexRiscv_FullCfu.v:3506]
WARNING: [Synth 8-6014] Unused sequential element decode_to_execute_FORMAL_PC_NEXT_reg was removed.  [/home/jsp/Storage/CFU_PYNQ_FIles/CFU_SRC/verilog/VexRiscv_FullCfu.v:2677]
WARNING: [Synth 8-6014] Unused sequential element execute_to_memory_FORMAL_PC_NEXT_reg was removed.  [/home/jsp/Storage/CFU_PYNQ_FIles/CFU_SRC/verilog/VexRiscv_FullCfu.v:2676]
WARNING: [Synth 8-6014] Unused sequential element memory_to_writeBack_FORMAL_PC_NEXT_reg was removed.  [/home/jsp/Storage/CFU_PYNQ_FIles/CFU_SRC/verilog/VexRiscv_FullCfu.v:2675]
WARNING: [Synth 8-6014] Unused sequential element memory_to_writeBack_CfuPlugin_CFU_IN_FLIGHT_reg was removed.  [/home/jsp/Storage/CFU_PYNQ_FIles/CFU_SRC/verilog/VexRiscv_FullCfu.v:2624]
WARNING: [Synth 8-3848] Net IBusCachedPlugin_cache_io_cpu_fetch_isRemoved in module/entity VexRiscv does not have driver. [/home/jsp/Storage/CFU_PYNQ_FIles/CFU_SRC/verilog/VexRiscv_FullCfu.v:78]
WARNING: [Synth 8-3848] Net IBusCachedPlugin_mmuBus_rsp_bypassTranslation in module/entity VexRiscv does not have driver. [/home/jsp/Storage/CFU_PYNQ_FIles/CFU_SRC/verilog/VexRiscv_FullCfu.v:664]
WARNING: [Synth 8-3848] Net DBusCachedPlugin_mmuBus_rsp_bypassTranslation in module/entity VexRiscv does not have driver. [/home/jsp/Storage/CFU_PYNQ_FIles/CFU_SRC/verilog/VexRiscv_FullCfu.v:692]
WARNING: [Synth 8-3848] Net dataCache_1_io_cpu_writeBack_fence_SW in module/entity VexRiscv does not have driver. [/home/jsp/Storage/CFU_PYNQ_FIles/CFU_SRC/verilog/VexRiscv_FullCfu.v:92]
WARNING: [Synth 8-3848] Net dataCache_1_io_cpu_writeBack_fence_SR in module/entity VexRiscv does not have driver. [/home/jsp/Storage/CFU_PYNQ_FIles/CFU_SRC/verilog/VexRiscv_FullCfu.v:93]
WARNING: [Synth 8-3848] Net dataCache_1_io_cpu_writeBack_fence_SO in module/entity VexRiscv does not have driver. [/home/jsp/Storage/CFU_PYNQ_FIles/CFU_SRC/verilog/VexRiscv_FullCfu.v:94]
WARNING: [Synth 8-3848] Net dataCache_1_io_cpu_writeBack_fence_SI in module/entity VexRiscv does not have driver. [/home/jsp/Storage/CFU_PYNQ_FIles/CFU_SRC/verilog/VexRiscv_FullCfu.v:95]
WARNING: [Synth 8-3848] Net dataCache_1_io_cpu_writeBack_fence_PW in module/entity VexRiscv does not have driver. [/home/jsp/Storage/CFU_PYNQ_FIles/CFU_SRC/verilog/VexRiscv_FullCfu.v:96]
WARNING: [Synth 8-3848] Net dataCache_1_io_cpu_writeBack_fence_PR in module/entity VexRiscv does not have driver. [/home/jsp/Storage/CFU_PYNQ_FIles/CFU_SRC/verilog/VexRiscv_FullCfu.v:97]
WARNING: [Synth 8-3848] Net dataCache_1_io_cpu_writeBack_fence_PO in module/entity VexRiscv does not have driver. [/home/jsp/Storage/CFU_PYNQ_FIles/CFU_SRC/verilog/VexRiscv_FullCfu.v:98]
WARNING: [Synth 8-3848] Net dataCache_1_io_cpu_writeBack_fence_PI in module/entity VexRiscv does not have driver. [/home/jsp/Storage/CFU_PYNQ_FIles/CFU_SRC/verilog/VexRiscv_FullCfu.v:99]
WARNING: [Synth 8-3848] Net dataCache_1_io_cpu_writeBack_fence_FM in module/entity VexRiscv does not have driver. [/home/jsp/Storage/CFU_PYNQ_FIles/CFU_SRC/verilog/VexRiscv_FullCfu.v:100]
WARNING: [Synth 8-3848] Net dBus_rsp_payload_last in module/entity VexRiscv does not have driver. [/home/jsp/Storage/CFU_PYNQ_FIles/CFU_SRC/verilog/VexRiscv_FullCfu.v:677]
WARNING: [Synth 8-6014] Unused sequential element rsp_valid_s0_reg was removed.  [/home/jsp/Storage/CFU_PYNQ_FIles/CFU_SRC/donut-accel/cfu.v:41]
WARNING: [Synth 8-6014] Unused sequential element soc_basesoc_scratch_re_reg was removed.  [/home/jsp/Storage/CFU_PYNQ_FIles/CFU_SRC/pynq_z2/pynq_z2/arunQAFDHGDZXVNBDXG_gae.srcs/sources_1/new/tul_pynq_z2.v:1347]
WARNING: [Synth 8-6014] Unused sequential element soc_basesoc_bus_errors_re_reg was removed.  [/home/jsp/Storage/CFU_PYNQ_FIles/CFU_SRC/pynq_z2/pynq_z2/arunQAFDHGDZXVNBDXG_gae.srcs/sources_1/new/tul_pynq_z2.v:1348]
WARNING: [Synth 8-6014] Unused sequential element soc_basesoc_timer_load_re_reg was removed.  [/home/jsp/Storage/CFU_PYNQ_FIles/CFU_SRC/pynq_z2/pynq_z2/arunQAFDHGDZXVNBDXG_gae.srcs/sources_1/new/tul_pynq_z2.v:1394]
WARNING: [Synth 8-6014] Unused sequential element soc_basesoc_timer_reload_re_reg was removed.  [/home/jsp/Storage/CFU_PYNQ_FIles/CFU_SRC/pynq_z2/pynq_z2/arunQAFDHGDZXVNBDXG_gae.srcs/sources_1/new/tul_pynq_z2.v:1398]
WARNING: [Synth 8-6014] Unused sequential element soc_basesoc_timer_en_re_reg was removed.  [/home/jsp/Storage/CFU_PYNQ_FIles/CFU_SRC/pynq_z2/pynq_z2/arunQAFDHGDZXVNBDXG_gae.srcs/sources_1/new/tul_pynq_z2.v:1402]
WARNING: [Synth 8-6014] Unused sequential element soc_basesoc_timer_value_re_reg was removed.  [/home/jsp/Storage/CFU_PYNQ_FIles/CFU_SRC/pynq_z2/pynq_z2/arunQAFDHGDZXVNBDXG_gae.srcs/sources_1/new/tul_pynq_z2.v:1407]
WARNING: [Synth 8-6014] Unused sequential element soc_basesoc_timer_status_re_reg was removed.  [/home/jsp/Storage/CFU_PYNQ_FIles/CFU_SRC/pynq_z2/pynq_z2/arunQAFDHGDZXVNBDXG_gae.srcs/sources_1/new/tul_pynq_z2.v:1408]
WARNING: [Synth 8-6014] Unused sequential element soc_basesoc_timer_enable_re_reg was removed.  [/home/jsp/Storage/CFU_PYNQ_FIles/CFU_SRC/pynq_z2/pynq_z2/arunQAFDHGDZXVNBDXG_gae.srcs/sources_1/new/tul_pynq_z2.v:1416]
WARNING: [Synth 8-6014] Unused sequential element soc_basesoc_uart_txfull_re_reg was removed.  [/home/jsp/Storage/CFU_PYNQ_FIles/CFU_SRC/pynq_z2/pynq_z2/arunQAFDHGDZXVNBDXG_gae.srcs/sources_1/new/tul_pynq_z2.v:1446]
WARNING: [Synth 8-6014] Unused sequential element soc_basesoc_uart_rxempty_re_reg was removed.  [/home/jsp/Storage/CFU_PYNQ_FIles/CFU_SRC/pynq_z2/pynq_z2/arunQAFDHGDZXVNBDXG_gae.srcs/sources_1/new/tul_pynq_z2.v:1447]
WARNING: [Synth 8-6014] Unused sequential element soc_basesoc_uart_status_re_reg was removed.  [/home/jsp/Storage/CFU_PYNQ_FIles/CFU_SRC/pynq_z2/pynq_z2/arunQAFDHGDZXVNBDXG_gae.srcs/sources_1/new/tul_pynq_z2.v:1448]
WARNING: [Synth 8-6014] Unused sequential element soc_basesoc_uart_enable_re_reg was removed.  [/home/jsp/Storage/CFU_PYNQ_FIles/CFU_SRC/pynq_z2/pynq_z2/arunQAFDHGDZXVNBDXG_gae.srcs/sources_1/new/tul_pynq_z2.v:1456]
WARNING: [Synth 8-6014] Unused sequential element soc_basesoc_uart_txempty_re_reg was removed.  [/home/jsp/Storage/CFU_PYNQ_FIles/CFU_SRC/pynq_z2/pynq_z2/arunQAFDHGDZXVNBDXG_gae.srcs/sources_1/new/tul_pynq_z2.v:1457]
WARNING: [Synth 8-6014] Unused sequential element soc_basesoc_uart_rxfull_re_reg was removed.  [/home/jsp/Storage/CFU_PYNQ_FIles/CFU_SRC/pynq_z2/pynq_z2/arunQAFDHGDZXVNBDXG_gae.srcs/sources_1/new/tul_pynq_z2.v:1458]
WARNING: [Synth 8-6014] Unused sequential element storage_dat0_reg was removed.  [/home/jsp/Storage/CFU_PYNQ_FIles/CFU_SRC/pynq_z2/pynq_z2/arunQAFDHGDZXVNBDXG_gae.srcs/sources_1/new/tul_pynq_z2.v:1602]
WARNING: [Synth 8-6014] Unused sequential element storage_1_dat0_reg was removed.  [/home/jsp/Storage/CFU_PYNQ_FIles/CFU_SRC/pynq_z2/pynq_z2/arunQAFDHGDZXVNBDXG_gae.srcs/sources_1/new/tul_pynq_z2.v:1623]
WARNING: [Synth 8-6014] Unused sequential element mem_adr0_reg was removed.  [/home/jsp/Storage/CFU_PYNQ_FIles/CFU_SRC/pynq_z2/pynq_z2/arunQAFDHGDZXVNBDXG_gae.srcs/sources_1/new/tul_pynq_z2.v:1586]
WARNING: [Synth 8-7129] Port cmd_payload_function_id[9] in module cfu_compute is either unconnected or has no load
WARNING: [Synth 8-7129] Port cmd_payload_function_id[8] in module cfu_compute is either unconnected or has no load
WARNING: [Synth 8-7129] Port cmd_payload_function_id[7] in module cfu_compute is either unconnected or has no load
WARNING: [Synth 8-7129] Port cmd_payload_function_id[6] in module cfu_compute is either unconnected or has no load
WARNING: [Synth 8-7129] Port cmd_payload_function_id[5] in module cfu_compute is either unconnected or has no load
WARNING: [Synth 8-7129] Port cmd_payload_function_id[4] in module cfu_compute is either unconnected or has no load
WARNING: [Synth 8-7129] Port cmd_payload_function_id[3] in module cfu_compute is either unconnected or has no load
WARNING: [Synth 8-7129] Port cmd_payload_function_id[2] in module cfu_compute is either unconnected or has no load
WARNING: [Synth 8-7129] Port cmd_payload_function_id[1] in module cfu_compute is either unconnected or has no load
WARNING: [Synth 8-7129] Port reset in module cfu_compute is either unconnected or has no load
WARNING: [Synth 8-7129] Port rsp_ready in module Cfu is either unconnected or has no load
WARNING: [Synth 8-7129] Port io_cpu_writeBack_exclusiveOk in module DataCache is either unconnected or has no load
WARNING: [Synth 8-7129] Port io_cpu_execute_address[31] in module DataCache is either unconnected or has no load
WARNING: [Synth 8-7129] Port io_cpu_execute_address[30] in module DataCache is either unconnected or has no load
WARNING: [Synth 8-7129] Port io_cpu_execute_address[29] in module DataCache is either unconnected or has no load
WARNING: [Synth 8-7129] Port io_cpu_execute_address[28] in module DataCache is either unconnected or has no load
WARNING: [Synth 8-7129] Port io_cpu_execute_address[27] in module DataCache is either unconnected or has no load
WARNING: [Synth 8-7129] Port io_cpu_execute_address[26] in module DataCache is either unconnected or has no load
WARNING: [Synth 8-7129] Port io_cpu_execute_address[25] in module DataCache is either unconnected or has no load
WARNING: [Synth 8-7129] Port io_cpu_execute_address[24] in module DataCache is either unconnected or has no load
WARNING: [Synth 8-7129] Port io_cpu_execute_address[23] in module DataCache is either unconnected or has no load
WARNING: [Synth 8-7129] Port io_cpu_execute_address[22] in module DataCache is either unconnected or has no load
WARNING: [Synth 8-7129] Port io_cpu_execute_address[21] in module DataCache is either unconnected or has no load
WARNING: [Synth 8-7129] Port io_cpu_execute_address[20] in module DataCache is either unconnected or has no load
WARNING: [Synth 8-7129] Port io_cpu_execute_address[19] in module DataCache is either unconnected or has no load
WARNING: [Synth 8-7129] Port io_cpu_execute_address[18] in module DataCache is either unconnected or has no load
WARNING: [Synth 8-7129] Port io_cpu_execute_address[17] in module DataCache is either unconnected or has no load
WARNING: [Synth 8-7129] Port io_cpu_execute_address[16] in module DataCache is either unconnected or has no load
WARNING: [Synth 8-7129] Port io_cpu_execute_address[15] in module DataCache is either unconnected or has no load
WARNING: [Synth 8-7129] Port io_cpu_execute_address[14] in module DataCache is either unconnected or has no load
WARNING: [Synth 8-7129] Port io_cpu_execute_address[13] in module DataCache is either unconnected or has no load
WARNING: [Synth 8-7129] Port io_cpu_execute_address[12] in module DataCache is either unconnected or has no load
WARNING: [Synth 8-7129] Port io_cpu_execute_args_totalyConsistent in module DataCache is either unconnected or has no load
WARNING: [Synth 8-7129] Port io_cpu_memory_address[31] in module DataCache is either unconnected or has no load
WARNING: [Synth 8-7129] Port io_cpu_memory_address[30] in module DataCache is either unconnected or has no load
WARNING: [Synth 8-7129] Port io_cpu_memory_address[29] in module DataCache is either unconnected or has no load
WARNING: [Synth 8-7129] Port io_cpu_memory_address[28] in module DataCache is either unconnected or has no load
WARNING: [Synth 8-7129] Port io_cpu_memory_address[27] in module DataCache is either unconnected or has no load
WARNING: [Synth 8-7129] Port io_cpu_memory_address[26] in module DataCache is either unconnected or has no load
WARNING: [Synth 8-7129] Port io_cpu_memory_address[25] in module DataCache is either unconnected or has no load
WARNING: [Synth 8-7129] Port io_cpu_memory_address[24] in module DataCache is either unconnected or has no load
WARNING: [Synth 8-7129] Port io_cpu_memory_address[23] in module DataCache is either unconnected or has no load
WARNING: [Synth 8-7129] Port io_cpu_memory_address[22] in module DataCache is either unconnected or has no load
WARNING: [Synth 8-7129] Port io_cpu_memory_address[21] in module DataCache is either unconnected or has no load
WARNING: [Synth 8-7129] Port io_cpu_memory_address[20] in module DataCache is either unconnected or has no load
WARNING: [Synth 8-7129] Port io_cpu_memory_address[19] in module DataCache is either unconnected or has no load
WARNING: [Synth 8-7129] Port io_cpu_memory_address[18] in module DataCache is either unconnected or has no load
WARNING: [Synth 8-7129] Port io_cpu_memory_address[17] in module DataCache is either unconnected or has no load
WARNING: [Synth 8-7129] Port io_cpu_memory_address[16] in module DataCache is either unconnected or has no load
WARNING: [Synth 8-7129] Port io_cpu_memory_address[15] in module DataCache is either unconnected or has no load
WARNING: [Synth 8-7129] Port io_cpu_memory_address[14] in module DataCache is either unconnected or has no load
WARNING: [Synth 8-7129] Port io_cpu_memory_address[13] in module DataCache is either unconnected or has no load
WARNING: [Synth 8-7129] Port io_cpu_memory_address[12] in module DataCache is either unconnected or has no load
WARNING: [Synth 8-7129] Port io_cpu_memory_mmuRsp_allowExecute in module DataCache is either unconnected or has no load
WARNING: [Synth 8-7129] Port io_cpu_memory_mmuRsp_bypassTranslation in module DataCache is either unconnected or has no load
WARNING: [Synth 8-7129] Port io_cpu_writeBack_isFiring in module DataCache is either unconnected or has no load
WARNING: [Synth 8-7129] Port io_cpu_writeBack_isUser in module DataCache is either unconnected or has no load
WARNING: [Synth 8-7129] Port io_cpu_writeBack_address[31] in module DataCache is either unconnected or has no load
WARNING: [Synth 8-7129] Port io_cpu_writeBack_address[30] in module DataCache is either unconnected or has no load
WARNING: [Synth 8-7129] Port io_cpu_writeBack_address[29] in module DataCache is either unconnected or has no load
WARNING: [Synth 8-7129] Port io_cpu_writeBack_address[28] in module DataCache is either unconnected or has no load
WARNING: [Synth 8-7129] Port io_cpu_writeBack_address[27] in module DataCache is either unconnected or has no load
WARNING: [Synth 8-7129] Port io_cpu_writeBack_address[26] in module DataCache is either unconnected or has no load
WARNING: [Synth 8-7129] Port io_cpu_writeBack_address[25] in module DataCache is either unconnected or has no load
WARNING: [Synth 8-7129] Port io_cpu_writeBack_address[24] in module DataCache is either unconnected or has no load
WARNING: [Synth 8-7129] Port io_cpu_writeBack_address[23] in module DataCache is either unconnected or has no load
WARNING: [Synth 8-7129] Port io_cpu_writeBack_address[22] in module DataCache is either unconnected or has no load
WARNING: [Synth 8-7129] Port io_cpu_writeBack_address[21] in module DataCache is either unconnected or has no load
WARNING: [Synth 8-7129] Port io_cpu_writeBack_address[20] in module DataCache is either unconnected or has no load
WARNING: [Synth 8-7129] Port io_cpu_writeBack_address[19] in module DataCache is either unconnected or has no load
WARNING: [Synth 8-7129] Port io_cpu_writeBack_address[18] in module DataCache is either unconnected or has no load
WARNING: [Synth 8-7129] Port io_cpu_writeBack_address[17] in module DataCache is either unconnected or has no load
WARNING: [Synth 8-7129] Port io_cpu_writeBack_address[16] in module DataCache is either unconnected or has no load
WARNING: [Synth 8-7129] Port io_cpu_writeBack_address[15] in module DataCache is either unconnected or has no load
WARNING: [Synth 8-7129] Port io_cpu_writeBack_address[14] in module DataCache is either unconnected or has no load
WARNING: [Synth 8-7129] Port io_cpu_writeBack_address[13] in module DataCache is either unconnected or has no load
WARNING: [Synth 8-7129] Port io_cpu_writeBack_address[12] in module DataCache is either unconnected or has no load
WARNING: [Synth 8-7129] Port io_cpu_writeBack_address[11] in module DataCache is either unconnected or has no load
WARNING: [Synth 8-7129] Port io_cpu_writeBack_address[10] in module DataCache is either unconnected or has no load
WARNING: [Synth 8-7129] Port io_cpu_writeBack_address[9] in module DataCache is either unconnected or has no load
WARNING: [Synth 8-7129] Port io_cpu_writeBack_address[8] in module DataCache is either unconnected or has no load
WARNING: [Synth 8-7129] Port io_cpu_writeBack_address[7] in module DataCache is either unconnected or has no load
WARNING: [Synth 8-7129] Port io_cpu_writeBack_address[6] in module DataCache is either unconnected or has no load
WARNING: [Synth 8-7129] Port io_cpu_writeBack_address[5] in module DataCache is either unconnected or has no load
WARNING: [Synth 8-7129] Port io_cpu_writeBack_address[4] in module DataCache is either unconnected or has no load
WARNING: [Synth 8-7129] Port io_cpu_writeBack_address[3] in module DataCache is either unconnected or has no load
WARNING: [Synth 8-7129] Port io_cpu_writeBack_address[2] in module DataCache is either unconnected or has no load
WARNING: [Synth 8-7129] Port io_cpu_writeBack_address[1] in module DataCache is either unconnected or has no load
WARNING: [Synth 8-7129] Port io_cpu_writeBack_address[0] in module DataCache is either unconnected or has no load
WARNING: [Synth 8-7129] Port io_cpu_writeBack_fence_SW in module DataCache is either unconnected or has no load
WARNING: [Synth 8-7129] Port io_cpu_writeBack_fence_SR in module DataCache is either unconnected or has no load
WARNING: [Synth 8-7129] Port io_cpu_writeBack_fence_SO in module DataCache is either unconnected or has no load
WARNING: [Synth 8-7129] Port io_cpu_writeBack_fence_SI in module DataCache is either unconnected or has no load
WARNING: [Synth 8-7129] Port io_cpu_writeBack_fence_PW in module DataCache is either unconnected or has no load
WARNING: [Synth 8-7129] Port io_cpu_writeBack_fence_PR in module DataCache is either unconnected or has no load
WARNING: [Synth 8-7129] Port io_cpu_writeBack_fence_PO in module DataCache is either unconnected or has no load
WARNING: [Synth 8-7129] Port io_cpu_writeBack_fence_PI in module DataCache is either unconnected or has no load
WARNING: [Synth 8-7129] Port io_cpu_writeBack_fence_FM[3] in module DataCache is either unconnected or has no load
WARNING: [Synth 8-7129] Port io_cpu_writeBack_fence_FM[2] in module DataCache is either unconnected or has no load
WARNING: [Synth 8-7129] Port io_cpu_writeBack_fence_FM[1] in module DataCache is either unconnected or has no load
INFO: [Common 17-14] Message 'Synth 8-7129' appears 100 times and further instances of the messages will be disabled. Use the Tcl command set_msg_config to change the current settings.
---------------------------------------------------------------------------------
Finished RTL Elaboration : Time (s): cpu = 00:00:05 ; elapsed = 00:00:05 . Memory (MB): peak = 2274.082 ; gain = 534.715 ; free physical = 4923 ; free virtual = 16537
---------------------------------------------------------------------------------
---------------------------------------------------------------------------------
Start Handling Custom Attributes
---------------------------------------------------------------------------------
---------------------------------------------------------------------------------
Finished Handling Custom Attributes : Time (s): cpu = 00:00:05 ; elapsed = 00:00:06 . Memory (MB): peak = 2291.895 ; gain = 552.527 ; free physical = 4923 ; free virtual = 16537
---------------------------------------------------------------------------------
---------------------------------------------------------------------------------
Finished RTL Optimization Phase 1 : Time (s): cpu = 00:00:05 ; elapsed = 00:00:06 . Memory (MB): peak = 2291.895 ; gain = 552.527 ; free physical = 4923 ; free virtual = 16537
---------------------------------------------------------------------------------
Netlist sorting complete. Time (s): cpu = 00:00:00.05 ; elapsed = 00:00:00.04 . Memory (MB): peak = 2297.832 ; gain = 0.000 ; free physical = 4923 ; free virtual = 16537
INFO: [Netlist 29-17] Analyzing 1 Unisim elements for replacement
INFO: [Netlist 29-28] Unisim Transformation completed in 0 CPU seconds
INFO: [Project 1-570] Preparing netlist for logic optimization

Processing XDC Constraints
Initializing timing engine
Parsing XDC File [/home/jsp/Storage/CFU_PYNQ_FIles/CFU_SRC/pynq_z2/pynq_z2/arunQAFDHGDZXVNBDXG_gae.gen/sources_1/ip/cfu_decoupler/cfu_decoupler/cfu_decoupler_in_context.xdc] for cell 'inst/Cfu/cfu_decoupler_inst'
Finished Parsing XDC File [/home/jsp/Storage/CFU_PYNQ_FIles/CFU_SRC/pynq_z2/pynq_z2/arunQAFDHGDZXVNBDXG_gae.gen/sources_1/ip/cfu_decoupler/cfu_decoupler/cfu_decoupler_in_context.xdc] for cell 'inst/Cfu/cfu_decoupler_inst'
Parsing XDC File [/home/jsp/Storage/CFU_PYNQ_FIles/CFU_SRC/pynq_z2/pynq_z2/arunQAFDHGDZXVNBDXG_gae.runs/system_tul_pynq_z2_0_0_synth_1/dont_touch.xdc]
Finished Parsing XDC File [/home/jsp/Storage/CFU_PYNQ_FIles/CFU_SRC/pynq_z2/pynq_z2/arunQAFDHGDZXVNBDXG_gae.runs/system_tul_pynq_z2_0_0_synth_1/dont_touch.xdc]
Completed Processing XDC Constraints

Netlist sorting complete. Time (s): cpu = 00:00:00 ; elapsed = 00:00:00 . Memory (MB): peak = 2427.645 ; gain = 0.000 ; free physical = 4914 ; free virtual = 16528
INFO: [Project 1-111] Unisim Transformation Summary:
No Unisim elements were transformed.

Constraint Validation Runtime : Time (s): cpu = 00:00:00.13 ; elapsed = 00:00:00.04 . Memory (MB): peak = 2427.645 ; gain = 0.000 ; free physical = 4914 ; free virtual = 16528
INFO: [Designutils 20-5008] Incremental synthesis strategy off
---------------------------------------------------------------------------------
Finished Constraint Validation : Time (s): cpu = 00:00:11 ; elapsed = 00:00:11 . Memory (MB): peak = 2427.645 ; gain = 688.277 ; free physical = 4907 ; free virtual = 16521
---------------------------------------------------------------------------------
---------------------------------------------------------------------------------
Start Loading Part and Timing Information
---------------------------------------------------------------------------------
Loading part: xc7z020clg400-1
---------------------------------------------------------------------------------
Finished Loading Part and Timing Information : Time (s): cpu = 00:00:11 ; elapsed = 00:00:11 . Memory (MB): peak = 2435.648 ; gain = 696.281 ; free physical = 4907 ; free virtual = 16521
---------------------------------------------------------------------------------
---------------------------------------------------------------------------------
Start Applying 'set_property' XDC Constraints
---------------------------------------------------------------------------------
Applied set_property KEEP_HIERARCHY = SOFT for inst/Cfu/cfu_decoupler_inst. (constraint file  auto generated constraint).
---------------------------------------------------------------------------------
Finished applying 'set_property' XDC Constraints : Time (s): cpu = 00:00:11 ; elapsed = 00:00:11 . Memory (MB): peak = 2435.648 ; gain = 696.281 ; free physical = 4907 ; free virtual = 16521
---------------------------------------------------------------------------------
WARNING: [Synth 8-3936] Found unconnected internal register 'memory_to_writeBack_INSTRUCTION_reg' and it is trimmed from '32' to '30' bits. [/home/jsp/Storage/CFU_PYNQ_FIles/CFU_SRC/verilog/VexRiscv_FullCfu.v:2932]
WARNING: [Synth 8-3936] Found unconnected internal register 'execute_to_memory_INSTRUCTION_reg' and it is trimmed from '32' to '30' bits. [/home/jsp/Storage/CFU_PYNQ_FIles/CFU_SRC/verilog/VexRiscv_FullCfu.v:2733]
WARNING: [Synth 8-3936] Found unconnected internal register 'storage_1_dat1_reg' and it is trimmed from '10' to '8' bits. [/home/jsp/Storage/CFU_PYNQ_FIles/CFU_SRC/pynq_z2/pynq_z2/arunQAFDHGDZXVNBDXG_gae.srcs/sources_1/new/tul_pynq_z2.v:1627]
WARNING: [Synth 8-3936] Found unconnected internal register 'storage_dat1_reg' and it is trimmed from '10' to '8' bits. [/home/jsp/Storage/CFU_PYNQ_FIles/CFU_SRC/pynq_z2/pynq_z2/arunQAFDHGDZXVNBDXG_gae.srcs/sources_1/new/tul_pynq_z2.v:1606]
---------------------------------------------------------------------------------
Finished RTL Optimization Phase 2 : Time (s): cpu = 00:00:13 ; elapsed = 00:00:13 . Memory (MB): peak = 2435.648 ; gain = 696.281 ; free physical = 4908 ; free virtual = 16524
---------------------------------------------------------------------------------
---------------------------------------------------------------------------------
Start RTL Component Statistics 
---------------------------------------------------------------------------------
Detailed RTL Component Info : 
+---Adders : 
	   2 Input   64 Bit       Adders := 3     
	   3 Input   52 Bit       Adders := 1     
	   2 Input   33 Bit       Adders := 3     
	   3 Input   33 Bit       Adders := 1     
	   3 Input   32 Bit       Adders := 1     
	   2 Input   32 Bit       Adders := 7     
	   2 Input    8 Bit       Adders := 2     
	   2 Input    6 Bit       Adders := 1     
	   2 Input    5 Bit       Adders := 2     
	   2 Input    4 Bit       Adders := 9     
	   2 Input    3 Bit       Adders := 4     
	   2 Input    1 Bit       Adders := 2     
+---XORs : 
	   2 Input     32 Bit         XORs := 1     
	   2 Input      1 Bit         XORs := 2     
+---Registers : 
	               65 Bit    Registers := 1     
	               64 Bit    Registers := 2     
	               52 Bit    Registers := 1     
	               34 Bit    Registers := 1     
	               33 Bit    Registers := 1     
	               32 Bit    Registers := 52    
	               30 Bit    Registers := 3     
	               26 Bit    Registers := 1     
	               22 Bit    Registers := 2     
	               18 Bit    Registers := 3     
	               11 Bit    Registers := 1     
	                8 Bit    Registers := 10    
	                6 Bit    Registers := 1     
	                5 Bit    Registers := 3     
	                4 Bit    Registers := 15    
	                3 Bit    Registers := 7     
	                2 Bit    Registers := 19    
	                1 Bit    Registers := 167   
+---RAMs : 
	              64K Bit	(2048 X 32 bit)          RAMs := 1     
	              32K Bit	(1024 X 32 bit)          RAMs := 1     
	               8K Bit	(1024 X 8 bit)          RAMs := 4     
	               2K Bit	(128 X 22 bit)          RAMs := 2     
	             1024 Bit	(32 X 32 bit)          RAMs := 1     
	              160 Bit	(16 X 10 bit)          RAMs := 2     
+---Muxes : 
	   2 Input   33 Bit        Muxes := 3     
	   2 Input   32 Bit        Muxes := 128   
	   3 Input   32 Bit        Muxes := 3     
	   4 Input   32 Bit        Muxes := 4     
	   2 Input   30 Bit        Muxes := 1     
	   2 Input   25 Bit        Muxes := 1     
	   2 Input   14 Bit        Muxes := 2     
	   2 Input   10 Bit        Muxes := 2     
	   2 Input    8 Bit        Muxes := 13    
	   4 Input    8 Bit        Muxes := 1     
	   5 Input    8 Bit        Muxes := 1     
	   3 Input    8 Bit        Muxes := 2     
	   2 Input    7 Bit        Muxes := 4     
	   2 Input    5 Bit        Muxes := 3     
	   4 Input    4 Bit        Muxes := 3     
	   2 Input    4 Bit        Muxes := 11    
	   5 Input    4 Bit        Muxes := 1     
	   3 Input    4 Bit        Muxes := 1     
	   2 Input    3 Bit        Muxes := 8     
	   3 Input    3 Bit        Muxes := 1     
	   2 Input    2 Bit        Muxes := 6     
	   2 Input    1 Bit        Muxes := 172   
	   3 Input    1 Bit        Muxes := 2     
	   4 Input    1 Bit        Muxes := 1     
---------------------------------------------------------------------------------
Finished RTL Component Statistics 
---------------------------------------------------------------------------------
---------------------------------------------------------------------------------
Start Part Resource Summary
---------------------------------------------------------------------------------
Part Resources:
DSPs: 220 (col length:60)
BRAMs: 280 (col length: RAMB18 60 RAMB36 30)
---------------------------------------------------------------------------------
Finished Part Resource Summary
---------------------------------------------------------------------------------
---------------------------------------------------------------------------------
Start Cross Boundary and Area Optimization
---------------------------------------------------------------------------------
WARNING: [Synth 8-7080] Parallel synthesis criteria is not met
WARNING: [Synth 8-3936] Found unconnected internal register 'memory_to_writeBack_MUL_HH_reg' and it is trimmed from '34' to '32' bits. [/home/jsp/Storage/CFU_PYNQ_FIles/CFU_SRC/verilog/VexRiscv_FullCfu.v:2704]
WARNING: [Synth 8-3936] Found unconnected internal register 'execute_to_memory_MUL_HH_reg' and it is trimmed from '34' to '32' bits. [/home/jsp/Storage/CFU_PYNQ_FIles/CFU_SRC/verilog/VexRiscv_FullCfu.v:2626]
DSP Report: Generating DSP memory_to_writeBack_MUL_HH_reg, operation Mode is: (A*B)'.
DSP Report: register memory_to_writeBack_MUL_HH_reg is absorbed into DSP memory_to_writeBack_MUL_HH_reg.
DSP Report: register execute_to_memory_MUL_HH_reg is absorbed into DSP memory_to_writeBack_MUL_HH_reg.
DSP Report: operator execute_MUL_HH is absorbed into DSP memory_to_writeBack_MUL_HH_reg.
DSP Report: Generating DSP execute_to_memory_MUL_LH_reg, operation Mode is: (A*B)'.
DSP Report: register execute_to_memory_MUL_LH_reg is absorbed into DSP execute_to_memory_MUL_LH_reg.
DSP Report: operator execute_MUL_LH is absorbed into DSP execute_to_memory_MUL_LH_reg.
DSP Report: Generating DSP execute_to_memory_MUL_HL_reg, operation Mode is: (A*B)'.
DSP Report: register execute_to_memory_MUL_HL_reg is absorbed into DSP execute_to_memory_MUL_HL_reg.
DSP Report: operator execute_MUL_HL is absorbed into DSP execute_to_memory_MUL_HL_reg.
DSP Report: Generating DSP execute_to_memory_MUL_LL_reg, operation Mode is: (A*B)'.
DSP Report: register execute_to_memory_MUL_LL_reg is absorbed into DSP execute_to_memory_MUL_LL_reg.
DSP Report: operator execute_MUL_LL is absorbed into DSP execute_to_memory_MUL_LL_reg.
INFO: [Synth 8-3936] Found unconnected internal register 'inst/Cfu/cfu_inst/rsp_payload_reg' and it is trimmed from '32' to '1' bits. [/home/jsp/Storage/CFU_PYNQ_FIles/CFU_SRC/donut-accel/cfu.v:47]
INFO: [Synth 8-3971] The signal "\inst/VexRiscv/RegFilePlugin_regFile_reg " was recognized as a true dual port RAM template.
RAM Pipeline Warning: Read Address Register Found For RAM inst/sram_reg. We will not be able to pipeline it. This may degrade performance. 
RAM Pipeline Warning: Read Address Register Found For RAM inst/sram_reg. We will not be able to pipeline it. This may degrade performance. 
RAM Pipeline Warning: Read Address Register Found For RAM inst/sram_reg. We will not be able to pipeline it. This may degrade performance. 
RAM Pipeline Warning: Read Address Register Found For RAM inst/sram_reg. We will not be able to pipeline it. This may degrade performance. 
---------------------------------------------------------------------------------
Finished Cross Boundary and Area Optimization : Time (s): cpu = 00:00:23 ; elapsed = 00:00:24 . Memory (MB): peak = 2435.648 ; gain = 696.281 ; free physical = 4926 ; free virtual = 16542
---------------------------------------------------------------------------------
 Sort Area is  memory_to_writeBack_MUL_HH_reg_5 : 0 0 : 2328 2328 : Used 1 time 0
 Sort Area is  execute_to_memory_MUL_HL_reg_2 : 0 0 : 2298 2298 : Used 1 time 0
 Sort Area is  execute_to_memory_MUL_LH_reg_4 : 0 0 : 2298 2298 : Used 1 time 0
 Sort Area is  execute_to_memory_MUL_LL_reg_0 : 0 0 : 1978 1978 : Used 1 time 0
---------------------------------------------------------------------------------
Start ROM, RAM, DSP, Shift Register and Retiming Reporting
---------------------------------------------------------------------------------

Block RAM: Preliminary Mapping Report (see note below)
+---------------------------------------+-------------------------+------------------------+---+---+------------------------+---+---+------------------+--------+--------+
|Module Name                            | RTL Object              | PORT A (Depth x Width) | W | R | PORT B (Depth x Width) | W | R | Ports driving FF | RAMB18 | RAMB36 | 
+---------------------------------------+-------------------------+------------------------+---+---+------------------------+---+---+------------------+--------+--------+
|\inst/VexRiscv /IBusCachedPlugin_cache | banks_0_reg             | 1 K x 32(READ_FIRST)   | W |   | 1 K x 32(WRITE_FIRST)  |   | R | Port A and B     | 0      | 1      | 
|\inst/VexRiscv /IBusCachedPlugin_cache | ways_0_tags_reg         | 128 x 22(READ_FIRST)   | W |   | 128 x 22(WRITE_FIRST)  |   | R | Port A and B     | 1      | 0      | 
|\inst/VexRiscv /dataCache_1            | ways_0_tags_reg         | 128 x 22(READ_FIRST)   | W |   | 128 x 22(WRITE_FIRST)  |   | R | Port A and B     | 1      | 0      | 
|\inst/VexRiscv /dataCache_1            | ways_0_data_symbol0_reg | 1 K x 8(READ_FIRST)    | W |   | 1 K x 8(WRITE_FIRST)   |   | R | Port A and B     | 1      | 0      | 
|\inst/VexRiscv /dataCache_1            | ways_0_data_symbol1_reg | 1 K x 8(READ_FIRST)    | W |   | 1 K x 8(WRITE_FIRST)   |   | R | Port A and B     | 1      | 0      | 
|\inst/VexRiscv /dataCache_1            | ways_0_data_symbol2_reg | 1 K x 8(READ_FIRST)    | W |   | 1 K x 8(WRITE_FIRST)   |   | R | Port A and B     | 1      | 0      | 
|\inst/VexRiscv /dataCache_1            | ways_0_data_symbol3_reg | 1 K x 8(READ_FIRST)    | W |   | 1 K x 8(WRITE_FIRST)   |   | R | Port A and B     | 1      | 0      | 
|system_tul_pynq_z2_0_0                 | inst/sram_reg           | 2 K x 32(WRITE_FIRST)  | W | R |                        |   |   | Port A           | 0      | 2      | 
+---------------------------------------+-------------------------+------------------------+---+---+------------------------+---+---+------------------+--------+--------+

Note: The table above is a preliminary report that shows the Block RAMs at the current stage of the synthesis flow. Some Block RAMs may be reimplemented as non Block RAM primitives later in the synthesis flow. Multiple instantiated Block RAMs are reported only once. 

Distributed RAM: Preliminary Mapping Report (see note below)
+-----------------------+--------------------+-----------+----------------------+-------------+
|Module Name            | RTL Object         | Inference | Size (Depth x Width) | Primitives  | 
+-----------------------+--------------------+-----------+----------------------+-------------+
|system_tul_pynq_z2_0_0 | inst/storage_reg   | Implied   | 16 x 8               | RAM32M x 2  | 
|system_tul_pynq_z2_0_0 | inst/storage_1_reg | Implied   | 16 x 8               | RAM32M x 2  | 
+-----------------------+--------------------+-----------+----------------------+-------------+

Note: The table above is a preliminary report that shows the Distributed RAMs at the current stage of the synthesis flow. Some Distributed RAMs may be reimplemented as non Distributed RAM primitives later in the synthesis flow. Multiple instantiated RAMs are reported only once.

DSP: Preliminary Mapping Report (see note below. The ' indicates corresponding REG is set)
+------------+-------------+--------+--------+--------+--------+--------+------+------+------+------+-------+------+------+
|Module Name | DSP Mapping | A Size | B Size | C Size | D Size | P Size | AREG | BREG | CREG | DREG | ADREG | MREG | PREG | 
+------------+-------------+--------+--------+--------+--------+--------+------+------+------+------+-------+------+------+
|VexRiscv    | (A*B)'      | 17     | 17     | -      | -      | 34     | 0    | 0    | -    | -    | -     | 1    | 1    | 
|VexRiscv    | (A*B)'      | 17     | 17     | -      | -      | 34     | 0    | 0    | -    | -    | -     | 1    | 0    | 
|VexRiscv    | (A*B)'      | 17     | 17     | -      | -      | 34     | 0    | 0    | -    | -    | -     | 1    | 0    | 
|VexRiscv    | (A*B)'      | 16     | 16     | -      | -      | 32     | 0    | 0    | -    | -    | -     | 1    | 0    | 
+------------+-------------+--------+--------+--------+--------+--------+------+------+------+------+-------+------+------+

Note: The table above is a preliminary report that shows the DSPs inferred at the current stage of the synthesis flow. Some DSP may be reimplemented as non DSP primitives later in the synthesis flow. Multiple instantiated DSPs are reported only once.
---------------------------------------------------------------------------------
Finished ROM, RAM, DSP, Shift Register and Retiming Reporting
---------------------------------------------------------------------------------
---------------------------------------------------------------------------------
Start Applying XDC Timing Constraints
---------------------------------------------------------------------------------
---------------------------------------------------------------------------------
Finished Applying XDC Timing Constraints : Time (s): cpu = 00:00:30 ; elapsed = 00:00:30 . Memory (MB): peak = 2435.648 ; gain = 696.281 ; free physical = 4937 ; free virtual = 16553
---------------------------------------------------------------------------------
---------------------------------------------------------------------------------
Start Timing Optimization
---------------------------------------------------------------------------------
---------------------------------------------------------------------------------
Finished Timing Optimization : Time (s): cpu = 00:00:30 ; elapsed = 00:00:30 . Memory (MB): peak = 2435.648 ; gain = 696.281 ; free physical = 4939 ; free virtual = 16554
---------------------------------------------------------------------------------
---------------------------------------------------------------------------------
Start ROM, RAM, DSP, Shift Register and Retiming Reporting
---------------------------------------------------------------------------------

Block RAM: Final Mapping Report
+---------------------------------------+-------------------------+------------------------+---+---+------------------------+---+---+------------------+--------+--------+
|Module Name                            | RTL Object              | PORT A (Depth x Width) | W | R | PORT B (Depth x Width) | W | R | Ports driving FF | RAMB18 | RAMB36 | 
+---------------------------------------+-------------------------+------------------------+---+---+------------------------+---+---+------------------+--------+--------+
|\inst/VexRiscv /IBusCachedPlugin_cache | banks_0_reg             | 1 K x 32(READ_FIRST)   | W |   | 1 K x 32(WRITE_FIRST)  |   | R | Port A and B     | 0      | 1      | 
|\inst/VexRiscv /IBusCachedPlugin_cache | ways_0_tags_reg         | 128 x 22(READ_FIRST)   | W |   | 128 x 22(WRITE_FIRST)  |   | R | Port A and B     | 1      | 0      | 
|\inst/VexRiscv /dataCache_1            | ways_0_tags_reg         | 128 x 22(READ_FIRST)   | W |   | 128 x 22(WRITE_FIRST)  |   | R | Port A and B     | 1      | 0      | 
|\inst/VexRiscv /dataCache_1            | ways_0_data_symbol0_reg | 1 K x 8(READ_FIRST)    | W |   | 1 K x 8(WRITE_FIRST)   |   | R | Port A and B     | 1      | 0      | 
|\inst/VexRiscv /dataCache_1            | ways_0_data_symbol1_reg | 1 K x 8(READ_FIRST)    | W |   | 1 K x 8(WRITE_FIRST)   |   | R | Port A and B     | 1      | 0      | 
|\inst/VexRiscv /dataCache_1            | ways_0_data_symbol2_reg | 1 K x 8(READ_FIRST)    | W |   | 1 K x 8(WRITE_FIRST)   |   | R | Port A and B     | 1      | 0      | 
|\inst/VexRiscv /dataCache_1            | ways_0_data_symbol3_reg | 1 K x 8(READ_FIRST)    | W |   | 1 K x 8(WRITE_FIRST)   |   | R | Port A and B     | 1      | 0      | 
|system_tul_pynq_z2_0_0                 | inst/sram_reg           | 2 K x 32(WRITE_FIRST)  | W | R |                        |   |   | Port A           | 0      | 2      | 
+---------------------------------------+-------------------------+------------------------+---+---+------------------------+---+---+------------------+--------+--------+


Distributed RAM: Final Mapping Report
+-----------------------+--------------------+-----------+----------------------+-------------+
|Module Name            | RTL Object         | Inference | Size (Depth x Width) | Primitives  | 
+-----------------------+--------------------+-----------+----------------------+-------------+
|system_tul_pynq_z2_0_0 | inst/storage_reg   | Implied   | 16 x 8               | RAM32M x 2  | 
|system_tul_pynq_z2_0_0 | inst/storage_1_reg | Implied   | 16 x 8               | RAM32M x 2  | 
+-----------------------+--------------------+-----------+----------------------+-------------+

---------------------------------------------------------------------------------
Finished ROM, RAM, DSP, Shift Register and Retiming Reporting
---------------------------------------------------------------------------------
---------------------------------------------------------------------------------
Start Technology Mapping
---------------------------------------------------------------------------------
INFO: [Synth 8-7052] The timing for the instance inst/VexRiscv/IBusCachedPlugin_cache/banks_0_reg (implemented as a Block RAM) might be sub-optimal as no optional output register could be merged into the ram block. Providing additional output register may help in improving timing.
INFO: [Synth 8-7052] The timing for the instance inst/VexRiscv/IBusCachedPlugin_cache/ways_0_tags_reg (implemented as a Block RAM) might be sub-optimal as no optional output register could be merged into the ram block. Providing additional output register may help in improving timing.
INFO: [Synth 8-7052] The timing for the instance inst/VexRiscv/dataCache_1/ways_0_tags_reg (implemented as a Block RAM) might be sub-optimal as no optional output register could be merged into the ram block. Providing additional output register may help in improving timing.
INFO: [Synth 8-7052] The timing for the instance inst/VexRiscv/RegFilePlugin_regFile_reg_1 (implemented as a Block RAM) might be sub-optimal as no optional output register could be merged into the ram block. Providing additional output register may help in improving timing.
INFO: [Synth 8-7052] The timing for the instance inst/VexRiscv/RegFilePlugin_regFile_reg_2 (implemented as a Block RAM) might be sub-optimal as no optional output register could be merged into the ram block. Providing additional output register may help in improving timing.
INFO: [Synth 8-7052] The timing for the instance inst/sram_reg_0 (implemented as a Block RAM) might be sub-optimal as no optional output register could be merged into the ram block. Providing additional output register may help in improving timing.
INFO: [Synth 8-7052] The timing for the instance inst/sram_reg_1 (implemented as a Block RAM) might be sub-optimal as no optional output register could be merged into the ram block. Providing additional output register may help in improving timing.
---------------------------------------------------------------------------------
Finished Technology Mapping : Time (s): cpu = 00:00:31 ; elapsed = 00:00:31 . Memory (MB): peak = 2435.648 ; gain = 696.281 ; free physical = 4940 ; free virtual = 16555
---------------------------------------------------------------------------------
---------------------------------------------------------------------------------
Start IO Insertion
---------------------------------------------------------------------------------
---------------------------------------------------------------------------------
Start Flattening Before IO Insertion
---------------------------------------------------------------------------------
---------------------------------------------------------------------------------
Finished Flattening Before IO Insertion
---------------------------------------------------------------------------------
---------------------------------------------------------------------------------
Start Final Netlist Cleanup
---------------------------------------------------------------------------------
---------------------------------------------------------------------------------
Finished Final Netlist Cleanup
---------------------------------------------------------------------------------
CRITICAL WARNING: [Synth 8-4442] BlackBox module \inst/Cfu/cfu_decoupler_inst  has unconnected pin cfu_inputs_ref_clk
---------------------------------------------------------------------------------
Finished IO Insertion : Time (s): cpu = 00:00:34 ; elapsed = 00:00:34 . Memory (MB): peak = 2435.648 ; gain = 696.281 ; free physical = 4942 ; free virtual = 16558
---------------------------------------------------------------------------------
---------------------------------------------------------------------------------
Start Renaming Generated Instances
---------------------------------------------------------------------------------
---------------------------------------------------------------------------------
Finished Renaming Generated Instances : Time (s): cpu = 00:00:34 ; elapsed = 00:00:35 . Memory (MB): peak = 2435.648 ; gain = 696.281 ; free physical = 4942 ; free virtual = 16558
---------------------------------------------------------------------------------
---------------------------------------------------------------------------------
Start Rebuilding User Hierarchy
---------------------------------------------------------------------------------
---------------------------------------------------------------------------------
Finished Rebuilding User Hierarchy : Time (s): cpu = 00:00:34 ; elapsed = 00:00:35 . Memory (MB): peak = 2435.648 ; gain = 696.281 ; free physical = 4942 ; free virtual = 16558
---------------------------------------------------------------------------------
---------------------------------------------------------------------------------
Start Renaming Generated Ports
---------------------------------------------------------------------------------
---------------------------------------------------------------------------------
Finished Renaming Generated Ports : Time (s): cpu = 00:00:34 ; elapsed = 00:00:35 . Memory (MB): peak = 2435.648 ; gain = 696.281 ; free physical = 4942 ; free virtual = 16558
---------------------------------------------------------------------------------
---------------------------------------------------------------------------------
Start Handling Custom Attributes
---------------------------------------------------------------------------------
---------------------------------------------------------------------------------
Finished Handling Custom Attributes : Time (s): cpu = 00:00:34 ; elapsed = 00:00:35 . Memory (MB): peak = 2435.648 ; gain = 696.281 ; free physical = 4942 ; free virtual = 16558
---------------------------------------------------------------------------------
---------------------------------------------------------------------------------
Start Renaming Generated Nets
---------------------------------------------------------------------------------
---------------------------------------------------------------------------------
Finished Renaming Generated Nets : Time (s): cpu = 00:00:34 ; elapsed = 00:00:35 . Memory (MB): peak = 2435.648 ; gain = 696.281 ; free physical = 4942 ; free virtual = 16558
---------------------------------------------------------------------------------
---------------------------------------------------------------------------------
Start Writing Synthesis Report
---------------------------------------------------------------------------------

DSP Final Report (the ' indicates corresponding REG is set)
+------------+-------------+--------+--------+--------+--------+--------+------+------+------+------+-------+------+------+
|Module Name | DSP Mapping | A Size | B Size | C Size | D Size | P Size | AREG | BREG | CREG | DREG | ADREG | MREG | PREG | 
+------------+-------------+--------+--------+--------+--------+--------+------+------+------+------+-------+------+------+
|VexRiscv    | ((A*B)')'   | 30     | 18     | -      | -      | 32     | 0    | 0    | -    | -    | -     | 1    | 1    | 
|VexRiscv    | (A*B)'      | 16     | 18     | -      | -      | 34     | 0    | 0    | -    | -    | -     | 0    | 1    | 
|VexRiscv    | (A*B)'      | 30     | 16     | -      | -      | 34     | 0    | 0    | -    | -    | -     | 0    | 1    | 
|VexRiscv    | (A*B)'      | 16     | 16     | -      | -      | 32     | 0    | 0    | -    | -    | -     | 0    | 1    | 
+------------+-------------+--------+--------+--------+--------+--------+------+------+------+------+-------+------+------+


Report BlackBoxes: 
+------+--------------+----------+
|      |BlackBox name |Instances |
+------+--------------+----------+
|1     |cfu_decoupler |         1|
+------+--------------+----------+

Report Cell Usage: 
+------+--------------+------+
|      |Cell          |Count |
+------+--------------+------+
|1     |cfu_decoupler |     1|
|2     |BUFG          |     1|
|3     |CARRY4        |   167|
|4     |DSP48E1       |     4|
|6     |LUT1          |   158|
|7     |LUT2          |   332|
|8     |LUT3          |   514|
|9     |LUT4          |   426|
|10    |LUT5          |   463|
|11    |LUT6          |  1088|
|12    |PLLE2_ADV     |     1|
|13    |RAM32M        |     2|
|14    |RAM32X1D      |     4|
|15    |RAMB18E1      |     8|
|17    |RAMB36E1      |     3|
|19    |FDCE          |     8|
|20    |FDPE          |     2|
|21    |FDRE          |  1876|
|22    |FDSE          |    88|
+------+--------------+------+
---------------------------------------------------------------------------------
Finished Writing Synthesis Report : Time (s): cpu = 00:00:34 ; elapsed = 00:00:35 . Memory (MB): peak = 2435.648 ; gain = 696.281 ; free physical = 4942 ; free virtual = 16558
---------------------------------------------------------------------------------
Synthesis finished with 0 errors, 1 critical warnings and 194 warnings.
Synthesis Optimization Runtime : Time (s): cpu = 00:00:32 ; elapsed = 00:00:33 . Memory (MB): peak = 2435.648 ; gain = 560.531 ; free physical = 4942 ; free virtual = 16558
Synthesis Optimization Complete : Time (s): cpu = 00:00:35 ; elapsed = 00:00:35 . Memory (MB): peak = 2435.656 ; gain = 696.281 ; free physical = 4942 ; free virtual = 16558
INFO: [Project 1-571] Translating synthesized netlist
Netlist sorting complete. Time (s): cpu = 00:00:00.03 ; elapsed = 00:00:00.03 . Memory (MB): peak = 2435.656 ; gain = 0.000 ; free physical = 5284 ; free virtual = 16900
INFO: [Netlist 29-17] Analyzing 189 Unisim elements for replacement
INFO: [Netlist 29-28] Unisim Transformation completed in 0 CPU seconds
INFO: [Project 1-570] Preparing netlist for logic optimization
INFO: [Opt 31-138] Pushed 0 inverter(s) to 0 load pin(s).
Netlist sorting complete. Time (s): cpu = 00:00:00 ; elapsed = 00:00:00 . Memory (MB): peak = 2491.676 ; gain = 0.000 ; free physical = 5284 ; free virtual = 16900
INFO: [Project 1-111] Unisim Transformation Summary:
  A total of 6 instances were transformed.
  RAM32M => RAM32M (RAMD32(x6), RAMS32(x2)): 2 instances
  RAM32X1D => RAM32X1D (RAMD32(x2)): 4 instances

Synth Design complete | Checksum: cdeae09c
INFO: [Common 17-83] Releasing license: Synthesis
69 Infos, 206 Warnings, 4 Critical Warnings and 0 Errors encountered.
synth_design completed successfully
synth_design: Time (s): cpu = 00:00:42 ; elapsed = 00:00:40 . Memory (MB): peak = 2491.676 ; gain = 1074.809 ; free physical = 5286 ; free virtual = 16901
INFO: [Common 17-2834] synth_design peak Physical Memory [PSS] (MB): overall = 2016.286; main = 1625.578; forked = 439.159
INFO: [Common 17-2834] synth_design peak Virtual Memory [VSS] (MB): overall = 3532.645; main = 2491.680; forked = 1096.992
INFO: [runtcl-6] Synthesis results are not added to the cache due to CRITICAL_WARNING
INFO: [Coretcl 2-1174] Renamed 7 cell refs.
Write ShapeDB Complete: Time (s): cpu = 00:00:00.01 ; elapsed = 00:00:00 . Memory (MB): peak = 2515.688 ; gain = 0.000 ; free physical = 5286 ; free virtual = 16901
INFO: [Common 17-1381] The checkpoint '/home/jsp/Storage/CFU_PYNQ_FIles/CFU_SRC/pynq_z2/pynq_z2/arunQAFDHGDZXVNBDXG_gae.runs/system_tul_pynq_z2_0_0_synth_1/system_tul_pynq_z2_0_0.dcp' has been generated.
INFO: [Vivado 12-24828] Executing command : report_utilization -file system_tul_pynq_z2_0_0_utilization_synth.rpt -pb system_tul_pynq_z2_0_0_utilization_synth.pb
INFO: [Common 17-206] Exiting Vivado at Wed Nov  5 08:21:25 2025...
[Wed Nov  5 08:21:35 2025] system_tul_pynq_z2_0_0_synth_1 finished
wait_on_runs: Time (s): cpu = 00:00:59 ; elapsed = 00:01:02 . Memory (MB): peak = 11716.086 ; gain = 0.000 ; free physical = 6678 ; free virtual = 18297
create_ip_run [get_files -of_objects [get_fileset sources_1] /home/jsp/Storage/CFU_PYNQ_FIles/CFU_SRC/pynq_z2/pynq_z2/arunQAFDHGDZXVNBDXG_gae.srcs/sources_1/bd/system/system.bd]
refresh_design
Netlist sorting complete. Time (s): cpu = 00:00:00.09 ; elapsed = 00:00:00.05 . Memory (MB): peak = 11716.086 ; gain = 0.000 ; free physical = 6737 ; free virtual = 18356
INFO: [Netlist 29-17] Analyzing 207 Unisim elements for replacement
INFO: [Netlist 29-28] Unisim Transformation completed in 0 CPU seconds
INFO: [Project 1-479] Netlist was created with Vivado 2024.1
INFO: [Project 1-570] Preparing netlist for logic optimization
Read ShapeDB Complete: Time (s): cpu = 00:00:00.04 ; elapsed = 00:00:00.01 . Memory (MB): peak = 11716.086 ; gain = 0.000 ; free physical = 6683 ; free virtual = 18301
WARNING: [filemgmt 56-199] Attempt to get parsing info during refresh. "On-the-fly" syntax checking information may be incorrect. [/home/jsp/Storage/CFU_PYNQ_FIles/CFU_SRC/donut-accel/cfu.v:]
WARNING: [filemgmt 56-199] Attempt to get parsing info during refresh. "On-the-fly" syntax checking information may be incorrect. [/home/jsp/Storage/CFU_PYNQ_FIles/CFU_SRC/pynq_z2/pynq_z2/arunQAFDHGDZXVNBDXG_gae.srcs/sources_1/new/Cfu.v:]
WARNING: [filemgmt 56-199] Attempt to get parsing info during refresh. "On-the-fly" syntax checking information may be incorrect. [/home/jsp/Storage/CFU_PYNQ_FIles/CFU_SRC/donut-accel/cfu.v:]
WARNING: [filemgmt 56-199] Attempt to get parsing info during refresh. "On-the-fly" syntax checking information may be incorrect. [/home/jsp/Storage/CFU_PYNQ_FIles/CFU_SRC/donut-accel/cfu.v:]
INFO: [Timing 38-478] Restoring timing data from binary archive.
INFO: [Timing 38-479] Binary timing data restore complete.
INFO: [Project 1-856] Restoring constraints from binary archive.
INFO: [Project 1-853] Binary constraint restore complete.
INFO: [Designutils 20-5722] Start Reading Physical Databases.
Reading placement.
Read Netlist Cache: Time (s): cpu = 00:00:00 ; elapsed = 00:00:00 . Memory (MB): peak = 11716.086 ; gain = 0.000 ; free physical = 6667 ; free virtual = 18286
Reading placer database...
Read Device Cache: Time (s): cpu = 00:00:00.01 ; elapsed = 00:00:00.02 . Memory (MB): peak = 11716.086 ; gain = 0.000 ; free physical = 6667 ; free virtual = 18286
Read PlaceDB: Time (s): cpu = 00:00:02 ; elapsed = 00:00:00.25 . Memory (MB): peak = 11716.086 ; gain = 0.000 ; free physical = 6663 ; free virtual = 18282
Read PulsedLatchDB: Time (s): cpu = 00:00:00 ; elapsed = 00:00:00 . Memory (MB): peak = 11716.086 ; gain = 0.000 ; free physical = 6663 ; free virtual = 18282
Reading routing.
Read RouteStorage: Time (s): cpu = 00:00:00.11 ; elapsed = 00:00:00.04 . Memory (MB): peak = 11716.086 ; gain = 0.000 ; free physical = 6663 ; free virtual = 18282
Read Physdb Files: Time (s): cpu = 00:00:02 ; elapsed = 00:00:00.32 . Memory (MB): peak = 11716.086 ; gain = 0.000 ; free physical = 6663 ; free virtual = 18282
Restored from archive | CPU: 1.770000 secs | Memory: 8.511780 MB |
Finished XDEF File Restore: Time (s): cpu = 00:00:02 ; elapsed = 00:00:00.32 . Memory (MB): peak = 11716.086 ; gain = 0.000 ; free physical = 6663 ; free virtual = 18282
refresh_design: Time (s): cpu = 00:00:13 ; elapsed = 00:00:05 . Memory (MB): peak = 11716.086 ; gain = 0.000 ; free physical = 6578 ; free virtual = 18202
CRITICAL WARNING: [Timing 38-282] The design failed to meet the timing requirements. Please see the timing summary report for details on the timing violations.
create_ip_run [get_files -of_objects [get_fileset sources_1] /home/jsp/Storage/CFU_PYNQ_FIles/CFU_SRC/pynq_z2/pynq_z2/arunQAFDHGDZXVNBDXG_gae.srcs/sources_1/bd/system/system.bd]
synth_design -top system_wrapper -part xc7z020clg400-1 -lint 
Command: synth_design -top system_wrapper -part xc7z020clg400-1 -lint
Starting synth_design
Attempting to get a license for feature 'Synthesis' and/or device 'xc7z020'
INFO: [Common 17-349] Got license for feature 'Synthesis' and/or device 'xc7z020'
INFO: [Synth 8-7079] Multithreading enabled for synth_design using a maximum of 4 processes.
---------------------------------------------------------------------------------
Starting Synthesize : Time (s): cpu = 00:00:06 ; elapsed = 00:00:04 . Memory (MB): peak = 11716.086 ; gain = 0.000 ; free physical = 6172 ; free virtual = 17791
---------------------------------------------------------------------------------
Clean up Linter database...
INFO: [Synth 8-11241] undeclared symbol 'dec_zz_cmd_valid', assumed default net type 'wire' [/home/jsp/Storage/CFU_PYNQ_FIles/CFU_SRC/pynq_z2/pynq_z2/arunQAFDHGDZXVNBDXG_gae.srcs/sources_1/new/Cfu.v:78]
INFO: [Synth 8-11241] undeclared symbol 'dec_zz_cmd_ready', assumed default net type 'wire' [/home/jsp/Storage/CFU_PYNQ_FIles/CFU_SRC/pynq_z2/pynq_z2/arunQAFDHGDZXVNBDXG_gae.srcs/sources_1/new/Cfu.v:78]
INFO: [Synth 8-11241] undeclared symbol 'dec_zz_cmd_payload_function_id', assumed default net type 'wire' [/home/jsp/Storage/CFU_PYNQ_FIles/CFU_SRC/pynq_z2/pynq_z2/arunQAFDHGDZXVNBDXG_gae.srcs/sources_1/new/Cfu.v:79]
INFO: [Synth 8-11241] undeclared symbol 'dec_zz_cmd_payload_inputs_0', assumed default net type 'wire' [/home/jsp/Storage/CFU_PYNQ_FIles/CFU_SRC/pynq_z2/pynq_z2/arunQAFDHGDZXVNBDXG_gae.srcs/sources_1/new/Cfu.v:80]
INFO: [Synth 8-11241] undeclared symbol 'dec_zz_cmd_payload_inputs_1', assumed default net type 'wire' [/home/jsp/Storage/CFU_PYNQ_FIles/CFU_SRC/pynq_z2/pynq_z2/arunQAFDHGDZXVNBDXG_gae.srcs/sources_1/new/Cfu.v:80]
INFO: [Synth 8-11241] undeclared symbol 'dec_zz_rsp_valid', assumed default net type 'wire' [/home/jsp/Storage/CFU_PYNQ_FIles/CFU_SRC/pynq_z2/pynq_z2/arunQAFDHGDZXVNBDXG_gae.srcs/sources_1/new/Cfu.v:81]
INFO: [Synth 8-11241] undeclared symbol 'dec_rsp_ready', assumed default net type 'wire' [/home/jsp/Storage/CFU_PYNQ_FIles/CFU_SRC/pynq_z2/pynq_z2/arunQAFDHGDZXVNBDXG_gae.srcs/sources_1/new/Cfu.v:81]
INFO: [Synth 8-11241] undeclared symbol 'dec_zz_rsp_payload_outputs_0', assumed default net type 'wire' [/home/jsp/Storage/CFU_PYNQ_FIles/CFU_SRC/pynq_z2/pynq_z2/arunQAFDHGDZXVNBDXG_gae.srcs/sources_1/new/Cfu.v:81]
INFO: [Synth 8-11241] undeclared symbol 'dec_reset', assumed default net type 'wire' [/home/jsp/Storage/CFU_PYNQ_FIles/CFU_SRC/pynq_z2/pynq_z2/arunQAFDHGDZXVNBDXG_gae.srcs/sources_1/new/Cfu.v:82]
INFO: [Synth 8-11241] undeclared symbol 'dec_clk', assumed default net type 'wire' [/home/jsp/Storage/CFU_PYNQ_FIles/CFU_SRC/pynq_z2/pynq_z2/arunQAFDHGDZXVNBDXG_gae.srcs/sources_1/new/Cfu.v:82]
INFO: [Synth 8-11241] undeclared symbol 'dec_cfu_id', assumed default net type 'wire' [/home/jsp/Storage/CFU_PYNQ_FIles/CFU_SRC/pynq_z2/pynq_z2/arunQAFDHGDZXVNBDXG_gae.srcs/sources_1/new/Cfu.v:82]
WARNING: [Synth 8-6901] identifier 'mul' is used before its declaration [/home/jsp/Storage/CFU_PYNQ_FIles/CFU_SRC/donut-accel/cfu.v:47]
WARNING: [Synth 8-6901] identifier 'mulsh' is used before its declaration [/home/jsp/Storage/CFU_PYNQ_FIles/CFU_SRC/donut-accel/cfu.v:47]
INFO: [Synth 8-6157] synthesizing module 'system_wrapper' [/home/jsp/Storage/CFU_PYNQ_FIles/CFU_SRC/pynq_z2/pynq_z2/arunQAFDHGDZXVNBDXG_gae.gen/sources_1/bd/system/hdl/system_wrapper.v:13]
INFO: [Synth 8-6157] synthesizing module 'system' [/home/jsp/Storage/CFU_PYNQ_FIles/CFU_SRC/pynq_z2/pynq_z2/arunQAFDHGDZXVNBDXG_gae.gen/sources_1/bd/system/synth/system.v:846]
INFO: [Synth 8-6157] synthesizing module 'system_axi_gpio_decouple_status_0' [/home/jsp/Storage/CFU_PYNQ_FIles/CFU_SRC/pynq_z2/pynq_z2/.Xil/Vivado-9334-jsp-H370M-D3H/realtime/system_axi_gpio_decouple_status_0_stub.v:6]
INFO: [Synth 8-6155] done synthesizing module 'system_axi_gpio_decouple_status_0' (1#1) [/home/jsp/Storage/CFU_PYNQ_FIles/CFU_SRC/pynq_z2/pynq_z2/.Xil/Vivado-9334-jsp-H370M-D3H/realtime/system_axi_gpio_decouple_status_0_stub.v:6]
INFO: [Synth 8-6157] synthesizing module 'system_axi_gpio_0_0' [/home/jsp/Storage/CFU_PYNQ_FIles/CFU_SRC/pynq_z2/pynq_z2/.Xil/Vivado-9334-jsp-H370M-D3H/realtime/system_axi_gpio_0_0_stub.v:6]
INFO: [Synth 8-6155] done synthesizing module 'system_axi_gpio_0_0' (2#1) [/home/jsp/Storage/CFU_PYNQ_FIles/CFU_SRC/pynq_z2/pynq_z2/.Xil/Vivado-9334-jsp-H370M-D3H/realtime/system_axi_gpio_0_0_stub.v:6]
INFO: [Synth 8-6157] synthesizing module 'system_axi_gpio_to_reconfig_0' [/home/jsp/Storage/CFU_PYNQ_FIles/CFU_SRC/pynq_z2/pynq_z2/.Xil/Vivado-9334-jsp-H370M-D3H/realtime/system_axi_gpio_to_reconfig_0_stub.v:6]
INFO: [Synth 8-6155] done synthesizing module 'system_axi_gpio_to_reconfig_0' (3#1) [/home/jsp/Storage/CFU_PYNQ_FIles/CFU_SRC/pynq_z2/pynq_z2/.Xil/Vivado-9334-jsp-H370M-D3H/realtime/system_axi_gpio_to_reconfig_0_stub.v:6]
INFO: [Synth 8-6157] synthesizing module 'system_axi_gpio_0_1' [/home/jsp/Storage/CFU_PYNQ_FIles/CFU_SRC/pynq_z2/pynq_z2/.Xil/Vivado-9334-jsp-H370M-D3H/realtime/system_axi_gpio_0_1_stub.v:6]
INFO: [Synth 8-6155] done synthesizing module 'system_axi_gpio_0_1' (4#1) [/home/jsp/Storage/CFU_PYNQ_FIles/CFU_SRC/pynq_z2/pynq_z2/.Xil/Vivado-9334-jsp-H370M-D3H/realtime/system_axi_gpio_0_1_stub.v:6]
WARNING: [Synth 8-4446] all outputs are unconnected for this instance and logic may be removed [/home/jsp/Storage/CFU_PYNQ_FIles/CFU_SRC/pynq_z2/pynq_z2/arunQAFDHGDZXVNBDXG_gae.gen/sources_1/bd/system/synth/system.v:1143]
INFO: [Synth 8-6157] synthesizing module 'system_clk_wiz_0' [/home/jsp/Storage/CFU_PYNQ_FIles/CFU_SRC/pynq_z2/pynq_z2/.Xil/Vivado-9334-jsp-H370M-D3H/realtime/system_clk_wiz_0_stub.v:6]
INFO: [Synth 8-6155] done synthesizing module 'system_clk_wiz_0' (5#1) [/home/jsp/Storage/CFU_PYNQ_FIles/CFU_SRC/pynq_z2/pynq_z2/.Xil/Vivado-9334-jsp-H370M-D3H/realtime/system_clk_wiz_0_stub.v:6]
WARNING: [Synth 8-7071] port 'clk_out1' of module 'system_clk_wiz_0' is unconnected for instance 'clk_wiz' [/home/jsp/Storage/CFU_PYNQ_FIles/CFU_SRC/pynq_z2/pynq_z2/arunQAFDHGDZXVNBDXG_gae.gen/sources_1/bd/system/synth/system.v:1143]
WARNING: [Synth 8-7071] port 'locked' of module 'system_clk_wiz_0' is unconnected for instance 'clk_wiz' [/home/jsp/Storage/CFU_PYNQ_FIles/CFU_SRC/pynq_z2/pynq_z2/arunQAFDHGDZXVNBDXG_gae.gen/sources_1/bd/system/synth/system.v:1143]
WARNING: [Synth 8-7023] instance 'clk_wiz' of module 'system_clk_wiz_0' has 4 connections declared, but only 2 given [/home/jsp/Storage/CFU_PYNQ_FIles/CFU_SRC/pynq_z2/pynq_z2/arunQAFDHGDZXVNBDXG_gae.gen/sources_1/bd/system/synth/system.v:1143]
INFO: [Synth 8-6157] synthesizing module 'system_processing_system7_0_0' [/home/jsp/Storage/CFU_PYNQ_FIles/CFU_SRC/pynq_z2/pynq_z2/.Xil/Vivado-9334-jsp-H370M-D3H/realtime/system_processing_system7_0_0_stub.v:6]
INFO: [Synth 8-6155] done synthesizing module 'system_processing_system7_0_0' (6#1) [/home/jsp/Storage/CFU_PYNQ_FIles/CFU_SRC/pynq_z2/pynq_z2/.Xil/Vivado-9334-jsp-H370M-D3H/realtime/system_processing_system7_0_0_stub.v:6]
WARNING: [Synth 8-7071] port 'USB0_PORT_INDCTL' of module 'system_processing_system7_0_0' is unconnected for instance 'processing_system7_0' [/home/jsp/Storage/CFU_PYNQ_FIles/CFU_SRC/pynq_z2/pynq_z2/arunQAFDHGDZXVNBDXG_gae.gen/sources_1/bd/system/synth/system.v:1146]
WARNING: [Synth 8-7071] port 'USB0_VBUS_PWRSELECT' of module 'system_processing_system7_0_0' is unconnected for instance 'processing_system7_0' [/home/jsp/Storage/CFU_PYNQ_FIles/CFU_SRC/pynq_z2/pynq_z2/arunQAFDHGDZXVNBDXG_gae.gen/sources_1/bd/system/synth/system.v:1146]
WARNING: [Synth 8-7023] instance 'processing_system7_0' of module 'system_processing_system7_0_0' has 66 connections declared, but only 64 given [/home/jsp/Storage/CFU_PYNQ_FIles/CFU_SRC/pynq_z2/pynq_z2/arunQAFDHGDZXVNBDXG_gae.gen/sources_1/bd/system/synth/system.v:1146]
INFO: [Synth 8-6157] synthesizing module 'system_ps7_0_axi_periph_0' [/home/jsp/Storage/CFU_PYNQ_FIles/CFU_SRC/pynq_z2/pynq_z2/arunQAFDHGDZXVNBDXG_gae.gen/sources_1/bd/system/synth/system.v:1351]
INFO: [Synth 8-6157] synthesizing module 'm00_couplers_imp_1H7AUOX' [/home/jsp/Storage/CFU_PYNQ_FIles/CFU_SRC/pynq_z2/pynq_z2/arunQAFDHGDZXVNBDXG_gae.gen/sources_1/bd/system/synth/system.v:13]
INFO: [Synth 8-6155] done synthesizing module 'm00_couplers_imp_1H7AUOX' (7#1) [/home/jsp/Storage/CFU_PYNQ_FIles/CFU_SRC/pynq_z2/pynq_z2/arunQAFDHGDZXVNBDXG_gae.gen/sources_1/bd/system/synth/system.v:13]
INFO: [Synth 8-6157] synthesizing module 'm01_couplers_imp_4Y7TYO' [/home/jsp/Storage/CFU_PYNQ_FIles/CFU_SRC/pynq_z2/pynq_z2/arunQAFDHGDZXVNBDXG_gae.gen/sources_1/bd/system/synth/system.v:145]
INFO: [Synth 8-6155] done synthesizing module 'm01_couplers_imp_4Y7TYO' (8#1) [/home/jsp/Storage/CFU_PYNQ_FIles/CFU_SRC/pynq_z2/pynq_z2/arunQAFDHGDZXVNBDXG_gae.gen/sources_1/bd/system/synth/system.v:145]
INFO: [Synth 8-6157] synthesizing module 'm02_couplers_imp_FKL2TE' [/home/jsp/Storage/CFU_PYNQ_FIles/CFU_SRC/pynq_z2/pynq_z2/arunQAFDHGDZXVNBDXG_gae.gen/sources_1/bd/system/synth/system.v:277]
INFO: [Synth 8-6155] done synthesizing module 'm02_couplers_imp_FKL2TE' (9#1) [/home/jsp/Storage/CFU_PYNQ_FIles/CFU_SRC/pynq_z2/pynq_z2/arunQAFDHGDZXVNBDXG_gae.gen/sources_1/bd/system/synth/system.v:277]
INFO: [Synth 8-6157] synthesizing module 'm03_couplers_imp_15QZ4LV' [/home/jsp/Storage/CFU_PYNQ_FIles/CFU_SRC/pynq_z2/pynq_z2/arunQAFDHGDZXVNBDXG_gae.gen/sources_1/bd/system/synth/system.v:409]
INFO: [Synth 8-6155] done synthesizing module 'm03_couplers_imp_15QZ4LV' (10#1) [/home/jsp/Storage/CFU_PYNQ_FIles/CFU_SRC/pynq_z2/pynq_z2/arunQAFDHGDZXVNBDXG_gae.gen/sources_1/bd/system/synth/system.v:409]
INFO: [Synth 8-6157] synthesizing module 's00_couplers_imp_11SE3QO' [/home/jsp/Storage/CFU_PYNQ_FIles/CFU_SRC/pynq_z2/pynq_z2/arunQAFDHGDZXVNBDXG_gae.gen/sources_1/bd/system/synth/system.v:541]
INFO: [Synth 8-6157] synthesizing module 'system_auto_pc_0' [/home/jsp/Storage/CFU_PYNQ_FIles/CFU_SRC/pynq_z2/pynq_z2/.Xil/Vivado-9334-jsp-H370M-D3H/realtime/system_auto_pc_0_stub.v:6]
INFO: [Synth 8-6155] done synthesizing module 'system_auto_pc_0' (11#1) [/home/jsp/Storage/CFU_PYNQ_FIles/CFU_SRC/pynq_z2/pynq_z2/.Xil/Vivado-9334-jsp-H370M-D3H/realtime/system_auto_pc_0_stub.v:6]
INFO: [Synth 8-6155] done synthesizing module 's00_couplers_imp_11SE3QO' (12#1) [/home/jsp/Storage/CFU_PYNQ_FIles/CFU_SRC/pynq_z2/pynq_z2/arunQAFDHGDZXVNBDXG_gae.gen/sources_1/bd/system/synth/system.v:541]
INFO: [Synth 8-6157] synthesizing module 'system_xbar_0' [/home/jsp/Storage/CFU_PYNQ_FIles/CFU_SRC/pynq_z2/pynq_z2/.Xil/Vivado-9334-jsp-H370M-D3H/realtime/system_xbar_0_stub.v:6]
INFO: [Synth 8-6155] done synthesizing module 'system_xbar_0' (13#1) [/home/jsp/Storage/CFU_PYNQ_FIles/CFU_SRC/pynq_z2/pynq_z2/.Xil/Vivado-9334-jsp-H370M-D3H/realtime/system_xbar_0_stub.v:6]
WARNING: [Synth 8-7071] port 'm_axi_awprot' of module 'system_xbar_0' is unconnected for instance 'xbar' [/home/jsp/Storage/CFU_PYNQ_FIles/CFU_SRC/pynq_z2/pynq_z2/arunQAFDHGDZXVNBDXG_gae.gen/sources_1/bd/system/synth/system.v:2111]
WARNING: [Synth 8-7071] port 'm_axi_arprot' of module 'system_xbar_0' is unconnected for instance 'xbar' [/home/jsp/Storage/CFU_PYNQ_FIles/CFU_SRC/pynq_z2/pynq_z2/arunQAFDHGDZXVNBDXG_gae.gen/sources_1/bd/system/synth/system.v:2111]
WARNING: [Synth 8-7023] instance 'xbar' of module 'system_xbar_0' has 40 connections declared, but only 38 given [/home/jsp/Storage/CFU_PYNQ_FIles/CFU_SRC/pynq_z2/pynq_z2/arunQAFDHGDZXVNBDXG_gae.gen/sources_1/bd/system/synth/system.v:2111]
INFO: [Synth 8-6155] done synthesizing module 'system_ps7_0_axi_periph_0' (14#1) [/home/jsp/Storage/CFU_PYNQ_FIles/CFU_SRC/pynq_z2/pynq_z2/arunQAFDHGDZXVNBDXG_gae.gen/sources_1/bd/system/synth/system.v:1351]
INFO: [Synth 8-6157] synthesizing module 'system_rst_ps7_0_100M_0' [/home/jsp/Storage/CFU_PYNQ_FIles/CFU_SRC/pynq_z2/pynq_z2/.Xil/Vivado-9334-jsp-H370M-D3H/realtime/system_rst_ps7_0_100M_0_stub.v:6]
INFO: [Synth 8-6155] done synthesizing module 'system_rst_ps7_0_100M_0' (15#1) [/home/jsp/Storage/CFU_PYNQ_FIles/CFU_SRC/pynq_z2/pynq_z2/.Xil/Vivado-9334-jsp-H370M-D3H/realtime/system_rst_ps7_0_100M_0_stub.v:6]
WARNING: [Synth 8-7071] port 'mb_reset' of module 'system_rst_ps7_0_100M_0' is unconnected for instance 'rst_ps7_0_100M' [/home/jsp/Storage/CFU_PYNQ_FIles/CFU_SRC/pynq_z2/pynq_z2/arunQAFDHGDZXVNBDXG_gae.gen/sources_1/bd/system/synth/system.v:1330]
WARNING: [Synth 8-7071] port 'bus_struct_reset' of module 'system_rst_ps7_0_100M_0' is unconnected for instance 'rst_ps7_0_100M' [/home/jsp/Storage/CFU_PYNQ_FIles/CFU_SRC/pynq_z2/pynq_z2/arunQAFDHGDZXVNBDXG_gae.gen/sources_1/bd/system/synth/system.v:1330]
WARNING: [Synth 8-7071] port 'peripheral_reset' of module 'system_rst_ps7_0_100M_0' is unconnected for instance 'rst_ps7_0_100M' [/home/jsp/Storage/CFU_PYNQ_FIles/CFU_SRC/pynq_z2/pynq_z2/arunQAFDHGDZXVNBDXG_gae.gen/sources_1/bd/system/synth/system.v:1330]
WARNING: [Synth 8-7071] port 'interconnect_aresetn' of module 'system_rst_ps7_0_100M_0' is unconnected for instance 'rst_ps7_0_100M' [/home/jsp/Storage/CFU_PYNQ_FIles/CFU_SRC/pynq_z2/pynq_z2/arunQAFDHGDZXVNBDXG_gae.gen/sources_1/bd/system/synth/system.v:1330]
WARNING: [Synth 8-7023] instance 'rst_ps7_0_100M' of module 'system_rst_ps7_0_100M_0' has 10 connections declared, but only 6 given [/home/jsp/Storage/CFU_PYNQ_FIles/CFU_SRC/pynq_z2/pynq_z2/arunQAFDHGDZXVNBDXG_gae.gen/sources_1/bd/system/synth/system.v:1330]
INFO: [Synth 8-6157] synthesizing module 'system_tul_pynq_z2_0_0' [/home/jsp/Storage/CFU_PYNQ_FIles/CFU_SRC/pynq_z2/pynq_z2/.Xil/Vivado-9334-jsp-H370M-D3H/realtime/system_tul_pynq_z2_0_0_stub.v:6]
INFO: [Synth 8-6155] done synthesizing module 'system_tul_pynq_z2_0_0' (16#1) [/home/jsp/Storage/CFU_PYNQ_FIles/CFU_SRC/pynq_z2/pynq_z2/.Xil/Vivado-9334-jsp-H370M-D3H/realtime/system_tul_pynq_z2_0_0_stub.v:6]
INFO: [Synth 8-6155] done synthesizing module 'system' (17#1) [/home/jsp/Storage/CFU_PYNQ_FIles/CFU_SRC/pynq_z2/pynq_z2/arunQAFDHGDZXVNBDXG_gae.gen/sources_1/bd/system/synth/system.v:846]
INFO: [Synth 8-6155] done synthesizing module 'system_wrapper' (18#1) [/home/jsp/Storage/CFU_PYNQ_FIles/CFU_SRC/pynq_z2/pynq_z2/arunQAFDHGDZXVNBDXG_gae.gen/sources_1/bd/system/hdl/system_wrapper.v:13]
---------------------------------------------------------------------------------
Finished Synthesize : Time (s): cpu = 00:00:08 ; elapsed = 00:00:05 . Memory (MB): peak = 11716.086 ; gain = 0.000 ; free physical = 6051 ; free virtual = 17670
---------------------------------------------------------------------------------
Copyright 1986-2022 Xilinx, Inc. All Rights Reserved. Copyright 2022-2024 Advanced Micro Devices, Inc. All Rights Reserved.
---------------------------------------------------------------------------------------------------------------------------------------------
| Tool Version : Vivado v.2024.1 (lin64) Build 5076996 Wed May 22 18:36:09 MDT 2024
| Date         : Wed Nov  5 08:22:56 2025
| Host         : jsp-H370M-D3H running 64-bit Ubuntu 24.04.3 LTS
---------------------------------------------------------------------------------------------------------------------------------------------

RTL Linter Report

Table of Contents
-----------------
1. Summary

1. Summary
----------

+-----------+----------+--------------+----------+
| Rule ID   | Severity | # Violations | # Waived |
+-----------+----------+--------------+----------+
| ASSIGN-5  | WARNING  | 21           | 0        |
| ASSIGN-6  | WARNING  | 8            | 0        |
| ASSIGN-10 | WARNING  | 28           | 0        |
+-----------+----------+--------------+----------+


WARNING: [Synth 37-124] [ASSIGN-5]Some bits in 'processing_system7_0_DDR_ADDR' are not set. First unset bit index is 0. 
RTL Name 'processing_system7_0_DDR_ADDR', Hierarchy 'system', File 'system.v', Line 908.
WARNING: [Synth 37-124] [ASSIGN-5]Some bits in 'processing_system7_0_DDR_BA' are not set. First unset bit index is 0. 
RTL Name 'processing_system7_0_DDR_BA', Hierarchy 'system', File 'system.v', Line 909.
WARNING: [Synth 37-95] [ASSIGN-5]Found scalar variable(s) 'processing_system7_0_DDR_CAS_N' declared and are not set.
RTL Name 'processing_system7_0_DDR_CAS_N', Hierarchy 'system', File '/home/jsp/Storage/CFU_PYNQ_FIles/CFU_SRC/pynq_z2/pynq_z2/arunQAFDHGDZXVNBDXG_gae.gen/sources_1/bd/system/synth/system.v', Line 910.
WARNING: [Synth 37-95] [ASSIGN-5]Found scalar variable(s) 'processing_system7_0_DDR_CKE' declared and are not set.
RTL Name 'processing_system7_0_DDR_CKE', Hierarchy 'system', File '/home/jsp/Storage/CFU_PYNQ_FIles/CFU_SRC/pynq_z2/pynq_z2/arunQAFDHGDZXVNBDXG_gae.gen/sources_1/bd/system/synth/system.v', Line 911.
WARNING: [Synth 37-95] [ASSIGN-5]Found scalar variable(s) 'processing_system7_0_DDR_CK_N' declared and are not set.
RTL Name 'processing_system7_0_DDR_CK_N', Hierarchy 'system', File '/home/jsp/Storage/CFU_PYNQ_FIles/CFU_SRC/pynq_z2/pynq_z2/arunQAFDHGDZXVNBDXG_gae.gen/sources_1/bd/system/synth/system.v', Line 912.
WARNING: [Synth 37-95] [ASSIGN-5]Found scalar variable(s) 'processing_system7_0_DDR_CK_P' declared and are not set.
RTL Name 'processing_system7_0_DDR_CK_P', Hierarchy 'system', File '/home/jsp/Storage/CFU_PYNQ_FIles/CFU_SRC/pynq_z2/pynq_z2/arunQAFDHGDZXVNBDXG_gae.gen/sources_1/bd/system/synth/system.v', Line 913.
WARNING: [Synth 37-95] [ASSIGN-5]Found scalar variable(s) 'processing_system7_0_DDR_CS_N' declared and are not set.
RTL Name 'processing_system7_0_DDR_CS_N', Hierarchy 'system', File '/home/jsp/Storage/CFU_PYNQ_FIles/CFU_SRC/pynq_z2/pynq_z2/arunQAFDHGDZXVNBDXG_gae.gen/sources_1/bd/system/synth/system.v', Line 914.
WARNING: [Synth 37-124] [ASSIGN-5]Some bits in 'processing_system7_0_DDR_DM' are not set. First unset bit index is 0. 
RTL Name 'processing_system7_0_DDR_DM', Hierarchy 'system', File 'system.v', Line 915.
WARNING: [Synth 37-124] [ASSIGN-5]Some bits in 'processing_system7_0_DDR_DQ' are not set. First unset bit index is 0. 
RTL Name 'processing_system7_0_DDR_DQ', Hierarchy 'system', File 'system.v', Line 916.
WARNING: [Synth 37-124] [ASSIGN-5]Some bits in 'processing_system7_0_DDR_DQS_N' are not set. First unset bit index is 0. 
RTL Name 'processing_system7_0_DDR_DQS_N', Hierarchy 'system', File 'system.v', Line 917.
WARNING: [Synth 37-124] [ASSIGN-5]Some bits in 'processing_system7_0_DDR_DQS_P' are not set. First unset bit index is 0. 
RTL Name 'processing_system7_0_DDR_DQS_P', Hierarchy 'system', File 'system.v', Line 918.
WARNING: [Synth 37-95] [ASSIGN-5]Found scalar variable(s) 'processing_system7_0_DDR_ODT' declared and are not set.
RTL Name 'processing_system7_0_DDR_ODT', Hierarchy 'system', File '/home/jsp/Storage/CFU_PYNQ_FIles/CFU_SRC/pynq_z2/pynq_z2/arunQAFDHGDZXVNBDXG_gae.gen/sources_1/bd/system/synth/system.v', Line 919.
WARNING: [Synth 37-95] [ASSIGN-5]Found scalar variable(s) 'processing_system7_0_DDR_RAS_N' declared and are not set.
RTL Name 'processing_system7_0_DDR_RAS_N', Hierarchy 'system', File '/home/jsp/Storage/CFU_PYNQ_FIles/CFU_SRC/pynq_z2/pynq_z2/arunQAFDHGDZXVNBDXG_gae.gen/sources_1/bd/system/synth/system.v', Line 920.
WARNING: [Synth 37-95] [ASSIGN-5]Found scalar variable(s) 'processing_system7_0_DDR_RESET_N' declared and are not set.
RTL Name 'processing_system7_0_DDR_RESET_N', Hierarchy 'system', File '/home/jsp/Storage/CFU_PYNQ_FIles/CFU_SRC/pynq_z2/pynq_z2/arunQAFDHGDZXVNBDXG_gae.gen/sources_1/bd/system/synth/system.v', Line 921.
WARNING: [Synth 37-95] [ASSIGN-5]Found scalar variable(s) 'processing_system7_0_DDR_WE_N' declared and are not set.
RTL Name 'processing_system7_0_DDR_WE_N', Hierarchy 'system', File '/home/jsp/Storage/CFU_PYNQ_FIles/CFU_SRC/pynq_z2/pynq_z2/arunQAFDHGDZXVNBDXG_gae.gen/sources_1/bd/system/synth/system.v', Line 922.
WARNING: [Synth 37-95] [ASSIGN-5]Found scalar variable(s) 'processing_system7_0_FIXED_IO_DDR_VRN' declared and are not set.
RTL Name 'processing_system7_0_FIXED_IO_DDR_VRN', Hierarchy 'system', File '/home/jsp/Storage/CFU_PYNQ_FIles/CFU_SRC/pynq_z2/pynq_z2/arunQAFDHGDZXVNBDXG_gae.gen/sources_1/bd/system/synth/system.v', Line 926.
WARNING: [Synth 37-95] [ASSIGN-5]Found scalar variable(s) 'processing_system7_0_FIXED_IO_DDR_VRP' declared and are not set.
RTL Name 'processing_system7_0_FIXED_IO_DDR_VRP', Hierarchy 'system', File '/home/jsp/Storage/CFU_PYNQ_FIles/CFU_SRC/pynq_z2/pynq_z2/arunQAFDHGDZXVNBDXG_gae.gen/sources_1/bd/system/synth/system.v', Line 927.
WARNING: [Synth 37-124] [ASSIGN-5]Some bits in 'processing_system7_0_FIXED_IO_MIO' are not set. First unset bit index is 0. 
RTL Name 'processing_system7_0_FIXED_IO_MIO', Hierarchy 'system', File 'system.v', Line 928.
WARNING: [Synth 37-95] [ASSIGN-5]Found scalar variable(s) 'processing_system7_0_FIXED_IO_PS_CLK' declared and are not set.
RTL Name 'processing_system7_0_FIXED_IO_PS_CLK', Hierarchy 'system', File '/home/jsp/Storage/CFU_PYNQ_FIles/CFU_SRC/pynq_z2/pynq_z2/arunQAFDHGDZXVNBDXG_gae.gen/sources_1/bd/system/synth/system.v', Line 929.
WARNING: [Synth 37-95] [ASSIGN-5]Found scalar variable(s) 'processing_system7_0_FIXED_IO_PS_PORB' declared and are not set.
RTL Name 'processing_system7_0_FIXED_IO_PS_PORB', Hierarchy 'system', File '/home/jsp/Storage/CFU_PYNQ_FIles/CFU_SRC/pynq_z2/pynq_z2/arunQAFDHGDZXVNBDXG_gae.gen/sources_1/bd/system/synth/system.v', Line 930.
WARNING: [Synth 37-95] [ASSIGN-5]Found scalar variable(s) 'processing_system7_0_FIXED_IO_PS_SRSTB' declared and are not set.
RTL Name 'processing_system7_0_FIXED_IO_PS_SRSTB', Hierarchy 'system', File '/home/jsp/Storage/CFU_PYNQ_FIles/CFU_SRC/pynq_z2/pynq_z2/arunQAFDHGDZXVNBDXG_gae.gen/sources_1/bd/system/synth/system.v', Line 931.
WARNING: [Synth 37-123] [ASSIGN-6]Some bits in 'ps7_0_axi_periph_M00_AXI_ARADDR' are not read. First unread bit index is 9. 
RTL Name 'ps7_0_axi_periph_M00_AXI_ARADDR', Hierarchy 'system', File 'system.v', Line 970.
WARNING: [Synth 37-123] [ASSIGN-6]Some bits in 'ps7_0_axi_periph_M00_AXI_AWADDR' are not read. First unread bit index is 9. 
RTL Name 'ps7_0_axi_periph_M00_AXI_AWADDR', Hierarchy 'system', File 'system.v', Line 973.
WARNING: [Synth 37-123] [ASSIGN-6]Some bits in 'ps7_0_axi_periph_M01_AXI_ARADDR' are not read. First unread bit index is 9. 
RTL Name 'ps7_0_axi_periph_M01_AXI_ARADDR', Hierarchy 'system', File 'system.v', Line 987.
WARNING: [Synth 37-123] [ASSIGN-6]Some bits in 'ps7_0_axi_periph_M01_AXI_AWADDR' are not read. First unread bit index is 9. 
RTL Name 'ps7_0_axi_periph_M01_AXI_AWADDR', Hierarchy 'system', File 'system.v', Line 990.
WARNING: [Synth 37-123] [ASSIGN-6]Some bits in 'ps7_0_axi_periph_M02_AXI_ARADDR' are not read. First unread bit index is 9. 
RTL Name 'ps7_0_axi_periph_M02_AXI_ARADDR', Hierarchy 'system', File 'system.v', Line 1004.
WARNING: [Synth 37-123] [ASSIGN-6]Some bits in 'ps7_0_axi_periph_M02_AXI_AWADDR' are not read. First unread bit index is 9. 
RTL Name 'ps7_0_axi_periph_M02_AXI_AWADDR', Hierarchy 'system', File 'system.v', Line 1007.
WARNING: [Synth 37-123] [ASSIGN-6]Some bits in 'ps7_0_axi_periph_M03_AXI_ARADDR' are not read. First unread bit index is 9. 
RTL Name 'ps7_0_axi_periph_M03_AXI_ARADDR', Hierarchy 'system', File 'system.v', Line 1021.
WARNING: [Synth 37-123] [ASSIGN-6]Some bits in 'ps7_0_axi_periph_M03_AXI_AWADDR' are not read. First unread bit index is 9. 
RTL Name 'ps7_0_axi_periph_M03_AXI_AWADDR', Hierarchy 'system', File 'system.v', Line 1024.
WARNING: [Synth 37-125] [ASSIGN-10]Some bits in IO 'M00_ACLK' are not read. First unread bit index is 0. 
RTL Name 'M00_ACLK', Hierarchy 'system_ps7_0_axi_periph_0', File 'system.v', Line 1472.
WARNING: [Synth 37-125] [ASSIGN-10]Some bits in IO 'M00_ARESETN' are not read. First unread bit index is 0. 
RTL Name 'M00_ARESETN', Hierarchy 'system_ps7_0_axi_periph_0', File 'system.v', Line 1473.
WARNING: [Synth 37-125] [ASSIGN-10]Some bits in IO 'M01_ACLK' are not read. First unread bit index is 0. 
RTL Name 'M01_ACLK', Hierarchy 'system_ps7_0_axi_periph_0', File 'system.v', Line 1491.
WARNING: [Synth 37-125] [ASSIGN-10]Some bits in IO 'M01_ARESETN' are not read. First unread bit index is 0. 
RTL Name 'M01_ARESETN', Hierarchy 'system_ps7_0_axi_periph_0', File 'system.v', Line 1492.
WARNING: [Synth 37-125] [ASSIGN-10]Some bits in IO 'M02_ACLK' are not read. First unread bit index is 0. 
RTL Name 'M02_ACLK', Hierarchy 'system_ps7_0_axi_periph_0', File 'system.v', Line 1510.
WARNING: [Synth 37-125] [ASSIGN-10]Some bits in IO 'M02_ARESETN' are not read. First unread bit index is 0. 
RTL Name 'M02_ARESETN', Hierarchy 'system_ps7_0_axi_periph_0', File 'system.v', Line 1511.
WARNING: [Synth 37-125] [ASSIGN-10]Some bits in IO 'M03_ACLK' are not read. First unread bit index is 0. 
RTL Name 'M03_ACLK', Hierarchy 'system_ps7_0_axi_periph_0', File 'system.v', Line 1529.
WARNING: [Synth 37-125] [ASSIGN-10]Some bits in IO 'M03_ARESETN' are not read. First unread bit index is 0. 
RTL Name 'M03_ARESETN', Hierarchy 'system_ps7_0_axi_periph_0', File 'system.v', Line 1530.
WARNING: [Synth 37-125] [ASSIGN-10]Some bits in IO 'M_ACLK' are not read. First unread bit index is 0. 
RTL Name 'M_ACLK', Hierarchy 'm00_couplers_imp_1H7AUOX', File 'system.v', Line 52.
WARNING: [Synth 37-125] [ASSIGN-10]Some bits in IO 'M_ACLK' are not read. First unread bit index is 0. 
RTL Name 'M_ACLK', Hierarchy 'm03_couplers_imp_15QZ4LV', File 'system.v', Line 448.
WARNING: [Synth 37-125] [ASSIGN-10]Some bits in IO 'M_ACLK' are not read. First unread bit index is 0. 
RTL Name 'M_ACLK', Hierarchy 'm02_couplers_imp_FKL2TE', File 'system.v', Line 316.
WARNING: [Synth 37-125] [ASSIGN-10]Some bits in IO 'M_ACLK' are not read. First unread bit index is 0. 
RTL Name 'M_ACLK', Hierarchy 'm01_couplers_imp_4Y7TYO', File 'system.v', Line 184.
WARNING: [Synth 37-125] [ASSIGN-10]Some bits in IO 'M_ACLK' are not read. First unread bit index is 0. 
RTL Name 'M_ACLK', Hierarchy 's00_couplers_imp_11SE3QO', File 'system.v', Line 603.
WARNING: [Synth 37-125] [ASSIGN-10]Some bits in IO 'M_ARESETN' are not read. First unread bit index is 0. 
RTL Name 'M_ARESETN', Hierarchy 'm01_couplers_imp_4Y7TYO', File 'system.v', Line 185.
WARNING: [Synth 37-125] [ASSIGN-10]Some bits in IO 'M_ARESETN' are not read. First unread bit index is 0. 
RTL Name 'M_ARESETN', Hierarchy 'm00_couplers_imp_1H7AUOX', File 'system.v', Line 53.
WARNING: [Synth 37-125] [ASSIGN-10]Some bits in IO 'M_ARESETN' are not read. First unread bit index is 0. 
RTL Name 'M_ARESETN', Hierarchy 'm02_couplers_imp_FKL2TE', File 'system.v', Line 317.
WARNING: [Synth 37-125] [ASSIGN-10]Some bits in IO 'M_ARESETN' are not read. First unread bit index is 0. 
RTL Name 'M_ARESETN', Hierarchy 'm03_couplers_imp_15QZ4LV', File 'system.v', Line 449.
WARNING: [Synth 37-125] [ASSIGN-10]Some bits in IO 'M_ARESETN' are not read. First unread bit index is 0. 
RTL Name 'M_ARESETN', Hierarchy 's00_couplers_imp_11SE3QO', File 'system.v', Line 604.
WARNING: [Synth 37-125] [ASSIGN-10]Some bits in IO 'S00_ACLK' are not read. First unread bit index is 0. 
RTL Name 'S00_ACLK', Hierarchy 'system_ps7_0_axi_periph_0', File 'system.v', Line 1548.
WARNING: [Synth 37-125] [ASSIGN-10]Some bits in IO 'S00_ARESETN' are not read. First unread bit index is 0. 
RTL Name 'S00_ARESETN', Hierarchy 'system_ps7_0_axi_periph_0', File 'system.v', Line 1549.
WARNING: [Synth 37-125] [ASSIGN-10]Some bits in IO 'S_ACLK' are not read. First unread bit index is 0. 
RTL Name 'S_ACLK', Hierarchy 'm02_couplers_imp_FKL2TE', File 'system.v', Line 335.
WARNING: [Synth 37-125] [ASSIGN-10]Some bits in IO 'S_ACLK' are not read. First unread bit index is 0. 
RTL Name 'S_ACLK', Hierarchy 'm01_couplers_imp_4Y7TYO', File 'system.v', Line 203.
WARNING: [Synth 37-125] [ASSIGN-10]Some bits in IO 'S_ACLK' are not read. First unread bit index is 0. 
RTL Name 'S_ACLK', Hierarchy 'm03_couplers_imp_15QZ4LV', File 'system.v', Line 467.
WARNING: [Synth 37-125] [ASSIGN-10]Some bits in IO 'S_ACLK' are not read. First unread bit index is 0. 
RTL Name 'S_ACLK', Hierarchy 'm00_couplers_imp_1H7AUOX', File 'system.v', Line 71.
WARNING: [Synth 37-125] [ASSIGN-10]Some bits in IO 'S_ARESETN' are not read. First unread bit index is 0. 
RTL Name 'S_ARESETN', Hierarchy 'm02_couplers_imp_FKL2TE', File 'system.v', Line 336.
WARNING: [Synth 37-125] [ASSIGN-10]Some bits in IO 'S_ARESETN' are not read. First unread bit index is 0. 
RTL Name 'S_ARESETN', Hierarchy 'm01_couplers_imp_4Y7TYO', File 'system.v', Line 204.
WARNING: [Synth 37-125] [ASSIGN-10]Some bits in IO 'S_ARESETN' are not read. First unread bit index is 0. 
RTL Name 'S_ARESETN', Hierarchy 'm03_couplers_imp_15QZ4LV', File 'system.v', Line 468.
WARNING: [Synth 37-125] [ASSIGN-10]Some bits in IO 'S_ARESETN' are not read. First unread bit index is 0. 
RTL Name 'S_ARESETN', Hierarchy 'm00_couplers_imp_1H7AUOX', File 'system.v', Line 72.
INFO: [Synth 37-85] Total of 57 linter message(s) generated.
INFO: [Synth 37-45] Linter Run Finished!
Synthesis Optimization Runtime : Time (s): cpu = 00:00:09 ; elapsed = 00:00:05 . Memory (MB): peak = 11716.086 ; gain = 0.000 ; free physical = 6050 ; free virtual = 17669
INFO: [Common 17-83] Releasing license: Synthesis
52 Infos, 74 Warnings, 0 Critical Warnings and 0 Errors encountered.
synth_design completed successfully
synth_design: Time (s): cpu = 00:00:12 ; elapsed = 00:00:05 . Memory (MB): peak = 11716.086 ; gain = 0.000 ; free physical = 6330 ; free virtual = 17949
INFO: [Common 17-2834] synth_design peak Physical Memory [PSS] (MB): overall = 4325.550; main = 4325.550; forked = 0.000
INFO: [Common 17-2834] synth_design peak Virtual Memory [VSS] (MB): overall = 11591.750; main = 11591.750; forked = 0.000
reset_run synth_1
INFO: [Project 1-1161] Replacing file /home/jsp/Storage/CFU_PYNQ_FIles/CFU_SRC/pynq_z2/pynq_z2/arunQAFDHGDZXVNBDXG_gae.srcs/utils_1/imports/synth_1/system_wrapper.dcp with file /home/jsp/Storage/CFU_PYNQ_FIles/CFU_SRC/pynq_z2/pynq_z2/arunQAFDHGDZXVNBDXG_gae.runs/synth_1/system_wrapper.dcp
WARNING: [filemgmt 56-199] Attempt to get parsing info during refresh. "On-the-fly" syntax checking information may be incorrect. [/home/jsp/Storage/CFU_PYNQ_FIles/CFU_SRC/donut-accel/cfu.v:]
WARNING: [filemgmt 56-199] Attempt to get parsing info during refresh. "On-the-fly" syntax checking information may be incorrect. [/home/jsp/Storage/CFU_PYNQ_FIles/CFU_SRC/pynq_z2/pynq_z2/arunQAFDHGDZXVNBDXG_gae.srcs/sources_1/new/Cfu.v:]
WARNING: [filemgmt 56-199] Attempt to get parsing info during refresh. "On-the-fly" syntax checking information may be incorrect. [/home/jsp/Storage/CFU_PYNQ_FIles/CFU_SRC/donut-accel/cfu.v:]
WARNING: [filemgmt 56-199] Attempt to get parsing info during refresh. "On-the-fly" syntax checking information may be incorrect. [/home/jsp/Storage/CFU_PYNQ_FIles/CFU_SRC/donut-accel/cfu.v:]
launch_runs impl_1 -jobs 12
INFO: [Vivado 12-4149] The synthesis checkpoint for IP '/home/jsp/Storage/CFU_PYNQ_FIles/CFU_SRC/pynq_z2/pynq_z2/arunQAFDHGDZXVNBDXG_gae.srcs/sources_1/ip/cfu_decoupler/cfu_decoupler.xci' is already up-to-date
[Wed Nov  5 08:23:06 2025] Launched synth_1...
Run output will be captured here: /home/jsp/Storage/CFU_PYNQ_FIles/CFU_SRC/pynq_z2/pynq_z2/arunQAFDHGDZXVNBDXG_gae.runs/synth_1/runme.log
[Wed Nov  5 08:23:06 2025] Launched impl_1...
Run output will be captured here: /home/jsp/Storage/CFU_PYNQ_FIles/CFU_SRC/pynq_z2/pynq_z2/arunQAFDHGDZXVNBDXG_gae.runs/impl_1/runme.log
open_bd_design {/home/jsp/Storage/CFU_PYNQ_FIles/CFU_SRC/pynq_z2/pynq_z2/arunQAFDHGDZXVNBDXG_gae.srcs/sources_1/bd/system/system.bd}
CRITICAL WARNING: [PSU-1]  Parameter : PCW_UIPARAM_DDR_DQS_TO_CLK_DELAY_0 has negative value -0.051 . PS DDR interfaces might fail when entering negative DQS skew values. 
CRITICAL WARNING: [PSU-2]  Parameter : PCW_UIPARAM_DDR_DQS_TO_CLK_DELAY_1 has negative value -0.006 . PS DDR interfaces might fail when entering negative DQS skew values. 
CRITICAL WARNING: [PSU-3]  Parameter : PCW_UIPARAM_DDR_DQS_TO_CLK_DELAY_2 has negative value -0.009 . PS DDR interfaces might fail when entering negative DQS skew values. 
CRITICAL WARNING: [PSU-4]  Parameter : PCW_UIPARAM_DDR_DQS_TO_CLK_DELAY_3 has negative value -0.033 . PS DDR interfaces might fail when entering negative DQS skew values. 
WARNING: [IP_Flow 19-474] Invalid Parameter 'Component_Name'
CRITICAL WARNING: [PSU-1]  Parameter : PCW_UIPARAM_DDR_DQS_TO_CLK_DELAY_0 has negative value -0.051 . PS DDR interfaces might fail when entering negative DQS skew values. 
CRITICAL WARNING: [PSU-2]  Parameter : PCW_UIPARAM_DDR_DQS_TO_CLK_DELAY_1 has negative value -0.006 . PS DDR interfaces might fail when entering negative DQS skew values. 
CRITICAL WARNING: [PSU-3]  Parameter : PCW_UIPARAM_DDR_DQS_TO_CLK_DELAY_2 has negative value -0.009 . PS DDR interfaces might fail when entering negative DQS skew values. 
CRITICAL WARNING: [PSU-4]  Parameter : PCW_UIPARAM_DDR_DQS_TO_CLK_DELAY_3 has negative value -0.033 . PS DDR interfaces might fail when entering negative DQS skew values. 
startgroup
set_property CONFIG.PCW_FPGA1_PERIPHERAL_FREQMHZ {100} [get_bd_cells processing_system7_0]
CRITICAL WARNING: [PSU-1]  Parameter : PCW_UIPARAM_DDR_DQS_TO_CLK_DELAY_0 has negative value -0.051 . PS DDR interfaces might fail when entering negative DQS skew values. 
CRITICAL WARNING: [PSU-2]  Parameter : PCW_UIPARAM_DDR_DQS_TO_CLK_DELAY_1 has negative value -0.006 . PS DDR interfaces might fail when entering negative DQS skew values. 
CRITICAL WARNING: [PSU-3]  Parameter : PCW_UIPARAM_DDR_DQS_TO_CLK_DELAY_2 has negative value -0.009 . PS DDR interfaces might fail when entering negative DQS skew values. 
CRITICAL WARNING: [PSU-4]  Parameter : PCW_UIPARAM_DDR_DQS_TO_CLK_DELAY_3 has negative value -0.033 . PS DDR interfaces might fail when entering negative DQS skew values. 
endgroup
reset_run system_processing_system7_0_0_synth_1
reset_run synth_1
INFO: [Project 1-1161] Replacing file /home/jsp/Storage/CFU_PYNQ_FIles/CFU_SRC/pynq_z2/pynq_z2/arunQAFDHGDZXVNBDXG_gae.srcs/utils_1/imports/synth_1/system_wrapper.dcp with file /home/jsp/Storage/CFU_PYNQ_FIles/CFU_SRC/pynq_z2/pynq_z2/arunQAFDHGDZXVNBDXG_gae.runs/synth_1/system_wrapper.dcp
WARNING: [filemgmt 56-199] Attempt to get parsing info during refresh. "On-the-fly" syntax checking information may be incorrect. [/home/jsp/Storage/CFU_PYNQ_FIles/CFU_SRC/donut-accel/cfu.v:]
WARNING: [filemgmt 56-199] Attempt to get parsing info during refresh. "On-the-fly" syntax checking information may be incorrect. [/home/jsp/Storage/CFU_PYNQ_FIles/CFU_SRC/pynq_z2/pynq_z2/arunQAFDHGDZXVNBDXG_gae.srcs/sources_1/new/Cfu.v:]
WARNING: [filemgmt 56-199] Attempt to get parsing info during refresh. "On-the-fly" syntax checking information may be incorrect. [/home/jsp/Storage/CFU_PYNQ_FIles/CFU_SRC/donut-accel/cfu.v:]
WARNING: [filemgmt 56-199] Attempt to get parsing info during refresh. "On-the-fly" syntax checking information may be incorrect. [/home/jsp/Storage/CFU_PYNQ_FIles/CFU_SRC/donut-accel/cfu.v:]
save_bd_design
Wrote  : </home/jsp/Storage/CFU_PYNQ_FIles/CFU_SRC/pynq_z2/pynq_z2/arunQAFDHGDZXVNBDXG_gae.srcs/sources_1/bd/system/system.bd> 
Wrote  : </home/jsp/Storage/CFU_PYNQ_FIles/CFU_SRC/pynq_z2/pynq_z2/arunQAFDHGDZXVNBDXG_gae.srcs/sources_1/bd/system/ui/bd_c954508f.ui> 
launch_runs impl_1 -jobs 12
INFO: [Vivado 12-4149] The synthesis checkpoint for IP '/home/jsp/Storage/CFU_PYNQ_FIles/CFU_SRC/pynq_z2/pynq_z2/arunQAFDHGDZXVNBDXG_gae.srcs/sources_1/ip/cfu_decoupler/cfu_decoupler.xci' is already up-to-date
WARNING: [BD 41-702] Propagation TCL tries to overwrite USER strength parameter PCW_M_AXI_GP0_FREQMHZ(10) on '/processing_system7_0' with propagated value(100). Command ignored
INFO: [xilinx.com:ip:clk_wiz:6.0-1] /clk_wiz clk_wiz propagate
INFO: [xilinx.com:ip:clk_wiz:6.0-1] /clk_wiz clk_wiz propagate
Wrote  : </home/jsp/Storage/CFU_PYNQ_FIles/CFU_SRC/pynq_z2/pynq_z2/arunQAFDHGDZXVNBDXG_gae.srcs/sources_1/bd/system/system.bd> 
Verilog Output written to : /home/jsp/Storage/CFU_PYNQ_FIles/CFU_SRC/pynq_z2/pynq_z2/arunQAFDHGDZXVNBDXG_gae.gen/sources_1/bd/system/synth/system.v
Verilog Output written to : /home/jsp/Storage/CFU_PYNQ_FIles/CFU_SRC/pynq_z2/pynq_z2/arunQAFDHGDZXVNBDXG_gae.gen/sources_1/bd/system/sim/system.v
Verilog Output written to : /home/jsp/Storage/CFU_PYNQ_FIles/CFU_SRC/pynq_z2/pynq_z2/arunQAFDHGDZXVNBDXG_gae.gen/sources_1/bd/system/hdl/system_wrapper.v
INFO: [IP_Flow 19-5611] Unable to find an associated reset port for the interface 'M_AXI_GP0'. A default connection has been created.
INFO: [BD 41-1029] Generation completed for the IP Integrator block processing_system7_0 .
WARNING: [IP_Flow 19-4994] Overwriting existing constraint file '/home/jsp/Storage/CFU_PYNQ_FIles/CFU_SRC/pynq_z2/pynq_z2/arunQAFDHGDZXVNBDXG_gae.gen/sources_1/bd/system/ip/system_auto_pc_0/system_auto_pc_0_ooc.xdc'
INFO: [BD 41-1029] Generation completed for the IP Integrator block ps7_0_axi_periph/s00_couplers/auto_pc .
Exporting to file /home/jsp/Storage/CFU_PYNQ_FIles/CFU_SRC/pynq_z2/pynq_z2/arunQAFDHGDZXVNBDXG_gae.gen/sources_1/bd/system/hw_handoff/system.hwh
Generated Hardware Definition File /home/jsp/Storage/CFU_PYNQ_FIles/CFU_SRC/pynq_z2/pynq_z2/arunQAFDHGDZXVNBDXG_gae.gen/sources_1/bd/system/synth/system.hwdef
INFO: [IP_Flow 19-6924] IPCACHE: Running cache check for IP inst: system_auto_pc_0
INFO: [IP_Flow 19-6922] IPCACHE: Exporting cached entry 28dbe6f2fca8b92b to dir: /home/jsp/Storage/CFU_PYNQ_FIles/CFU_SRC/pynq_z2/pynq_z2/arunQAFDHGDZXVNBDXG_gae.gen/sources_1/bd/system/ip/system_auto_pc_0
INFO: [IP_Flow 19-6928] IPCACHE: copied cached file /home/jsp/Storage/CFU_PYNQ_FIles/CFU_SRC/pynq_z2/pynq_z2/arunQAFDHGDZXVNBDXG_gae.cache/ip/2024.1/2/8/28dbe6f2fca8b92b/system_auto_pc_0_sim_netlist.v to /home/jsp/Storage/CFU_PYNQ_FIles/CFU_SRC/pynq_z2/pynq_z2/arunQAFDHGDZXVNBDXG_gae.gen/sources_1/bd/system/ip/system_auto_pc_0/system_auto_pc_0_sim_netlist.v.
INFO: [IP_Flow 19-6926] IPCACHE: added file to list for BOM: /home/jsp/Storage/CFU_PYNQ_FIles/CFU_SRC/pynq_z2/pynq_z2/arunQAFDHGDZXVNBDXG_gae.gen/sources_1/bd/system/ip/system_auto_pc_0/system_auto_pc_0_sim_netlist.v
INFO: [IP_Flow 19-6928] IPCACHE: copied cached file /home/jsp/Storage/CFU_PYNQ_FIles/CFU_SRC/pynq_z2/pynq_z2/arunQAFDHGDZXVNBDXG_gae.cache/ip/2024.1/2/8/28dbe6f2fca8b92b/system_auto_pc_0_stub.v to /home/jsp/Storage/CFU_PYNQ_FIles/CFU_SRC/pynq_z2/pynq_z2/arunQAFDHGDZXVNBDXG_gae.gen/sources_1/bd/system/ip/system_auto_pc_0/system_auto_pc_0_stub.v.
INFO: [IP_Flow 19-6926] IPCACHE: added file to list for BOM: /home/jsp/Storage/CFU_PYNQ_FIles/CFU_SRC/pynq_z2/pynq_z2/arunQAFDHGDZXVNBDXG_gae.gen/sources_1/bd/system/ip/system_auto_pc_0/system_auto_pc_0_stub.v
INFO: [IP_Flow 19-6928] IPCACHE: copied cached file /home/jsp/Storage/CFU_PYNQ_FIles/CFU_SRC/pynq_z2/pynq_z2/arunQAFDHGDZXVNBDXG_gae.cache/ip/2024.1/2/8/28dbe6f2fca8b92b/system_auto_pc_0_sim_netlist.vhdl to /home/jsp/Storage/CFU_PYNQ_FIles/CFU_SRC/pynq_z2/pynq_z2/arunQAFDHGDZXVNBDXG_gae.gen/sources_1/bd/system/ip/system_auto_pc_0/system_auto_pc_0_sim_netlist.vhdl.
INFO: [IP_Flow 19-6926] IPCACHE: added file to list for BOM: /home/jsp/Storage/CFU_PYNQ_FIles/CFU_SRC/pynq_z2/pynq_z2/arunQAFDHGDZXVNBDXG_gae.gen/sources_1/bd/system/ip/system_auto_pc_0/system_auto_pc_0_sim_netlist.vhdl
INFO: [IP_Flow 19-6928] IPCACHE: copied cached file /home/jsp/Storage/CFU_PYNQ_FIles/CFU_SRC/pynq_z2/pynq_z2/arunQAFDHGDZXVNBDXG_gae.cache/ip/2024.1/2/8/28dbe6f2fca8b92b/system_auto_pc_0.dcp to /home/jsp/Storage/CFU_PYNQ_FIles/CFU_SRC/pynq_z2/pynq_z2/arunQAFDHGDZXVNBDXG_gae.gen/sources_1/bd/system/ip/system_auto_pc_0/system_auto_pc_0.dcp.
INFO: [IP_Flow 19-6926] IPCACHE: added file to list for BOM: /home/jsp/Storage/CFU_PYNQ_FIles/CFU_SRC/pynq_z2/pynq_z2/arunQAFDHGDZXVNBDXG_gae.gen/sources_1/bd/system/ip/system_auto_pc_0/system_auto_pc_0.dcp
INFO: [IP_Flow 19-6928] IPCACHE: copied cached file /home/jsp/Storage/CFU_PYNQ_FIles/CFU_SRC/pynq_z2/pynq_z2/arunQAFDHGDZXVNBDXG_gae.cache/ip/2024.1/2/8/28dbe6f2fca8b92b/system_auto_pc_0_stub.vhdl to /home/jsp/Storage/CFU_PYNQ_FIles/CFU_SRC/pynq_z2/pynq_z2/arunQAFDHGDZXVNBDXG_gae.gen/sources_1/bd/system/ip/system_auto_pc_0/system_auto_pc_0_stub.vhdl.
INFO: [IP_Flow 19-6926] IPCACHE: added file to list for BOM: /home/jsp/Storage/CFU_PYNQ_FIles/CFU_SRC/pynq_z2/pynq_z2/arunQAFDHGDZXVNBDXG_gae.gen/sources_1/bd/system/ip/system_auto_pc_0/system_auto_pc_0_stub.vhdl
INFO: [IP_Flow 19-4993] Using cached IP synthesis design for IP system_auto_pc_0, cache-ID = 28dbe6f2fca8b92b; cache size = 3.220 MB.
[Wed Nov  5 08:28:15 2025] Launched system_processing_system7_0_0_synth_1, synth_1...
Run output will be captured here:
system_processing_system7_0_0_synth_1: /home/jsp/Storage/CFU_PYNQ_FIles/CFU_SRC/pynq_z2/pynq_z2/arunQAFDHGDZXVNBDXG_gae.runs/system_processing_system7_0_0_synth_1/runme.log
synth_1: /home/jsp/Storage/CFU_PYNQ_FIles/CFU_SRC/pynq_z2/pynq_z2/arunQAFDHGDZXVNBDXG_gae.runs/synth_1/runme.log
[Wed Nov  5 08:28:16 2025] Launched impl_1...
Run output will be captured here: /home/jsp/Storage/CFU_PYNQ_FIles/CFU_SRC/pynq_z2/pynq_z2/arunQAFDHGDZXVNBDXG_gae.runs/impl_1/runme.log
launch_runs: Time (s): cpu = 00:00:26 ; elapsed = 00:00:22 . Memory (MB): peak = 12369.844 ; gain = 421.938 ; free physical = 6226 ; free virtual = 17829
WARNING: [filemgmt 56-199] Attempt to get parsing info during refresh. "On-the-fly" syntax checking information may be incorrect. [/home/jsp/Storage/CFU_PYNQ_FIles/CFU_SRC/donut-accel/cfu.v:]
WARNING: [filemgmt 56-199] Attempt to get parsing info during refresh. "On-the-fly" syntax checking information may be incorrect. [/home/jsp/Storage/CFU_PYNQ_FIles/CFU_SRC/pynq_z2/pynq_z2/arunQAFDHGDZXVNBDXG_gae.srcs/sources_1/new/Cfu.v:]
WARNING: [filemgmt 56-199] Attempt to get parsing info during refresh. "On-the-fly" syntax checking information may be incorrect. [/home/jsp/Storage/CFU_PYNQ_FIles/CFU_SRC/donut-accel/cfu.v:]
WARNING: [filemgmt 56-199] Attempt to get parsing info during refresh. "On-the-fly" syntax checking information may be incorrect. [/home/jsp/Storage/CFU_PYNQ_FIles/CFU_SRC/donut-accel/cfu.v:]
WARNING: [filemgmt 56-199] Attempt to get parsing info during refresh. "On-the-fly" syntax checking information may be incorrect. [/home/jsp/Storage/CFU_PYNQ_FIles/CFU_SRC/donut-accel/cfu.v:]
WARNING: [filemgmt 56-199] Attempt to get parsing info during refresh. "On-the-fly" syntax checking information may be incorrect. [/home/jsp/Storage/CFU_PYNQ_FIles/CFU_SRC/pynq_z2/pynq_z2/arunQAFDHGDZXVNBDXG_gae.srcs/sources_1/new/Cfu.v:]
WARNING: [filemgmt 56-199] Attempt to get parsing info during refresh. "On-the-fly" syntax checking information may be incorrect. [/home/jsp/Storage/CFU_PYNQ_FIles/CFU_SRC/donut-accel/cfu.v:]
WARNING: [filemgmt 56-199] Attempt to get parsing info during refresh. "On-the-fly" syntax checking information may be incorrect. [/home/jsp/Storage/CFU_PYNQ_FIles/CFU_SRC/donut-accel/cfu.v:]
create_ip_run [get_files -of_objects [get_fileset sources_1] /home/jsp/Storage/CFU_PYNQ_FIles/CFU_SRC/pynq_z2/pynq_z2/arunQAFDHGDZXVNBDXG_gae.srcs/sources_1/bd/system/system.bd]
refresh_design
Netlist sorting complete. Time (s): cpu = 00:00:00.09 ; elapsed = 00:00:00.05 . Memory (MB): peak = 12369.844 ; gain = 0.000 ; free physical = 6349 ; free virtual = 17971
INFO: [Netlist 29-17] Analyzing 207 Unisim elements for replacement
INFO: [Netlist 29-28] Unisim Transformation completed in 0 CPU seconds
INFO: [Project 1-479] Netlist was created with Vivado 2024.1
INFO: [Project 1-570] Preparing netlist for logic optimization
Read ShapeDB Complete: Time (s): cpu = 00:00:00.03 ; elapsed = 00:00:00.01 . Memory (MB): peak = 12369.844 ; gain = 0.000 ; free physical = 6349 ; free virtual = 17971
INFO: [Timing 38-478] Restoring timing data from binary archive.
INFO: [Timing 38-479] Binary timing data restore complete.
INFO: [Project 1-856] Restoring constraints from binary archive.
INFO: [Project 1-853] Binary constraint restore complete.
INFO: [Designutils 20-5722] Start Reading Physical Databases.
Reading placement.
Read Netlist Cache: Time (s): cpu = 00:00:00.01 ; elapsed = 00:00:00 . Memory (MB): peak = 12369.844 ; gain = 0.000 ; free physical = 6349 ; free virtual = 17971
Reading placer database...
Read Device Cache: Time (s): cpu = 00:00:00.01 ; elapsed = 00:00:00.02 . Memory (MB): peak = 12369.844 ; gain = 0.000 ; free physical = 6349 ; free virtual = 17970
Read PlaceDB: Time (s): cpu = 00:00:00.26 ; elapsed = 00:00:00.24 . Memory (MB): peak = 12369.844 ; gain = 0.000 ; free physical = 6349 ; free virtual = 17970
Read PulsedLatchDB: Time (s): cpu = 00:00:00 ; elapsed = 00:00:00 . Memory (MB): peak = 12369.844 ; gain = 0.000 ; free physical = 6349 ; free virtual = 17970
Reading routing.
Read RouteStorage: Time (s): cpu = 00:00:00.11 ; elapsed = 00:00:00.05 . Memory (MB): peak = 12369.844 ; gain = 0.000 ; free physical = 6349 ; free virtual = 17970
Read Physdb Files: Time (s): cpu = 00:00:00.41 ; elapsed = 00:00:00.32 . Memory (MB): peak = 12369.844 ; gain = 0.000 ; free physical = 6349 ; free virtual = 17970
Restored from archive | CPU: 0.420000 secs | Memory: 7.536224 MB |
Finished XDEF File Restore: Time (s): cpu = 00:00:00.41 ; elapsed = 00:00:00.32 . Memory (MB): peak = 12369.844 ; gain = 0.000 ; free physical = 6349 ; free virtual = 17970
refresh_design: Time (s): cpu = 00:00:11 ; elapsed = 00:00:06 . Memory (MB): peak = 12369.844 ; gain = 0.000 ; free physical = 6328 ; free virtual = 17955
CRITICAL WARNING: [Timing 38-282] The design failed to meet the timing requirements. Please see the timing summary report for details on the timing violations.
open_bd_design {/home/jsp/Storage/CFU_PYNQ_FIles/CFU_SRC/pynq_z2/pynq_z2/arunQAFDHGDZXVNBDXG_gae.srcs/sources_1/bd/system/system.bd}
CRITICAL WARNING: [PSU-1]  Parameter : PCW_UIPARAM_DDR_DQS_TO_CLK_DELAY_0 has negative value -0.051 . PS DDR interfaces might fail when entering negative DQS skew values. 
CRITICAL WARNING: [PSU-2]  Parameter : PCW_UIPARAM_DDR_DQS_TO_CLK_DELAY_1 has negative value -0.006 . PS DDR interfaces might fail when entering negative DQS skew values. 
CRITICAL WARNING: [PSU-3]  Parameter : PCW_UIPARAM_DDR_DQS_TO_CLK_DELAY_2 has negative value -0.009 . PS DDR interfaces might fail when entering negative DQS skew values. 
CRITICAL WARNING: [PSU-4]  Parameter : PCW_UIPARAM_DDR_DQS_TO_CLK_DELAY_3 has negative value -0.033 . PS DDR interfaces might fail when entering negative DQS skew values. 
WARNING: [IP_Flow 19-474] Invalid Parameter 'Component_Name'
CRITICAL WARNING: [PSU-2]  Parameter : PCW_UIPARAM_DDR_DQS_TO_CLK_DELAY_0 has negative value -0.051 . PS DDR interfaces might fail when entering negative DQS skew values. 
CRITICAL WARNING: [PSU-3]  Parameter : PCW_UIPARAM_DDR_DQS_TO_CLK_DELAY_1 has negative value -0.006 . PS DDR interfaces might fail when entering negative DQS skew values. 
CRITICAL WARNING: [PSU-4]  Parameter : PCW_UIPARAM_DDR_DQS_TO_CLK_DELAY_2 has negative value -0.009 . PS DDR interfaces might fail when entering negative DQS skew values. 
CRITICAL WARNING: [PSU-5]  Parameter : PCW_UIPARAM_DDR_DQS_TO_CLK_DELAY_3 has negative value -0.033 . PS DDR interfaces might fail when entering negative DQS skew values. 
CRITICAL WARNING: [PSU-1]  Parameter : PCW_UIPARAM_DDR_DQS_TO_CLK_DELAY_0 has negative value -0.051 . PS DDR interfaces might fail when entering negative DQS skew values. 
CRITICAL WARNING: [PSU-2]  Parameter : PCW_UIPARAM_DDR_DQS_TO_CLK_DELAY_1 has negative value -0.006 . PS DDR interfaces might fail when entering negative DQS skew values. 
CRITICAL WARNING: [PSU-3]  Parameter : PCW_UIPARAM_DDR_DQS_TO_CLK_DELAY_2 has negative value -0.009 . PS DDR interfaces might fail when entering negative DQS skew values. 
CRITICAL WARNING: [PSU-4]  Parameter : PCW_UIPARAM_DDR_DQS_TO_CLK_DELAY_3 has negative value -0.033 . PS DDR interfaces might fail when entering negative DQS skew values. 
startgroup
set_property CONFIG.PCW_FPGA1_PERIPHERAL_FREQMHZ {150} [get_bd_cells processing_system7_0]
CRITICAL WARNING: [PSU-1]  Parameter : PCW_UIPARAM_DDR_DQS_TO_CLK_DELAY_0 has negative value -0.051 . PS DDR interfaces might fail when entering negative DQS skew values. 
CRITICAL WARNING: [PSU-2]  Parameter : PCW_UIPARAM_DDR_DQS_TO_CLK_DELAY_1 has negative value -0.006 . PS DDR interfaces might fail when entering negative DQS skew values. 
CRITICAL WARNING: [PSU-3]  Parameter : PCW_UIPARAM_DDR_DQS_TO_CLK_DELAY_2 has negative value -0.009 . PS DDR interfaces might fail when entering negative DQS skew values. 
CRITICAL WARNING: [PSU-4]  Parameter : PCW_UIPARAM_DDR_DQS_TO_CLK_DELAY_3 has negative value -0.033 . PS DDR interfaces might fail when entering negative DQS skew values. 
endgroup
CRITICAL WARNING: [PSU-1]  Parameter : PCW_UIPARAM_DDR_DQS_TO_CLK_DELAY_0 has negative value -0.051 . PS DDR interfaces might fail when entering negative DQS skew values. 
CRITICAL WARNING: [PSU-2]  Parameter : PCW_UIPARAM_DDR_DQS_TO_CLK_DELAY_1 has negative value -0.006 . PS DDR interfaces might fail when entering negative DQS skew values. 
CRITICAL WARNING: [PSU-3]  Parameter : PCW_UIPARAM_DDR_DQS_TO_CLK_DELAY_2 has negative value -0.009 . PS DDR interfaces might fail when entering negative DQS skew values. 
CRITICAL WARNING: [PSU-4]  Parameter : PCW_UIPARAM_DDR_DQS_TO_CLK_DELAY_3 has negative value -0.033 . PS DDR interfaces might fail when entering negative DQS skew values. 
WARNING: [IP_Flow 19-474] Invalid Parameter 'Component_Name'
CRITICAL WARNING: [PSU-1]  Parameter : PCW_UIPARAM_DDR_DQS_TO_CLK_DELAY_0 has negative value -0.051 . PS DDR interfaces might fail when entering negative DQS skew values. 
CRITICAL WARNING: [PSU-2]  Parameter : PCW_UIPARAM_DDR_DQS_TO_CLK_DELAY_1 has negative value -0.006 . PS DDR interfaces might fail when entering negative DQS skew values. 
CRITICAL WARNING: [PSU-3]  Parameter : PCW_UIPARAM_DDR_DQS_TO_CLK_DELAY_2 has negative value -0.009 . PS DDR interfaces might fail when entering negative DQS skew values. 
CRITICAL WARNING: [PSU-4]  Parameter : PCW_UIPARAM_DDR_DQS_TO_CLK_DELAY_3 has negative value -0.033 . PS DDR interfaces might fail when entering negative DQS skew values. 
startgroup
set_property CONFIG.PCW_FPGA1_PERIPHERAL_FREQMHZ {125} [get_bd_cells processing_system7_0]
CRITICAL WARNING: [PSU-1]  Parameter : PCW_UIPARAM_DDR_DQS_TO_CLK_DELAY_0 has negative value -0.051 . PS DDR interfaces might fail when entering negative DQS skew values. 
CRITICAL WARNING: [PSU-2]  Parameter : PCW_UIPARAM_DDR_DQS_TO_CLK_DELAY_1 has negative value -0.006 . PS DDR interfaces might fail when entering negative DQS skew values. 
CRITICAL WARNING: [PSU-3]  Parameter : PCW_UIPARAM_DDR_DQS_TO_CLK_DELAY_2 has negative value -0.009 . PS DDR interfaces might fail when entering negative DQS skew values. 
CRITICAL WARNING: [PSU-4]  Parameter : PCW_UIPARAM_DDR_DQS_TO_CLK_DELAY_3 has negative value -0.033 . PS DDR interfaces might fail when entering negative DQS skew values. 
endgroup
CRITICAL WARNING: [PSU-1]  Parameter : PCW_UIPARAM_DDR_DQS_TO_CLK_DELAY_0 has negative value -0.051 . PS DDR interfaces might fail when entering negative DQS skew values. 
CRITICAL WARNING: [PSU-2]  Parameter : PCW_UIPARAM_DDR_DQS_TO_CLK_DELAY_1 has negative value -0.006 . PS DDR interfaces might fail when entering negative DQS skew values. 
CRITICAL WARNING: [PSU-3]  Parameter : PCW_UIPARAM_DDR_DQS_TO_CLK_DELAY_2 has negative value -0.009 . PS DDR interfaces might fail when entering negative DQS skew values. 
CRITICAL WARNING: [PSU-4]  Parameter : PCW_UIPARAM_DDR_DQS_TO_CLK_DELAY_3 has negative value -0.033 . PS DDR interfaces might fail when entering negative DQS skew values. 
WARNING: [IP_Flow 19-474] Invalid Parameter 'Component_Name'
CRITICAL WARNING: [PSU-1]  Parameter : PCW_UIPARAM_DDR_DQS_TO_CLK_DELAY_0 has negative value -0.051 . PS DDR interfaces might fail when entering negative DQS skew values. 
CRITICAL WARNING: [PSU-2]  Parameter : PCW_UIPARAM_DDR_DQS_TO_CLK_DELAY_1 has negative value -0.006 . PS DDR interfaces might fail when entering negative DQS skew values. 
CRITICAL WARNING: [PSU-3]  Parameter : PCW_UIPARAM_DDR_DQS_TO_CLK_DELAY_2 has negative value -0.009 . PS DDR interfaces might fail when entering negative DQS skew values. 
CRITICAL WARNING: [PSU-4]  Parameter : PCW_UIPARAM_DDR_DQS_TO_CLK_DELAY_3 has negative value -0.033 . PS DDR interfaces might fail when entering negative DQS skew values. 
CRITICAL WARNING: [PSU-1]  Parameter : PCW_UIPARAM_DDR_DQS_TO_CLK_DELAY_0 has negative value -0.051 . PS DDR interfaces might fail when entering negative DQS skew values. 
CRITICAL WARNING: [PSU-2]  Parameter : PCW_UIPARAM_DDR_DQS_TO_CLK_DELAY_1 has negative value -0.006 . PS DDR interfaces might fail when entering negative DQS skew values. 
CRITICAL WARNING: [PSU-3]  Parameter : PCW_UIPARAM_DDR_DQS_TO_CLK_DELAY_2 has negative value -0.009 . PS DDR interfaces might fail when entering negative DQS skew values. 
CRITICAL WARNING: [PSU-4]  Parameter : PCW_UIPARAM_DDR_DQS_TO_CLK_DELAY_3 has negative value -0.033 . PS DDR interfaces might fail when entering negative DQS skew values. 
startgroup
set_property -dict [list \
  CONFIG.PCW_FPGA1_PERIPHERAL_FREQMHZ {100} \
  CONFIG.PCW_QSPI_GRP_SINGLE_SS_ENABLE {1} \
] [get_bd_cells processing_system7_0]
CRITICAL WARNING: [PSU-1]  Parameter : PCW_UIPARAM_DDR_DQS_TO_CLK_DELAY_0 has negative value -0.051 . PS DDR interfaces might fail when entering negative DQS skew values. 
CRITICAL WARNING: [PSU-2]  Parameter : PCW_UIPARAM_DDR_DQS_TO_CLK_DELAY_1 has negative value -0.006 . PS DDR interfaces might fail when entering negative DQS skew values. 
CRITICAL WARNING: [PSU-3]  Parameter : PCW_UIPARAM_DDR_DQS_TO_CLK_DELAY_2 has negative value -0.009 . PS DDR interfaces might fail when entering negative DQS skew values. 
CRITICAL WARNING: [PSU-4]  Parameter : PCW_UIPARAM_DDR_DQS_TO_CLK_DELAY_3 has negative value -0.033 . PS DDR interfaces might fail when entering negative DQS skew values. 
endgroup
CRITICAL WARNING: [PSU-1]  Parameter : PCW_UIPARAM_DDR_DQS_TO_CLK_DELAY_0 has negative value -0.051 . PS DDR interfaces might fail when entering negative DQS skew values. 
CRITICAL WARNING: [PSU-2]  Parameter : PCW_UIPARAM_DDR_DQS_TO_CLK_DELAY_1 has negative value -0.006 . PS DDR interfaces might fail when entering negative DQS skew values. 
CRITICAL WARNING: [PSU-3]  Parameter : PCW_UIPARAM_DDR_DQS_TO_CLK_DELAY_2 has negative value -0.009 . PS DDR interfaces might fail when entering negative DQS skew values. 
CRITICAL WARNING: [PSU-4]  Parameter : PCW_UIPARAM_DDR_DQS_TO_CLK_DELAY_3 has negative value -0.033 . PS DDR interfaces might fail when entering negative DQS skew values. 
WARNING: [IP_Flow 19-474] Invalid Parameter 'Component_Name'
CRITICAL WARNING: [PSU-1]  Parameter : PCW_UIPARAM_DDR_DQS_TO_CLK_DELAY_0 has negative value -0.051 . PS DDR interfaces might fail when entering negative DQS skew values. 
CRITICAL WARNING: [PSU-2]  Parameter : PCW_UIPARAM_DDR_DQS_TO_CLK_DELAY_1 has negative value -0.006 . PS DDR interfaces might fail when entering negative DQS skew values. 
CRITICAL WARNING: [PSU-3]  Parameter : PCW_UIPARAM_DDR_DQS_TO_CLK_DELAY_2 has negative value -0.009 . PS DDR interfaces might fail when entering negative DQS skew values. 
CRITICAL WARNING: [PSU-4]  Parameter : PCW_UIPARAM_DDR_DQS_TO_CLK_DELAY_3 has negative value -0.033 . PS DDR interfaces might fail when entering negative DQS skew values. 
startgroup
set_property CONFIG.PCW_FPGA1_PERIPHERAL_FREQMHZ {150} [get_bd_cells processing_system7_0]
CRITICAL WARNING: [PSU-1]  Parameter : PCW_UIPARAM_DDR_DQS_TO_CLK_DELAY_0 has negative value -0.051 . PS DDR interfaces might fail when entering negative DQS skew values. 
CRITICAL WARNING: [PSU-2]  Parameter : PCW_UIPARAM_DDR_DQS_TO_CLK_DELAY_1 has negative value -0.006 . PS DDR interfaces might fail when entering negative DQS skew values. 
CRITICAL WARNING: [PSU-3]  Parameter : PCW_UIPARAM_DDR_DQS_TO_CLK_DELAY_2 has negative value -0.009 . PS DDR interfaces might fail when entering negative DQS skew values. 
CRITICAL WARNING: [PSU-4]  Parameter : PCW_UIPARAM_DDR_DQS_TO_CLK_DELAY_3 has negative value -0.033 . PS DDR interfaces might fail when entering negative DQS skew values. 
endgroup
reset_run system_processing_system7_0_0_synth_1
reset_run synth_1
INFO: [Project 1-1161] Replacing file /home/jsp/Storage/CFU_PYNQ_FIles/CFU_SRC/pynq_z2/pynq_z2/arunQAFDHGDZXVNBDXG_gae.srcs/utils_1/imports/synth_1/system_wrapper.dcp with file /home/jsp/Storage/CFU_PYNQ_FIles/CFU_SRC/pynq_z2/pynq_z2/arunQAFDHGDZXVNBDXG_gae.runs/synth_1/system_wrapper.dcp
save_bd_design
Wrote  : </home/jsp/Storage/CFU_PYNQ_FIles/CFU_SRC/pynq_z2/pynq_z2/arunQAFDHGDZXVNBDXG_gae.srcs/sources_1/bd/system/system.bd> 
WARNING: [filemgmt 56-199] Attempt to get parsing info during refresh. "On-the-fly" syntax checking information may be incorrect. [/home/jsp/Storage/CFU_PYNQ_FIles/CFU_SRC/donut-accel/cfu.v:]
WARNING: [filemgmt 56-199] Attempt to get parsing info during refresh. "On-the-fly" syntax checking information may be incorrect. [/home/jsp/Storage/CFU_PYNQ_FIles/CFU_SRC/pynq_z2/pynq_z2/arunQAFDHGDZXVNBDXG_gae.srcs/sources_1/new/Cfu.v:]
WARNING: [filemgmt 56-199] Attempt to get parsing info during refresh. "On-the-fly" syntax checking information may be incorrect. [/home/jsp/Storage/CFU_PYNQ_FIles/CFU_SRC/pynq_z2/pynq_z2/arunQAFDHGDZXVNBDXG_gae.srcs/sources_1/new/tul_pynq_z2.v:]
WARNING: [filemgmt 56-199] Attempt to get parsing info during refresh. "On-the-fly" syntax checking information may be incorrect. [/home/jsp/Storage/CFU_PYNQ_FIles/CFU_SRC/pynq_z2/pynq_z2/arunQAFDHGDZXVNBDXG_gae.srcs/sources_1/new/Cfu.v:]
WARNING: [filemgmt 56-199] Attempt to get parsing info during refresh. "On-the-fly" syntax checking information may be incorrect. [/home/jsp/Storage/CFU_PYNQ_FIles/CFU_SRC/pynq_z2/pynq_z2/arunQAFDHGDZXVNBDXG_gae.srcs/sources_1/new/Cfu.v:]
WARNING: [filemgmt 56-199] Attempt to get parsing info during refresh. "On-the-fly" syntax checking information may be incorrect. [/home/jsp/Storage/CFU_PYNQ_FIles/CFU_SRC/donut-accel/cfu.v:]
WARNING: [filemgmt 56-199] Attempt to get parsing info during refresh. "On-the-fly" syntax checking information may be incorrect. [/home/jsp/Storage/CFU_PYNQ_FIles/CFU_SRC/pynq_z2/pynq_z2/arunQAFDHGDZXVNBDXG_gae.srcs/sources_1/new/Cfu.v:]
WARNING: [filemgmt 56-199] Attempt to get parsing info during refresh. "On-the-fly" syntax checking information may be incorrect. [/home/jsp/Storage/CFU_PYNQ_FIles/CFU_SRC/pynq_z2/pynq_z2/arunQAFDHGDZXVNBDXG_gae.srcs/sources_1/new/tul_pynq_z2.v:]
WARNING: [filemgmt 56-199] Attempt to get parsing info during refresh. "On-the-fly" syntax checking information may be incorrect. [/home/jsp/Storage/CFU_PYNQ_FIles/CFU_SRC/pynq_z2/pynq_z2/arunQAFDHGDZXVNBDXG_gae.srcs/sources_1/new/tul_pynq_z2.v:]
WARNING: [filemgmt 56-199] Attempt to get parsing info during refresh. "On-the-fly" syntax checking information may be incorrect. [/home/jsp/Storage/CFU_PYNQ_FIles/CFU_SRC/pynq_z2/pynq_z2/arunQAFDHGDZXVNBDXG_gae.srcs/sources_1/new/tul_pynq_z2.v:]
launch_runs impl_1 -jobs 12
INFO: [Vivado 12-4149] The synthesis checkpoint for IP '/home/jsp/Storage/CFU_PYNQ_FIles/CFU_SRC/pynq_z2/pynq_z2/arunQAFDHGDZXVNBDXG_gae.srcs/sources_1/ip/cfu_decoupler/cfu_decoupler.xci' is already up-to-date
WARNING: [BD 41-702] Propagation TCL tries to overwrite USER strength parameter PCW_M_AXI_GP0_FREQMHZ(10) on '/processing_system7_0' with propagated value(100). Command ignored
INFO: [xilinx.com:ip:clk_wiz:6.0-1] /clk_wiz clk_wiz propagate
INFO: [xilinx.com:ip:clk_wiz:6.0-1] /clk_wiz clk_wiz propagate
Wrote  : </home/jsp/Storage/CFU_PYNQ_FIles/CFU_SRC/pynq_z2/pynq_z2/arunQAFDHGDZXVNBDXG_gae.srcs/sources_1/bd/system/system.bd> 
Verilog Output written to : /home/jsp/Storage/CFU_PYNQ_FIles/CFU_SRC/pynq_z2/pynq_z2/arunQAFDHGDZXVNBDXG_gae.gen/sources_1/bd/system/synth/system.v
Verilog Output written to : /home/jsp/Storage/CFU_PYNQ_FIles/CFU_SRC/pynq_z2/pynq_z2/arunQAFDHGDZXVNBDXG_gae.gen/sources_1/bd/system/sim/system.v
Verilog Output written to : /home/jsp/Storage/CFU_PYNQ_FIles/CFU_SRC/pynq_z2/pynq_z2/arunQAFDHGDZXVNBDXG_gae.gen/sources_1/bd/system/hdl/system_wrapper.v
INFO: [IP_Flow 19-5611] Unable to find an associated reset port for the interface 'M_AXI_GP0'. A default connection has been created.
INFO: [BD 41-1029] Generation completed for the IP Integrator block processing_system7_0 .
WARNING: [IP_Flow 19-4994] Overwriting existing constraint file '/home/jsp/Storage/CFU_PYNQ_FIles/CFU_SRC/pynq_z2/pynq_z2/arunQAFDHGDZXVNBDXG_gae.gen/sources_1/bd/system/ip/system_auto_pc_0/system_auto_pc_0_ooc.xdc'
INFO: [BD 41-1029] Generation completed for the IP Integrator block ps7_0_axi_periph/s00_couplers/auto_pc .
Exporting to file /home/jsp/Storage/CFU_PYNQ_FIles/CFU_SRC/pynq_z2/pynq_z2/arunQAFDHGDZXVNBDXG_gae.gen/sources_1/bd/system/hw_handoff/system.hwh
Generated Hardware Definition File /home/jsp/Storage/CFU_PYNQ_FIles/CFU_SRC/pynq_z2/pynq_z2/arunQAFDHGDZXVNBDXG_gae.gen/sources_1/bd/system/synth/system.hwdef
INFO: [IP_Flow 19-6924] IPCACHE: Running cache check for IP inst: system_auto_pc_0
INFO: [IP_Flow 19-6922] IPCACHE: Exporting cached entry 28dbe6f2fca8b92b to dir: /home/jsp/Storage/CFU_PYNQ_FIles/CFU_SRC/pynq_z2/pynq_z2/arunQAFDHGDZXVNBDXG_gae.gen/sources_1/bd/system/ip/system_auto_pc_0
INFO: [IP_Flow 19-6928] IPCACHE: copied cached file /home/jsp/Storage/CFU_PYNQ_FIles/CFU_SRC/pynq_z2/pynq_z2/arunQAFDHGDZXVNBDXG_gae.cache/ip/2024.1/2/8/28dbe6f2fca8b92b/system_auto_pc_0_sim_netlist.v to /home/jsp/Storage/CFU_PYNQ_FIles/CFU_SRC/pynq_z2/pynq_z2/arunQAFDHGDZXVNBDXG_gae.gen/sources_1/bd/system/ip/system_auto_pc_0/system_auto_pc_0_sim_netlist.v.
INFO: [IP_Flow 19-6926] IPCACHE: added file to list for BOM: /home/jsp/Storage/CFU_PYNQ_FIles/CFU_SRC/pynq_z2/pynq_z2/arunQAFDHGDZXVNBDXG_gae.gen/sources_1/bd/system/ip/system_auto_pc_0/system_auto_pc_0_sim_netlist.v
INFO: [IP_Flow 19-6928] IPCACHE: copied cached file /home/jsp/Storage/CFU_PYNQ_FIles/CFU_SRC/pynq_z2/pynq_z2/arunQAFDHGDZXVNBDXG_gae.cache/ip/2024.1/2/8/28dbe6f2fca8b92b/system_auto_pc_0_stub.v to /home/jsp/Storage/CFU_PYNQ_FIles/CFU_SRC/pynq_z2/pynq_z2/arunQAFDHGDZXVNBDXG_gae.gen/sources_1/bd/system/ip/system_auto_pc_0/system_auto_pc_0_stub.v.
INFO: [IP_Flow 19-6926] IPCACHE: added file to list for BOM: /home/jsp/Storage/CFU_PYNQ_FIles/CFU_SRC/pynq_z2/pynq_z2/arunQAFDHGDZXVNBDXG_gae.gen/sources_1/bd/system/ip/system_auto_pc_0/system_auto_pc_0_stub.v
INFO: [IP_Flow 19-6928] IPCACHE: copied cached file /home/jsp/Storage/CFU_PYNQ_FIles/CFU_SRC/pynq_z2/pynq_z2/arunQAFDHGDZXVNBDXG_gae.cache/ip/2024.1/2/8/28dbe6f2fca8b92b/system_auto_pc_0_sim_netlist.vhdl to /home/jsp/Storage/CFU_PYNQ_FIles/CFU_SRC/pynq_z2/pynq_z2/arunQAFDHGDZXVNBDXG_gae.gen/sources_1/bd/system/ip/system_auto_pc_0/system_auto_pc_0_sim_netlist.vhdl.
INFO: [IP_Flow 19-6926] IPCACHE: added file to list for BOM: /home/jsp/Storage/CFU_PYNQ_FIles/CFU_SRC/pynq_z2/pynq_z2/arunQAFDHGDZXVNBDXG_gae.gen/sources_1/bd/system/ip/system_auto_pc_0/system_auto_pc_0_sim_netlist.vhdl
INFO: [IP_Flow 19-6928] IPCACHE: copied cached file /home/jsp/Storage/CFU_PYNQ_FIles/CFU_SRC/pynq_z2/pynq_z2/arunQAFDHGDZXVNBDXG_gae.cache/ip/2024.1/2/8/28dbe6f2fca8b92b/system_auto_pc_0.dcp to /home/jsp/Storage/CFU_PYNQ_FIles/CFU_SRC/pynq_z2/pynq_z2/arunQAFDHGDZXVNBDXG_gae.gen/sources_1/bd/system/ip/system_auto_pc_0/system_auto_pc_0.dcp.
INFO: [IP_Flow 19-6926] IPCACHE: added file to list for BOM: /home/jsp/Storage/CFU_PYNQ_FIles/CFU_SRC/pynq_z2/pynq_z2/arunQAFDHGDZXVNBDXG_gae.gen/sources_1/bd/system/ip/system_auto_pc_0/system_auto_pc_0.dcp
INFO: [IP_Flow 19-6928] IPCACHE: copied cached file /home/jsp/Storage/CFU_PYNQ_FIles/CFU_SRC/pynq_z2/pynq_z2/arunQAFDHGDZXVNBDXG_gae.cache/ip/2024.1/2/8/28dbe6f2fca8b92b/system_auto_pc_0_stub.vhdl to /home/jsp/Storage/CFU_PYNQ_FIles/CFU_SRC/pynq_z2/pynq_z2/arunQAFDHGDZXVNBDXG_gae.gen/sources_1/bd/system/ip/system_auto_pc_0/system_auto_pc_0_stub.vhdl.
INFO: [IP_Flow 19-6926] IPCACHE: added file to list for BOM: /home/jsp/Storage/CFU_PYNQ_FIles/CFU_SRC/pynq_z2/pynq_z2/arunQAFDHGDZXVNBDXG_gae.gen/sources_1/bd/system/ip/system_auto_pc_0/system_auto_pc_0_stub.vhdl
INFO: [IP_Flow 19-4993] Using cached IP synthesis design for IP system_auto_pc_0, cache-ID = 28dbe6f2fca8b92b; cache size = 3.220 MB.
[Wed Nov  5 08:37:25 2025] Launched system_processing_system7_0_0_synth_1, synth_1...
Run output will be captured here:
system_processing_system7_0_0_synth_1: /home/jsp/Storage/CFU_PYNQ_FIles/CFU_SRC/pynq_z2/pynq_z2/arunQAFDHGDZXVNBDXG_gae.runs/system_processing_system7_0_0_synth_1/runme.log
synth_1: /home/jsp/Storage/CFU_PYNQ_FIles/CFU_SRC/pynq_z2/pynq_z2/arunQAFDHGDZXVNBDXG_gae.runs/synth_1/runme.log
[Wed Nov  5 08:37:25 2025] Launched impl_1...
Run output will be captured here: /home/jsp/Storage/CFU_PYNQ_FIles/CFU_SRC/pynq_z2/pynq_z2/arunQAFDHGDZXVNBDXG_gae.runs/impl_1/runme.log
launch_runs: Time (s): cpu = 00:00:27 ; elapsed = 00:00:24 . Memory (MB): peak = 12811.863 ; gain = 442.020 ; free physical = 6122 ; free virtual = 17728
WARNING: [filemgmt 56-199] Attempt to get parsing info during refresh. "On-the-fly" syntax checking information may be incorrect. [/home/jsp/Storage/CFU_PYNQ_FIles/CFU_SRC/donut-accel/cfu.v:]
WARNING: [filemgmt 56-199] Attempt to get parsing info during refresh. "On-the-fly" syntax checking information may be incorrect. [/home/jsp/Storage/CFU_PYNQ_FIles/CFU_SRC/pynq_z2/pynq_z2/arunQAFDHGDZXVNBDXG_gae.srcs/sources_1/new/Cfu.v:]
WARNING: [filemgmt 56-199] Attempt to get parsing info during refresh. "On-the-fly" syntax checking information may be incorrect. [/home/jsp/Storage/CFU_PYNQ_FIles/CFU_SRC/pynq_z2/pynq_z2/arunQAFDHGDZXVNBDXG_gae.srcs/sources_1/new/tul_pynq_z2.v:]
WARNING: [filemgmt 56-199] Attempt to get parsing info during refresh. "On-the-fly" syntax checking information may be incorrect. [/home/jsp/Storage/CFU_PYNQ_FIles/CFU_SRC/pynq_z2/pynq_z2/arunQAFDHGDZXVNBDXG_gae.srcs/sources_1/new/Cfu.v:]
WARNING: [filemgmt 56-199] Attempt to get parsing info during refresh. "On-the-fly" syntax checking information may be incorrect. [/home/jsp/Storage/CFU_PYNQ_FIles/CFU_SRC/pynq_z2/pynq_z2/arunQAFDHGDZXVNBDXG_gae.srcs/sources_1/new/Cfu.v:]
WARNING: [filemgmt 56-199] Attempt to get parsing info during refresh. "On-the-fly" syntax checking information may be incorrect. [/home/jsp/Storage/CFU_PYNQ_FIles/CFU_SRC/donut-accel/cfu.v:]
WARNING: [filemgmt 56-199] Attempt to get parsing info during refresh. "On-the-fly" syntax checking information may be incorrect. [/home/jsp/Storage/CFU_PYNQ_FIles/CFU_SRC/pynq_z2/pynq_z2/arunQAFDHGDZXVNBDXG_gae.srcs/sources_1/new/Cfu.v:]
WARNING: [filemgmt 56-199] Attempt to get parsing info during refresh. "On-the-fly" syntax checking information may be incorrect. [/home/jsp/Storage/CFU_PYNQ_FIles/CFU_SRC/pynq_z2/pynq_z2/arunQAFDHGDZXVNBDXG_gae.srcs/sources_1/new/tul_pynq_z2.v:]
WARNING: [filemgmt 56-199] Attempt to get parsing info during refresh. "On-the-fly" syntax checking information may be incorrect. [/home/jsp/Storage/CFU_PYNQ_FIles/CFU_SRC/pynq_z2/pynq_z2/arunQAFDHGDZXVNBDXG_gae.srcs/sources_1/new/tul_pynq_z2.v:]
WARNING: [filemgmt 56-199] Attempt to get parsing info during refresh. "On-the-fly" syntax checking information may be incorrect. [/home/jsp/Storage/CFU_PYNQ_FIles/CFU_SRC/pynq_z2/pynq_z2/arunQAFDHGDZXVNBDXG_gae.srcs/sources_1/new/tul_pynq_z2.v:]
CRITICAL WARNING: [PSU-1]  Parameter : PCW_UIPARAM_DDR_DQS_TO_CLK_DELAY_0 has negative value -0.051 . PS DDR interfaces might fail when entering negative DQS skew values. 
CRITICAL WARNING: [PSU-2]  Parameter : PCW_UIPARAM_DDR_DQS_TO_CLK_DELAY_1 has negative value -0.006 . PS DDR interfaces might fail when entering negative DQS skew values. 
CRITICAL WARNING: [PSU-3]  Parameter : PCW_UIPARAM_DDR_DQS_TO_CLK_DELAY_2 has negative value -0.009 . PS DDR interfaces might fail when entering negative DQS skew values. 
CRITICAL WARNING: [PSU-4]  Parameter : PCW_UIPARAM_DDR_DQS_TO_CLK_DELAY_3 has negative value -0.033 . PS DDR interfaces might fail when entering negative DQS skew values. 
WARNING: [IP_Flow 19-474] Invalid Parameter 'Component_Name'
CRITICAL WARNING: [PSU-2]  Parameter : PCW_UIPARAM_DDR_DQS_TO_CLK_DELAY_0 has negative value -0.051 . PS DDR interfaces might fail when entering negative DQS skew values. 
CRITICAL WARNING: [PSU-3]  Parameter : PCW_UIPARAM_DDR_DQS_TO_CLK_DELAY_1 has negative value -0.006 . PS DDR interfaces might fail when entering negative DQS skew values. 
CRITICAL WARNING: [PSU-4]  Parameter : PCW_UIPARAM_DDR_DQS_TO_CLK_DELAY_2 has negative value -0.009 . PS DDR interfaces might fail when entering negative DQS skew values. 
CRITICAL WARNING: [PSU-5]  Parameter : PCW_UIPARAM_DDR_DQS_TO_CLK_DELAY_3 has negative value -0.033 . PS DDR interfaces might fail when entering negative DQS skew values. 
CRITICAL WARNING: [PSU-1]  Parameter : PCW_UIPARAM_DDR_DQS_TO_CLK_DELAY_0 has negative value -0.051 . PS DDR interfaces might fail when entering negative DQS skew values. 
CRITICAL WARNING: [PSU-2]  Parameter : PCW_UIPARAM_DDR_DQS_TO_CLK_DELAY_1 has negative value -0.006 . PS DDR interfaces might fail when entering negative DQS skew values. 
CRITICAL WARNING: [PSU-3]  Parameter : PCW_UIPARAM_DDR_DQS_TO_CLK_DELAY_2 has negative value -0.009 . PS DDR interfaces might fail when entering negative DQS skew values. 
CRITICAL WARNING: [PSU-4]  Parameter : PCW_UIPARAM_DDR_DQS_TO_CLK_DELAY_3 has negative value -0.033 . PS DDR interfaces might fail when entering negative DQS skew values. 
startgroup
set_property CONFIG.PCW_FPGA1_PERIPHERAL_FREQMHZ {125} [get_bd_cells processing_system7_0]
CRITICAL WARNING: [PSU-1]  Parameter : PCW_UIPARAM_DDR_DQS_TO_CLK_DELAY_0 has negative value -0.051 . PS DDR interfaces might fail when entering negative DQS skew values. 
CRITICAL WARNING: [PSU-2]  Parameter : PCW_UIPARAM_DDR_DQS_TO_CLK_DELAY_1 has negative value -0.006 . PS DDR interfaces might fail when entering negative DQS skew values. 
CRITICAL WARNING: [PSU-3]  Parameter : PCW_UIPARAM_DDR_DQS_TO_CLK_DELAY_2 has negative value -0.009 . PS DDR interfaces might fail when entering negative DQS skew values. 
CRITICAL WARNING: [PSU-4]  Parameter : PCW_UIPARAM_DDR_DQS_TO_CLK_DELAY_3 has negative value -0.033 . PS DDR interfaces might fail when entering negative DQS skew values. 
endgroup
reset_run system_processing_system7_0_0_synth_1
reset_run synth_1
INFO: [Project 1-1161] Replacing file /home/jsp/Storage/CFU_PYNQ_FIles/CFU_SRC/pynq_z2/pynq_z2/arunQAFDHGDZXVNBDXG_gae.srcs/utils_1/imports/synth_1/system_wrapper.dcp with file /home/jsp/Storage/CFU_PYNQ_FIles/CFU_SRC/pynq_z2/pynq_z2/arunQAFDHGDZXVNBDXG_gae.runs/synth_1/system_wrapper.dcp
WARNING: [filemgmt 56-199] Attempt to get parsing info during refresh. "On-the-fly" syntax checking information may be incorrect. [/home/jsp/Storage/CFU_PYNQ_FIles/CFU_SRC/donut-accel/cfu.v:]
WARNING: [filemgmt 56-199] Attempt to get parsing info during refresh. "On-the-fly" syntax checking information may be incorrect. [/home/jsp/Storage/CFU_PYNQ_FIles/CFU_SRC/pynq_z2/pynq_z2/arunQAFDHGDZXVNBDXG_gae.srcs/sources_1/new/Cfu.v:]
WARNING: [filemgmt 56-199] Attempt to get parsing info during refresh. "On-the-fly" syntax checking information may be incorrect. [/home/jsp/Storage/CFU_PYNQ_FIles/CFU_SRC/pynq_z2/pynq_z2/arunQAFDHGDZXVNBDXG_gae.srcs/sources_1/new/tul_pynq_z2.v:]
WARNING: [filemgmt 56-199] Attempt to get parsing info during refresh. "On-the-fly" syntax checking information may be incorrect. [/home/jsp/Storage/CFU_PYNQ_FIles/CFU_SRC/donut-accel/cfu.v:]
WARNING: [filemgmt 56-199] Attempt to get parsing info during refresh. "On-the-fly" syntax checking information may be incorrect. [/home/jsp/Storage/CFU_PYNQ_FIles/CFU_SRC/donut-accel/cfu.v:]
WARNING: [filemgmt 56-199] Attempt to get parsing info during refresh. "On-the-fly" syntax checking information may be incorrect. [/home/jsp/Storage/CFU_PYNQ_FIles/CFU_SRC/donut-accel/cfu.v:]
WARNING: [filemgmt 56-199] Attempt to get parsing info during refresh. "On-the-fly" syntax checking information may be incorrect. [/home/jsp/Storage/CFU_PYNQ_FIles/CFU_SRC/pynq_z2/pynq_z2/arunQAFDHGDZXVNBDXG_gae.srcs/sources_1/new/Cfu.v:]
WARNING: [filemgmt 56-199] Attempt to get parsing info during refresh. "On-the-fly" syntax checking information may be incorrect. [/home/jsp/Storage/CFU_PYNQ_FIles/CFU_SRC/pynq_z2/pynq_z2/arunQAFDHGDZXVNBDXG_gae.srcs/sources_1/new/tul_pynq_z2.v:]
WARNING: [filemgmt 56-199] Attempt to get parsing info during refresh. "On-the-fly" syntax checking information may be incorrect. [/home/jsp/Storage/CFU_PYNQ_FIles/CFU_SRC/pynq_z2/pynq_z2/arunQAFDHGDZXVNBDXG_gae.srcs/sources_1/new/tul_pynq_z2.v:]
WARNING: [filemgmt 56-199] Attempt to get parsing info during refresh. "On-the-fly" syntax checking information may be incorrect. [/home/jsp/Storage/CFU_PYNQ_FIles/CFU_SRC/pynq_z2/pynq_z2/arunQAFDHGDZXVNBDXG_gae.srcs/sources_1/new/tul_pynq_z2.v:]
save_bd_design
Wrote  : </home/jsp/Storage/CFU_PYNQ_FIles/CFU_SRC/pynq_z2/pynq_z2/arunQAFDHGDZXVNBDXG_gae.srcs/sources_1/bd/system/system.bd> 
launch_runs impl_1 -jobs 12
INFO: [Vivado 12-4149] The synthesis checkpoint for IP '/home/jsp/Storage/CFU_PYNQ_FIles/CFU_SRC/pynq_z2/pynq_z2/arunQAFDHGDZXVNBDXG_gae.srcs/sources_1/ip/cfu_decoupler/cfu_decoupler.xci' is already up-to-date
WARNING: [BD 41-702] Propagation TCL tries to overwrite USER strength parameter PCW_M_AXI_GP0_FREQMHZ(10) on '/processing_system7_0' with propagated value(100). Command ignored
INFO: [xilinx.com:ip:clk_wiz:6.0-1] /clk_wiz clk_wiz propagate
INFO: [xilinx.com:ip:clk_wiz:6.0-1] /clk_wiz clk_wiz propagate
Wrote  : </home/jsp/Storage/CFU_PYNQ_FIles/CFU_SRC/pynq_z2/pynq_z2/arunQAFDHGDZXVNBDXG_gae.srcs/sources_1/bd/system/system.bd> 
Verilog Output written to : /home/jsp/Storage/CFU_PYNQ_FIles/CFU_SRC/pynq_z2/pynq_z2/arunQAFDHGDZXVNBDXG_gae.gen/sources_1/bd/system/synth/system.v
Verilog Output written to : /home/jsp/Storage/CFU_PYNQ_FIles/CFU_SRC/pynq_z2/pynq_z2/arunQAFDHGDZXVNBDXG_gae.gen/sources_1/bd/system/sim/system.v
Verilog Output written to : /home/jsp/Storage/CFU_PYNQ_FIles/CFU_SRC/pynq_z2/pynq_z2/arunQAFDHGDZXVNBDXG_gae.gen/sources_1/bd/system/hdl/system_wrapper.v
INFO: [IP_Flow 19-5611] Unable to find an associated reset port for the interface 'M_AXI_GP0'. A default connection has been created.
INFO: [BD 41-1029] Generation completed for the IP Integrator block processing_system7_0 .
WARNING: [IP_Flow 19-4994] Overwriting existing constraint file '/home/jsp/Storage/CFU_PYNQ_FIles/CFU_SRC/pynq_z2/pynq_z2/arunQAFDHGDZXVNBDXG_gae.gen/sources_1/bd/system/ip/system_auto_pc_0/system_auto_pc_0_ooc.xdc'
INFO: [BD 41-1029] Generation completed for the IP Integrator block ps7_0_axi_periph/s00_couplers/auto_pc .
Exporting to file /home/jsp/Storage/CFU_PYNQ_FIles/CFU_SRC/pynq_z2/pynq_z2/arunQAFDHGDZXVNBDXG_gae.gen/sources_1/bd/system/hw_handoff/system.hwh
Generated Hardware Definition File /home/jsp/Storage/CFU_PYNQ_FIles/CFU_SRC/pynq_z2/pynq_z2/arunQAFDHGDZXVNBDXG_gae.gen/sources_1/bd/system/synth/system.hwdef
INFO: [IP_Flow 19-6924] IPCACHE: Running cache check for IP inst: system_auto_pc_0
INFO: [IP_Flow 19-6922] IPCACHE: Exporting cached entry 28dbe6f2fca8b92b to dir: /home/jsp/Storage/CFU_PYNQ_FIles/CFU_SRC/pynq_z2/pynq_z2/arunQAFDHGDZXVNBDXG_gae.gen/sources_1/bd/system/ip/system_auto_pc_0
INFO: [IP_Flow 19-6928] IPCACHE: copied cached file /home/jsp/Storage/CFU_PYNQ_FIles/CFU_SRC/pynq_z2/pynq_z2/arunQAFDHGDZXVNBDXG_gae.cache/ip/2024.1/2/8/28dbe6f2fca8b92b/system_auto_pc_0_sim_netlist.v to /home/jsp/Storage/CFU_PYNQ_FIles/CFU_SRC/pynq_z2/pynq_z2/arunQAFDHGDZXVNBDXG_gae.gen/sources_1/bd/system/ip/system_auto_pc_0/system_auto_pc_0_sim_netlist.v.
INFO: [IP_Flow 19-6926] IPCACHE: added file to list for BOM: /home/jsp/Storage/CFU_PYNQ_FIles/CFU_SRC/pynq_z2/pynq_z2/arunQAFDHGDZXVNBDXG_gae.gen/sources_1/bd/system/ip/system_auto_pc_0/system_auto_pc_0_sim_netlist.v
INFO: [IP_Flow 19-6928] IPCACHE: copied cached file /home/jsp/Storage/CFU_PYNQ_FIles/CFU_SRC/pynq_z2/pynq_z2/arunQAFDHGDZXVNBDXG_gae.cache/ip/2024.1/2/8/28dbe6f2fca8b92b/system_auto_pc_0_stub.v to /home/jsp/Storage/CFU_PYNQ_FIles/CFU_SRC/pynq_z2/pynq_z2/arunQAFDHGDZXVNBDXG_gae.gen/sources_1/bd/system/ip/system_auto_pc_0/system_auto_pc_0_stub.v.
INFO: [IP_Flow 19-6926] IPCACHE: added file to list for BOM: /home/jsp/Storage/CFU_PYNQ_FIles/CFU_SRC/pynq_z2/pynq_z2/arunQAFDHGDZXVNBDXG_gae.gen/sources_1/bd/system/ip/system_auto_pc_0/system_auto_pc_0_stub.v
INFO: [IP_Flow 19-6928] IPCACHE: copied cached file /home/jsp/Storage/CFU_PYNQ_FIles/CFU_SRC/pynq_z2/pynq_z2/arunQAFDHGDZXVNBDXG_gae.cache/ip/2024.1/2/8/28dbe6f2fca8b92b/system_auto_pc_0_sim_netlist.vhdl to /home/jsp/Storage/CFU_PYNQ_FIles/CFU_SRC/pynq_z2/pynq_z2/arunQAFDHGDZXVNBDXG_gae.gen/sources_1/bd/system/ip/system_auto_pc_0/system_auto_pc_0_sim_netlist.vhdl.
INFO: [IP_Flow 19-6926] IPCACHE: added file to list for BOM: /home/jsp/Storage/CFU_PYNQ_FIles/CFU_SRC/pynq_z2/pynq_z2/arunQAFDHGDZXVNBDXG_gae.gen/sources_1/bd/system/ip/system_auto_pc_0/system_auto_pc_0_sim_netlist.vhdl
INFO: [IP_Flow 19-6928] IPCACHE: copied cached file /home/jsp/Storage/CFU_PYNQ_FIles/CFU_SRC/pynq_z2/pynq_z2/arunQAFDHGDZXVNBDXG_gae.cache/ip/2024.1/2/8/28dbe6f2fca8b92b/system_auto_pc_0.dcp to /home/jsp/Storage/CFU_PYNQ_FIles/CFU_SRC/pynq_z2/pynq_z2/arunQAFDHGDZXVNBDXG_gae.gen/sources_1/bd/system/ip/system_auto_pc_0/system_auto_pc_0.dcp.
INFO: [IP_Flow 19-6926] IPCACHE: added file to list for BOM: /home/jsp/Storage/CFU_PYNQ_FIles/CFU_SRC/pynq_z2/pynq_z2/arunQAFDHGDZXVNBDXG_gae.gen/sources_1/bd/system/ip/system_auto_pc_0/system_auto_pc_0.dcp
INFO: [IP_Flow 19-6928] IPCACHE: copied cached file /home/jsp/Storage/CFU_PYNQ_FIles/CFU_SRC/pynq_z2/pynq_z2/arunQAFDHGDZXVNBDXG_gae.cache/ip/2024.1/2/8/28dbe6f2fca8b92b/system_auto_pc_0_stub.vhdl to /home/jsp/Storage/CFU_PYNQ_FIles/CFU_SRC/pynq_z2/pynq_z2/arunQAFDHGDZXVNBDXG_gae.gen/sources_1/bd/system/ip/system_auto_pc_0/system_auto_pc_0_stub.vhdl.
INFO: [IP_Flow 19-6926] IPCACHE: added file to list for BOM: /home/jsp/Storage/CFU_PYNQ_FIles/CFU_SRC/pynq_z2/pynq_z2/arunQAFDHGDZXVNBDXG_gae.gen/sources_1/bd/system/ip/system_auto_pc_0/system_auto_pc_0_stub.vhdl
INFO: [IP_Flow 19-4993] Using cached IP synthesis design for IP system_auto_pc_0, cache-ID = 28dbe6f2fca8b92b; cache size = 3.220 MB.
[Wed Nov  5 08:42:29 2025] Launched system_processing_system7_0_0_synth_1, synth_1...
Run output will be captured here:
system_processing_system7_0_0_synth_1: /home/jsp/Storage/CFU_PYNQ_FIles/CFU_SRC/pynq_z2/pynq_z2/arunQAFDHGDZXVNBDXG_gae.runs/system_processing_system7_0_0_synth_1/runme.log
synth_1: /home/jsp/Storage/CFU_PYNQ_FIles/CFU_SRC/pynq_z2/pynq_z2/arunQAFDHGDZXVNBDXG_gae.runs/synth_1/runme.log
[Wed Nov  5 08:42:29 2025] Launched impl_1...
Run output will be captured here: /home/jsp/Storage/CFU_PYNQ_FIles/CFU_SRC/pynq_z2/pynq_z2/arunQAFDHGDZXVNBDXG_gae.runs/impl_1/runme.log
launch_runs: Time (s): cpu = 00:00:26 ; elapsed = 00:00:23 . Memory (MB): peak = 13105.852 ; gain = 293.988 ; free physical = 6085 ; free virtual = 17692
WARNING: [filemgmt 56-199] Attempt to get parsing info during refresh. "On-the-fly" syntax checking information may be incorrect. [/home/jsp/Storage/CFU_PYNQ_FIles/CFU_SRC/donut-accel/cfu.v:]
WARNING: [filemgmt 56-199] Attempt to get parsing info during refresh. "On-the-fly" syntax checking information may be incorrect. [/home/jsp/Storage/CFU_PYNQ_FIles/CFU_SRC/pynq_z2/pynq_z2/arunQAFDHGDZXVNBDXG_gae.srcs/sources_1/new/Cfu.v:]
WARNING: [filemgmt 56-199] Attempt to get parsing info during refresh. "On-the-fly" syntax checking information may be incorrect. [/home/jsp/Storage/CFU_PYNQ_FIles/CFU_SRC/pynq_z2/pynq_z2/arunQAFDHGDZXVNBDXG_gae.srcs/sources_1/new/tul_pynq_z2.v:]
WARNING: [filemgmt 56-199] Attempt to get parsing info during refresh. "On-the-fly" syntax checking information may be incorrect. [/home/jsp/Storage/CFU_PYNQ_FIles/CFU_SRC/pynq_z2/pynq_z2/arunQAFDHGDZXVNBDXG_gae.srcs/sources_1/new/Cfu.v:]
WARNING: [filemgmt 56-199] Attempt to get parsing info during refresh. "On-the-fly" syntax checking information may be incorrect. [/home/jsp/Storage/CFU_PYNQ_FIles/CFU_SRC/pynq_z2/pynq_z2/arunQAFDHGDZXVNBDXG_gae.srcs/sources_1/new/Cfu.v:]
WARNING: [filemgmt 56-199] Attempt to get parsing info during refresh. "On-the-fly" syntax checking information may be incorrect. [/home/jsp/Storage/CFU_PYNQ_FIles/CFU_SRC/donut-accel/cfu.v:]
WARNING: [filemgmt 56-199] Attempt to get parsing info during refresh. "On-the-fly" syntax checking information may be incorrect. [/home/jsp/Storage/CFU_PYNQ_FIles/CFU_SRC/pynq_z2/pynq_z2/arunQAFDHGDZXVNBDXG_gae.srcs/sources_1/new/Cfu.v:]
WARNING: [filemgmt 56-199] Attempt to get parsing info during refresh. "On-the-fly" syntax checking information may be incorrect. [/home/jsp/Storage/CFU_PYNQ_FIles/CFU_SRC/pynq_z2/pynq_z2/arunQAFDHGDZXVNBDXG_gae.srcs/sources_1/new/tul_pynq_z2.v:]
WARNING: [filemgmt 56-199] Attempt to get parsing info during refresh. "On-the-fly" syntax checking information may be incorrect. [/home/jsp/Storage/CFU_PYNQ_FIles/CFU_SRC/pynq_z2/pynq_z2/arunQAFDHGDZXVNBDXG_gae.srcs/sources_1/new/tul_pynq_z2.v:]
WARNING: [filemgmt 56-199] Attempt to get parsing info during refresh. "On-the-fly" syntax checking information may be incorrect. [/home/jsp/Storage/CFU_PYNQ_FIles/CFU_SRC/pynq_z2/pynq_z2/arunQAFDHGDZXVNBDXG_gae.srcs/sources_1/new/tul_pynq_z2.v:]
create_ip_run [get_files -of_objects [get_fileset sources_1] /home/jsp/Storage/CFU_PYNQ_FIles/CFU_SRC/pynq_z2/pynq_z2/arunQAFDHGDZXVNBDXG_gae.srcs/sources_1/bd/system/system.bd]
refresh_design
Netlist sorting complete. Time (s): cpu = 00:00:00.09 ; elapsed = 00:00:00.05 . Memory (MB): peak = 13105.852 ; gain = 0.000 ; free physical = 6154 ; free virtual = 17779
INFO: [Netlist 29-17] Analyzing 207 Unisim elements for replacement
INFO: [Netlist 29-28] Unisim Transformation completed in 0 CPU seconds
INFO: [Project 1-479] Netlist was created with Vivado 2024.1
INFO: [Project 1-570] Preparing netlist for logic optimization
Read ShapeDB Complete: Time (s): cpu = 00:00:00.02 ; elapsed = 00:00:00.01 . Memory (MB): peak = 13105.852 ; gain = 0.000 ; free physical = 6155 ; free virtual = 17779
INFO: [Timing 38-478] Restoring timing data from binary archive.
INFO: [Timing 38-479] Binary timing data restore complete.
INFO: [Project 1-856] Restoring constraints from binary archive.
INFO: [Project 1-853] Binary constraint restore complete.
INFO: [Designutils 20-5722] Start Reading Physical Databases.
Reading placement.
Read Netlist Cache: Time (s): cpu = 00:00:00 ; elapsed = 00:00:00.01 . Memory (MB): peak = 13105.852 ; gain = 0.000 ; free physical = 6156 ; free virtual = 17780
Reading placer database...
Read Device Cache: Time (s): cpu = 00:00:00.01 ; elapsed = 00:00:00.01 . Memory (MB): peak = 13105.852 ; gain = 0.000 ; free physical = 6156 ; free virtual = 17780
Read PlaceDB: Time (s): cpu = 00:00:00.27 ; elapsed = 00:00:00.24 . Memory (MB): peak = 13105.852 ; gain = 0.000 ; free physical = 6156 ; free virtual = 17780
Read PulsedLatchDB: Time (s): cpu = 00:00:00 ; elapsed = 00:00:00 . Memory (MB): peak = 13105.852 ; gain = 0.000 ; free physical = 6156 ; free virtual = 17780
Reading routing.
Read RouteStorage: Time (s): cpu = 00:00:00.11 ; elapsed = 00:00:00.04 . Memory (MB): peak = 13105.852 ; gain = 0.000 ; free physical = 6156 ; free virtual = 17780
Read Physdb Files: Time (s): cpu = 00:00:00.4 ; elapsed = 00:00:00.31 . Memory (MB): peak = 13105.852 ; gain = 0.000 ; free physical = 6156 ; free virtual = 17780
Restored from archive | CPU: 0.410000 secs | Memory: 7.511024 MB |
Finished XDEF File Restore: Time (s): cpu = 00:00:00.4 ; elapsed = 00:00:00.31 . Memory (MB): peak = 13105.852 ; gain = 0.000 ; free physical = 6156 ; free virtual = 17780
CRITICAL WARNING: [Timing 38-282] The design failed to meet the timing requirements. Please see the timing summary report for details on the timing violations.
open_bd_design {/home/jsp/Storage/CFU_PYNQ_FIles/CFU_SRC/pynq_z2/pynq_z2/arunQAFDHGDZXVNBDXG_gae.srcs/sources_1/bd/system/system.bd}
CRITICAL WARNING: [PSU-1]  Parameter : PCW_UIPARAM_DDR_DQS_TO_CLK_DELAY_0 has negative value -0.051 . PS DDR interfaces might fail when entering negative DQS skew values. 
CRITICAL WARNING: [PSU-2]  Parameter : PCW_UIPARAM_DDR_DQS_TO_CLK_DELAY_1 has negative value -0.006 . PS DDR interfaces might fail when entering negative DQS skew values. 
CRITICAL WARNING: [PSU-3]  Parameter : PCW_UIPARAM_DDR_DQS_TO_CLK_DELAY_2 has negative value -0.009 . PS DDR interfaces might fail when entering negative DQS skew values. 
CRITICAL WARNING: [PSU-4]  Parameter : PCW_UIPARAM_DDR_DQS_TO_CLK_DELAY_3 has negative value -0.033 . PS DDR interfaces might fail when entering negative DQS skew values. 
WARNING: [IP_Flow 19-474] Invalid Parameter 'Component_Name'
delete_bd_objs [get_bd_nets reset_rtl_1] [get_bd_nets sys_clock_1] [get_bd_cells clk_wiz]
WARNING: [filemgmt 56-199] Attempt to get parsing info during refresh. "On-the-fly" syntax checking information may be incorrect. [/home/jsp/Storage/CFU_PYNQ_FIles/CFU_SRC/donut-accel/cfu.v:]
WARNING: [filemgmt 56-199] Attempt to get parsing info during refresh. "On-the-fly" syntax checking information may be incorrect. [/home/jsp/Storage/CFU_PYNQ_FIles/CFU_SRC/pynq_z2/pynq_z2/arunQAFDHGDZXVNBDXG_gae.srcs/sources_1/new/Cfu.v:]
WARNING: [filemgmt 56-199] Attempt to get parsing info during refresh. "On-the-fly" syntax checking information may be incorrect. [/home/jsp/Storage/CFU_PYNQ_FIles/CFU_SRC/pynq_z2/pynq_z2/arunQAFDHGDZXVNBDXG_gae.srcs/sources_1/new/tul_pynq_z2.v:]
WARNING: [filemgmt 56-199] Attempt to get parsing info during refresh. "On-the-fly" syntax checking information may be incorrect. [/home/jsp/Storage/CFU_PYNQ_FIles/CFU_SRC/donut-accel/cfu.v:]
WARNING: [filemgmt 56-199] Attempt to get parsing info during refresh. "On-the-fly" syntax checking information may be incorrect. [/home/jsp/Storage/CFU_PYNQ_FIles/CFU_SRC/donut-accel/cfu.v:]
WARNING: [filemgmt 56-199] Attempt to get parsing info during refresh. "On-the-fly" syntax checking information may be incorrect. [/home/jsp/Storage/CFU_PYNQ_FIles/CFU_SRC/donut-accel/cfu.v:]
WARNING: [filemgmt 56-199] Attempt to get parsing info during refresh. "On-the-fly" syntax checking information may be incorrect. [/home/jsp/Storage/CFU_PYNQ_FIles/CFU_SRC/pynq_z2/pynq_z2/arunQAFDHGDZXVNBDXG_gae.srcs/sources_1/new/Cfu.v:]
WARNING: [filemgmt 56-199] Attempt to get parsing info during refresh. "On-the-fly" syntax checking information may be incorrect. [/home/jsp/Storage/CFU_PYNQ_FIles/CFU_SRC/pynq_z2/pynq_z2/arunQAFDHGDZXVNBDXG_gae.srcs/sources_1/new/tul_pynq_z2.v:]
WARNING: [filemgmt 56-199] Attempt to get parsing info during refresh. "On-the-fly" syntax checking information may be incorrect. [/home/jsp/Storage/CFU_PYNQ_FIles/CFU_SRC/pynq_z2/pynq_z2/arunQAFDHGDZXVNBDXG_gae.srcs/sources_1/new/tul_pynq_z2.v:]
WARNING: [filemgmt 56-199] Attempt to get parsing info during refresh. "On-the-fly" syntax checking information may be incorrect. [/home/jsp/Storage/CFU_PYNQ_FIles/CFU_SRC/pynq_z2/pynq_z2/arunQAFDHGDZXVNBDXG_gae.srcs/sources_1/new/tul_pynq_z2.v:]
delete_bd_objs [get_bd_ports sys_clock]
delete_bd_objs [get_bd_ports reset_rtl]
validate_bd_design
WARNING: [BD 41-702] Propagation TCL tries to overwrite USER strength parameter PCW_M_AXI_GP0_FREQMHZ(10) on '/processing_system7_0' with propagated value(100). Command ignored
save_bd_design
Wrote  : </home/jsp/Storage/CFU_PYNQ_FIles/CFU_SRC/pynq_z2/pynq_z2/arunQAFDHGDZXVNBDXG_gae.srcs/sources_1/bd/system/system.bd> 
Wrote  : </home/jsp/Storage/CFU_PYNQ_FIles/CFU_SRC/pynq_z2/pynq_z2/arunQAFDHGDZXVNBDXG_gae.srcs/sources_1/bd/system/ui/bd_c954508f.ui> 
reset_run impl_1
launch_runs impl_1 -jobs 12
INFO: [Vivado 12-4149] The synthesis checkpoint for IP '/home/jsp/Storage/CFU_PYNQ_FIles/CFU_SRC/pynq_z2/pynq_z2/arunQAFDHGDZXVNBDXG_gae.srcs/sources_1/ip/cfu_decoupler/cfu_decoupler.xci' is already up-to-date
INFO: [BD 41-1662] The design 'system.bd' is already validated. Therefore parameter propagation will not be re-run.
Verilog Output written to : /home/jsp/Storage/CFU_PYNQ_FIles/CFU_SRC/pynq_z2/pynq_z2/arunQAFDHGDZXVNBDXG_gae.gen/sources_1/bd/system/synth/system.v
Verilog Output written to : /home/jsp/Storage/CFU_PYNQ_FIles/CFU_SRC/pynq_z2/pynq_z2/arunQAFDHGDZXVNBDXG_gae.gen/sources_1/bd/system/sim/system.v
Verilog Output written to : /home/jsp/Storage/CFU_PYNQ_FIles/CFU_SRC/pynq_z2/pynq_z2/arunQAFDHGDZXVNBDXG_gae.gen/sources_1/bd/system/hdl/system_wrapper.v
WARNING: [IP_Flow 19-4994] Overwriting existing constraint file '/home/jsp/Storage/CFU_PYNQ_FIles/CFU_SRC/pynq_z2/pynq_z2/arunQAFDHGDZXVNBDXG_gae.gen/sources_1/bd/system/ip/system_auto_pc_0/system_auto_pc_0_ooc.xdc'
INFO: [BD 41-1029] Generation completed for the IP Integrator block ps7_0_axi_periph/s00_couplers/auto_pc .
Exporting to file /home/jsp/Storage/CFU_PYNQ_FIles/CFU_SRC/pynq_z2/pynq_z2/arunQAFDHGDZXVNBDXG_gae.gen/sources_1/bd/system/hw_handoff/system.hwh
Generated Hardware Definition File /home/jsp/Storage/CFU_PYNQ_FIles/CFU_SRC/pynq_z2/pynq_z2/arunQAFDHGDZXVNBDXG_gae.gen/sources_1/bd/system/synth/system.hwdef
INFO: [IP_Flow 19-6924] IPCACHE: Running cache check for IP inst: system_auto_pc_0
INFO: [IP_Flow 19-6922] IPCACHE: Exporting cached entry 28dbe6f2fca8b92b to dir: /home/jsp/Storage/CFU_PYNQ_FIles/CFU_SRC/pynq_z2/pynq_z2/arunQAFDHGDZXVNBDXG_gae.gen/sources_1/bd/system/ip/system_auto_pc_0
INFO: [IP_Flow 19-6928] IPCACHE: copied cached file /home/jsp/Storage/CFU_PYNQ_FIles/CFU_SRC/pynq_z2/pynq_z2/arunQAFDHGDZXVNBDXG_gae.cache/ip/2024.1/2/8/28dbe6f2fca8b92b/system_auto_pc_0_sim_netlist.v to /home/jsp/Storage/CFU_PYNQ_FIles/CFU_SRC/pynq_z2/pynq_z2/arunQAFDHGDZXVNBDXG_gae.gen/sources_1/bd/system/ip/system_auto_pc_0/system_auto_pc_0_sim_netlist.v.
INFO: [IP_Flow 19-6926] IPCACHE: added file to list for BOM: /home/jsp/Storage/CFU_PYNQ_FIles/CFU_SRC/pynq_z2/pynq_z2/arunQAFDHGDZXVNBDXG_gae.gen/sources_1/bd/system/ip/system_auto_pc_0/system_auto_pc_0_sim_netlist.v
INFO: [IP_Flow 19-6928] IPCACHE: copied cached file /home/jsp/Storage/CFU_PYNQ_FIles/CFU_SRC/pynq_z2/pynq_z2/arunQAFDHGDZXVNBDXG_gae.cache/ip/2024.1/2/8/28dbe6f2fca8b92b/system_auto_pc_0_stub.v to /home/jsp/Storage/CFU_PYNQ_FIles/CFU_SRC/pynq_z2/pynq_z2/arunQAFDHGDZXVNBDXG_gae.gen/sources_1/bd/system/ip/system_auto_pc_0/system_auto_pc_0_stub.v.
INFO: [IP_Flow 19-6926] IPCACHE: added file to list for BOM: /home/jsp/Storage/CFU_PYNQ_FIles/CFU_SRC/pynq_z2/pynq_z2/arunQAFDHGDZXVNBDXG_gae.gen/sources_1/bd/system/ip/system_auto_pc_0/system_auto_pc_0_stub.v
INFO: [IP_Flow 19-6928] IPCACHE: copied cached file /home/jsp/Storage/CFU_PYNQ_FIles/CFU_SRC/pynq_z2/pynq_z2/arunQAFDHGDZXVNBDXG_gae.cache/ip/2024.1/2/8/28dbe6f2fca8b92b/system_auto_pc_0_sim_netlist.vhdl to /home/jsp/Storage/CFU_PYNQ_FIles/CFU_SRC/pynq_z2/pynq_z2/arunQAFDHGDZXVNBDXG_gae.gen/sources_1/bd/system/ip/system_auto_pc_0/system_auto_pc_0_sim_netlist.vhdl.
INFO: [IP_Flow 19-6926] IPCACHE: added file to list for BOM: /home/jsp/Storage/CFU_PYNQ_FIles/CFU_SRC/pynq_z2/pynq_z2/arunQAFDHGDZXVNBDXG_gae.gen/sources_1/bd/system/ip/system_auto_pc_0/system_auto_pc_0_sim_netlist.vhdl
INFO: [IP_Flow 19-6928] IPCACHE: copied cached file /home/jsp/Storage/CFU_PYNQ_FIles/CFU_SRC/pynq_z2/pynq_z2/arunQAFDHGDZXVNBDXG_gae.cache/ip/2024.1/2/8/28dbe6f2fca8b92b/system_auto_pc_0.dcp to /home/jsp/Storage/CFU_PYNQ_FIles/CFU_SRC/pynq_z2/pynq_z2/arunQAFDHGDZXVNBDXG_gae.gen/sources_1/bd/system/ip/system_auto_pc_0/system_auto_pc_0.dcp.
INFO: [IP_Flow 19-6926] IPCACHE: added file to list for BOM: /home/jsp/Storage/CFU_PYNQ_FIles/CFU_SRC/pynq_z2/pynq_z2/arunQAFDHGDZXVNBDXG_gae.gen/sources_1/bd/system/ip/system_auto_pc_0/system_auto_pc_0.dcp
INFO: [IP_Flow 19-6928] IPCACHE: copied cached file /home/jsp/Storage/CFU_PYNQ_FIles/CFU_SRC/pynq_z2/pynq_z2/arunQAFDHGDZXVNBDXG_gae.cache/ip/2024.1/2/8/28dbe6f2fca8b92b/system_auto_pc_0_stub.vhdl to /home/jsp/Storage/CFU_PYNQ_FIles/CFU_SRC/pynq_z2/pynq_z2/arunQAFDHGDZXVNBDXG_gae.gen/sources_1/bd/system/ip/system_auto_pc_0/system_auto_pc_0_stub.vhdl.
INFO: [IP_Flow 19-6926] IPCACHE: added file to list for BOM: /home/jsp/Storage/CFU_PYNQ_FIles/CFU_SRC/pynq_z2/pynq_z2/arunQAFDHGDZXVNBDXG_gae.gen/sources_1/bd/system/ip/system_auto_pc_0/system_auto_pc_0_stub.vhdl
INFO: [IP_Flow 19-4993] Using cached IP synthesis design for IP system_auto_pc_0, cache-ID = 28dbe6f2fca8b92b; cache size = 3.220 MB.
WARNING: [filemgmt 56-199] Attempt to get parsing info during refresh. "On-the-fly" syntax checking information may be incorrect. [/home/jsp/Storage/CFU_PYNQ_FIles/CFU_SRC/donut-accel/cfu.v:]
WARNING: [filemgmt 56-199] Attempt to get parsing info during refresh. "On-the-fly" syntax checking information may be incorrect. [/home/jsp/Storage/CFU_PYNQ_FIles/CFU_SRC/pynq_z2/pynq_z2/arunQAFDHGDZXVNBDXG_gae.srcs/sources_1/new/Cfu.v:]
WARNING: [filemgmt 56-199] Attempt to get parsing info during refresh. "On-the-fly" syntax checking information may be incorrect. [/home/jsp/Storage/CFU_PYNQ_FIles/CFU_SRC/pynq_z2/pynq_z2/arunQAFDHGDZXVNBDXG_gae.srcs/sources_1/new/tul_pynq_z2.v:]
WARNING: [filemgmt 56-199] Attempt to get parsing info during refresh. "On-the-fly" syntax checking information may be incorrect. [/home/jsp/Storage/CFU_PYNQ_FIles/CFU_SRC/donut-accel/cfu.v:]
WARNING: [filemgmt 56-199] Attempt to get parsing info during refresh. "On-the-fly" syntax checking information may be incorrect. [/home/jsp/Storage/CFU_PYNQ_FIles/CFU_SRC/donut-accel/cfu.v:]
WARNING: [filemgmt 56-199] Attempt to get parsing info during refresh. "On-the-fly" syntax checking information may be incorrect. [/home/jsp/Storage/CFU_PYNQ_FIles/CFU_SRC/donut-accel/cfu.v:]
WARNING: [filemgmt 56-199] Attempt to get parsing info during refresh. "On-the-fly" syntax checking information may be incorrect. [/home/jsp/Storage/CFU_PYNQ_FIles/CFU_SRC/pynq_z2/pynq_z2/arunQAFDHGDZXVNBDXG_gae.srcs/sources_1/new/Cfu.v:]
WARNING: [filemgmt 56-199] Attempt to get parsing info during refresh. "On-the-fly" syntax checking information may be incorrect. [/home/jsp/Storage/CFU_PYNQ_FIles/CFU_SRC/pynq_z2/pynq_z2/arunQAFDHGDZXVNBDXG_gae.srcs/sources_1/new/tul_pynq_z2.v:]
WARNING: [filemgmt 56-199] Attempt to get parsing info during refresh. "On-the-fly" syntax checking information may be incorrect. [/home/jsp/Storage/CFU_PYNQ_FIles/CFU_SRC/pynq_z2/pynq_z2/arunQAFDHGDZXVNBDXG_gae.srcs/sources_1/new/tul_pynq_z2.v:]
WARNING: [filemgmt 56-199] Attempt to get parsing info during refresh. "On-the-fly" syntax checking information may be incorrect. [/home/jsp/Storage/CFU_PYNQ_FIles/CFU_SRC/pynq_z2/pynq_z2/arunQAFDHGDZXVNBDXG_gae.srcs/sources_1/new/tul_pynq_z2.v:]
[Wed Nov  5 08:48:31 2025] Launched impl_1...
Run output will be captured here: /home/jsp/Storage/CFU_PYNQ_FIles/CFU_SRC/pynq_z2/pynq_z2/arunQAFDHGDZXVNBDXG_gae.runs/impl_1/runme.log
launch_runs: Time (s): cpu = 00:00:08 ; elapsed = 00:00:06 . Memory (MB): peak = 13375.852 ; gain = 270.000 ; free physical = 6065 ; free virtual = 17675
validate_bd_design -force
WARNING: [BD 41-702] Propagation TCL tries to overwrite USER strength parameter PCW_M_AXI_GP0_FREQMHZ(10) on '/processing_system7_0' with propagated value(100). Command ignored
generate_target all [get_files /home/jsp/Storage/CFU_PYNQ_FIles/CFU_SRC/pynq_z2/pynq_z2/arunQAFDHGDZXVNBDXG_gae.srcs/sources_1/bd/system/system.bd]
INFO: [BD 41-1662] The design 'system.bd' is already validated. Therefore parameter propagation will not be re-run.
Wrote  : </home/jsp/Storage/CFU_PYNQ_FIles/CFU_SRC/pynq_z2/pynq_z2/arunQAFDHGDZXVNBDXG_gae.srcs/sources_1/bd/system/system.bd> 
Wrote  : </home/jsp/Storage/CFU_PYNQ_FIles/CFU_SRC/pynq_z2/pynq_z2/arunQAFDHGDZXVNBDXG_gae.srcs/sources_1/bd/system/ui/bd_c954508f.ui> 
Verilog Output written to : /home/jsp/Storage/CFU_PYNQ_FIles/CFU_SRC/pynq_z2/pynq_z2/arunQAFDHGDZXVNBDXG_gae.gen/sources_1/bd/system/synth/system.v
Verilog Output written to : /home/jsp/Storage/CFU_PYNQ_FIles/CFU_SRC/pynq_z2/pynq_z2/arunQAFDHGDZXVNBDXG_gae.gen/sources_1/bd/system/sim/system.v
Verilog Output written to : /home/jsp/Storage/CFU_PYNQ_FIles/CFU_SRC/pynq_z2/pynq_z2/arunQAFDHGDZXVNBDXG_gae.gen/sources_1/bd/system/hdl/system_wrapper.v
WARNING: [IP_Flow 19-4994] Overwriting existing constraint file '/home/jsp/Storage/CFU_PYNQ_FIles/CFU_SRC/pynq_z2/pynq_z2/arunQAFDHGDZXVNBDXG_gae.gen/sources_1/bd/system/ip/system_auto_pc_0/system_auto_pc_0_ooc.xdc'
INFO: [BD 41-1029] Generation completed for the IP Integrator block ps7_0_axi_periph/s00_couplers/auto_pc .
Exporting to file /home/jsp/Storage/CFU_PYNQ_FIles/CFU_SRC/pynq_z2/pynq_z2/arunQAFDHGDZXVNBDXG_gae.gen/sources_1/bd/system/hw_handoff/system.hwh
Generated Hardware Definition File /home/jsp/Storage/CFU_PYNQ_FIles/CFU_SRC/pynq_z2/pynq_z2/arunQAFDHGDZXVNBDXG_gae.gen/sources_1/bd/system/synth/system.hwdef
create_ip_run [get_files -of_objects [get_fileset sources_1] /home/jsp/Storage/CFU_PYNQ_FIles/CFU_SRC/pynq_z2/pynq_z2/arunQAFDHGDZXVNBDXG_gae.srcs/sources_1/bd/system/system.bd]
launch_runs system_auto_pc_0_synth_1
INFO: [IP_Flow 19-6924] IPCACHE: Running cache check for IP inst: system_auto_pc_0
INFO: [IP_Flow 19-6922] IPCACHE: Exporting cached entry 28dbe6f2fca8b92b to dir: /home/jsp/Storage/CFU_PYNQ_FIles/CFU_SRC/pynq_z2/pynq_z2/arunQAFDHGDZXVNBDXG_gae.gen/sources_1/bd/system/ip/system_auto_pc_0
INFO: [IP_Flow 19-6928] IPCACHE: copied cached file /home/jsp/Storage/CFU_PYNQ_FIles/CFU_SRC/pynq_z2/pynq_z2/arunQAFDHGDZXVNBDXG_gae.cache/ip/2024.1/2/8/28dbe6f2fca8b92b/system_auto_pc_0_sim_netlist.v to /home/jsp/Storage/CFU_PYNQ_FIles/CFU_SRC/pynq_z2/pynq_z2/arunQAFDHGDZXVNBDXG_gae.gen/sources_1/bd/system/ip/system_auto_pc_0/system_auto_pc_0_sim_netlist.v.
INFO: [IP_Flow 19-6926] IPCACHE: added file to list for BOM: /home/jsp/Storage/CFU_PYNQ_FIles/CFU_SRC/pynq_z2/pynq_z2/arunQAFDHGDZXVNBDXG_gae.gen/sources_1/bd/system/ip/system_auto_pc_0/system_auto_pc_0_sim_netlist.v
INFO: [IP_Flow 19-6928] IPCACHE: copied cached file /home/jsp/Storage/CFU_PYNQ_FIles/CFU_SRC/pynq_z2/pynq_z2/arunQAFDHGDZXVNBDXG_gae.cache/ip/2024.1/2/8/28dbe6f2fca8b92b/system_auto_pc_0_stub.v to /home/jsp/Storage/CFU_PYNQ_FIles/CFU_SRC/pynq_z2/pynq_z2/arunQAFDHGDZXVNBDXG_gae.gen/sources_1/bd/system/ip/system_auto_pc_0/system_auto_pc_0_stub.v.
INFO: [IP_Flow 19-6926] IPCACHE: added file to list for BOM: /home/jsp/Storage/CFU_PYNQ_FIles/CFU_SRC/pynq_z2/pynq_z2/arunQAFDHGDZXVNBDXG_gae.gen/sources_1/bd/system/ip/system_auto_pc_0/system_auto_pc_0_stub.v
INFO: [IP_Flow 19-6928] IPCACHE: copied cached file /home/jsp/Storage/CFU_PYNQ_FIles/CFU_SRC/pynq_z2/pynq_z2/arunQAFDHGDZXVNBDXG_gae.cache/ip/2024.1/2/8/28dbe6f2fca8b92b/system_auto_pc_0_sim_netlist.vhdl to /home/jsp/Storage/CFU_PYNQ_FIles/CFU_SRC/pynq_z2/pynq_z2/arunQAFDHGDZXVNBDXG_gae.gen/sources_1/bd/system/ip/system_auto_pc_0/system_auto_pc_0_sim_netlist.vhdl.
INFO: [IP_Flow 19-6926] IPCACHE: added file to list for BOM: /home/jsp/Storage/CFU_PYNQ_FIles/CFU_SRC/pynq_z2/pynq_z2/arunQAFDHGDZXVNBDXG_gae.gen/sources_1/bd/system/ip/system_auto_pc_0/system_auto_pc_0_sim_netlist.vhdl
INFO: [IP_Flow 19-6928] IPCACHE: copied cached file /home/jsp/Storage/CFU_PYNQ_FIles/CFU_SRC/pynq_z2/pynq_z2/arunQAFDHGDZXVNBDXG_gae.cache/ip/2024.1/2/8/28dbe6f2fca8b92b/system_auto_pc_0.dcp to /home/jsp/Storage/CFU_PYNQ_FIles/CFU_SRC/pynq_z2/pynq_z2/arunQAFDHGDZXVNBDXG_gae.gen/sources_1/bd/system/ip/system_auto_pc_0/system_auto_pc_0.dcp.
INFO: [IP_Flow 19-6926] IPCACHE: added file to list for BOM: /home/jsp/Storage/CFU_PYNQ_FIles/CFU_SRC/pynq_z2/pynq_z2/arunQAFDHGDZXVNBDXG_gae.gen/sources_1/bd/system/ip/system_auto_pc_0/system_auto_pc_0.dcp
INFO: [IP_Flow 19-6928] IPCACHE: copied cached file /home/jsp/Storage/CFU_PYNQ_FIles/CFU_SRC/pynq_z2/pynq_z2/arunQAFDHGDZXVNBDXG_gae.cache/ip/2024.1/2/8/28dbe6f2fca8b92b/system_auto_pc_0_stub.vhdl to /home/jsp/Storage/CFU_PYNQ_FIles/CFU_SRC/pynq_z2/pynq_z2/arunQAFDHGDZXVNBDXG_gae.gen/sources_1/bd/system/ip/system_auto_pc_0/system_auto_pc_0_stub.vhdl.
INFO: [IP_Flow 19-6926] IPCACHE: added file to list for BOM: /home/jsp/Storage/CFU_PYNQ_FIles/CFU_SRC/pynq_z2/pynq_z2/arunQAFDHGDZXVNBDXG_gae.gen/sources_1/bd/system/ip/system_auto_pc_0/system_auto_pc_0_stub.vhdl
INFO: [IP_Flow 19-4993] Using cached IP synthesis design for IP system_auto_pc_0, cache-ID = 28dbe6f2fca8b92b; cache size = 3.220 MB.
WARNING: [filemgmt 56-199] Attempt to get parsing info during refresh. "On-the-fly" syntax checking information may be incorrect. [/home/jsp/Storage/CFU_PYNQ_FIles/CFU_SRC/donut-accel/cfu.v:]
WARNING: [filemgmt 56-199] Attempt to get parsing info during refresh. "On-the-fly" syntax checking information may be incorrect. [/home/jsp/Storage/CFU_PYNQ_FIles/CFU_SRC/pynq_z2/pynq_z2/arunQAFDHGDZXVNBDXG_gae.srcs/sources_1/new/Cfu.v:]
WARNING: [filemgmt 56-199] Attempt to get parsing info during refresh. "On-the-fly" syntax checking information may be incorrect. [/home/jsp/Storage/CFU_PYNQ_FIles/CFU_SRC/pynq_z2/pynq_z2/arunQAFDHGDZXVNBDXG_gae.srcs/sources_1/new/tul_pynq_z2.v:]
WARNING: [filemgmt 56-199] Attempt to get parsing info during refresh. "On-the-fly" syntax checking information may be incorrect. [/home/jsp/Storage/CFU_PYNQ_FIles/CFU_SRC/donut-accel/cfu.v:]
WARNING: [filemgmt 56-199] Attempt to get parsing info during refresh. "On-the-fly" syntax checking information may be incorrect. [/home/jsp/Storage/CFU_PYNQ_FIles/CFU_SRC/donut-accel/cfu.v:]
[Wed Nov  5 08:49:36 2025] Launched system_auto_pc_0_synth_1...
Run output will be captured here: /home/jsp/Storage/CFU_PYNQ_FIles/CFU_SRC/pynq_z2/pynq_z2/arunQAFDHGDZXVNBDXG_gae.runs/system_auto_pc_0_synth_1/runme.log
wait_on_run system_auto_pc_0_synth_1
[Wed Nov  5 08:49:37 2025] Waiting for system_auto_pc_0_synth_1 to finish...
WARNING: [filemgmt 56-199] Attempt to get parsing info during refresh. "On-the-fly" syntax checking information may be incorrect. [/home/jsp/Storage/CFU_PYNQ_FIles/CFU_SRC/donut-accel/cfu.v:]
WARNING: [filemgmt 56-199] Attempt to get parsing info during refresh. "On-the-fly" syntax checking information may be incorrect. [/home/jsp/Storage/CFU_PYNQ_FIles/CFU_SRC/pynq_z2/pynq_z2/arunQAFDHGDZXVNBDXG_gae.srcs/sources_1/new/Cfu.v:]
WARNING: [filemgmt 56-199] Attempt to get parsing info during refresh. "On-the-fly" syntax checking information may be incorrect. [/home/jsp/Storage/CFU_PYNQ_FIles/CFU_SRC/pynq_z2/pynq_z2/arunQAFDHGDZXVNBDXG_gae.srcs/sources_1/new/tul_pynq_z2.v:]
WARNING: [filemgmt 56-199] Attempt to get parsing info during refresh. "On-the-fly" syntax checking information may be incorrect. [/home/jsp/Storage/CFU_PYNQ_FIles/CFU_SRC/pynq_z2/pynq_z2/arunQAFDHGDZXVNBDXG_gae.srcs/sources_1/new/tul_pynq_z2.v:]
WARNING: [filemgmt 56-199] Attempt to get parsing info during refresh. "On-the-fly" syntax checking information may be incorrect. [/home/jsp/Storage/CFU_PYNQ_FIles/CFU_SRC/pynq_z2/pynq_z2/arunQAFDHGDZXVNBDXG_gae.srcs/sources_1/new/tul_pynq_z2.v:]
[Wed Nov  5 08:49:42 2025] Waiting for system_auto_pc_0_synth_1 to finish...
[Wed Nov  5 08:49:47 2025] Waiting for system_auto_pc_0_synth_1 to finish...
[Wed Nov  5 08:49:52 2025] Waiting for system_auto_pc_0_synth_1 to finish...

*** Running vivado
    with args -log system_auto_pc_0.vds -m64 -product Vivado -mode batch -messageDb vivado.pb -notrace -source system_auto_pc_0.tcl


****** Vivado v2024.1 (64-bit)
  **** SW Build 5076996 on Wed May 22 18:36:09 MDT 2024
  **** IP Build 5075265 on Wed May 22 21:45:21 MDT 2024
  **** SharedData Build 5076995 on Wed May 22 18:29:18 MDT 2024
  **** Start of session at: Wed Nov  5 08:49:39 2025
    ** Copyright 1986-2022 Xilinx, Inc. All Rights Reserved.
    ** Copyright 2022-2024 Advanced Micro Devices, Inc. All Rights Reserved.

source system_auto_pc_0.tcl -notrace
create_project: Time (s): cpu = 00:00:06 ; elapsed = 00:00:06 . Memory (MB): peak = 1417.867 ; gain = 0.027 ; free physical = 5649 ; free virtual = 17257
INFO: [IP_Flow 19-234] Refreshing IP repositories
WARNING: [IP_Flow 19-2248] Failed to load user IP repository '/home/work/Xilinx/Vivado/2024.2/data/ip'; Can't find the specified path.
If this directory should no longer be in your list of user repositories, go to the IP Settings dialog and remove it.
WARNING: [IP_Flow 19-2248] Failed to load user IP repository '/home/primary/vivado-library/ip'; Can't find the specified path.
If this directory should no longer be in your list of user repositories, go to the IP Settings dialog and remove it.
INFO: [IP_Flow 19-2313] Loaded Vivado IP repository '/home/jsp/Storage/Vivado/2024.1/data/ip'.
INFO: [IP_Flow 19-6924] IPCACHE: Running cache check for IP inst: system_auto_pc_0
INFO: [IP_Flow 19-6922] IPCACHE: Exporting cached entry 28dbe6f2fca8b92b to dir: /home/jsp/Storage/CFU_PYNQ_FIles/CFU_SRC/pynq_z2/pynq_z2/arunQAFDHGDZXVNBDXG_gae.runs/system_auto_pc_0_synth_1
INFO: [IP_Flow 19-6928] IPCACHE: copied cached file /home/jsp/Storage/CFU_PYNQ_FIles/CFU_SRC/pynq_z2/pynq_z2/arunQAFDHGDZXVNBDXG_gae.cache/ip/2024.1/2/8/28dbe6f2fca8b92b/system_auto_pc_0_sim_netlist.v to /home/jsp/Storage/CFU_PYNQ_FIles/CFU_SRC/pynq_z2/pynq_z2/arunQAFDHGDZXVNBDXG_gae.runs/system_auto_pc_0_synth_1/system_auto_pc_0_sim_netlist.v.
INFO: [IP_Flow 19-6928] IPCACHE: copied cached file /home/jsp/Storage/CFU_PYNQ_FIles/CFU_SRC/pynq_z2/pynq_z2/arunQAFDHGDZXVNBDXG_gae.cache/ip/2024.1/2/8/28dbe6f2fca8b92b/system_auto_pc_0_stub.v to /home/jsp/Storage/CFU_PYNQ_FIles/CFU_SRC/pynq_z2/pynq_z2/arunQAFDHGDZXVNBDXG_gae.runs/system_auto_pc_0_synth_1/system_auto_pc_0_stub.v.
INFO: [IP_Flow 19-6928] IPCACHE: copied cached file /home/jsp/Storage/CFU_PYNQ_FIles/CFU_SRC/pynq_z2/pynq_z2/arunQAFDHGDZXVNBDXG_gae.cache/ip/2024.1/2/8/28dbe6f2fca8b92b/system_auto_pc_0_sim_netlist.vhdl to /home/jsp/Storage/CFU_PYNQ_FIles/CFU_SRC/pynq_z2/pynq_z2/arunQAFDHGDZXVNBDXG_gae.runs/system_auto_pc_0_synth_1/system_auto_pc_0_sim_netlist.vhdl.
INFO: [IP_Flow 19-6928] IPCACHE: copied cached file /home/jsp/Storage/CFU_PYNQ_FIles/CFU_SRC/pynq_z2/pynq_z2/arunQAFDHGDZXVNBDXG_gae.cache/ip/2024.1/2/8/28dbe6f2fca8b92b/system_auto_pc_0.dcp to /home/jsp/Storage/CFU_PYNQ_FIles/CFU_SRC/pynq_z2/pynq_z2/arunQAFDHGDZXVNBDXG_gae.runs/system_auto_pc_0_synth_1/system_auto_pc_0.dcp.
INFO: [IP_Flow 19-6928] IPCACHE: copied cached file /home/jsp/Storage/CFU_PYNQ_FIles/CFU_SRC/pynq_z2/pynq_z2/arunQAFDHGDZXVNBDXG_gae.cache/ip/2024.1/2/8/28dbe6f2fca8b92b/system_auto_pc_0_stub.vhdl to /home/jsp/Storage/CFU_PYNQ_FIles/CFU_SRC/pynq_z2/pynq_z2/arunQAFDHGDZXVNBDXG_gae.runs/system_auto_pc_0_synth_1/system_auto_pc_0_stub.vhdl.
INFO: [IP_Flow 19-4838] Using cached IP synthesis design for IP system_auto_pc_0, cache-ID = 28dbe6f2fca8b92b.
INFO: [Common 17-206] Exiting Vivado at Wed Nov  5 08:49:48 2025...
[Wed Nov  5 08:49:58 2025] system_auto_pc_0_synth_1 finished
wait_on_runs: Time (s): cpu = 00:00:16 ; elapsed = 00:00:21 . Memory (MB): peak = 13669.863 ; gain = 0.000 ; free physical = 6158 ; free virtual = 17768
synth_design -top system_wrapper -part xc7z020clg400-1 -lint 
Command: synth_design -top system_wrapper -part xc7z020clg400-1 -lint
Starting synth_design
Attempting to get a license for feature 'Synthesis' and/or device 'xc7z020'
INFO: [Common 17-349] Got license for feature 'Synthesis' and/or device 'xc7z020'
INFO: [Synth 8-7079] Multithreading enabled for synth_design using a maximum of 4 processes.
---------------------------------------------------------------------------------
Starting Synthesize : Time (s): cpu = 00:00:04 ; elapsed = 00:00:04 . Memory (MB): peak = 13669.863 ; gain = 0.000 ; free physical = 5812 ; free virtual = 17422
---------------------------------------------------------------------------------
Clean up Linter database...
INFO: [Synth 8-11241] undeclared symbol 'dec_zz_cmd_valid', assumed default net type 'wire' [/home/jsp/Storage/CFU_PYNQ_FIles/CFU_SRC/pynq_z2/pynq_z2/arunQAFDHGDZXVNBDXG_gae.srcs/sources_1/new/Cfu.v:78]
INFO: [Synth 8-11241] undeclared symbol 'dec_zz_cmd_ready', assumed default net type 'wire' [/home/jsp/Storage/CFU_PYNQ_FIles/CFU_SRC/pynq_z2/pynq_z2/arunQAFDHGDZXVNBDXG_gae.srcs/sources_1/new/Cfu.v:78]
INFO: [Synth 8-11241] undeclared symbol 'dec_zz_cmd_payload_function_id', assumed default net type 'wire' [/home/jsp/Storage/CFU_PYNQ_FIles/CFU_SRC/pynq_z2/pynq_z2/arunQAFDHGDZXVNBDXG_gae.srcs/sources_1/new/Cfu.v:79]
INFO: [Synth 8-11241] undeclared symbol 'dec_zz_cmd_payload_inputs_0', assumed default net type 'wire' [/home/jsp/Storage/CFU_PYNQ_FIles/CFU_SRC/pynq_z2/pynq_z2/arunQAFDHGDZXVNBDXG_gae.srcs/sources_1/new/Cfu.v:80]
INFO: [Synth 8-11241] undeclared symbol 'dec_zz_cmd_payload_inputs_1', assumed default net type 'wire' [/home/jsp/Storage/CFU_PYNQ_FIles/CFU_SRC/pynq_z2/pynq_z2/arunQAFDHGDZXVNBDXG_gae.srcs/sources_1/new/Cfu.v:80]
INFO: [Synth 8-11241] undeclared symbol 'dec_zz_rsp_valid', assumed default net type 'wire' [/home/jsp/Storage/CFU_PYNQ_FIles/CFU_SRC/pynq_z2/pynq_z2/arunQAFDHGDZXVNBDXG_gae.srcs/sources_1/new/Cfu.v:81]
INFO: [Synth 8-11241] undeclared symbol 'dec_rsp_ready', assumed default net type 'wire' [/home/jsp/Storage/CFU_PYNQ_FIles/CFU_SRC/pynq_z2/pynq_z2/arunQAFDHGDZXVNBDXG_gae.srcs/sources_1/new/Cfu.v:81]
INFO: [Synth 8-11241] undeclared symbol 'dec_zz_rsp_payload_outputs_0', assumed default net type 'wire' [/home/jsp/Storage/CFU_PYNQ_FIles/CFU_SRC/pynq_z2/pynq_z2/arunQAFDHGDZXVNBDXG_gae.srcs/sources_1/new/Cfu.v:81]
INFO: [Synth 8-11241] undeclared symbol 'dec_reset', assumed default net type 'wire' [/home/jsp/Storage/CFU_PYNQ_FIles/CFU_SRC/pynq_z2/pynq_z2/arunQAFDHGDZXVNBDXG_gae.srcs/sources_1/new/Cfu.v:82]
INFO: [Synth 8-11241] undeclared symbol 'dec_clk', assumed default net type 'wire' [/home/jsp/Storage/CFU_PYNQ_FIles/CFU_SRC/pynq_z2/pynq_z2/arunQAFDHGDZXVNBDXG_gae.srcs/sources_1/new/Cfu.v:82]
INFO: [Synth 8-11241] undeclared symbol 'dec_cfu_id', assumed default net type 'wire' [/home/jsp/Storage/CFU_PYNQ_FIles/CFU_SRC/pynq_z2/pynq_z2/arunQAFDHGDZXVNBDXG_gae.srcs/sources_1/new/Cfu.v:82]
WARNING: [Synth 8-6901] identifier 'mul' is used before its declaration [/home/jsp/Storage/CFU_PYNQ_FIles/CFU_SRC/donut-accel/cfu.v:47]
WARNING: [Synth 8-6901] identifier 'mulsh' is used before its declaration [/home/jsp/Storage/CFU_PYNQ_FIles/CFU_SRC/donut-accel/cfu.v:47]
INFO: [Synth 8-6157] synthesizing module 'system_wrapper' [/home/jsp/Storage/CFU_PYNQ_FIles/CFU_SRC/pynq_z2/pynq_z2/arunQAFDHGDZXVNBDXG_gae.gen/sources_1/bd/system/hdl/system_wrapper.v:13]
INFO: [Synth 8-6157] synthesizing module 'system' [/home/jsp/Storage/CFU_PYNQ_FIles/CFU_SRC/pynq_z2/pynq_z2/arunQAFDHGDZXVNBDXG_gae.gen/sources_1/bd/system/synth/system.v:846]
INFO: [Synth 8-6157] synthesizing module 'system_axi_gpio_decouple_status_0' [/home/jsp/Storage/CFU_PYNQ_FIles/CFU_SRC/pynq_z2/pynq_z2/.Xil/Vivado-9334-jsp-H370M-D3H/realtime/system_axi_gpio_decouple_status_0_stub.v:6]
INFO: [Synth 8-6155] done synthesizing module 'system_axi_gpio_decouple_status_0' (1#1) [/home/jsp/Storage/CFU_PYNQ_FIles/CFU_SRC/pynq_z2/pynq_z2/.Xil/Vivado-9334-jsp-H370M-D3H/realtime/system_axi_gpio_decouple_status_0_stub.v:6]
INFO: [Synth 8-6157] synthesizing module 'system_axi_gpio_0_0' [/home/jsp/Storage/CFU_PYNQ_FIles/CFU_SRC/pynq_z2/pynq_z2/.Xil/Vivado-9334-jsp-H370M-D3H/realtime/system_axi_gpio_0_0_stub.v:6]
INFO: [Synth 8-6155] done synthesizing module 'system_axi_gpio_0_0' (2#1) [/home/jsp/Storage/CFU_PYNQ_FIles/CFU_SRC/pynq_z2/pynq_z2/.Xil/Vivado-9334-jsp-H370M-D3H/realtime/system_axi_gpio_0_0_stub.v:6]
INFO: [Synth 8-6157] synthesizing module 'system_axi_gpio_to_reconfig_0' [/home/jsp/Storage/CFU_PYNQ_FIles/CFU_SRC/pynq_z2/pynq_z2/.Xil/Vivado-9334-jsp-H370M-D3H/realtime/system_axi_gpio_to_reconfig_0_stub.v:6]
INFO: [Synth 8-6155] done synthesizing module 'system_axi_gpio_to_reconfig_0' (3#1) [/home/jsp/Storage/CFU_PYNQ_FIles/CFU_SRC/pynq_z2/pynq_z2/.Xil/Vivado-9334-jsp-H370M-D3H/realtime/system_axi_gpio_to_reconfig_0_stub.v:6]
INFO: [Synth 8-6157] synthesizing module 'system_axi_gpio_0_1' [/home/jsp/Storage/CFU_PYNQ_FIles/CFU_SRC/pynq_z2/pynq_z2/.Xil/Vivado-9334-jsp-H370M-D3H/realtime/system_axi_gpio_0_1_stub.v:6]
INFO: [Synth 8-6155] done synthesizing module 'system_axi_gpio_0_1' (4#1) [/home/jsp/Storage/CFU_PYNQ_FIles/CFU_SRC/pynq_z2/pynq_z2/.Xil/Vivado-9334-jsp-H370M-D3H/realtime/system_axi_gpio_0_1_stub.v:6]
INFO: [Synth 8-6157] synthesizing module 'system_processing_system7_0_0' [/home/jsp/Storage/CFU_PYNQ_FIles/CFU_SRC/pynq_z2/pynq_z2/.Xil/Vivado-9334-jsp-H370M-D3H/realtime/system_processing_system7_0_0_stub.v:6]
INFO: [Synth 8-6155] done synthesizing module 'system_processing_system7_0_0' (5#1) [/home/jsp/Storage/CFU_PYNQ_FIles/CFU_SRC/pynq_z2/pynq_z2/.Xil/Vivado-9334-jsp-H370M-D3H/realtime/system_processing_system7_0_0_stub.v:6]
WARNING: [Synth 8-7071] port 'USB0_PORT_INDCTL' of module 'system_processing_system7_0_0' is unconnected for instance 'processing_system7_0' [/home/jsp/Storage/CFU_PYNQ_FIles/CFU_SRC/pynq_z2/pynq_z2/arunQAFDHGDZXVNBDXG_gae.gen/sources_1/bd/system/synth/system.v:1135]
WARNING: [Synth 8-7071] port 'USB0_VBUS_PWRSELECT' of module 'system_processing_system7_0_0' is unconnected for instance 'processing_system7_0' [/home/jsp/Storage/CFU_PYNQ_FIles/CFU_SRC/pynq_z2/pynq_z2/arunQAFDHGDZXVNBDXG_gae.gen/sources_1/bd/system/synth/system.v:1135]
WARNING: [Synth 8-7023] instance 'processing_system7_0' of module 'system_processing_system7_0_0' has 66 connections declared, but only 64 given [/home/jsp/Storage/CFU_PYNQ_FIles/CFU_SRC/pynq_z2/pynq_z2/arunQAFDHGDZXVNBDXG_gae.gen/sources_1/bd/system/synth/system.v:1135]
INFO: [Synth 8-6157] synthesizing module 'system_ps7_0_axi_periph_0' [/home/jsp/Storage/CFU_PYNQ_FIles/CFU_SRC/pynq_z2/pynq_z2/arunQAFDHGDZXVNBDXG_gae.gen/sources_1/bd/system/synth/system.v:1340]
INFO: [Synth 8-6157] synthesizing module 'm00_couplers_imp_1H7AUOX' [/home/jsp/Storage/CFU_PYNQ_FIles/CFU_SRC/pynq_z2/pynq_z2/arunQAFDHGDZXVNBDXG_gae.gen/sources_1/bd/system/synth/system.v:13]
INFO: [Synth 8-6155] done synthesizing module 'm00_couplers_imp_1H7AUOX' (6#1) [/home/jsp/Storage/CFU_PYNQ_FIles/CFU_SRC/pynq_z2/pynq_z2/arunQAFDHGDZXVNBDXG_gae.gen/sources_1/bd/system/synth/system.v:13]
INFO: [Synth 8-6157] synthesizing module 'm01_couplers_imp_4Y7TYO' [/home/jsp/Storage/CFU_PYNQ_FIles/CFU_SRC/pynq_z2/pynq_z2/arunQAFDHGDZXVNBDXG_gae.gen/sources_1/bd/system/synth/system.v:145]
INFO: [Synth 8-6155] done synthesizing module 'm01_couplers_imp_4Y7TYO' (7#1) [/home/jsp/Storage/CFU_PYNQ_FIles/CFU_SRC/pynq_z2/pynq_z2/arunQAFDHGDZXVNBDXG_gae.gen/sources_1/bd/system/synth/system.v:145]
INFO: [Synth 8-6157] synthesizing module 'm02_couplers_imp_FKL2TE' [/home/jsp/Storage/CFU_PYNQ_FIles/CFU_SRC/pynq_z2/pynq_z2/arunQAFDHGDZXVNBDXG_gae.gen/sources_1/bd/system/synth/system.v:277]
INFO: [Synth 8-6155] done synthesizing module 'm02_couplers_imp_FKL2TE' (8#1) [/home/jsp/Storage/CFU_PYNQ_FIles/CFU_SRC/pynq_z2/pynq_z2/arunQAFDHGDZXVNBDXG_gae.gen/sources_1/bd/system/synth/system.v:277]
INFO: [Synth 8-6157] synthesizing module 'm03_couplers_imp_15QZ4LV' [/home/jsp/Storage/CFU_PYNQ_FIles/CFU_SRC/pynq_z2/pynq_z2/arunQAFDHGDZXVNBDXG_gae.gen/sources_1/bd/system/synth/system.v:409]
INFO: [Synth 8-6155] done synthesizing module 'm03_couplers_imp_15QZ4LV' (9#1) [/home/jsp/Storage/CFU_PYNQ_FIles/CFU_SRC/pynq_z2/pynq_z2/arunQAFDHGDZXVNBDXG_gae.gen/sources_1/bd/system/synth/system.v:409]
INFO: [Synth 8-6157] synthesizing module 's00_couplers_imp_11SE3QO' [/home/jsp/Storage/CFU_PYNQ_FIles/CFU_SRC/pynq_z2/pynq_z2/arunQAFDHGDZXVNBDXG_gae.gen/sources_1/bd/system/synth/system.v:541]
INFO: [Synth 8-6157] synthesizing module 'system_auto_pc_0' [/home/jsp/Storage/CFU_PYNQ_FIles/CFU_SRC/pynq_z2/pynq_z2/.Xil/Vivado-9334-jsp-H370M-D3H/realtime/system_auto_pc_0_stub.v:6]
INFO: [Synth 8-6155] done synthesizing module 'system_auto_pc_0' (10#1) [/home/jsp/Storage/CFU_PYNQ_FIles/CFU_SRC/pynq_z2/pynq_z2/.Xil/Vivado-9334-jsp-H370M-D3H/realtime/system_auto_pc_0_stub.v:6]
INFO: [Synth 8-6155] done synthesizing module 's00_couplers_imp_11SE3QO' (11#1) [/home/jsp/Storage/CFU_PYNQ_FIles/CFU_SRC/pynq_z2/pynq_z2/arunQAFDHGDZXVNBDXG_gae.gen/sources_1/bd/system/synth/system.v:541]
INFO: [Synth 8-6157] synthesizing module 'system_xbar_0' [/home/jsp/Storage/CFU_PYNQ_FIles/CFU_SRC/pynq_z2/pynq_z2/.Xil/Vivado-9334-jsp-H370M-D3H/realtime/system_xbar_0_stub.v:6]
INFO: [Synth 8-6155] done synthesizing module 'system_xbar_0' (12#1) [/home/jsp/Storage/CFU_PYNQ_FIles/CFU_SRC/pynq_z2/pynq_z2/.Xil/Vivado-9334-jsp-H370M-D3H/realtime/system_xbar_0_stub.v:6]
WARNING: [Synth 8-7071] port 'm_axi_awprot' of module 'system_xbar_0' is unconnected for instance 'xbar' [/home/jsp/Storage/CFU_PYNQ_FIles/CFU_SRC/pynq_z2/pynq_z2/arunQAFDHGDZXVNBDXG_gae.gen/sources_1/bd/system/synth/system.v:2100]
WARNING: [Synth 8-7071] port 'm_axi_arprot' of module 'system_xbar_0' is unconnected for instance 'xbar' [/home/jsp/Storage/CFU_PYNQ_FIles/CFU_SRC/pynq_z2/pynq_z2/arunQAFDHGDZXVNBDXG_gae.gen/sources_1/bd/system/synth/system.v:2100]
WARNING: [Synth 8-7023] instance 'xbar' of module 'system_xbar_0' has 40 connections declared, but only 38 given [/home/jsp/Storage/CFU_PYNQ_FIles/CFU_SRC/pynq_z2/pynq_z2/arunQAFDHGDZXVNBDXG_gae.gen/sources_1/bd/system/synth/system.v:2100]
INFO: [Synth 8-6155] done synthesizing module 'system_ps7_0_axi_periph_0' (13#1) [/home/jsp/Storage/CFU_PYNQ_FIles/CFU_SRC/pynq_z2/pynq_z2/arunQAFDHGDZXVNBDXG_gae.gen/sources_1/bd/system/synth/system.v:1340]
INFO: [Synth 8-6157] synthesizing module 'system_rst_ps7_0_100M_0' [/home/jsp/Storage/CFU_PYNQ_FIles/CFU_SRC/pynq_z2/pynq_z2/.Xil/Vivado-9334-jsp-H370M-D3H/realtime/system_rst_ps7_0_100M_0_stub.v:6]
INFO: [Synth 8-6155] done synthesizing module 'system_rst_ps7_0_100M_0' (14#1) [/home/jsp/Storage/CFU_PYNQ_FIles/CFU_SRC/pynq_z2/pynq_z2/.Xil/Vivado-9334-jsp-H370M-D3H/realtime/system_rst_ps7_0_100M_0_stub.v:6]
WARNING: [Synth 8-7071] port 'mb_reset' of module 'system_rst_ps7_0_100M_0' is unconnected for instance 'rst_ps7_0_100M' [/home/jsp/Storage/CFU_PYNQ_FIles/CFU_SRC/pynq_z2/pynq_z2/arunQAFDHGDZXVNBDXG_gae.gen/sources_1/bd/system/synth/system.v:1319]
WARNING: [Synth 8-7071] port 'bus_struct_reset' of module 'system_rst_ps7_0_100M_0' is unconnected for instance 'rst_ps7_0_100M' [/home/jsp/Storage/CFU_PYNQ_FIles/CFU_SRC/pynq_z2/pynq_z2/arunQAFDHGDZXVNBDXG_gae.gen/sources_1/bd/system/synth/system.v:1319]
WARNING: [Synth 8-7071] port 'peripheral_reset' of module 'system_rst_ps7_0_100M_0' is unconnected for instance 'rst_ps7_0_100M' [/home/jsp/Storage/CFU_PYNQ_FIles/CFU_SRC/pynq_z2/pynq_z2/arunQAFDHGDZXVNBDXG_gae.gen/sources_1/bd/system/synth/system.v:1319]
WARNING: [Synth 8-7071] port 'interconnect_aresetn' of module 'system_rst_ps7_0_100M_0' is unconnected for instance 'rst_ps7_0_100M' [/home/jsp/Storage/CFU_PYNQ_FIles/CFU_SRC/pynq_z2/pynq_z2/arunQAFDHGDZXVNBDXG_gae.gen/sources_1/bd/system/synth/system.v:1319]
WARNING: [Synth 8-7023] instance 'rst_ps7_0_100M' of module 'system_rst_ps7_0_100M_0' has 10 connections declared, but only 6 given [/home/jsp/Storage/CFU_PYNQ_FIles/CFU_SRC/pynq_z2/pynq_z2/arunQAFDHGDZXVNBDXG_gae.gen/sources_1/bd/system/synth/system.v:1319]
INFO: [Synth 8-6157] synthesizing module 'system_tul_pynq_z2_0_0' [/home/jsp/Storage/CFU_PYNQ_FIles/CFU_SRC/pynq_z2/pynq_z2/.Xil/Vivado-9334-jsp-H370M-D3H/realtime/system_tul_pynq_z2_0_0_stub.v:6]
INFO: [Synth 8-6155] done synthesizing module 'system_tul_pynq_z2_0_0' (15#1) [/home/jsp/Storage/CFU_PYNQ_FIles/CFU_SRC/pynq_z2/pynq_z2/.Xil/Vivado-9334-jsp-H370M-D3H/realtime/system_tul_pynq_z2_0_0_stub.v:6]
INFO: [Synth 8-6155] done synthesizing module 'system' (16#1) [/home/jsp/Storage/CFU_PYNQ_FIles/CFU_SRC/pynq_z2/pynq_z2/arunQAFDHGDZXVNBDXG_gae.gen/sources_1/bd/system/synth/system.v:846]
INFO: [Synth 8-6155] done synthesizing module 'system_wrapper' (17#1) [/home/jsp/Storage/CFU_PYNQ_FIles/CFU_SRC/pynq_z2/pynq_z2/arunQAFDHGDZXVNBDXG_gae.gen/sources_1/bd/system/hdl/system_wrapper.v:13]
---------------------------------------------------------------------------------
Finished Synthesize : Time (s): cpu = 00:00:06 ; elapsed = 00:00:05 . Memory (MB): peak = 13669.863 ; gain = 0.000 ; free physical = 5765 ; free virtual = 17376
---------------------------------------------------------------------------------
Copyright 1986-2022 Xilinx, Inc. All Rights Reserved. Copyright 2022-2024 Advanced Micro Devices, Inc. All Rights Reserved.
---------------------------------------------------------------------------------------------------------------------------------------------
| Tool Version : Vivado v.2024.1 (lin64) Build 5076996 Wed May 22 18:36:09 MDT 2024
| Date         : Wed Nov  5 08:50:03 2025
| Host         : jsp-H370M-D3H running 64-bit Ubuntu 24.04.3 LTS
---------------------------------------------------------------------------------------------------------------------------------------------

RTL Linter Report

Table of Contents
-----------------
1. Summary

1. Summary
----------

+-----------+----------+--------------+----------+
| Rule ID   | Severity | # Violations | # Waived |
+-----------+----------+--------------+----------+
| ASSIGN-5  | WARNING  | 21           | 0        |
| ASSIGN-6  | WARNING  | 8            | 0        |
| ASSIGN-10 | WARNING  | 28           | 0        |
+-----------+----------+--------------+----------+


WARNING: [Synth 37-124] [ASSIGN-5]Some bits in 'processing_system7_0_DDR_ADDR' are not set. First unset bit index is 0. 
RTL Name 'processing_system7_0_DDR_ADDR', Hierarchy 'system', File 'system.v', Line 904.
WARNING: [Synth 37-124] [ASSIGN-5]Some bits in 'processing_system7_0_DDR_BA' are not set. First unset bit index is 0. 
RTL Name 'processing_system7_0_DDR_BA', Hierarchy 'system', File 'system.v', Line 905.
WARNING: [Synth 37-95] [ASSIGN-5]Found scalar variable(s) 'processing_system7_0_DDR_CAS_N' declared and are not set.
RTL Name 'processing_system7_0_DDR_CAS_N', Hierarchy 'system', File '/home/jsp/Storage/CFU_PYNQ_FIles/CFU_SRC/pynq_z2/pynq_z2/arunQAFDHGDZXVNBDXG_gae.gen/sources_1/bd/system/synth/system.v', Line 906.
WARNING: [Synth 37-95] [ASSIGN-5]Found scalar variable(s) 'processing_system7_0_DDR_CKE' declared and are not set.
RTL Name 'processing_system7_0_DDR_CKE', Hierarchy 'system', File '/home/jsp/Storage/CFU_PYNQ_FIles/CFU_SRC/pynq_z2/pynq_z2/arunQAFDHGDZXVNBDXG_gae.gen/sources_1/bd/system/synth/system.v', Line 907.
WARNING: [Synth 37-95] [ASSIGN-5]Found scalar variable(s) 'processing_system7_0_DDR_CK_N' declared and are not set.
RTL Name 'processing_system7_0_DDR_CK_N', Hierarchy 'system', File '/home/jsp/Storage/CFU_PYNQ_FIles/CFU_SRC/pynq_z2/pynq_z2/arunQAFDHGDZXVNBDXG_gae.gen/sources_1/bd/system/synth/system.v', Line 908.
WARNING: [Synth 37-95] [ASSIGN-5]Found scalar variable(s) 'processing_system7_0_DDR_CK_P' declared and are not set.
RTL Name 'processing_system7_0_DDR_CK_P', Hierarchy 'system', File '/home/jsp/Storage/CFU_PYNQ_FIles/CFU_SRC/pynq_z2/pynq_z2/arunQAFDHGDZXVNBDXG_gae.gen/sources_1/bd/system/synth/system.v', Line 909.
WARNING: [Synth 37-95] [ASSIGN-5]Found scalar variable(s) 'processing_system7_0_DDR_CS_N' declared and are not set.
RTL Name 'processing_system7_0_DDR_CS_N', Hierarchy 'system', File '/home/jsp/Storage/CFU_PYNQ_FIles/CFU_SRC/pynq_z2/pynq_z2/arunQAFDHGDZXVNBDXG_gae.gen/sources_1/bd/system/synth/system.v', Line 910.
WARNING: [Synth 37-124] [ASSIGN-5]Some bits in 'processing_system7_0_DDR_DM' are not set. First unset bit index is 0. 
RTL Name 'processing_system7_0_DDR_DM', Hierarchy 'system', File 'system.v', Line 911.
WARNING: [Synth 37-124] [ASSIGN-5]Some bits in 'processing_system7_0_DDR_DQ' are not set. First unset bit index is 0. 
RTL Name 'processing_system7_0_DDR_DQ', Hierarchy 'system', File 'system.v', Line 912.
WARNING: [Synth 37-124] [ASSIGN-5]Some bits in 'processing_system7_0_DDR_DQS_N' are not set. First unset bit index is 0. 
RTL Name 'processing_system7_0_DDR_DQS_N', Hierarchy 'system', File 'system.v', Line 913.
WARNING: [Synth 37-124] [ASSIGN-5]Some bits in 'processing_system7_0_DDR_DQS_P' are not set. First unset bit index is 0. 
RTL Name 'processing_system7_0_DDR_DQS_P', Hierarchy 'system', File 'system.v', Line 914.
WARNING: [Synth 37-95] [ASSIGN-5]Found scalar variable(s) 'processing_system7_0_DDR_ODT' declared and are not set.
RTL Name 'processing_system7_0_DDR_ODT', Hierarchy 'system', File '/home/jsp/Storage/CFU_PYNQ_FIles/CFU_SRC/pynq_z2/pynq_z2/arunQAFDHGDZXVNBDXG_gae.gen/sources_1/bd/system/synth/system.v', Line 915.
WARNING: [Synth 37-95] [ASSIGN-5]Found scalar variable(s) 'processing_system7_0_DDR_RAS_N' declared and are not set.
RTL Name 'processing_system7_0_DDR_RAS_N', Hierarchy 'system', File '/home/jsp/Storage/CFU_PYNQ_FIles/CFU_SRC/pynq_z2/pynq_z2/arunQAFDHGDZXVNBDXG_gae.gen/sources_1/bd/system/synth/system.v', Line 916.
WARNING: [Synth 37-95] [ASSIGN-5]Found scalar variable(s) 'processing_system7_0_DDR_RESET_N' declared and are not set.
RTL Name 'processing_system7_0_DDR_RESET_N', Hierarchy 'system', File '/home/jsp/Storage/CFU_PYNQ_FIles/CFU_SRC/pynq_z2/pynq_z2/arunQAFDHGDZXVNBDXG_gae.gen/sources_1/bd/system/synth/system.v', Line 917.
WARNING: [Synth 37-95] [ASSIGN-5]Found scalar variable(s) 'processing_system7_0_DDR_WE_N' declared and are not set.
RTL Name 'processing_system7_0_DDR_WE_N', Hierarchy 'system', File '/home/jsp/Storage/CFU_PYNQ_FIles/CFU_SRC/pynq_z2/pynq_z2/arunQAFDHGDZXVNBDXG_gae.gen/sources_1/bd/system/synth/system.v', Line 918.
WARNING: [Synth 37-95] [ASSIGN-5]Found scalar variable(s) 'processing_system7_0_FIXED_IO_DDR_VRN' declared and are not set.
RTL Name 'processing_system7_0_FIXED_IO_DDR_VRN', Hierarchy 'system', File '/home/jsp/Storage/CFU_PYNQ_FIles/CFU_SRC/pynq_z2/pynq_z2/arunQAFDHGDZXVNBDXG_gae.gen/sources_1/bd/system/synth/system.v', Line 922.
WARNING: [Synth 37-95] [ASSIGN-5]Found scalar variable(s) 'processing_system7_0_FIXED_IO_DDR_VRP' declared and are not set.
RTL Name 'processing_system7_0_FIXED_IO_DDR_VRP', Hierarchy 'system', File '/home/jsp/Storage/CFU_PYNQ_FIles/CFU_SRC/pynq_z2/pynq_z2/arunQAFDHGDZXVNBDXG_gae.gen/sources_1/bd/system/synth/system.v', Line 923.
WARNING: [Synth 37-124] [ASSIGN-5]Some bits in 'processing_system7_0_FIXED_IO_MIO' are not set. First unset bit index is 0. 
RTL Name 'processing_system7_0_FIXED_IO_MIO', Hierarchy 'system', File 'system.v', Line 924.
WARNING: [Synth 37-95] [ASSIGN-5]Found scalar variable(s) 'processing_system7_0_FIXED_IO_PS_CLK' declared and are not set.
RTL Name 'processing_system7_0_FIXED_IO_PS_CLK', Hierarchy 'system', File '/home/jsp/Storage/CFU_PYNQ_FIles/CFU_SRC/pynq_z2/pynq_z2/arunQAFDHGDZXVNBDXG_gae.gen/sources_1/bd/system/synth/system.v', Line 925.
WARNING: [Synth 37-95] [ASSIGN-5]Found scalar variable(s) 'processing_system7_0_FIXED_IO_PS_PORB' declared and are not set.
RTL Name 'processing_system7_0_FIXED_IO_PS_PORB', Hierarchy 'system', File '/home/jsp/Storage/CFU_PYNQ_FIles/CFU_SRC/pynq_z2/pynq_z2/arunQAFDHGDZXVNBDXG_gae.gen/sources_1/bd/system/synth/system.v', Line 926.
WARNING: [Synth 37-95] [ASSIGN-5]Found scalar variable(s) 'processing_system7_0_FIXED_IO_PS_SRSTB' declared and are not set.
RTL Name 'processing_system7_0_FIXED_IO_PS_SRSTB', Hierarchy 'system', File '/home/jsp/Storage/CFU_PYNQ_FIles/CFU_SRC/pynq_z2/pynq_z2/arunQAFDHGDZXVNBDXG_gae.gen/sources_1/bd/system/synth/system.v', Line 927.
WARNING: [Synth 37-123] [ASSIGN-6]Some bits in 'ps7_0_axi_periph_M00_AXI_ARADDR' are not read. First unread bit index is 9. 
RTL Name 'ps7_0_axi_periph_M00_AXI_ARADDR', Hierarchy 'system', File 'system.v', Line 966.
WARNING: [Synth 37-123] [ASSIGN-6]Some bits in 'ps7_0_axi_periph_M00_AXI_AWADDR' are not read. First unread bit index is 9. 
RTL Name 'ps7_0_axi_periph_M00_AXI_AWADDR', Hierarchy 'system', File 'system.v', Line 969.
WARNING: [Synth 37-123] [ASSIGN-6]Some bits in 'ps7_0_axi_periph_M01_AXI_ARADDR' are not read. First unread bit index is 9. 
RTL Name 'ps7_0_axi_periph_M01_AXI_ARADDR', Hierarchy 'system', File 'system.v', Line 983.
WARNING: [Synth 37-123] [ASSIGN-6]Some bits in 'ps7_0_axi_periph_M01_AXI_AWADDR' are not read. First unread bit index is 9. 
RTL Name 'ps7_0_axi_periph_M01_AXI_AWADDR', Hierarchy 'system', File 'system.v', Line 986.
WARNING: [Synth 37-123] [ASSIGN-6]Some bits in 'ps7_0_axi_periph_M02_AXI_ARADDR' are not read. First unread bit index is 9. 
RTL Name 'ps7_0_axi_periph_M02_AXI_ARADDR', Hierarchy 'system', File 'system.v', Line 1000.
WARNING: [Synth 37-123] [ASSIGN-6]Some bits in 'ps7_0_axi_periph_M02_AXI_AWADDR' are not read. First unread bit index is 9. 
RTL Name 'ps7_0_axi_periph_M02_AXI_AWADDR', Hierarchy 'system', File 'system.v', Line 1003.
WARNING: [Synth 37-123] [ASSIGN-6]Some bits in 'ps7_0_axi_periph_M03_AXI_ARADDR' are not read. First unread bit index is 9. 
RTL Name 'ps7_0_axi_periph_M03_AXI_ARADDR', Hierarchy 'system', File 'system.v', Line 1017.
WARNING: [Synth 37-123] [ASSIGN-6]Some bits in 'ps7_0_axi_periph_M03_AXI_AWADDR' are not read. First unread bit index is 9. 
RTL Name 'ps7_0_axi_periph_M03_AXI_AWADDR', Hierarchy 'system', File 'system.v', Line 1020.
WARNING: [Synth 37-125] [ASSIGN-10]Some bits in IO 'M00_ACLK' are not read. First unread bit index is 0. 
RTL Name 'M00_ACLK', Hierarchy 'system_ps7_0_axi_periph_0', File 'system.v', Line 1461.
WARNING: [Synth 37-125] [ASSIGN-10]Some bits in IO 'M00_ARESETN' are not read. First unread bit index is 0. 
RTL Name 'M00_ARESETN', Hierarchy 'system_ps7_0_axi_periph_0', File 'system.v', Line 1462.
WARNING: [Synth 37-125] [ASSIGN-10]Some bits in IO 'M01_ACLK' are not read. First unread bit index is 0. 
RTL Name 'M01_ACLK', Hierarchy 'system_ps7_0_axi_periph_0', File 'system.v', Line 1480.
WARNING: [Synth 37-125] [ASSIGN-10]Some bits in IO 'M01_ARESETN' are not read. First unread bit index is 0. 
RTL Name 'M01_ARESETN', Hierarchy 'system_ps7_0_axi_periph_0', File 'system.v', Line 1481.
WARNING: [Synth 37-125] [ASSIGN-10]Some bits in IO 'M02_ACLK' are not read. First unread bit index is 0. 
RTL Name 'M02_ACLK', Hierarchy 'system_ps7_0_axi_periph_0', File 'system.v', Line 1499.
WARNING: [Synth 37-125] [ASSIGN-10]Some bits in IO 'M02_ARESETN' are not read. First unread bit index is 0. 
RTL Name 'M02_ARESETN', Hierarchy 'system_ps7_0_axi_periph_0', File 'system.v', Line 1500.
WARNING: [Synth 37-125] [ASSIGN-10]Some bits in IO 'M03_ACLK' are not read. First unread bit index is 0. 
RTL Name 'M03_ACLK', Hierarchy 'system_ps7_0_axi_periph_0', File 'system.v', Line 1518.
WARNING: [Synth 37-125] [ASSIGN-10]Some bits in IO 'M03_ARESETN' are not read. First unread bit index is 0. 
RTL Name 'M03_ARESETN', Hierarchy 'system_ps7_0_axi_periph_0', File 'system.v', Line 1519.
WARNING: [Synth 37-125] [ASSIGN-10]Some bits in IO 'M_ACLK' are not read. First unread bit index is 0. 
RTL Name 'M_ACLK', Hierarchy 'm00_couplers_imp_1H7AUOX', File 'system.v', Line 52.
WARNING: [Synth 37-125] [ASSIGN-10]Some bits in IO 'M_ACLK' are not read. First unread bit index is 0. 
RTL Name 'M_ACLK', Hierarchy 'm03_couplers_imp_15QZ4LV', File 'system.v', Line 448.
WARNING: [Synth 37-125] [ASSIGN-10]Some bits in IO 'M_ACLK' are not read. First unread bit index is 0. 
RTL Name 'M_ACLK', Hierarchy 'm02_couplers_imp_FKL2TE', File 'system.v', Line 316.
WARNING: [Synth 37-125] [ASSIGN-10]Some bits in IO 'M_ACLK' are not read. First unread bit index is 0. 
RTL Name 'M_ACLK', Hierarchy 'm01_couplers_imp_4Y7TYO', File 'system.v', Line 184.
WARNING: [Synth 37-125] [ASSIGN-10]Some bits in IO 'M_ACLK' are not read. First unread bit index is 0. 
RTL Name 'M_ACLK', Hierarchy 's00_couplers_imp_11SE3QO', File 'system.v', Line 603.
WARNING: [Synth 37-125] [ASSIGN-10]Some bits in IO 'M_ARESETN' are not read. First unread bit index is 0. 
RTL Name 'M_ARESETN', Hierarchy 'm01_couplers_imp_4Y7TYO', File 'system.v', Line 185.
WARNING: [Synth 37-125] [ASSIGN-10]Some bits in IO 'M_ARESETN' are not read. First unread bit index is 0. 
RTL Name 'M_ARESETN', Hierarchy 'm00_couplers_imp_1H7AUOX', File 'system.v', Line 53.
WARNING: [Synth 37-125] [ASSIGN-10]Some bits in IO 'M_ARESETN' are not read. First unread bit index is 0. 
RTL Name 'M_ARESETN', Hierarchy 'm02_couplers_imp_FKL2TE', File 'system.v', Line 317.
WARNING: [Synth 37-125] [ASSIGN-10]Some bits in IO 'M_ARESETN' are not read. First unread bit index is 0. 
RTL Name 'M_ARESETN', Hierarchy 'm03_couplers_imp_15QZ4LV', File 'system.v', Line 449.
WARNING: [Synth 37-125] [ASSIGN-10]Some bits in IO 'M_ARESETN' are not read. First unread bit index is 0. 
RTL Name 'M_ARESETN', Hierarchy 's00_couplers_imp_11SE3QO', File 'system.v', Line 604.
WARNING: [Synth 37-125] [ASSIGN-10]Some bits in IO 'S00_ACLK' are not read. First unread bit index is 0. 
RTL Name 'S00_ACLK', Hierarchy 'system_ps7_0_axi_periph_0', File 'system.v', Line 1537.
WARNING: [Synth 37-125] [ASSIGN-10]Some bits in IO 'S00_ARESETN' are not read. First unread bit index is 0. 
RTL Name 'S00_ARESETN', Hierarchy 'system_ps7_0_axi_periph_0', File 'system.v', Line 1538.
WARNING: [Synth 37-125] [ASSIGN-10]Some bits in IO 'S_ACLK' are not read. First unread bit index is 0. 
RTL Name 'S_ACLK', Hierarchy 'm02_couplers_imp_FKL2TE', File 'system.v', Line 335.
WARNING: [Synth 37-125] [ASSIGN-10]Some bits in IO 'S_ACLK' are not read. First unread bit index is 0. 
RTL Name 'S_ACLK', Hierarchy 'm01_couplers_imp_4Y7TYO', File 'system.v', Line 203.
WARNING: [Synth 37-125] [ASSIGN-10]Some bits in IO 'S_ACLK' are not read. First unread bit index is 0. 
RTL Name 'S_ACLK', Hierarchy 'm03_couplers_imp_15QZ4LV', File 'system.v', Line 467.
WARNING: [Synth 37-125] [ASSIGN-10]Some bits in IO 'S_ACLK' are not read. First unread bit index is 0. 
RTL Name 'S_ACLK', Hierarchy 'm00_couplers_imp_1H7AUOX', File 'system.v', Line 71.
WARNING: [Synth 37-125] [ASSIGN-10]Some bits in IO 'S_ARESETN' are not read. First unread bit index is 0. 
RTL Name 'S_ARESETN', Hierarchy 'm02_couplers_imp_FKL2TE', File 'system.v', Line 336.
WARNING: [Synth 37-125] [ASSIGN-10]Some bits in IO 'S_ARESETN' are not read. First unread bit index is 0. 
RTL Name 'S_ARESETN', Hierarchy 'm01_couplers_imp_4Y7TYO', File 'system.v', Line 204.
WARNING: [Synth 37-125] [ASSIGN-10]Some bits in IO 'S_ARESETN' are not read. First unread bit index is 0. 
RTL Name 'S_ARESETN', Hierarchy 'm03_couplers_imp_15QZ4LV', File 'system.v', Line 468.
WARNING: [Synth 37-125] [ASSIGN-10]Some bits in IO 'S_ARESETN' are not read. First unread bit index is 0. 
RTL Name 'S_ARESETN', Hierarchy 'm00_couplers_imp_1H7AUOX', File 'system.v', Line 72.
INFO: [Synth 37-85] Total of 57 linter message(s) generated.
INFO: [Synth 37-45] Linter Run Finished!
Synthesis Optimization Runtime : Time (s): cpu = 00:00:06 ; elapsed = 00:00:05 . Memory (MB): peak = 13669.863 ; gain = 0.000 ; free physical = 5745 ; free virtual = 17355
INFO: [Common 17-83] Releasing license: Synthesis
50 Infos, 70 Warnings, 0 Critical Warnings and 0 Errors encountered.
synth_design completed successfully
synth_design: Time (s): cpu = 00:00:06 ; elapsed = 00:00:06 . Memory (MB): peak = 13669.863 ; gain = 0.000 ; free physical = 5745 ; free virtual = 17355
INFO: [Common 17-2834] synth_design peak Physical Memory [PSS] (MB): overall = 4587.647; main = 4587.647; forked = 0.000
INFO: [Common 17-2834] synth_design peak Virtual Memory [VSS] (MB): overall = 13311.762; main = 13311.762; forked = 0.000
WARNING: [filemgmt 56-199] Attempt to get parsing info during refresh. "On-the-fly" syntax checking information may be incorrect. [/home/jsp/Storage/CFU_PYNQ_FIles/CFU_SRC/donut-accel/cfu.v:]
WARNING: [filemgmt 56-199] Attempt to get parsing info during refresh. "On-the-fly" syntax checking information may be incorrect. [/home/jsp/Storage/CFU_PYNQ_FIles/CFU_SRC/pynq_z2/pynq_z2/arunQAFDHGDZXVNBDXG_gae.srcs/sources_1/new/Cfu.v:]
WARNING: [filemgmt 56-199] Attempt to get parsing info during refresh. "On-the-fly" syntax checking information may be incorrect. [/home/jsp/Storage/CFU_PYNQ_FIles/CFU_SRC/pynq_z2/pynq_z2/arunQAFDHGDZXVNBDXG_gae.srcs/sources_1/new/tul_pynq_z2.v:]
WARNING: [filemgmt 56-199] Attempt to get parsing info during refresh. "On-the-fly" syntax checking information may be incorrect. [/home/jsp/Storage/CFU_PYNQ_FIles/CFU_SRC/pynq_z2/pynq_z2/arunQAFDHGDZXVNBDXG_gae.srcs/sources_1/new/Cfu.v:]
WARNING: [filemgmt 56-199] Attempt to get parsing info during refresh. "On-the-fly" syntax checking information may be incorrect. [/home/jsp/Storage/CFU_PYNQ_FIles/CFU_SRC/pynq_z2/pynq_z2/arunQAFDHGDZXVNBDXG_gae.srcs/sources_1/new/Cfu.v:]
WARNING: [filemgmt 56-199] Attempt to get parsing info during refresh. "On-the-fly" syntax checking information may be incorrect. [/home/jsp/Storage/CFU_PYNQ_FIles/CFU_SRC/donut-accel/cfu.v:]
WARNING: [filemgmt 56-199] Attempt to get parsing info during refresh. "On-the-fly" syntax checking information may be incorrect. [/home/jsp/Storage/CFU_PYNQ_FIles/CFU_SRC/pynq_z2/pynq_z2/arunQAFDHGDZXVNBDXG_gae.srcs/sources_1/new/Cfu.v:]
WARNING: [filemgmt 56-199] Attempt to get parsing info during refresh. "On-the-fly" syntax checking information may be incorrect. [/home/jsp/Storage/CFU_PYNQ_FIles/CFU_SRC/pynq_z2/pynq_z2/arunQAFDHGDZXVNBDXG_gae.srcs/sources_1/new/tul_pynq_z2.v:]
WARNING: [filemgmt 56-199] Attempt to get parsing info during refresh. "On-the-fly" syntax checking information may be incorrect. [/home/jsp/Storage/CFU_PYNQ_FIles/CFU_SRC/pynq_z2/pynq_z2/arunQAFDHGDZXVNBDXG_gae.srcs/sources_1/new/tul_pynq_z2.v:]
WARNING: [filemgmt 56-199] Attempt to get parsing info during refresh. "On-the-fly" syntax checking information may be incorrect. [/home/jsp/Storage/CFU_PYNQ_FIles/CFU_SRC/pynq_z2/pynq_z2/arunQAFDHGDZXVNBDXG_gae.srcs/sources_1/new/tul_pynq_z2.v:]
reset_run synth_1
INFO: [Project 1-1161] Replacing file /home/jsp/Storage/CFU_PYNQ_FIles/CFU_SRC/pynq_z2/pynq_z2/arunQAFDHGDZXVNBDXG_gae.srcs/utils_1/imports/synth_1/system_wrapper.dcp with file /home/jsp/Storage/CFU_PYNQ_FIles/CFU_SRC/pynq_z2/pynq_z2/arunQAFDHGDZXVNBDXG_gae.runs/synth_1/system_wrapper.dcp
WARNING: [filemgmt 56-199] Attempt to get parsing info during refresh. "On-the-fly" syntax checking information may be incorrect. [/home/jsp/Storage/CFU_PYNQ_FIles/CFU_SRC/donut-accel/cfu.v:]
WARNING: [filemgmt 56-199] Attempt to get parsing info during refresh. "On-the-fly" syntax checking information may be incorrect. [/home/jsp/Storage/CFU_PYNQ_FIles/CFU_SRC/pynq_z2/pynq_z2/arunQAFDHGDZXVNBDXG_gae.srcs/sources_1/new/Cfu.v:]
WARNING: [filemgmt 56-199] Attempt to get parsing info during refresh. "On-the-fly" syntax checking information may be incorrect. [/home/jsp/Storage/CFU_PYNQ_FIles/CFU_SRC/pynq_z2/pynq_z2/arunQAFDHGDZXVNBDXG_gae.srcs/sources_1/new/tul_pynq_z2.v:]
WARNING: [filemgmt 56-199] Attempt to get parsing info during refresh. "On-the-fly" syntax checking information may be incorrect. [/home/jsp/Storage/CFU_PYNQ_FIles/CFU_SRC/donut-accel/cfu.v:]
WARNING: [filemgmt 56-199] Attempt to get parsing info during refresh. "On-the-fly" syntax checking information may be incorrect. [/home/jsp/Storage/CFU_PYNQ_FIles/CFU_SRC/donut-accel/cfu.v:]
launch_runs impl_1 -jobs 12
INFO: [Vivado 12-4149] The synthesis checkpoint for IP '/home/jsp/Storage/CFU_PYNQ_FIles/CFU_SRC/pynq_z2/pynq_z2/arunQAFDHGDZXVNBDXG_gae.srcs/sources_1/ip/cfu_decoupler/cfu_decoupler.xci' is already up-to-date
[Wed Nov  5 08:50:10 2025] Launched synth_1...
Run output will be captured here: /home/jsp/Storage/CFU_PYNQ_FIles/CFU_SRC/pynq_z2/pynq_z2/arunQAFDHGDZXVNBDXG_gae.runs/synth_1/runme.log
[Wed Nov  5 08:50:10 2025] Launched impl_1...
Run output will be captured here: /home/jsp/Storage/CFU_PYNQ_FIles/CFU_SRC/pynq_z2/pynq_z2/arunQAFDHGDZXVNBDXG_gae.runs/impl_1/runme.log
WARNING: [filemgmt 56-199] Attempt to get parsing info during refresh. "On-the-fly" syntax checking information may be incorrect. [/home/jsp/Storage/CFU_PYNQ_FIles/CFU_SRC/donut-accel/cfu.v:]
WARNING: [filemgmt 56-199] Attempt to get parsing info during refresh. "On-the-fly" syntax checking information may be incorrect. [/home/jsp/Storage/CFU_PYNQ_FIles/CFU_SRC/pynq_z2/pynq_z2/arunQAFDHGDZXVNBDXG_gae.srcs/sources_1/new/Cfu.v:]
WARNING: [filemgmt 56-199] Attempt to get parsing info during refresh. "On-the-fly" syntax checking information may be incorrect. [/home/jsp/Storage/CFU_PYNQ_FIles/CFU_SRC/pynq_z2/pynq_z2/arunQAFDHGDZXVNBDXG_gae.srcs/sources_1/new/tul_pynq_z2.v:]
WARNING: [filemgmt 56-199] Attempt to get parsing info during refresh. "On-the-fly" syntax checking information may be incorrect. [/home/jsp/Storage/CFU_PYNQ_FIles/CFU_SRC/pynq_z2/pynq_z2/arunQAFDHGDZXVNBDXG_gae.srcs/sources_1/new/Cfu.v:]
WARNING: [filemgmt 56-199] Attempt to get parsing info during refresh. "On-the-fly" syntax checking information may be incorrect. [/home/jsp/Storage/CFU_PYNQ_FIles/CFU_SRC/pynq_z2/pynq_z2/arunQAFDHGDZXVNBDXG_gae.srcs/sources_1/new/Cfu.v:]
create_ip_run [get_files -of_objects [get_fileset sources_1] /home/jsp/Storage/CFU_PYNQ_FIles/CFU_SRC/pynq_z2/pynq_z2/arunQAFDHGDZXVNBDXG_gae.srcs/sources_1/bd/system/system.bd]
refresh_design
Netlist sorting complete. Time (s): cpu = 00:00:00.1 ; elapsed = 00:00:00.06 . Memory (MB): peak = 13669.863 ; gain = 0.000 ; free physical = 6095 ; free virtual = 17721
INFO: [Netlist 29-17] Analyzing 207 Unisim elements for replacement
INFO: [Netlist 29-28] Unisim Transformation completed in 0 CPU seconds
INFO: [Project 1-479] Netlist was created with Vivado 2024.1
INFO: [Project 1-570] Preparing netlist for logic optimization
Read ShapeDB Complete: Time (s): cpu = 00:00:00.01 ; elapsed = 00:00:00.01 . Memory (MB): peak = 13669.863 ; gain = 0.000 ; free physical = 6095 ; free virtual = 17721
INFO: [Timing 38-478] Restoring timing data from binary archive.
INFO: [Timing 38-479] Binary timing data restore complete.
INFO: [Project 1-856] Restoring constraints from binary archive.
INFO: [Project 1-853] Binary constraint restore complete.
INFO: [Designutils 20-5722] Start Reading Physical Databases.
Reading placement.
Read Netlist Cache: Time (s): cpu = 00:00:00.01 ; elapsed = 00:00:00.01 . Memory (MB): peak = 13669.863 ; gain = 0.000 ; free physical = 6095 ; free virtual = 17721
Reading placer database...
Read Device Cache: Time (s): cpu = 00:00:00.01 ; elapsed = 00:00:00.01 . Memory (MB): peak = 13669.863 ; gain = 0.000 ; free physical = 6095 ; free virtual = 17721
Read PlaceDB: Time (s): cpu = 00:00:00.29 ; elapsed = 00:00:00.25 . Memory (MB): peak = 13669.863 ; gain = 0.000 ; free physical = 6095 ; free virtual = 17721
Read PulsedLatchDB: Time (s): cpu = 00:00:00 ; elapsed = 00:00:00 . Memory (MB): peak = 13669.863 ; gain = 0.000 ; free physical = 6095 ; free virtual = 17721
Reading routing.
Read RouteStorage: Time (s): cpu = 00:00:00.12 ; elapsed = 00:00:00.05 . Memory (MB): peak = 13669.863 ; gain = 0.000 ; free physical = 6095 ; free virtual = 17721
Read Physdb Files: Time (s): cpu = 00:00:00.43 ; elapsed = 00:00:00.32 . Memory (MB): peak = 13669.863 ; gain = 0.000 ; free physical = 6095 ; free virtual = 17721
Restored from archive | CPU: 0.430000 secs | Memory: 7.509964 MB |
Finished XDEF File Restore: Time (s): cpu = 00:00:00.43 ; elapsed = 00:00:00.32 . Memory (MB): peak = 13669.863 ; gain = 0.000 ; free physical = 6095 ; free virtual = 17721
CRITICAL WARNING: [Timing 38-282] The design failed to meet the timing requirements. Please see the timing summary report for details on the timing violations.
launch_runs impl_1 -to_step write_bitstream -jobs 12
INFO: [Vivado 12-4149] The synthesis checkpoint for IP '/home/jsp/Storage/CFU_PYNQ_FIles/CFU_SRC/pynq_z2/pynq_z2/arunQAFDHGDZXVNBDXG_gae.srcs/sources_1/ip/cfu_decoupler/cfu_decoupler.xci' is already up-to-date
[Wed Nov  5 08:52:38 2025] Launched impl_1...
Run output will be captured here: /home/jsp/Storage/CFU_PYNQ_FIles/CFU_SRC/pynq_z2/pynq_z2/arunQAFDHGDZXVNBDXG_gae.runs/impl_1/runme.log
open_bd_design {/home/jsp/Storage/CFU_PYNQ_FIles/CFU_SRC/pynq_z2/pynq_z2/arunQAFDHGDZXVNBDXG_gae.srcs/sources_1/bd/system/system.bd}
regenerate_bd_layout
create_ip_run [get_files -of_objects [get_fileset sources_1] /home/jsp/Storage/CFU_PYNQ_FIles/CFU_SRC/pynq_z2/pynq_z2/arunQAFDHGDZXVNBDXG_gae.srcs/sources_1/bd/system/system.bd]
synth_design -top system_wrapper -part xc7z020clg400-1 -lint 
Command: synth_design -top system_wrapper -part xc7z020clg400-1 -lint
Starting synth_design
Attempting to get a license for feature 'Synthesis' and/or device 'xc7z020'
INFO: [Common 17-349] Got license for feature 'Synthesis' and/or device 'xc7z020'
INFO: [Synth 8-7079] Multithreading enabled for synth_design using a maximum of 4 processes.
---------------------------------------------------------------------------------
Starting Synthesize : Time (s): cpu = 00:00:04 ; elapsed = 00:00:04 . Memory (MB): peak = 13669.863 ; gain = 0.000 ; free physical = 5777 ; free virtual = 17412
---------------------------------------------------------------------------------
Clean up Linter database...
INFO: [Synth 8-11241] undeclared symbol 'dec_zz_cmd_valid', assumed default net type 'wire' [/home/jsp/Storage/CFU_PYNQ_FIles/CFU_SRC/pynq_z2/pynq_z2/arunQAFDHGDZXVNBDXG_gae.srcs/sources_1/new/Cfu.v:78]
INFO: [Synth 8-11241] undeclared symbol 'dec_zz_cmd_ready', assumed default net type 'wire' [/home/jsp/Storage/CFU_PYNQ_FIles/CFU_SRC/pynq_z2/pynq_z2/arunQAFDHGDZXVNBDXG_gae.srcs/sources_1/new/Cfu.v:78]
INFO: [Synth 8-11241] undeclared symbol 'dec_zz_cmd_payload_function_id', assumed default net type 'wire' [/home/jsp/Storage/CFU_PYNQ_FIles/CFU_SRC/pynq_z2/pynq_z2/arunQAFDHGDZXVNBDXG_gae.srcs/sources_1/new/Cfu.v:79]
INFO: [Synth 8-11241] undeclared symbol 'dec_zz_cmd_payload_inputs_0', assumed default net type 'wire' [/home/jsp/Storage/CFU_PYNQ_FIles/CFU_SRC/pynq_z2/pynq_z2/arunQAFDHGDZXVNBDXG_gae.srcs/sources_1/new/Cfu.v:80]
INFO: [Synth 8-11241] undeclared symbol 'dec_zz_cmd_payload_inputs_1', assumed default net type 'wire' [/home/jsp/Storage/CFU_PYNQ_FIles/CFU_SRC/pynq_z2/pynq_z2/arunQAFDHGDZXVNBDXG_gae.srcs/sources_1/new/Cfu.v:80]
INFO: [Synth 8-11241] undeclared symbol 'dec_zz_rsp_valid', assumed default net type 'wire' [/home/jsp/Storage/CFU_PYNQ_FIles/CFU_SRC/pynq_z2/pynq_z2/arunQAFDHGDZXVNBDXG_gae.srcs/sources_1/new/Cfu.v:81]
INFO: [Synth 8-11241] undeclared symbol 'dec_rsp_ready', assumed default net type 'wire' [/home/jsp/Storage/CFU_PYNQ_FIles/CFU_SRC/pynq_z2/pynq_z2/arunQAFDHGDZXVNBDXG_gae.srcs/sources_1/new/Cfu.v:81]
INFO: [Synth 8-11241] undeclared symbol 'dec_zz_rsp_payload_outputs_0', assumed default net type 'wire' [/home/jsp/Storage/CFU_PYNQ_FIles/CFU_SRC/pynq_z2/pynq_z2/arunQAFDHGDZXVNBDXG_gae.srcs/sources_1/new/Cfu.v:81]
INFO: [Synth 8-11241] undeclared symbol 'dec_reset', assumed default net type 'wire' [/home/jsp/Storage/CFU_PYNQ_FIles/CFU_SRC/pynq_z2/pynq_z2/arunQAFDHGDZXVNBDXG_gae.srcs/sources_1/new/Cfu.v:82]
INFO: [Synth 8-11241] undeclared symbol 'dec_clk', assumed default net type 'wire' [/home/jsp/Storage/CFU_PYNQ_FIles/CFU_SRC/pynq_z2/pynq_z2/arunQAFDHGDZXVNBDXG_gae.srcs/sources_1/new/Cfu.v:82]
INFO: [Synth 8-11241] undeclared symbol 'dec_cfu_id', assumed default net type 'wire' [/home/jsp/Storage/CFU_PYNQ_FIles/CFU_SRC/pynq_z2/pynq_z2/arunQAFDHGDZXVNBDXG_gae.srcs/sources_1/new/Cfu.v:82]
WARNING: [Synth 8-6901] identifier 'mul' is used before its declaration [/home/jsp/Storage/CFU_PYNQ_FIles/CFU_SRC/donut-accel/cfu.v:47]
WARNING: [Synth 8-6901] identifier 'mulsh' is used before its declaration [/home/jsp/Storage/CFU_PYNQ_FIles/CFU_SRC/donut-accel/cfu.v:47]
INFO: [Synth 8-6157] synthesizing module 'system_wrapper' [/home/jsp/Storage/CFU_PYNQ_FIles/CFU_SRC/pynq_z2/pynq_z2/arunQAFDHGDZXVNBDXG_gae.gen/sources_1/bd/system/hdl/system_wrapper.v:13]
INFO: [Synth 8-6157] synthesizing module 'system' [/home/jsp/Storage/CFU_PYNQ_FIles/CFU_SRC/pynq_z2/pynq_z2/arunQAFDHGDZXVNBDXG_gae.gen/sources_1/bd/system/synth/system.v:846]
INFO: [Synth 8-6157] synthesizing module 'system_axi_gpio_decouple_status_0' [/home/jsp/Storage/CFU_PYNQ_FIles/CFU_SRC/pynq_z2/pynq_z2/.Xil/Vivado-9334-jsp-H370M-D3H/realtime/system_axi_gpio_decouple_status_0_stub.v:6]
INFO: [Synth 8-6155] done synthesizing module 'system_axi_gpio_decouple_status_0' (1#1) [/home/jsp/Storage/CFU_PYNQ_FIles/CFU_SRC/pynq_z2/pynq_z2/.Xil/Vivado-9334-jsp-H370M-D3H/realtime/system_axi_gpio_decouple_status_0_stub.v:6]
INFO: [Synth 8-6157] synthesizing module 'system_axi_gpio_0_0' [/home/jsp/Storage/CFU_PYNQ_FIles/CFU_SRC/pynq_z2/pynq_z2/.Xil/Vivado-9334-jsp-H370M-D3H/realtime/system_axi_gpio_0_0_stub.v:6]
INFO: [Synth 8-6155] done synthesizing module 'system_axi_gpio_0_0' (2#1) [/home/jsp/Storage/CFU_PYNQ_FIles/CFU_SRC/pynq_z2/pynq_z2/.Xil/Vivado-9334-jsp-H370M-D3H/realtime/system_axi_gpio_0_0_stub.v:6]
INFO: [Synth 8-6157] synthesizing module 'system_axi_gpio_to_reconfig_0' [/home/jsp/Storage/CFU_PYNQ_FIles/CFU_SRC/pynq_z2/pynq_z2/.Xil/Vivado-9334-jsp-H370M-D3H/realtime/system_axi_gpio_to_reconfig_0_stub.v:6]
INFO: [Synth 8-6155] done synthesizing module 'system_axi_gpio_to_reconfig_0' (3#1) [/home/jsp/Storage/CFU_PYNQ_FIles/CFU_SRC/pynq_z2/pynq_z2/.Xil/Vivado-9334-jsp-H370M-D3H/realtime/system_axi_gpio_to_reconfig_0_stub.v:6]
INFO: [Synth 8-6157] synthesizing module 'system_axi_gpio_0_1' [/home/jsp/Storage/CFU_PYNQ_FIles/CFU_SRC/pynq_z2/pynq_z2/.Xil/Vivado-9334-jsp-H370M-D3H/realtime/system_axi_gpio_0_1_stub.v:6]
INFO: [Synth 8-6155] done synthesizing module 'system_axi_gpio_0_1' (4#1) [/home/jsp/Storage/CFU_PYNQ_FIles/CFU_SRC/pynq_z2/pynq_z2/.Xil/Vivado-9334-jsp-H370M-D3H/realtime/system_axi_gpio_0_1_stub.v:6]
INFO: [Synth 8-6157] synthesizing module 'system_processing_system7_0_0' [/home/jsp/Storage/CFU_PYNQ_FIles/CFU_SRC/pynq_z2/pynq_z2/.Xil/Vivado-9334-jsp-H370M-D3H/realtime/system_processing_system7_0_0_stub.v:6]
INFO: [Synth 8-6155] done synthesizing module 'system_processing_system7_0_0' (5#1) [/home/jsp/Storage/CFU_PYNQ_FIles/CFU_SRC/pynq_z2/pynq_z2/.Xil/Vivado-9334-jsp-H370M-D3H/realtime/system_processing_system7_0_0_stub.v:6]
WARNING: [Synth 8-7071] port 'USB0_PORT_INDCTL' of module 'system_processing_system7_0_0' is unconnected for instance 'processing_system7_0' [/home/jsp/Storage/CFU_PYNQ_FIles/CFU_SRC/pynq_z2/pynq_z2/arunQAFDHGDZXVNBDXG_gae.gen/sources_1/bd/system/synth/system.v:1135]
WARNING: [Synth 8-7071] port 'USB0_VBUS_PWRSELECT' of module 'system_processing_system7_0_0' is unconnected for instance 'processing_system7_0' [/home/jsp/Storage/CFU_PYNQ_FIles/CFU_SRC/pynq_z2/pynq_z2/arunQAFDHGDZXVNBDXG_gae.gen/sources_1/bd/system/synth/system.v:1135]
WARNING: [Synth 8-7023] instance 'processing_system7_0' of module 'system_processing_system7_0_0' has 66 connections declared, but only 64 given [/home/jsp/Storage/CFU_PYNQ_FIles/CFU_SRC/pynq_z2/pynq_z2/arunQAFDHGDZXVNBDXG_gae.gen/sources_1/bd/system/synth/system.v:1135]
INFO: [Synth 8-6157] synthesizing module 'system_ps7_0_axi_periph_0' [/home/jsp/Storage/CFU_PYNQ_FIles/CFU_SRC/pynq_z2/pynq_z2/arunQAFDHGDZXVNBDXG_gae.gen/sources_1/bd/system/synth/system.v:1340]
INFO: [Synth 8-6157] synthesizing module 'm00_couplers_imp_1H7AUOX' [/home/jsp/Storage/CFU_PYNQ_FIles/CFU_SRC/pynq_z2/pynq_z2/arunQAFDHGDZXVNBDXG_gae.gen/sources_1/bd/system/synth/system.v:13]
INFO: [Synth 8-6155] done synthesizing module 'm00_couplers_imp_1H7AUOX' (6#1) [/home/jsp/Storage/CFU_PYNQ_FIles/CFU_SRC/pynq_z2/pynq_z2/arunQAFDHGDZXVNBDXG_gae.gen/sources_1/bd/system/synth/system.v:13]
INFO: [Synth 8-6157] synthesizing module 'm01_couplers_imp_4Y7TYO' [/home/jsp/Storage/CFU_PYNQ_FIles/CFU_SRC/pynq_z2/pynq_z2/arunQAFDHGDZXVNBDXG_gae.gen/sources_1/bd/system/synth/system.v:145]
INFO: [Synth 8-6155] done synthesizing module 'm01_couplers_imp_4Y7TYO' (7#1) [/home/jsp/Storage/CFU_PYNQ_FIles/CFU_SRC/pynq_z2/pynq_z2/arunQAFDHGDZXVNBDXG_gae.gen/sources_1/bd/system/synth/system.v:145]
INFO: [Synth 8-6157] synthesizing module 'm02_couplers_imp_FKL2TE' [/home/jsp/Storage/CFU_PYNQ_FIles/CFU_SRC/pynq_z2/pynq_z2/arunQAFDHGDZXVNBDXG_gae.gen/sources_1/bd/system/synth/system.v:277]
INFO: [Synth 8-6155] done synthesizing module 'm02_couplers_imp_FKL2TE' (8#1) [/home/jsp/Storage/CFU_PYNQ_FIles/CFU_SRC/pynq_z2/pynq_z2/arunQAFDHGDZXVNBDXG_gae.gen/sources_1/bd/system/synth/system.v:277]
INFO: [Synth 8-6157] synthesizing module 'm03_couplers_imp_15QZ4LV' [/home/jsp/Storage/CFU_PYNQ_FIles/CFU_SRC/pynq_z2/pynq_z2/arunQAFDHGDZXVNBDXG_gae.gen/sources_1/bd/system/synth/system.v:409]
INFO: [Synth 8-6155] done synthesizing module 'm03_couplers_imp_15QZ4LV' (9#1) [/home/jsp/Storage/CFU_PYNQ_FIles/CFU_SRC/pynq_z2/pynq_z2/arunQAFDHGDZXVNBDXG_gae.gen/sources_1/bd/system/synth/system.v:409]
INFO: [Synth 8-6157] synthesizing module 's00_couplers_imp_11SE3QO' [/home/jsp/Storage/CFU_PYNQ_FIles/CFU_SRC/pynq_z2/pynq_z2/arunQAFDHGDZXVNBDXG_gae.gen/sources_1/bd/system/synth/system.v:541]
INFO: [Synth 8-6157] synthesizing module 'system_auto_pc_0' [/home/jsp/Storage/CFU_PYNQ_FIles/CFU_SRC/pynq_z2/pynq_z2/.Xil/Vivado-9334-jsp-H370M-D3H/realtime/system_auto_pc_0_stub.v:6]
INFO: [Synth 8-6155] done synthesizing module 'system_auto_pc_0' (10#1) [/home/jsp/Storage/CFU_PYNQ_FIles/CFU_SRC/pynq_z2/pynq_z2/.Xil/Vivado-9334-jsp-H370M-D3H/realtime/system_auto_pc_0_stub.v:6]
INFO: [Synth 8-6155] done synthesizing module 's00_couplers_imp_11SE3QO' (11#1) [/home/jsp/Storage/CFU_PYNQ_FIles/CFU_SRC/pynq_z2/pynq_z2/arunQAFDHGDZXVNBDXG_gae.gen/sources_1/bd/system/synth/system.v:541]
INFO: [Synth 8-6157] synthesizing module 'system_xbar_0' [/home/jsp/Storage/CFU_PYNQ_FIles/CFU_SRC/pynq_z2/pynq_z2/.Xil/Vivado-9334-jsp-H370M-D3H/realtime/system_xbar_0_stub.v:6]
INFO: [Synth 8-6155] done synthesizing module 'system_xbar_0' (12#1) [/home/jsp/Storage/CFU_PYNQ_FIles/CFU_SRC/pynq_z2/pynq_z2/.Xil/Vivado-9334-jsp-H370M-D3H/realtime/system_xbar_0_stub.v:6]
WARNING: [Synth 8-7071] port 'm_axi_awprot' of module 'system_xbar_0' is unconnected for instance 'xbar' [/home/jsp/Storage/CFU_PYNQ_FIles/CFU_SRC/pynq_z2/pynq_z2/arunQAFDHGDZXVNBDXG_gae.gen/sources_1/bd/system/synth/system.v:2100]
WARNING: [Synth 8-7071] port 'm_axi_arprot' of module 'system_xbar_0' is unconnected for instance 'xbar' [/home/jsp/Storage/CFU_PYNQ_FIles/CFU_SRC/pynq_z2/pynq_z2/arunQAFDHGDZXVNBDXG_gae.gen/sources_1/bd/system/synth/system.v:2100]
WARNING: [Synth 8-7023] instance 'xbar' of module 'system_xbar_0' has 40 connections declared, but only 38 given [/home/jsp/Storage/CFU_PYNQ_FIles/CFU_SRC/pynq_z2/pynq_z2/arunQAFDHGDZXVNBDXG_gae.gen/sources_1/bd/system/synth/system.v:2100]
INFO: [Synth 8-6155] done synthesizing module 'system_ps7_0_axi_periph_0' (13#1) [/home/jsp/Storage/CFU_PYNQ_FIles/CFU_SRC/pynq_z2/pynq_z2/arunQAFDHGDZXVNBDXG_gae.gen/sources_1/bd/system/synth/system.v:1340]
INFO: [Synth 8-6157] synthesizing module 'system_rst_ps7_0_100M_0' [/home/jsp/Storage/CFU_PYNQ_FIles/CFU_SRC/pynq_z2/pynq_z2/.Xil/Vivado-9334-jsp-H370M-D3H/realtime/system_rst_ps7_0_100M_0_stub.v:6]
INFO: [Synth 8-6155] done synthesizing module 'system_rst_ps7_0_100M_0' (14#1) [/home/jsp/Storage/CFU_PYNQ_FIles/CFU_SRC/pynq_z2/pynq_z2/.Xil/Vivado-9334-jsp-H370M-D3H/realtime/system_rst_ps7_0_100M_0_stub.v:6]
WARNING: [Synth 8-7071] port 'mb_reset' of module 'system_rst_ps7_0_100M_0' is unconnected for instance 'rst_ps7_0_100M' [/home/jsp/Storage/CFU_PYNQ_FIles/CFU_SRC/pynq_z2/pynq_z2/arunQAFDHGDZXVNBDXG_gae.gen/sources_1/bd/system/synth/system.v:1319]
WARNING: [Synth 8-7071] port 'bus_struct_reset' of module 'system_rst_ps7_0_100M_0' is unconnected for instance 'rst_ps7_0_100M' [/home/jsp/Storage/CFU_PYNQ_FIles/CFU_SRC/pynq_z2/pynq_z2/arunQAFDHGDZXVNBDXG_gae.gen/sources_1/bd/system/synth/system.v:1319]
WARNING: [Synth 8-7071] port 'peripheral_reset' of module 'system_rst_ps7_0_100M_0' is unconnected for instance 'rst_ps7_0_100M' [/home/jsp/Storage/CFU_PYNQ_FIles/CFU_SRC/pynq_z2/pynq_z2/arunQAFDHGDZXVNBDXG_gae.gen/sources_1/bd/system/synth/system.v:1319]
WARNING: [Synth 8-7071] port 'interconnect_aresetn' of module 'system_rst_ps7_0_100M_0' is unconnected for instance 'rst_ps7_0_100M' [/home/jsp/Storage/CFU_PYNQ_FIles/CFU_SRC/pynq_z2/pynq_z2/arunQAFDHGDZXVNBDXG_gae.gen/sources_1/bd/system/synth/system.v:1319]
WARNING: [Synth 8-7023] instance 'rst_ps7_0_100M' of module 'system_rst_ps7_0_100M_0' has 10 connections declared, but only 6 given [/home/jsp/Storage/CFU_PYNQ_FIles/CFU_SRC/pynq_z2/pynq_z2/arunQAFDHGDZXVNBDXG_gae.gen/sources_1/bd/system/synth/system.v:1319]
INFO: [Synth 8-6157] synthesizing module 'system_tul_pynq_z2_0_0' [/home/jsp/Storage/CFU_PYNQ_FIles/CFU_SRC/pynq_z2/pynq_z2/.Xil/Vivado-9334-jsp-H370M-D3H/realtime/system_tul_pynq_z2_0_0_stub.v:6]
INFO: [Synth 8-6155] done synthesizing module 'system_tul_pynq_z2_0_0' (15#1) [/home/jsp/Storage/CFU_PYNQ_FIles/CFU_SRC/pynq_z2/pynq_z2/.Xil/Vivado-9334-jsp-H370M-D3H/realtime/system_tul_pynq_z2_0_0_stub.v:6]
INFO: [Synth 8-6155] done synthesizing module 'system' (16#1) [/home/jsp/Storage/CFU_PYNQ_FIles/CFU_SRC/pynq_z2/pynq_z2/arunQAFDHGDZXVNBDXG_gae.gen/sources_1/bd/system/synth/system.v:846]
INFO: [Synth 8-6155] done synthesizing module 'system_wrapper' (17#1) [/home/jsp/Storage/CFU_PYNQ_FIles/CFU_SRC/pynq_z2/pynq_z2/arunQAFDHGDZXVNBDXG_gae.gen/sources_1/bd/system/hdl/system_wrapper.v:13]
---------------------------------------------------------------------------------
Finished Synthesize : Time (s): cpu = 00:00:06 ; elapsed = 00:00:05 . Memory (MB): peak = 13669.863 ; gain = 0.000 ; free physical = 5730 ; free virtual = 17365
---------------------------------------------------------------------------------
Copyright 1986-2022 Xilinx, Inc. All Rights Reserved. Copyright 2022-2024 Advanced Micro Devices, Inc. All Rights Reserved.
---------------------------------------------------------------------------------------------------------------------------------------------
| Tool Version : Vivado v.2024.1 (lin64) Build 5076996 Wed May 22 18:36:09 MDT 2024
| Date         : Wed Nov  5 08:53:51 2025
| Host         : jsp-H370M-D3H running 64-bit Ubuntu 24.04.3 LTS
---------------------------------------------------------------------------------------------------------------------------------------------

RTL Linter Report

Table of Contents
-----------------
1. Summary

1. Summary
----------

+-----------+----------+--------------+----------+
| Rule ID   | Severity | # Violations | # Waived |
+-----------+----------+--------------+----------+
| ASSIGN-5  | WARNING  | 21           | 0        |
| ASSIGN-6  | WARNING  | 8            | 0        |
| ASSIGN-10 | WARNING  | 28           | 0        |
+-----------+----------+--------------+----------+


WARNING: [Synth 37-124] [ASSIGN-5]Some bits in 'processing_system7_0_DDR_ADDR' are not set. First unset bit index is 0. 
RTL Name 'processing_system7_0_DDR_ADDR', Hierarchy 'system', File 'system.v', Line 904.
WARNING: [Synth 37-124] [ASSIGN-5]Some bits in 'processing_system7_0_DDR_BA' are not set. First unset bit index is 0. 
RTL Name 'processing_system7_0_DDR_BA', Hierarchy 'system', File 'system.v', Line 905.
WARNING: [Synth 37-95] [ASSIGN-5]Found scalar variable(s) 'processing_system7_0_DDR_CAS_N' declared and are not set.
RTL Name 'processing_system7_0_DDR_CAS_N', Hierarchy 'system', File '/home/jsp/Storage/CFU_PYNQ_FIles/CFU_SRC/pynq_z2/pynq_z2/arunQAFDHGDZXVNBDXG_gae.gen/sources_1/bd/system/synth/system.v', Line 906.
WARNING: [Synth 37-95] [ASSIGN-5]Found scalar variable(s) 'processing_system7_0_DDR_CKE' declared and are not set.
RTL Name 'processing_system7_0_DDR_CKE', Hierarchy 'system', File '/home/jsp/Storage/CFU_PYNQ_FIles/CFU_SRC/pynq_z2/pynq_z2/arunQAFDHGDZXVNBDXG_gae.gen/sources_1/bd/system/synth/system.v', Line 907.
WARNING: [Synth 37-95] [ASSIGN-5]Found scalar variable(s) 'processing_system7_0_DDR_CK_N' declared and are not set.
RTL Name 'processing_system7_0_DDR_CK_N', Hierarchy 'system', File '/home/jsp/Storage/CFU_PYNQ_FIles/CFU_SRC/pynq_z2/pynq_z2/arunQAFDHGDZXVNBDXG_gae.gen/sources_1/bd/system/synth/system.v', Line 908.
WARNING: [Synth 37-95] [ASSIGN-5]Found scalar variable(s) 'processing_system7_0_DDR_CK_P' declared and are not set.
RTL Name 'processing_system7_0_DDR_CK_P', Hierarchy 'system', File '/home/jsp/Storage/CFU_PYNQ_FIles/CFU_SRC/pynq_z2/pynq_z2/arunQAFDHGDZXVNBDXG_gae.gen/sources_1/bd/system/synth/system.v', Line 909.
WARNING: [Synth 37-95] [ASSIGN-5]Found scalar variable(s) 'processing_system7_0_DDR_CS_N' declared and are not set.
RTL Name 'processing_system7_0_DDR_CS_N', Hierarchy 'system', File '/home/jsp/Storage/CFU_PYNQ_FIles/CFU_SRC/pynq_z2/pynq_z2/arunQAFDHGDZXVNBDXG_gae.gen/sources_1/bd/system/synth/system.v', Line 910.
WARNING: [Synth 37-124] [ASSIGN-5]Some bits in 'processing_system7_0_DDR_DM' are not set. First unset bit index is 0. 
RTL Name 'processing_system7_0_DDR_DM', Hierarchy 'system', File 'system.v', Line 911.
WARNING: [Synth 37-124] [ASSIGN-5]Some bits in 'processing_system7_0_DDR_DQ' are not set. First unset bit index is 0. 
RTL Name 'processing_system7_0_DDR_DQ', Hierarchy 'system', File 'system.v', Line 912.
WARNING: [Synth 37-124] [ASSIGN-5]Some bits in 'processing_system7_0_DDR_DQS_N' are not set. First unset bit index is 0. 
RTL Name 'processing_system7_0_DDR_DQS_N', Hierarchy 'system', File 'system.v', Line 913.
WARNING: [Synth 37-124] [ASSIGN-5]Some bits in 'processing_system7_0_DDR_DQS_P' are not set. First unset bit index is 0. 
RTL Name 'processing_system7_0_DDR_DQS_P', Hierarchy 'system', File 'system.v', Line 914.
WARNING: [Synth 37-95] [ASSIGN-5]Found scalar variable(s) 'processing_system7_0_DDR_ODT' declared and are not set.
RTL Name 'processing_system7_0_DDR_ODT', Hierarchy 'system', File '/home/jsp/Storage/CFU_PYNQ_FIles/CFU_SRC/pynq_z2/pynq_z2/arunQAFDHGDZXVNBDXG_gae.gen/sources_1/bd/system/synth/system.v', Line 915.
WARNING: [Synth 37-95] [ASSIGN-5]Found scalar variable(s) 'processing_system7_0_DDR_RAS_N' declared and are not set.
RTL Name 'processing_system7_0_DDR_RAS_N', Hierarchy 'system', File '/home/jsp/Storage/CFU_PYNQ_FIles/CFU_SRC/pynq_z2/pynq_z2/arunQAFDHGDZXVNBDXG_gae.gen/sources_1/bd/system/synth/system.v', Line 916.
WARNING: [Synth 37-95] [ASSIGN-5]Found scalar variable(s) 'processing_system7_0_DDR_RESET_N' declared and are not set.
RTL Name 'processing_system7_0_DDR_RESET_N', Hierarchy 'system', File '/home/jsp/Storage/CFU_PYNQ_FIles/CFU_SRC/pynq_z2/pynq_z2/arunQAFDHGDZXVNBDXG_gae.gen/sources_1/bd/system/synth/system.v', Line 917.
WARNING: [Synth 37-95] [ASSIGN-5]Found scalar variable(s) 'processing_system7_0_DDR_WE_N' declared and are not set.
RTL Name 'processing_system7_0_DDR_WE_N', Hierarchy 'system', File '/home/jsp/Storage/CFU_PYNQ_FIles/CFU_SRC/pynq_z2/pynq_z2/arunQAFDHGDZXVNBDXG_gae.gen/sources_1/bd/system/synth/system.v', Line 918.
WARNING: [Synth 37-95] [ASSIGN-5]Found scalar variable(s) 'processing_system7_0_FIXED_IO_DDR_VRN' declared and are not set.
RTL Name 'processing_system7_0_FIXED_IO_DDR_VRN', Hierarchy 'system', File '/home/jsp/Storage/CFU_PYNQ_FIles/CFU_SRC/pynq_z2/pynq_z2/arunQAFDHGDZXVNBDXG_gae.gen/sources_1/bd/system/synth/system.v', Line 922.
WARNING: [Synth 37-95] [ASSIGN-5]Found scalar variable(s) 'processing_system7_0_FIXED_IO_DDR_VRP' declared and are not set.
RTL Name 'processing_system7_0_FIXED_IO_DDR_VRP', Hierarchy 'system', File '/home/jsp/Storage/CFU_PYNQ_FIles/CFU_SRC/pynq_z2/pynq_z2/arunQAFDHGDZXVNBDXG_gae.gen/sources_1/bd/system/synth/system.v', Line 923.
WARNING: [Synth 37-124] [ASSIGN-5]Some bits in 'processing_system7_0_FIXED_IO_MIO' are not set. First unset bit index is 0. 
RTL Name 'processing_system7_0_FIXED_IO_MIO', Hierarchy 'system', File 'system.v', Line 924.
WARNING: [Synth 37-95] [ASSIGN-5]Found scalar variable(s) 'processing_system7_0_FIXED_IO_PS_CLK' declared and are not set.
RTL Name 'processing_system7_0_FIXED_IO_PS_CLK', Hierarchy 'system', File '/home/jsp/Storage/CFU_PYNQ_FIles/CFU_SRC/pynq_z2/pynq_z2/arunQAFDHGDZXVNBDXG_gae.gen/sources_1/bd/system/synth/system.v', Line 925.
WARNING: [Synth 37-95] [ASSIGN-5]Found scalar variable(s) 'processing_system7_0_FIXED_IO_PS_PORB' declared and are not set.
RTL Name 'processing_system7_0_FIXED_IO_PS_PORB', Hierarchy 'system', File '/home/jsp/Storage/CFU_PYNQ_FIles/CFU_SRC/pynq_z2/pynq_z2/arunQAFDHGDZXVNBDXG_gae.gen/sources_1/bd/system/synth/system.v', Line 926.
WARNING: [Synth 37-95] [ASSIGN-5]Found scalar variable(s) 'processing_system7_0_FIXED_IO_PS_SRSTB' declared and are not set.
RTL Name 'processing_system7_0_FIXED_IO_PS_SRSTB', Hierarchy 'system', File '/home/jsp/Storage/CFU_PYNQ_FIles/CFU_SRC/pynq_z2/pynq_z2/arunQAFDHGDZXVNBDXG_gae.gen/sources_1/bd/system/synth/system.v', Line 927.
WARNING: [Synth 37-123] [ASSIGN-6]Some bits in 'ps7_0_axi_periph_M00_AXI_ARADDR' are not read. First unread bit index is 9. 
RTL Name 'ps7_0_axi_periph_M00_AXI_ARADDR', Hierarchy 'system', File 'system.v', Line 966.
WARNING: [Synth 37-123] [ASSIGN-6]Some bits in 'ps7_0_axi_periph_M00_AXI_AWADDR' are not read. First unread bit index is 9. 
RTL Name 'ps7_0_axi_periph_M00_AXI_AWADDR', Hierarchy 'system', File 'system.v', Line 969.
WARNING: [Synth 37-123] [ASSIGN-6]Some bits in 'ps7_0_axi_periph_M01_AXI_ARADDR' are not read. First unread bit index is 9. 
RTL Name 'ps7_0_axi_periph_M01_AXI_ARADDR', Hierarchy 'system', File 'system.v', Line 983.
WARNING: [Synth 37-123] [ASSIGN-6]Some bits in 'ps7_0_axi_periph_M01_AXI_AWADDR' are not read. First unread bit index is 9. 
RTL Name 'ps7_0_axi_periph_M01_AXI_AWADDR', Hierarchy 'system', File 'system.v', Line 986.
WARNING: [Synth 37-123] [ASSIGN-6]Some bits in 'ps7_0_axi_periph_M02_AXI_ARADDR' are not read. First unread bit index is 9. 
RTL Name 'ps7_0_axi_periph_M02_AXI_ARADDR', Hierarchy 'system', File 'system.v', Line 1000.
WARNING: [Synth 37-123] [ASSIGN-6]Some bits in 'ps7_0_axi_periph_M02_AXI_AWADDR' are not read. First unread bit index is 9. 
RTL Name 'ps7_0_axi_periph_M02_AXI_AWADDR', Hierarchy 'system', File 'system.v', Line 1003.
WARNING: [Synth 37-123] [ASSIGN-6]Some bits in 'ps7_0_axi_periph_M03_AXI_ARADDR' are not read. First unread bit index is 9. 
RTL Name 'ps7_0_axi_periph_M03_AXI_ARADDR', Hierarchy 'system', File 'system.v', Line 1017.
WARNING: [Synth 37-123] [ASSIGN-6]Some bits in 'ps7_0_axi_periph_M03_AXI_AWADDR' are not read. First unread bit index is 9. 
RTL Name 'ps7_0_axi_periph_M03_AXI_AWADDR', Hierarchy 'system', File 'system.v', Line 1020.
WARNING: [Synth 37-125] [ASSIGN-10]Some bits in IO 'M00_ACLK' are not read. First unread bit index is 0. 
RTL Name 'M00_ACLK', Hierarchy 'system_ps7_0_axi_periph_0', File 'system.v', Line 1461.
WARNING: [Synth 37-125] [ASSIGN-10]Some bits in IO 'M00_ARESETN' are not read. First unread bit index is 0. 
RTL Name 'M00_ARESETN', Hierarchy 'system_ps7_0_axi_periph_0', File 'system.v', Line 1462.
WARNING: [Synth 37-125] [ASSIGN-10]Some bits in IO 'M01_ACLK' are not read. First unread bit index is 0. 
RTL Name 'M01_ACLK', Hierarchy 'system_ps7_0_axi_periph_0', File 'system.v', Line 1480.
WARNING: [Synth 37-125] [ASSIGN-10]Some bits in IO 'M01_ARESETN' are not read. First unread bit index is 0. 
RTL Name 'M01_ARESETN', Hierarchy 'system_ps7_0_axi_periph_0', File 'system.v', Line 1481.
WARNING: [Synth 37-125] [ASSIGN-10]Some bits in IO 'M02_ACLK' are not read. First unread bit index is 0. 
RTL Name 'M02_ACLK', Hierarchy 'system_ps7_0_axi_periph_0', File 'system.v', Line 1499.
WARNING: [Synth 37-125] [ASSIGN-10]Some bits in IO 'M02_ARESETN' are not read. First unread bit index is 0. 
RTL Name 'M02_ARESETN', Hierarchy 'system_ps7_0_axi_periph_0', File 'system.v', Line 1500.
WARNING: [Synth 37-125] [ASSIGN-10]Some bits in IO 'M03_ACLK' are not read. First unread bit index is 0. 
RTL Name 'M03_ACLK', Hierarchy 'system_ps7_0_axi_periph_0', File 'system.v', Line 1518.
WARNING: [Synth 37-125] [ASSIGN-10]Some bits in IO 'M03_ARESETN' are not read. First unread bit index is 0. 
RTL Name 'M03_ARESETN', Hierarchy 'system_ps7_0_axi_periph_0', File 'system.v', Line 1519.
WARNING: [Synth 37-125] [ASSIGN-10]Some bits in IO 'M_ACLK' are not read. First unread bit index is 0. 
RTL Name 'M_ACLK', Hierarchy 'm00_couplers_imp_1H7AUOX', File 'system.v', Line 52.
WARNING: [Synth 37-125] [ASSIGN-10]Some bits in IO 'M_ACLK' are not read. First unread bit index is 0. 
RTL Name 'M_ACLK', Hierarchy 'm03_couplers_imp_15QZ4LV', File 'system.v', Line 448.
WARNING: [Synth 37-125] [ASSIGN-10]Some bits in IO 'M_ACLK' are not read. First unread bit index is 0. 
RTL Name 'M_ACLK', Hierarchy 'm02_couplers_imp_FKL2TE', File 'system.v', Line 316.
WARNING: [Synth 37-125] [ASSIGN-10]Some bits in IO 'M_ACLK' are not read. First unread bit index is 0. 
RTL Name 'M_ACLK', Hierarchy 'm01_couplers_imp_4Y7TYO', File 'system.v', Line 184.
WARNING: [Synth 37-125] [ASSIGN-10]Some bits in IO 'M_ACLK' are not read. First unread bit index is 0. 
RTL Name 'M_ACLK', Hierarchy 's00_couplers_imp_11SE3QO', File 'system.v', Line 603.
WARNING: [Synth 37-125] [ASSIGN-10]Some bits in IO 'M_ARESETN' are not read. First unread bit index is 0. 
RTL Name 'M_ARESETN', Hierarchy 'm01_couplers_imp_4Y7TYO', File 'system.v', Line 185.
WARNING: [Synth 37-125] [ASSIGN-10]Some bits in IO 'M_ARESETN' are not read. First unread bit index is 0. 
RTL Name 'M_ARESETN', Hierarchy 'm00_couplers_imp_1H7AUOX', File 'system.v', Line 53.
WARNING: [Synth 37-125] [ASSIGN-10]Some bits in IO 'M_ARESETN' are not read. First unread bit index is 0. 
RTL Name 'M_ARESETN', Hierarchy 'm02_couplers_imp_FKL2TE', File 'system.v', Line 317.
WARNING: [Synth 37-125] [ASSIGN-10]Some bits in IO 'M_ARESETN' are not read. First unread bit index is 0. 
RTL Name 'M_ARESETN', Hierarchy 'm03_couplers_imp_15QZ4LV', File 'system.v', Line 449.
WARNING: [Synth 37-125] [ASSIGN-10]Some bits in IO 'M_ARESETN' are not read. First unread bit index is 0. 
RTL Name 'M_ARESETN', Hierarchy 's00_couplers_imp_11SE3QO', File 'system.v', Line 604.
WARNING: [Synth 37-125] [ASSIGN-10]Some bits in IO 'S00_ACLK' are not read. First unread bit index is 0. 
RTL Name 'S00_ACLK', Hierarchy 'system_ps7_0_axi_periph_0', File 'system.v', Line 1537.
WARNING: [Synth 37-125] [ASSIGN-10]Some bits in IO 'S00_ARESETN' are not read. First unread bit index is 0. 
RTL Name 'S00_ARESETN', Hierarchy 'system_ps7_0_axi_periph_0', File 'system.v', Line 1538.
WARNING: [Synth 37-125] [ASSIGN-10]Some bits in IO 'S_ACLK' are not read. First unread bit index is 0. 
RTL Name 'S_ACLK', Hierarchy 'm02_couplers_imp_FKL2TE', File 'system.v', Line 335.
WARNING: [Synth 37-125] [ASSIGN-10]Some bits in IO 'S_ACLK' are not read. First unread bit index is 0. 
RTL Name 'S_ACLK', Hierarchy 'm01_couplers_imp_4Y7TYO', File 'system.v', Line 203.
WARNING: [Synth 37-125] [ASSIGN-10]Some bits in IO 'S_ACLK' are not read. First unread bit index is 0. 
RTL Name 'S_ACLK', Hierarchy 'm03_couplers_imp_15QZ4LV', File 'system.v', Line 467.
WARNING: [Synth 37-125] [ASSIGN-10]Some bits in IO 'S_ACLK' are not read. First unread bit index is 0. 
RTL Name 'S_ACLK', Hierarchy 'm00_couplers_imp_1H7AUOX', File 'system.v', Line 71.
WARNING: [Synth 37-125] [ASSIGN-10]Some bits in IO 'S_ARESETN' are not read. First unread bit index is 0. 
RTL Name 'S_ARESETN', Hierarchy 'm02_couplers_imp_FKL2TE', File 'system.v', Line 336.
WARNING: [Synth 37-125] [ASSIGN-10]Some bits in IO 'S_ARESETN' are not read. First unread bit index is 0. 
RTL Name 'S_ARESETN', Hierarchy 'm01_couplers_imp_4Y7TYO', File 'system.v', Line 204.
WARNING: [Synth 37-125] [ASSIGN-10]Some bits in IO 'S_ARESETN' are not read. First unread bit index is 0. 
RTL Name 'S_ARESETN', Hierarchy 'm03_couplers_imp_15QZ4LV', File 'system.v', Line 468.
WARNING: [Synth 37-125] [ASSIGN-10]Some bits in IO 'S_ARESETN' are not read. First unread bit index is 0. 
RTL Name 'S_ARESETN', Hierarchy 'm00_couplers_imp_1H7AUOX', File 'system.v', Line 72.
INFO: [Synth 37-85] Total of 57 linter message(s) generated.
INFO: [Synth 37-45] Linter Run Finished!
Synthesis Optimization Runtime : Time (s): cpu = 00:00:06 ; elapsed = 00:00:05 . Memory (MB): peak = 13669.863 ; gain = 0.000 ; free physical = 5734 ; free virtual = 17369
INFO: [Common 17-83] Releasing license: Synthesis
50 Infos, 70 Warnings, 0 Critical Warnings and 0 Errors encountered.
synth_design completed successfully
synth_design: Time (s): cpu = 00:00:06 ; elapsed = 00:00:05 . Memory (MB): peak = 13669.863 ; gain = 0.000 ; free physical = 5734 ; free virtual = 17369
INFO: [Common 17-2834] synth_design peak Physical Memory [PSS] (MB): overall = 4681.624; main = 4681.624; forked = 0.000
INFO: [Common 17-2834] synth_design peak Virtual Memory [VSS] (MB): overall = 13351.668; main = 13351.668; forked = 0.000
reset_run impl_1 -prev_step 
launch_runs impl_1 -to_step write_bitstream -jobs 12
INFO: [Vivado 12-4149] The synthesis checkpoint for IP '/home/jsp/Storage/CFU_PYNQ_FIles/CFU_SRC/pynq_z2/pynq_z2/arunQAFDHGDZXVNBDXG_gae.srcs/sources_1/ip/cfu_decoupler/cfu_decoupler.xci' is already up-to-date
[Wed Nov  5 08:54:04 2025] Launched impl_1...
Run output will be captured here: /home/jsp/Storage/CFU_PYNQ_FIles/CFU_SRC/pynq_z2/pynq_z2/arunQAFDHGDZXVNBDXG_gae.runs/impl_1/runme.log
reset_run impl_1 -prev_step 
launch_runs impl_1 -to_step write_bitstream -jobs 12
INFO: [Vivado 12-4149] The synthesis checkpoint for IP '/home/jsp/Storage/CFU_PYNQ_FIles/CFU_SRC/pynq_z2/pynq_z2/arunQAFDHGDZXVNBDXG_gae.srcs/sources_1/ip/cfu_decoupler/cfu_decoupler.xci' is already up-to-date
[Wed Nov  5 08:54:42 2025] Launched impl_1...
Run output will be captured here: /home/jsp/Storage/CFU_PYNQ_FIles/CFU_SRC/pynq_z2/pynq_z2/arunQAFDHGDZXVNBDXG_gae.runs/impl_1/runme.log
reset_run impl_1 -prev_step 
WARNING: [Vivado 12-1017] Problems encountered:
1. Attempt to kill process failed

add_files -norecurse {/home/jsp/Storage/CFU_PYNQ_FIles/CFU_SRC/pynq_z2/pynq_z2/arunQAFDHGDZXVNBDXG_gae.srcs/sources_1/new/tul_pynq_z2_mem.init /home/jsp/Storage/CFU_PYNQ_FIles/CFU_SRC/pynq_z2/pynq_z2/arunQAFDHGDZXVNBDXG_gae.srcs/sources_1/new/tul_pynq_z2_rom.init /home/jsp/Storage/CFU_PYNQ_FIles/CFU_SRC/pynq_z2/pynq_z2/arunQAFDHGDZXVNBDXG_gae.srcs/sources_1/new/tul_pynq_z2_sram.init}
WARNING: [filemgmt 56-199] Attempt to get parsing info during refresh. "On-the-fly" syntax checking information may be incorrect. [/home/jsp/Storage/CFU_PYNQ_FIles/CFU_SRC/donut-accel/cfu.v:]
WARNING: [filemgmt 56-199] Attempt to get parsing info during refresh. "On-the-fly" syntax checking information may be incorrect. [/home/jsp/Storage/CFU_PYNQ_FIles/CFU_SRC/pynq_z2/pynq_z2/arunQAFDHGDZXVNBDXG_gae.srcs/sources_1/new/Cfu.v:]
WARNING: [filemgmt 56-199] Attempt to get parsing info during refresh. "On-the-fly" syntax checking information may be incorrect. [/home/jsp/Storage/CFU_PYNQ_FIles/CFU_SRC/pynq_z2/pynq_z2/arunQAFDHGDZXVNBDXG_gae.srcs/sources_1/new/tul_pynq_z2.v:]
WARNING: [filemgmt 56-199] Attempt to get parsing info during refresh. "On-the-fly" syntax checking information may be incorrect. [/home/jsp/Storage/CFU_PYNQ_FIles/CFU_SRC/donut-accel/cfu.v:]
WARNING: [filemgmt 56-199] Attempt to get parsing info during refresh. "On-the-fly" syntax checking information may be incorrect. [/home/jsp/Storage/CFU_PYNQ_FIles/CFU_SRC/donut-accel/cfu.v:]
WARNING: [filemgmt 56-199] Attempt to get parsing info during refresh. "On-the-fly" syntax checking information may be incorrect. [/home/jsp/Storage/CFU_PYNQ_FIles/CFU_SRC/donut-accel/cfu.v:]
WARNING: [filemgmt 56-199] Attempt to get parsing info during refresh. "On-the-fly" syntax checking information may be incorrect. [/home/jsp/Storage/CFU_PYNQ_FIles/CFU_SRC/pynq_z2/pynq_z2/arunQAFDHGDZXVNBDXG_gae.srcs/sources_1/new/Cfu.v:]
WARNING: [filemgmt 56-199] Attempt to get parsing info during refresh. "On-the-fly" syntax checking information may be incorrect. [/home/jsp/Storage/CFU_PYNQ_FIles/CFU_SRC/pynq_z2/pynq_z2/arunQAFDHGDZXVNBDXG_gae.srcs/sources_1/new/tul_pynq_z2.v:]
WARNING: [filemgmt 56-199] Attempt to get parsing info during refresh. "On-the-fly" syntax checking information may be incorrect. [/home/jsp/Storage/CFU_PYNQ_FIles/CFU_SRC/pynq_z2/pynq_z2/arunQAFDHGDZXVNBDXG_gae.srcs/sources_1/new/tul_pynq_z2.v:]
WARNING: [filemgmt 56-199] Attempt to get parsing info during refresh. "On-the-fly" syntax checking information may be incorrect. [/home/jsp/Storage/CFU_PYNQ_FIles/CFU_SRC/pynq_z2/pynq_z2/arunQAFDHGDZXVNBDXG_gae.srcs/sources_1/new/tul_pynq_z2.v:]
launch_runs impl_1 -to_step write_bitstream -jobs 12
INFO: [Vivado 12-4149] The synthesis checkpoint for IP '/home/jsp/Storage/CFU_PYNQ_FIles/CFU_SRC/pynq_z2/pynq_z2/arunQAFDHGDZXVNBDXG_gae.srcs/sources_1/ip/cfu_decoupler/cfu_decoupler.xci' is already up-to-date
[Wed Nov  5 09:00:12 2025] Launched impl_1...
Run output will be captured here: /home/jsp/Storage/CFU_PYNQ_FIles/CFU_SRC/pynq_z2/pynq_z2/arunQAFDHGDZXVNBDXG_gae.runs/impl_1/runme.log
reset_run impl_1 -prev_step 
launch_runs impl_1 -to_step write_bitstream -jobs 12
INFO: [Vivado 12-4149] The synthesis checkpoint for IP '/home/jsp/Storage/CFU_PYNQ_FIles/CFU_SRC/pynq_z2/pynq_z2/arunQAFDHGDZXVNBDXG_gae.srcs/sources_1/ip/cfu_decoupler/cfu_decoupler.xci' is already up-to-date
[Wed Nov  5 09:00:32 2025] Launched impl_1...
Run output will be captured here: /home/jsp/Storage/CFU_PYNQ_FIles/CFU_SRC/pynq_z2/pynq_z2/arunQAFDHGDZXVNBDXG_gae.runs/impl_1/runme.log
create_ip_run [get_files -of_objects [get_fileset sources_1] /home/jsp/Storage/CFU_PYNQ_FIles/CFU_SRC/pynq_z2/pynq_z2/arunQAFDHGDZXVNBDXG_gae.srcs/sources_1/bd/system/system.bd]
synth_design -top system_wrapper -part xc7z020clg400-1 -lint 
Command: synth_design -top system_wrapper -part xc7z020clg400-1 -lint
Starting synth_design
Attempting to get a license for feature 'Synthesis' and/or device 'xc7z020'
INFO: [Common 17-349] Got license for feature 'Synthesis' and/or device 'xc7z020'
INFO: [Synth 8-7079] Multithreading enabled for synth_design using a maximum of 4 processes.
---------------------------------------------------------------------------------
Starting Synthesize : Time (s): cpu = 00:00:04 ; elapsed = 00:00:04 . Memory (MB): peak = 13669.863 ; gain = 0.000 ; free physical = 4156 ; free virtual = 15802
---------------------------------------------------------------------------------
Clean up Linter database...
INFO: [Synth 8-11241] undeclared symbol 'dec_zz_cmd_valid', assumed default net type 'wire' [/home/jsp/Storage/CFU_PYNQ_FIles/CFU_SRC/pynq_z2/pynq_z2/arunQAFDHGDZXVNBDXG_gae.srcs/sources_1/new/Cfu.v:78]
INFO: [Synth 8-11241] undeclared symbol 'dec_zz_cmd_ready', assumed default net type 'wire' [/home/jsp/Storage/CFU_PYNQ_FIles/CFU_SRC/pynq_z2/pynq_z2/arunQAFDHGDZXVNBDXG_gae.srcs/sources_1/new/Cfu.v:78]
INFO: [Synth 8-11241] undeclared symbol 'dec_zz_cmd_payload_function_id', assumed default net type 'wire' [/home/jsp/Storage/CFU_PYNQ_FIles/CFU_SRC/pynq_z2/pynq_z2/arunQAFDHGDZXVNBDXG_gae.srcs/sources_1/new/Cfu.v:79]
INFO: [Synth 8-11241] undeclared symbol 'dec_zz_cmd_payload_inputs_0', assumed default net type 'wire' [/home/jsp/Storage/CFU_PYNQ_FIles/CFU_SRC/pynq_z2/pynq_z2/arunQAFDHGDZXVNBDXG_gae.srcs/sources_1/new/Cfu.v:80]
INFO: [Synth 8-11241] undeclared symbol 'dec_zz_cmd_payload_inputs_1', assumed default net type 'wire' [/home/jsp/Storage/CFU_PYNQ_FIles/CFU_SRC/pynq_z2/pynq_z2/arunQAFDHGDZXVNBDXG_gae.srcs/sources_1/new/Cfu.v:80]
INFO: [Synth 8-11241] undeclared symbol 'dec_zz_rsp_valid', assumed default net type 'wire' [/home/jsp/Storage/CFU_PYNQ_FIles/CFU_SRC/pynq_z2/pynq_z2/arunQAFDHGDZXVNBDXG_gae.srcs/sources_1/new/Cfu.v:81]
INFO: [Synth 8-11241] undeclared symbol 'dec_rsp_ready', assumed default net type 'wire' [/home/jsp/Storage/CFU_PYNQ_FIles/CFU_SRC/pynq_z2/pynq_z2/arunQAFDHGDZXVNBDXG_gae.srcs/sources_1/new/Cfu.v:81]
INFO: [Synth 8-11241] undeclared symbol 'dec_zz_rsp_payload_outputs_0', assumed default net type 'wire' [/home/jsp/Storage/CFU_PYNQ_FIles/CFU_SRC/pynq_z2/pynq_z2/arunQAFDHGDZXVNBDXG_gae.srcs/sources_1/new/Cfu.v:81]
INFO: [Synth 8-11241] undeclared symbol 'dec_reset', assumed default net type 'wire' [/home/jsp/Storage/CFU_PYNQ_FIles/CFU_SRC/pynq_z2/pynq_z2/arunQAFDHGDZXVNBDXG_gae.srcs/sources_1/new/Cfu.v:82]
INFO: [Synth 8-11241] undeclared symbol 'dec_clk', assumed default net type 'wire' [/home/jsp/Storage/CFU_PYNQ_FIles/CFU_SRC/pynq_z2/pynq_z2/arunQAFDHGDZXVNBDXG_gae.srcs/sources_1/new/Cfu.v:82]
INFO: [Synth 8-11241] undeclared symbol 'dec_cfu_id', assumed default net type 'wire' [/home/jsp/Storage/CFU_PYNQ_FIles/CFU_SRC/pynq_z2/pynq_z2/arunQAFDHGDZXVNBDXG_gae.srcs/sources_1/new/Cfu.v:82]
WARNING: [Synth 8-6901] identifier 'mul' is used before its declaration [/home/jsp/Storage/CFU_PYNQ_FIles/CFU_SRC/donut-accel/cfu.v:47]
WARNING: [Synth 8-6901] identifier 'mulsh' is used before its declaration [/home/jsp/Storage/CFU_PYNQ_FIles/CFU_SRC/donut-accel/cfu.v:47]
INFO: [Synth 8-6157] synthesizing module 'system_wrapper' [/home/jsp/Storage/CFU_PYNQ_FIles/CFU_SRC/pynq_z2/pynq_z2/arunQAFDHGDZXVNBDXG_gae.gen/sources_1/bd/system/hdl/system_wrapper.v:13]
INFO: [Synth 8-6157] synthesizing module 'system' [/home/jsp/Storage/CFU_PYNQ_FIles/CFU_SRC/pynq_z2/pynq_z2/arunQAFDHGDZXVNBDXG_gae.gen/sources_1/bd/system/synth/system.v:846]
INFO: [Synth 8-6157] synthesizing module 'system_axi_gpio_decouple_status_0' [/home/jsp/Storage/CFU_PYNQ_FIles/CFU_SRC/pynq_z2/pynq_z2/.Xil/Vivado-9334-jsp-H370M-D3H/realtime/system_axi_gpio_decouple_status_0_stub.v:6]
INFO: [Synth 8-6155] done synthesizing module 'system_axi_gpio_decouple_status_0' (1#1) [/home/jsp/Storage/CFU_PYNQ_FIles/CFU_SRC/pynq_z2/pynq_z2/.Xil/Vivado-9334-jsp-H370M-D3H/realtime/system_axi_gpio_decouple_status_0_stub.v:6]
INFO: [Synth 8-6157] synthesizing module 'system_axi_gpio_0_0' [/home/jsp/Storage/CFU_PYNQ_FIles/CFU_SRC/pynq_z2/pynq_z2/.Xil/Vivado-9334-jsp-H370M-D3H/realtime/system_axi_gpio_0_0_stub.v:6]
INFO: [Synth 8-6155] done synthesizing module 'system_axi_gpio_0_0' (2#1) [/home/jsp/Storage/CFU_PYNQ_FIles/CFU_SRC/pynq_z2/pynq_z2/.Xil/Vivado-9334-jsp-H370M-D3H/realtime/system_axi_gpio_0_0_stub.v:6]
INFO: [Synth 8-6157] synthesizing module 'system_axi_gpio_to_reconfig_0' [/home/jsp/Storage/CFU_PYNQ_FIles/CFU_SRC/pynq_z2/pynq_z2/.Xil/Vivado-9334-jsp-H370M-D3H/realtime/system_axi_gpio_to_reconfig_0_stub.v:6]
INFO: [Synth 8-6155] done synthesizing module 'system_axi_gpio_to_reconfig_0' (3#1) [/home/jsp/Storage/CFU_PYNQ_FIles/CFU_SRC/pynq_z2/pynq_z2/.Xil/Vivado-9334-jsp-H370M-D3H/realtime/system_axi_gpio_to_reconfig_0_stub.v:6]
INFO: [Synth 8-6157] synthesizing module 'system_axi_gpio_0_1' [/home/jsp/Storage/CFU_PYNQ_FIles/CFU_SRC/pynq_z2/pynq_z2/.Xil/Vivado-9334-jsp-H370M-D3H/realtime/system_axi_gpio_0_1_stub.v:6]
INFO: [Synth 8-6155] done synthesizing module 'system_axi_gpio_0_1' (4#1) [/home/jsp/Storage/CFU_PYNQ_FIles/CFU_SRC/pynq_z2/pynq_z2/.Xil/Vivado-9334-jsp-H370M-D3H/realtime/system_axi_gpio_0_1_stub.v:6]
INFO: [Synth 8-6157] synthesizing module 'system_processing_system7_0_0' [/home/jsp/Storage/CFU_PYNQ_FIles/CFU_SRC/pynq_z2/pynq_z2/.Xil/Vivado-9334-jsp-H370M-D3H/realtime/system_processing_system7_0_0_stub.v:6]
INFO: [Synth 8-6155] done synthesizing module 'system_processing_system7_0_0' (5#1) [/home/jsp/Storage/CFU_PYNQ_FIles/CFU_SRC/pynq_z2/pynq_z2/.Xil/Vivado-9334-jsp-H370M-D3H/realtime/system_processing_system7_0_0_stub.v:6]
WARNING: [Synth 8-7071] port 'USB0_PORT_INDCTL' of module 'system_processing_system7_0_0' is unconnected for instance 'processing_system7_0' [/home/jsp/Storage/CFU_PYNQ_FIles/CFU_SRC/pynq_z2/pynq_z2/arunQAFDHGDZXVNBDXG_gae.gen/sources_1/bd/system/synth/system.v:1135]
WARNING: [Synth 8-7071] port 'USB0_VBUS_PWRSELECT' of module 'system_processing_system7_0_0' is unconnected for instance 'processing_system7_0' [/home/jsp/Storage/CFU_PYNQ_FIles/CFU_SRC/pynq_z2/pynq_z2/arunQAFDHGDZXVNBDXG_gae.gen/sources_1/bd/system/synth/system.v:1135]
WARNING: [Synth 8-7023] instance 'processing_system7_0' of module 'system_processing_system7_0_0' has 66 connections declared, but only 64 given [/home/jsp/Storage/CFU_PYNQ_FIles/CFU_SRC/pynq_z2/pynq_z2/arunQAFDHGDZXVNBDXG_gae.gen/sources_1/bd/system/synth/system.v:1135]
INFO: [Synth 8-6157] synthesizing module 'system_ps7_0_axi_periph_0' [/home/jsp/Storage/CFU_PYNQ_FIles/CFU_SRC/pynq_z2/pynq_z2/arunQAFDHGDZXVNBDXG_gae.gen/sources_1/bd/system/synth/system.v:1340]
INFO: [Synth 8-6157] synthesizing module 'm00_couplers_imp_1H7AUOX' [/home/jsp/Storage/CFU_PYNQ_FIles/CFU_SRC/pynq_z2/pynq_z2/arunQAFDHGDZXVNBDXG_gae.gen/sources_1/bd/system/synth/system.v:13]
INFO: [Synth 8-6155] done synthesizing module 'm00_couplers_imp_1H7AUOX' (6#1) [/home/jsp/Storage/CFU_PYNQ_FIles/CFU_SRC/pynq_z2/pynq_z2/arunQAFDHGDZXVNBDXG_gae.gen/sources_1/bd/system/synth/system.v:13]
INFO: [Synth 8-6157] synthesizing module 'm01_couplers_imp_4Y7TYO' [/home/jsp/Storage/CFU_PYNQ_FIles/CFU_SRC/pynq_z2/pynq_z2/arunQAFDHGDZXVNBDXG_gae.gen/sources_1/bd/system/synth/system.v:145]
INFO: [Synth 8-6155] done synthesizing module 'm01_couplers_imp_4Y7TYO' (7#1) [/home/jsp/Storage/CFU_PYNQ_FIles/CFU_SRC/pynq_z2/pynq_z2/arunQAFDHGDZXVNBDXG_gae.gen/sources_1/bd/system/synth/system.v:145]
INFO: [Synth 8-6157] synthesizing module 'm02_couplers_imp_FKL2TE' [/home/jsp/Storage/CFU_PYNQ_FIles/CFU_SRC/pynq_z2/pynq_z2/arunQAFDHGDZXVNBDXG_gae.gen/sources_1/bd/system/synth/system.v:277]
INFO: [Synth 8-6155] done synthesizing module 'm02_couplers_imp_FKL2TE' (8#1) [/home/jsp/Storage/CFU_PYNQ_FIles/CFU_SRC/pynq_z2/pynq_z2/arunQAFDHGDZXVNBDXG_gae.gen/sources_1/bd/system/synth/system.v:277]
INFO: [Synth 8-6157] synthesizing module 'm03_couplers_imp_15QZ4LV' [/home/jsp/Storage/CFU_PYNQ_FIles/CFU_SRC/pynq_z2/pynq_z2/arunQAFDHGDZXVNBDXG_gae.gen/sources_1/bd/system/synth/system.v:409]
INFO: [Synth 8-6155] done synthesizing module 'm03_couplers_imp_15QZ4LV' (9#1) [/home/jsp/Storage/CFU_PYNQ_FIles/CFU_SRC/pynq_z2/pynq_z2/arunQAFDHGDZXVNBDXG_gae.gen/sources_1/bd/system/synth/system.v:409]
INFO: [Synth 8-6157] synthesizing module 's00_couplers_imp_11SE3QO' [/home/jsp/Storage/CFU_PYNQ_FIles/CFU_SRC/pynq_z2/pynq_z2/arunQAFDHGDZXVNBDXG_gae.gen/sources_1/bd/system/synth/system.v:541]
INFO: [Synth 8-6157] synthesizing module 'system_auto_pc_0' [/home/jsp/Storage/CFU_PYNQ_FIles/CFU_SRC/pynq_z2/pynq_z2/.Xil/Vivado-9334-jsp-H370M-D3H/realtime/system_auto_pc_0_stub.v:6]
INFO: [Synth 8-6155] done synthesizing module 'system_auto_pc_0' (10#1) [/home/jsp/Storage/CFU_PYNQ_FIles/CFU_SRC/pynq_z2/pynq_z2/.Xil/Vivado-9334-jsp-H370M-D3H/realtime/system_auto_pc_0_stub.v:6]
INFO: [Synth 8-6155] done synthesizing module 's00_couplers_imp_11SE3QO' (11#1) [/home/jsp/Storage/CFU_PYNQ_FIles/CFU_SRC/pynq_z2/pynq_z2/arunQAFDHGDZXVNBDXG_gae.gen/sources_1/bd/system/synth/system.v:541]
INFO: [Synth 8-6157] synthesizing module 'system_xbar_0' [/home/jsp/Storage/CFU_PYNQ_FIles/CFU_SRC/pynq_z2/pynq_z2/.Xil/Vivado-9334-jsp-H370M-D3H/realtime/system_xbar_0_stub.v:6]
INFO: [Synth 8-6155] done synthesizing module 'system_xbar_0' (12#1) [/home/jsp/Storage/CFU_PYNQ_FIles/CFU_SRC/pynq_z2/pynq_z2/.Xil/Vivado-9334-jsp-H370M-D3H/realtime/system_xbar_0_stub.v:6]
WARNING: [Synth 8-7071] port 'm_axi_awprot' of module 'system_xbar_0' is unconnected for instance 'xbar' [/home/jsp/Storage/CFU_PYNQ_FIles/CFU_SRC/pynq_z2/pynq_z2/arunQAFDHGDZXVNBDXG_gae.gen/sources_1/bd/system/synth/system.v:2100]
WARNING: [Synth 8-7071] port 'm_axi_arprot' of module 'system_xbar_0' is unconnected for instance 'xbar' [/home/jsp/Storage/CFU_PYNQ_FIles/CFU_SRC/pynq_z2/pynq_z2/arunQAFDHGDZXVNBDXG_gae.gen/sources_1/bd/system/synth/system.v:2100]
WARNING: [Synth 8-7023] instance 'xbar' of module 'system_xbar_0' has 40 connections declared, but only 38 given [/home/jsp/Storage/CFU_PYNQ_FIles/CFU_SRC/pynq_z2/pynq_z2/arunQAFDHGDZXVNBDXG_gae.gen/sources_1/bd/system/synth/system.v:2100]
INFO: [Synth 8-6155] done synthesizing module 'system_ps7_0_axi_periph_0' (13#1) [/home/jsp/Storage/CFU_PYNQ_FIles/CFU_SRC/pynq_z2/pynq_z2/arunQAFDHGDZXVNBDXG_gae.gen/sources_1/bd/system/synth/system.v:1340]
INFO: [Synth 8-6157] synthesizing module 'system_rst_ps7_0_100M_0' [/home/jsp/Storage/CFU_PYNQ_FIles/CFU_SRC/pynq_z2/pynq_z2/.Xil/Vivado-9334-jsp-H370M-D3H/realtime/system_rst_ps7_0_100M_0_stub.v:6]
INFO: [Synth 8-6155] done synthesizing module 'system_rst_ps7_0_100M_0' (14#1) [/home/jsp/Storage/CFU_PYNQ_FIles/CFU_SRC/pynq_z2/pynq_z2/.Xil/Vivado-9334-jsp-H370M-D3H/realtime/system_rst_ps7_0_100M_0_stub.v:6]
WARNING: [Synth 8-7071] port 'mb_reset' of module 'system_rst_ps7_0_100M_0' is unconnected for instance 'rst_ps7_0_100M' [/home/jsp/Storage/CFU_PYNQ_FIles/CFU_SRC/pynq_z2/pynq_z2/arunQAFDHGDZXVNBDXG_gae.gen/sources_1/bd/system/synth/system.v:1319]
WARNING: [Synth 8-7071] port 'bus_struct_reset' of module 'system_rst_ps7_0_100M_0' is unconnected for instance 'rst_ps7_0_100M' [/home/jsp/Storage/CFU_PYNQ_FIles/CFU_SRC/pynq_z2/pynq_z2/arunQAFDHGDZXVNBDXG_gae.gen/sources_1/bd/system/synth/system.v:1319]
WARNING: [Synth 8-7071] port 'peripheral_reset' of module 'system_rst_ps7_0_100M_0' is unconnected for instance 'rst_ps7_0_100M' [/home/jsp/Storage/CFU_PYNQ_FIles/CFU_SRC/pynq_z2/pynq_z2/arunQAFDHGDZXVNBDXG_gae.gen/sources_1/bd/system/synth/system.v:1319]
WARNING: [Synth 8-7071] port 'interconnect_aresetn' of module 'system_rst_ps7_0_100M_0' is unconnected for instance 'rst_ps7_0_100M' [/home/jsp/Storage/CFU_PYNQ_FIles/CFU_SRC/pynq_z2/pynq_z2/arunQAFDHGDZXVNBDXG_gae.gen/sources_1/bd/system/synth/system.v:1319]
WARNING: [Synth 8-7023] instance 'rst_ps7_0_100M' of module 'system_rst_ps7_0_100M_0' has 10 connections declared, but only 6 given [/home/jsp/Storage/CFU_PYNQ_FIles/CFU_SRC/pynq_z2/pynq_z2/arunQAFDHGDZXVNBDXG_gae.gen/sources_1/bd/system/synth/system.v:1319]
INFO: [Synth 8-6157] synthesizing module 'system_tul_pynq_z2_0_0' [/home/jsp/Storage/CFU_PYNQ_FIles/CFU_SRC/pynq_z2/pynq_z2/.Xil/Vivado-9334-jsp-H370M-D3H/realtime/system_tul_pynq_z2_0_0_stub.v:6]
INFO: [Synth 8-6155] done synthesizing module 'system_tul_pynq_z2_0_0' (15#1) [/home/jsp/Storage/CFU_PYNQ_FIles/CFU_SRC/pynq_z2/pynq_z2/.Xil/Vivado-9334-jsp-H370M-D3H/realtime/system_tul_pynq_z2_0_0_stub.v:6]
INFO: [Synth 8-6155] done synthesizing module 'system' (16#1) [/home/jsp/Storage/CFU_PYNQ_FIles/CFU_SRC/pynq_z2/pynq_z2/arunQAFDHGDZXVNBDXG_gae.gen/sources_1/bd/system/synth/system.v:846]
INFO: [Synth 8-6155] done synthesizing module 'system_wrapper' (17#1) [/home/jsp/Storage/CFU_PYNQ_FIles/CFU_SRC/pynq_z2/pynq_z2/arunQAFDHGDZXVNBDXG_gae.gen/sources_1/bd/system/hdl/system_wrapper.v:13]
---------------------------------------------------------------------------------
Finished Synthesize : Time (s): cpu = 00:00:06 ; elapsed = 00:00:05 . Memory (MB): peak = 13669.863 ; gain = 0.000 ; free physical = 4158 ; free virtual = 15804
---------------------------------------------------------------------------------
Copyright 1986-2022 Xilinx, Inc. All Rights Reserved. Copyright 2022-2024 Advanced Micro Devices, Inc. All Rights Reserved.
---------------------------------------------------------------------------------------------------------------------------------------------
| Tool Version : Vivado v.2024.1 (lin64) Build 5076996 Wed May 22 18:36:09 MDT 2024
| Date         : Wed Nov  5 09:01:05 2025
| Host         : jsp-H370M-D3H running 64-bit Ubuntu 24.04.3 LTS
---------------------------------------------------------------------------------------------------------------------------------------------

RTL Linter Report

Table of Contents
-----------------
1. Summary

1. Summary
----------

+-----------+----------+--------------+----------+
| Rule ID   | Severity | # Violations | # Waived |
+-----------+----------+--------------+----------+
| ASSIGN-5  | WARNING  | 21           | 0        |
| ASSIGN-6  | WARNING  | 8            | 0        |
| ASSIGN-10 | WARNING  | 28           | 0        |
+-----------+----------+--------------+----------+


WARNING: [Synth 37-124] [ASSIGN-5]Some bits in 'processing_system7_0_DDR_ADDR' are not set. First unset bit index is 0. 
RTL Name 'processing_system7_0_DDR_ADDR', Hierarchy 'system', File 'system.v', Line 904.
WARNING: [Synth 37-124] [ASSIGN-5]Some bits in 'processing_system7_0_DDR_BA' are not set. First unset bit index is 0. 
RTL Name 'processing_system7_0_DDR_BA', Hierarchy 'system', File 'system.v', Line 905.
WARNING: [Synth 37-95] [ASSIGN-5]Found scalar variable(s) 'processing_system7_0_DDR_CAS_N' declared and are not set.
RTL Name 'processing_system7_0_DDR_CAS_N', Hierarchy 'system', File '/home/jsp/Storage/CFU_PYNQ_FIles/CFU_SRC/pynq_z2/pynq_z2/arunQAFDHGDZXVNBDXG_gae.gen/sources_1/bd/system/synth/system.v', Line 906.
WARNING: [Synth 37-95] [ASSIGN-5]Found scalar variable(s) 'processing_system7_0_DDR_CKE' declared and are not set.
RTL Name 'processing_system7_0_DDR_CKE', Hierarchy 'system', File '/home/jsp/Storage/CFU_PYNQ_FIles/CFU_SRC/pynq_z2/pynq_z2/arunQAFDHGDZXVNBDXG_gae.gen/sources_1/bd/system/synth/system.v', Line 907.
WARNING: [Synth 37-95] [ASSIGN-5]Found scalar variable(s) 'processing_system7_0_DDR_CK_N' declared and are not set.
RTL Name 'processing_system7_0_DDR_CK_N', Hierarchy 'system', File '/home/jsp/Storage/CFU_PYNQ_FIles/CFU_SRC/pynq_z2/pynq_z2/arunQAFDHGDZXVNBDXG_gae.gen/sources_1/bd/system/synth/system.v', Line 908.
WARNING: [Synth 37-95] [ASSIGN-5]Found scalar variable(s) 'processing_system7_0_DDR_CK_P' declared and are not set.
RTL Name 'processing_system7_0_DDR_CK_P', Hierarchy 'system', File '/home/jsp/Storage/CFU_PYNQ_FIles/CFU_SRC/pynq_z2/pynq_z2/arunQAFDHGDZXVNBDXG_gae.gen/sources_1/bd/system/synth/system.v', Line 909.
WARNING: [Synth 37-95] [ASSIGN-5]Found scalar variable(s) 'processing_system7_0_DDR_CS_N' declared and are not set.
RTL Name 'processing_system7_0_DDR_CS_N', Hierarchy 'system', File '/home/jsp/Storage/CFU_PYNQ_FIles/CFU_SRC/pynq_z2/pynq_z2/arunQAFDHGDZXVNBDXG_gae.gen/sources_1/bd/system/synth/system.v', Line 910.
WARNING: [Synth 37-124] [ASSIGN-5]Some bits in 'processing_system7_0_DDR_DM' are not set. First unset bit index is 0. 
RTL Name 'processing_system7_0_DDR_DM', Hierarchy 'system', File 'system.v', Line 911.
WARNING: [Synth 37-124] [ASSIGN-5]Some bits in 'processing_system7_0_DDR_DQ' are not set. First unset bit index is 0. 
RTL Name 'processing_system7_0_DDR_DQ', Hierarchy 'system', File 'system.v', Line 912.
WARNING: [Synth 37-124] [ASSIGN-5]Some bits in 'processing_system7_0_DDR_DQS_N' are not set. First unset bit index is 0. 
RTL Name 'processing_system7_0_DDR_DQS_N', Hierarchy 'system', File 'system.v', Line 913.
WARNING: [Synth 37-124] [ASSIGN-5]Some bits in 'processing_system7_0_DDR_DQS_P' are not set. First unset bit index is 0. 
RTL Name 'processing_system7_0_DDR_DQS_P', Hierarchy 'system', File 'system.v', Line 914.
WARNING: [Synth 37-95] [ASSIGN-5]Found scalar variable(s) 'processing_system7_0_DDR_ODT' declared and are not set.
RTL Name 'processing_system7_0_DDR_ODT', Hierarchy 'system', File '/home/jsp/Storage/CFU_PYNQ_FIles/CFU_SRC/pynq_z2/pynq_z2/arunQAFDHGDZXVNBDXG_gae.gen/sources_1/bd/system/synth/system.v', Line 915.
WARNING: [Synth 37-95] [ASSIGN-5]Found scalar variable(s) 'processing_system7_0_DDR_RAS_N' declared and are not set.
RTL Name 'processing_system7_0_DDR_RAS_N', Hierarchy 'system', File '/home/jsp/Storage/CFU_PYNQ_FIles/CFU_SRC/pynq_z2/pynq_z2/arunQAFDHGDZXVNBDXG_gae.gen/sources_1/bd/system/synth/system.v', Line 916.
WARNING: [Synth 37-95] [ASSIGN-5]Found scalar variable(s) 'processing_system7_0_DDR_RESET_N' declared and are not set.
RTL Name 'processing_system7_0_DDR_RESET_N', Hierarchy 'system', File '/home/jsp/Storage/CFU_PYNQ_FIles/CFU_SRC/pynq_z2/pynq_z2/arunQAFDHGDZXVNBDXG_gae.gen/sources_1/bd/system/synth/system.v', Line 917.
WARNING: [Synth 37-95] [ASSIGN-5]Found scalar variable(s) 'processing_system7_0_DDR_WE_N' declared and are not set.
RTL Name 'processing_system7_0_DDR_WE_N', Hierarchy 'system', File '/home/jsp/Storage/CFU_PYNQ_FIles/CFU_SRC/pynq_z2/pynq_z2/arunQAFDHGDZXVNBDXG_gae.gen/sources_1/bd/system/synth/system.v', Line 918.
WARNING: [Synth 37-95] [ASSIGN-5]Found scalar variable(s) 'processing_system7_0_FIXED_IO_DDR_VRN' declared and are not set.
RTL Name 'processing_system7_0_FIXED_IO_DDR_VRN', Hierarchy 'system', File '/home/jsp/Storage/CFU_PYNQ_FIles/CFU_SRC/pynq_z2/pynq_z2/arunQAFDHGDZXVNBDXG_gae.gen/sources_1/bd/system/synth/system.v', Line 922.
WARNING: [Synth 37-95] [ASSIGN-5]Found scalar variable(s) 'processing_system7_0_FIXED_IO_DDR_VRP' declared and are not set.
RTL Name 'processing_system7_0_FIXED_IO_DDR_VRP', Hierarchy 'system', File '/home/jsp/Storage/CFU_PYNQ_FIles/CFU_SRC/pynq_z2/pynq_z2/arunQAFDHGDZXVNBDXG_gae.gen/sources_1/bd/system/synth/system.v', Line 923.
WARNING: [Synth 37-124] [ASSIGN-5]Some bits in 'processing_system7_0_FIXED_IO_MIO' are not set. First unset bit index is 0. 
RTL Name 'processing_system7_0_FIXED_IO_MIO', Hierarchy 'system', File 'system.v', Line 924.
WARNING: [Synth 37-95] [ASSIGN-5]Found scalar variable(s) 'processing_system7_0_FIXED_IO_PS_CLK' declared and are not set.
RTL Name 'processing_system7_0_FIXED_IO_PS_CLK', Hierarchy 'system', File '/home/jsp/Storage/CFU_PYNQ_FIles/CFU_SRC/pynq_z2/pynq_z2/arunQAFDHGDZXVNBDXG_gae.gen/sources_1/bd/system/synth/system.v', Line 925.
WARNING: [Synth 37-95] [ASSIGN-5]Found scalar variable(s) 'processing_system7_0_FIXED_IO_PS_PORB' declared and are not set.
RTL Name 'processing_system7_0_FIXED_IO_PS_PORB', Hierarchy 'system', File '/home/jsp/Storage/CFU_PYNQ_FIles/CFU_SRC/pynq_z2/pynq_z2/arunQAFDHGDZXVNBDXG_gae.gen/sources_1/bd/system/synth/system.v', Line 926.
WARNING: [Synth 37-95] [ASSIGN-5]Found scalar variable(s) 'processing_system7_0_FIXED_IO_PS_SRSTB' declared and are not set.
RTL Name 'processing_system7_0_FIXED_IO_PS_SRSTB', Hierarchy 'system', File '/home/jsp/Storage/CFU_PYNQ_FIles/CFU_SRC/pynq_z2/pynq_z2/arunQAFDHGDZXVNBDXG_gae.gen/sources_1/bd/system/synth/system.v', Line 927.
WARNING: [Synth 37-123] [ASSIGN-6]Some bits in 'ps7_0_axi_periph_M00_AXI_ARADDR' are not read. First unread bit index is 9. 
RTL Name 'ps7_0_axi_periph_M00_AXI_ARADDR', Hierarchy 'system', File 'system.v', Line 966.
WARNING: [Synth 37-123] [ASSIGN-6]Some bits in 'ps7_0_axi_periph_M00_AXI_AWADDR' are not read. First unread bit index is 9. 
RTL Name 'ps7_0_axi_periph_M00_AXI_AWADDR', Hierarchy 'system', File 'system.v', Line 969.
WARNING: [Synth 37-123] [ASSIGN-6]Some bits in 'ps7_0_axi_periph_M01_AXI_ARADDR' are not read. First unread bit index is 9. 
RTL Name 'ps7_0_axi_periph_M01_AXI_ARADDR', Hierarchy 'system', File 'system.v', Line 983.
WARNING: [Synth 37-123] [ASSIGN-6]Some bits in 'ps7_0_axi_periph_M01_AXI_AWADDR' are not read. First unread bit index is 9. 
RTL Name 'ps7_0_axi_periph_M01_AXI_AWADDR', Hierarchy 'system', File 'system.v', Line 986.
WARNING: [Synth 37-123] [ASSIGN-6]Some bits in 'ps7_0_axi_periph_M02_AXI_ARADDR' are not read. First unread bit index is 9. 
RTL Name 'ps7_0_axi_periph_M02_AXI_ARADDR', Hierarchy 'system', File 'system.v', Line 1000.
WARNING: [Synth 37-123] [ASSIGN-6]Some bits in 'ps7_0_axi_periph_M02_AXI_AWADDR' are not read. First unread bit index is 9. 
RTL Name 'ps7_0_axi_periph_M02_AXI_AWADDR', Hierarchy 'system', File 'system.v', Line 1003.
WARNING: [Synth 37-123] [ASSIGN-6]Some bits in 'ps7_0_axi_periph_M03_AXI_ARADDR' are not read. First unread bit index is 9. 
RTL Name 'ps7_0_axi_periph_M03_AXI_ARADDR', Hierarchy 'system', File 'system.v', Line 1017.
WARNING: [Synth 37-123] [ASSIGN-6]Some bits in 'ps7_0_axi_periph_M03_AXI_AWADDR' are not read. First unread bit index is 9. 
RTL Name 'ps7_0_axi_periph_M03_AXI_AWADDR', Hierarchy 'system', File 'system.v', Line 1020.
WARNING: [Synth 37-125] [ASSIGN-10]Some bits in IO 'M00_ACLK' are not read. First unread bit index is 0. 
RTL Name 'M00_ACLK', Hierarchy 'system_ps7_0_axi_periph_0', File 'system.v', Line 1461.
WARNING: [Synth 37-125] [ASSIGN-10]Some bits in IO 'M00_ARESETN' are not read. First unread bit index is 0. 
RTL Name 'M00_ARESETN', Hierarchy 'system_ps7_0_axi_periph_0', File 'system.v', Line 1462.
WARNING: [Synth 37-125] [ASSIGN-10]Some bits in IO 'M01_ACLK' are not read. First unread bit index is 0. 
RTL Name 'M01_ACLK', Hierarchy 'system_ps7_0_axi_periph_0', File 'system.v', Line 1480.
WARNING: [Synth 37-125] [ASSIGN-10]Some bits in IO 'M01_ARESETN' are not read. First unread bit index is 0. 
RTL Name 'M01_ARESETN', Hierarchy 'system_ps7_0_axi_periph_0', File 'system.v', Line 1481.
WARNING: [Synth 37-125] [ASSIGN-10]Some bits in IO 'M02_ACLK' are not read. First unread bit index is 0. 
RTL Name 'M02_ACLK', Hierarchy 'system_ps7_0_axi_periph_0', File 'system.v', Line 1499.
WARNING: [Synth 37-125] [ASSIGN-10]Some bits in IO 'M02_ARESETN' are not read. First unread bit index is 0. 
RTL Name 'M02_ARESETN', Hierarchy 'system_ps7_0_axi_periph_0', File 'system.v', Line 1500.
WARNING: [Synth 37-125] [ASSIGN-10]Some bits in IO 'M03_ACLK' are not read. First unread bit index is 0. 
RTL Name 'M03_ACLK', Hierarchy 'system_ps7_0_axi_periph_0', File 'system.v', Line 1518.
WARNING: [Synth 37-125] [ASSIGN-10]Some bits in IO 'M03_ARESETN' are not read. First unread bit index is 0. 
RTL Name 'M03_ARESETN', Hierarchy 'system_ps7_0_axi_periph_0', File 'system.v', Line 1519.
WARNING: [Synth 37-125] [ASSIGN-10]Some bits in IO 'M_ACLK' are not read. First unread bit index is 0. 
RTL Name 'M_ACLK', Hierarchy 'm00_couplers_imp_1H7AUOX', File 'system.v', Line 52.
WARNING: [Synth 37-125] [ASSIGN-10]Some bits in IO 'M_ACLK' are not read. First unread bit index is 0. 
RTL Name 'M_ACLK', Hierarchy 'm03_couplers_imp_15QZ4LV', File 'system.v', Line 448.
WARNING: [Synth 37-125] [ASSIGN-10]Some bits in IO 'M_ACLK' are not read. First unread bit index is 0. 
RTL Name 'M_ACLK', Hierarchy 'm02_couplers_imp_FKL2TE', File 'system.v', Line 316.
WARNING: [Synth 37-125] [ASSIGN-10]Some bits in IO 'M_ACLK' are not read. First unread bit index is 0. 
RTL Name 'M_ACLK', Hierarchy 'm01_couplers_imp_4Y7TYO', File 'system.v', Line 184.
WARNING: [Synth 37-125] [ASSIGN-10]Some bits in IO 'M_ACLK' are not read. First unread bit index is 0. 
RTL Name 'M_ACLK', Hierarchy 's00_couplers_imp_11SE3QO', File 'system.v', Line 603.
WARNING: [Synth 37-125] [ASSIGN-10]Some bits in IO 'M_ARESETN' are not read. First unread bit index is 0. 
RTL Name 'M_ARESETN', Hierarchy 'm01_couplers_imp_4Y7TYO', File 'system.v', Line 185.
WARNING: [Synth 37-125] [ASSIGN-10]Some bits in IO 'M_ARESETN' are not read. First unread bit index is 0. 
RTL Name 'M_ARESETN', Hierarchy 'm00_couplers_imp_1H7AUOX', File 'system.v', Line 53.
WARNING: [Synth 37-125] [ASSIGN-10]Some bits in IO 'M_ARESETN' are not read. First unread bit index is 0. 
RTL Name 'M_ARESETN', Hierarchy 'm02_couplers_imp_FKL2TE', File 'system.v', Line 317.
WARNING: [Synth 37-125] [ASSIGN-10]Some bits in IO 'M_ARESETN' are not read. First unread bit index is 0. 
RTL Name 'M_ARESETN', Hierarchy 'm03_couplers_imp_15QZ4LV', File 'system.v', Line 449.
WARNING: [Synth 37-125] [ASSIGN-10]Some bits in IO 'M_ARESETN' are not read. First unread bit index is 0. 
RTL Name 'M_ARESETN', Hierarchy 's00_couplers_imp_11SE3QO', File 'system.v', Line 604.
WARNING: [Synth 37-125] [ASSIGN-10]Some bits in IO 'S00_ACLK' are not read. First unread bit index is 0. 
RTL Name 'S00_ACLK', Hierarchy 'system_ps7_0_axi_periph_0', File 'system.v', Line 1537.
WARNING: [Synth 37-125] [ASSIGN-10]Some bits in IO 'S00_ARESETN' are not read. First unread bit index is 0. 
RTL Name 'S00_ARESETN', Hierarchy 'system_ps7_0_axi_periph_0', File 'system.v', Line 1538.
WARNING: [Synth 37-125] [ASSIGN-10]Some bits in IO 'S_ACLK' are not read. First unread bit index is 0. 
RTL Name 'S_ACLK', Hierarchy 'm02_couplers_imp_FKL2TE', File 'system.v', Line 335.
WARNING: [Synth 37-125] [ASSIGN-10]Some bits in IO 'S_ACLK' are not read. First unread bit index is 0. 
RTL Name 'S_ACLK', Hierarchy 'm01_couplers_imp_4Y7TYO', File 'system.v', Line 203.
WARNING: [Synth 37-125] [ASSIGN-10]Some bits in IO 'S_ACLK' are not read. First unread bit index is 0. 
RTL Name 'S_ACLK', Hierarchy 'm03_couplers_imp_15QZ4LV', File 'system.v', Line 467.
WARNING: [Synth 37-125] [ASSIGN-10]Some bits in IO 'S_ACLK' are not read. First unread bit index is 0. 
RTL Name 'S_ACLK', Hierarchy 'm00_couplers_imp_1H7AUOX', File 'system.v', Line 71.
WARNING: [Synth 37-125] [ASSIGN-10]Some bits in IO 'S_ARESETN' are not read. First unread bit index is 0. 
RTL Name 'S_ARESETN', Hierarchy 'm02_couplers_imp_FKL2TE', File 'system.v', Line 336.
WARNING: [Synth 37-125] [ASSIGN-10]Some bits in IO 'S_ARESETN' are not read. First unread bit index is 0. 
RTL Name 'S_ARESETN', Hierarchy 'm01_couplers_imp_4Y7TYO', File 'system.v', Line 204.
WARNING: [Synth 37-125] [ASSIGN-10]Some bits in IO 'S_ARESETN' are not read. First unread bit index is 0. 
RTL Name 'S_ARESETN', Hierarchy 'm03_couplers_imp_15QZ4LV', File 'system.v', Line 468.
WARNING: [Synth 37-125] [ASSIGN-10]Some bits in IO 'S_ARESETN' are not read. First unread bit index is 0. 
RTL Name 'S_ARESETN', Hierarchy 'm00_couplers_imp_1H7AUOX', File 'system.v', Line 72.
INFO: [Synth 37-85] Total of 57 linter message(s) generated.
INFO: [Synth 37-45] Linter Run Finished!
Synthesis Optimization Runtime : Time (s): cpu = 00:00:06 ; elapsed = 00:00:06 . Memory (MB): peak = 13669.863 ; gain = 0.000 ; free physical = 4170 ; free virtual = 15816
INFO: [Common 17-83] Releasing license: Synthesis
50 Infos, 70 Warnings, 0 Critical Warnings and 0 Errors encountered.
synth_design completed successfully
synth_design: Time (s): cpu = 00:00:06 ; elapsed = 00:00:06 . Memory (MB): peak = 13669.863 ; gain = 0.000 ; free physical = 4170 ; free virtual = 15816
INFO: [Common 17-2834] synth_design peak Physical Memory [PSS] (MB): overall = 4445.368; main = 4445.368; forked = 0.000
INFO: [Common 17-2834] synth_design peak Virtual Memory [VSS] (MB): overall = 13367.805; main = 13367.805; forked = 0.000
reset_run synth_1
INFO: [Project 1-1161] Replacing file /home/jsp/Storage/CFU_PYNQ_FIles/CFU_SRC/pynq_z2/pynq_z2/arunQAFDHGDZXVNBDXG_gae.srcs/utils_1/imports/synth_1/system_wrapper.dcp with file /home/jsp/Storage/CFU_PYNQ_FIles/CFU_SRC/pynq_z2/pynq_z2/arunQAFDHGDZXVNBDXG_gae.runs/synth_1/system_wrapper.dcp
launch_runs synth_1 -jobs 12
INFO: [Vivado 12-4149] The synthesis checkpoint for IP '/home/jsp/Storage/CFU_PYNQ_FIles/CFU_SRC/pynq_z2/pynq_z2/arunQAFDHGDZXVNBDXG_gae.srcs/sources_1/ip/cfu_decoupler/cfu_decoupler.xci' is already up-to-date
[Wed Nov  5 09:01:23 2025] Launched synth_1...
Run output will be captured here: /home/jsp/Storage/CFU_PYNQ_FIles/CFU_SRC/pynq_z2/pynq_z2/arunQAFDHGDZXVNBDXG_gae.runs/synth_1/runme.log
WARNING: [filemgmt 56-199] Attempt to get parsing info during refresh. "On-the-fly" syntax checking information may be incorrect. [/home/jsp/Storage/CFU_PYNQ_FIles/CFU_SRC/donut-accel/cfu.v:]
WARNING: [filemgmt 56-199] Attempt to get parsing info during refresh. "On-the-fly" syntax checking information may be incorrect. [/home/jsp/Storage/CFU_PYNQ_FIles/CFU_SRC/pynq_z2/pynq_z2/arunQAFDHGDZXVNBDXG_gae.srcs/sources_1/new/Cfu.v:]
WARNING: [filemgmt 56-199] Attempt to get parsing info during refresh. "On-the-fly" syntax checking information may be incorrect. [/home/jsp/Storage/CFU_PYNQ_FIles/CFU_SRC/pynq_z2/pynq_z2/arunQAFDHGDZXVNBDXG_gae.srcs/sources_1/new/tul_pynq_z2.v:]
WARNING: [filemgmt 56-199] Attempt to get parsing info during refresh. "On-the-fly" syntax checking information may be incorrect. [/home/jsp/Storage/CFU_PYNQ_FIles/CFU_SRC/donut-accel/cfu.v:]
WARNING: [filemgmt 56-199] Attempt to get parsing info during refresh. "On-the-fly" syntax checking information may be incorrect. [/home/jsp/Storage/CFU_PYNQ_FIles/CFU_SRC/donut-accel/cfu.v:]
WARNING: [filemgmt 56-199] Attempt to get parsing info during refresh. "On-the-fly" syntax checking information may be incorrect. [/home/jsp/Storage/CFU_PYNQ_FIles/CFU_SRC/donut-accel/cfu.v:]
WARNING: [filemgmt 56-199] Attempt to get parsing info during refresh. "On-the-fly" syntax checking information may be incorrect. [/home/jsp/Storage/CFU_PYNQ_FIles/CFU_SRC/pynq_z2/pynq_z2/arunQAFDHGDZXVNBDXG_gae.srcs/sources_1/new/Cfu.v:]
WARNING: [filemgmt 56-199] Attempt to get parsing info during refresh. "On-the-fly" syntax checking information may be incorrect. [/home/jsp/Storage/CFU_PYNQ_FIles/CFU_SRC/pynq_z2/pynq_z2/arunQAFDHGDZXVNBDXG_gae.srcs/sources_1/new/tul_pynq_z2.v:]
WARNING: [filemgmt 56-199] Attempt to get parsing info during refresh. "On-the-fly" syntax checking information may be incorrect. [/home/jsp/Storage/CFU_PYNQ_FIles/CFU_SRC/pynq_z2/pynq_z2/arunQAFDHGDZXVNBDXG_gae.srcs/sources_1/new/tul_pynq_z2.v:]
WARNING: [filemgmt 56-199] Attempt to get parsing info during refresh. "On-the-fly" syntax checking information may be incorrect. [/home/jsp/Storage/CFU_PYNQ_FIles/CFU_SRC/pynq_z2/pynq_z2/arunQAFDHGDZXVNBDXG_gae.srcs/sources_1/new/tul_pynq_z2.v:]
launch_runs impl_1 -jobs 12
INFO: [Vivado 12-4149] The synthesis checkpoint for IP '/home/jsp/Storage/CFU_PYNQ_FIles/CFU_SRC/pynq_z2/pynq_z2/arunQAFDHGDZXVNBDXG_gae.srcs/sources_1/ip/cfu_decoupler/cfu_decoupler.xci' is already up-to-date
[Wed Nov  5 09:03:26 2025] Launched impl_1...
Run output will be captured here: /home/jsp/Storage/CFU_PYNQ_FIles/CFU_SRC/pynq_z2/pynq_z2/arunQAFDHGDZXVNBDXG_gae.runs/impl_1/runme.log
create_ip_run [get_files -of_objects [get_fileset sources_1] /home/jsp/Storage/CFU_PYNQ_FIles/CFU_SRC/pynq_z2/pynq_z2/arunQAFDHGDZXVNBDXG_gae.srcs/sources_1/bd/system/system.bd]
refresh_design
Netlist sorting complete. Time (s): cpu = 00:00:00.08 ; elapsed = 00:00:00.04 . Memory (MB): peak = 13669.863 ; gain = 0.000 ; free physical = 3996 ; free virtual = 15638
INFO: [Netlist 29-17] Analyzing 207 Unisim elements for replacement
INFO: [Netlist 29-28] Unisim Transformation completed in 0 CPU seconds
INFO: [Project 1-479] Netlist was created with Vivado 2024.1
INFO: [Project 1-570] Preparing netlist for logic optimization
Read ShapeDB Complete: Time (s): cpu = 00:00:00.03 ; elapsed = 00:00:00.01 . Memory (MB): peak = 13669.863 ; gain = 0.000 ; free physical = 3996 ; free virtual = 15638
INFO: [Timing 38-478] Restoring timing data from binary archive.
INFO: [Timing 38-479] Binary timing data restore complete.
INFO: [Project 1-856] Restoring constraints from binary archive.
INFO: [Project 1-853] Binary constraint restore complete.
INFO: [Designutils 20-5722] Start Reading Physical Databases.
Reading placement.
Read Netlist Cache: Time (s): cpu = 00:00:00.01 ; elapsed = 00:00:00.01 . Memory (MB): peak = 13669.863 ; gain = 0.000 ; free physical = 3998 ; free virtual = 15639
Reading placer database...
Read Device Cache: Time (s): cpu = 00:00:00.01 ; elapsed = 00:00:00.01 . Memory (MB): peak = 13669.863 ; gain = 0.000 ; free physical = 3998 ; free virtual = 15639
Read PlaceDB: Time (s): cpu = 00:00:00.28 ; elapsed = 00:00:00.26 . Memory (MB): peak = 13669.863 ; gain = 0.000 ; free physical = 4862 ; free virtual = 16503
Read PulsedLatchDB: Time (s): cpu = 00:00:00 ; elapsed = 00:00:00 . Memory (MB): peak = 13669.863 ; gain = 0.000 ; free physical = 4900 ; free virtual = 16542
Reading routing.
Read RouteStorage: Time (s): cpu = 00:00:00.13 ; elapsed = 00:00:00.06 . Memory (MB): peak = 13669.863 ; gain = 0.000 ; free physical = 5806 ; free virtual = 17447
Read Physdb Files: Time (s): cpu = 00:00:00.43 ; elapsed = 00:00:00.34 . Memory (MB): peak = 13669.863 ; gain = 0.000 ; free physical = 5876 ; free virtual = 17518
Restored from archive | CPU: 0.440000 secs | Memory: 7.500870 MB |
Finished XDEF File Restore: Time (s): cpu = 00:00:00.43 ; elapsed = 00:00:00.34 . Memory (MB): peak = 13669.863 ; gain = 0.000 ; free physical = 5884 ; free virtual = 17526
CRITICAL WARNING: [Timing 38-282] The design failed to meet the timing requirements. Please see the timing summary report for details on the timing violations.
launch_runs impl_1 -to_step write_bitstream -jobs 12
INFO: [Vivado 12-4149] The synthesis checkpoint for IP '/home/jsp/Storage/CFU_PYNQ_FIles/CFU_SRC/pynq_z2/pynq_z2/arunQAFDHGDZXVNBDXG_gae.srcs/sources_1/ip/cfu_decoupler/cfu_decoupler.xci' is already up-to-date
[Wed Nov  5 09:05:06 2025] Launched impl_1...
Run output will be captured here: /home/jsp/Storage/CFU_PYNQ_FIles/CFU_SRC/pynq_z2/pynq_z2/arunQAFDHGDZXVNBDXG_gae.runs/impl_1/runme.log
reset_run impl_1 -prev_step 
launch_runs impl_1 -to_step write_bitstream -jobs 12
INFO: [Vivado 12-4149] The synthesis checkpoint for IP '/home/jsp/Storage/CFU_PYNQ_FIles/CFU_SRC/pynq_z2/pynq_z2/arunQAFDHGDZXVNBDXG_gae.srcs/sources_1/ip/cfu_decoupler/cfu_decoupler.xci' is already up-to-date
[Wed Nov  5 09:05:30 2025] Launched impl_1...
Run output will be captured here: /home/jsp/Storage/CFU_PYNQ_FIles/CFU_SRC/pynq_z2/pynq_z2/arunQAFDHGDZXVNBDXG_gae.runs/impl_1/runme.log
open_bd_design {/home/jsp/Storage/CFU_PYNQ_FIles/CFU_SRC/pynq_z2/pynq_z2/arunQAFDHGDZXVNBDXG_gae.srcs/sources_1/bd/system/system.bd}
WARNING: [filemgmt 56-199] Attempt to get parsing info during refresh. "On-the-fly" syntax checking information may be incorrect. [/home/jsp/Storage/CFU_PYNQ_FIles/CFU_SRC/donut-accel/cfu.v:]
WARNING: [filemgmt 56-199] Attempt to get parsing info during refresh. "On-the-fly" syntax checking information may be incorrect. [/home/jsp/Storage/CFU_PYNQ_FIles/CFU_SRC/pynq_z2/pynq_z2/arunQAFDHGDZXVNBDXG_gae.srcs/sources_1/new/Cfu.v:]
WARNING: [filemgmt 56-199] Attempt to get parsing info during refresh. "On-the-fly" syntax checking information may be incorrect. [/home/jsp/Storage/CFU_PYNQ_FIles/CFU_SRC/pynq_z2/pynq_z2/arunQAFDHGDZXVNBDXG_gae.srcs/sources_1/new/tul_pynq_z2.v:]
WARNING: [filemgmt 56-199] Attempt to get parsing info during refresh. "On-the-fly" syntax checking information may be incorrect. [/home/jsp/Storage/CFU_PYNQ_FIles/CFU_SRC/donut-accel/cfu.v:]
WARNING: [filemgmt 56-199] Attempt to get parsing info during refresh. "On-the-fly" syntax checking information may be incorrect. [/home/jsp/Storage/CFU_PYNQ_FIles/CFU_SRC/donut-accel/cfu.v:]
WARNING: [filemgmt 56-199] Attempt to get parsing info during refresh. "On-the-fly" syntax checking information may be incorrect. [/home/jsp/Storage/CFU_PYNQ_FIles/CFU_SRC/donut-accel/cfu.v:]
WARNING: [filemgmt 56-199] Attempt to get parsing info during refresh. "On-the-fly" syntax checking information may be incorrect. [/home/jsp/Storage/CFU_PYNQ_FIles/CFU_SRC/pynq_z2/pynq_z2/arunQAFDHGDZXVNBDXG_gae.srcs/sources_1/new/Cfu.v:]
WARNING: [filemgmt 56-199] Attempt to get parsing info during refresh. "On-the-fly" syntax checking information may be incorrect. [/home/jsp/Storage/CFU_PYNQ_FIles/CFU_SRC/pynq_z2/pynq_z2/arunQAFDHGDZXVNBDXG_gae.srcs/sources_1/new/tul_pynq_z2.v:]
WARNING: [filemgmt 56-199] Attempt to get parsing info during refresh. "On-the-fly" syntax checking information may be incorrect. [/home/jsp/Storage/CFU_PYNQ_FIles/CFU_SRC/pynq_z2/pynq_z2/arunQAFDHGDZXVNBDXG_gae.srcs/sources_1/new/tul_pynq_z2.v:]
WARNING: [filemgmt 56-199] Attempt to get parsing info during refresh. "On-the-fly" syntax checking information may be incorrect. [/home/jsp/Storage/CFU_PYNQ_FIles/CFU_SRC/pynq_z2/pynq_z2/arunQAFDHGDZXVNBDXG_gae.srcs/sources_1/new/tul_pynq_z2.v:]
reset_run synth_1
INFO: [Project 1-1161] Replacing file /home/jsp/Storage/CFU_PYNQ_FIles/CFU_SRC/pynq_z2/pynq_z2/arunQAFDHGDZXVNBDXG_gae.srcs/utils_1/imports/synth_1/system_wrapper.dcp with file /home/jsp/Storage/CFU_PYNQ_FIles/CFU_SRC/pynq_z2/pynq_z2/arunQAFDHGDZXVNBDXG_gae.runs/synth_1/system_wrapper.dcp
launch_runs impl_1 -to_step write_bitstream -jobs 12
INFO: [Vivado 12-4149] The synthesis checkpoint for IP '/home/jsp/Storage/CFU_PYNQ_FIles/CFU_SRC/pynq_z2/pynq_z2/arunQAFDHGDZXVNBDXG_gae.srcs/sources_1/ip/cfu_decoupler/cfu_decoupler.xci' is already up-to-date
[Thu Nov  6 12:46:16 2025] Launched synth_1...
Run output will be captured here: /home/jsp/Storage/CFU_PYNQ_FIles/CFU_SRC/pynq_z2/pynq_z2/arunQAFDHGDZXVNBDXG_gae.runs/synth_1/runme.log
[Thu Nov  6 12:46:16 2025] Launched impl_1...
Run output will be captured here: /home/jsp/Storage/CFU_PYNQ_FIles/CFU_SRC/pynq_z2/pynq_z2/arunQAFDHGDZXVNBDXG_gae.runs/impl_1/runme.log
WARNING: [filemgmt 56-199] Attempt to get parsing info during refresh. "On-the-fly" syntax checking information may be incorrect. [/home/jsp/Storage/CFU_PYNQ_FIles/CFU_SRC/donut-accel/cfu.v:]
WARNING: [filemgmt 56-199] Attempt to get parsing info during refresh. "On-the-fly" syntax checking information may be incorrect. [/home/jsp/Storage/CFU_PYNQ_FIles/CFU_SRC/pynq_z2/pynq_z2/arunQAFDHGDZXVNBDXG_gae.srcs/sources_1/new/Cfu.v:]
WARNING: [filemgmt 56-199] Attempt to get parsing info during refresh. "On-the-fly" syntax checking information may be incorrect. [/home/jsp/Storage/CFU_PYNQ_FIles/CFU_SRC/pynq_z2/pynq_z2/arunQAFDHGDZXVNBDXG_gae.srcs/sources_1/new/tul_pynq_z2.v:]
WARNING: [filemgmt 56-199] Attempt to get parsing info during refresh. "On-the-fly" syntax checking information may be incorrect. [/home/jsp/Storage/CFU_PYNQ_FIles/CFU_SRC/pynq_z2/pynq_z2/arunQAFDHGDZXVNBDXG_gae.srcs/sources_1/new/Cfu.v:]
WARNING: [filemgmt 56-199] Attempt to get parsing info during refresh. "On-the-fly" syntax checking information may be incorrect. [/home/jsp/Storage/CFU_PYNQ_FIles/CFU_SRC/pynq_z2/pynq_z2/arunQAFDHGDZXVNBDXG_gae.srcs/sources_1/new/Cfu.v:]
WARNING: [filemgmt 56-199] Attempt to get parsing info during refresh. "On-the-fly" syntax checking information may be incorrect. [/home/jsp/Storage/CFU_PYNQ_FIles/CFU_SRC/donut-accel/cfu.v:]
WARNING: [filemgmt 56-199] Attempt to get parsing info during refresh. "On-the-fly" syntax checking information may be incorrect. [/home/jsp/Storage/CFU_PYNQ_FIles/CFU_SRC/pynq_z2/pynq_z2/arunQAFDHGDZXVNBDXG_gae.srcs/sources_1/new/Cfu.v:]
WARNING: [filemgmt 56-199] Attempt to get parsing info during refresh. "On-the-fly" syntax checking information may be incorrect. [/home/jsp/Storage/CFU_PYNQ_FIles/CFU_SRC/pynq_z2/pynq_z2/arunQAFDHGDZXVNBDXG_gae.srcs/sources_1/new/tul_pynq_z2.v:]
WARNING: [filemgmt 56-199] Attempt to get parsing info during refresh. "On-the-fly" syntax checking information may be incorrect. [/home/jsp/Storage/CFU_PYNQ_FIles/CFU_SRC/donut-accel/cfu.v:]
WARNING: [filemgmt 56-199] Attempt to get parsing info during refresh. "On-the-fly" syntax checking information may be incorrect. [/home/jsp/Storage/CFU_PYNQ_FIles/CFU_SRC/donut-accel/cfu.v:]
open_hw_manager
connect_hw_server -allow_non_jtag
INFO: [Labtools 27-2285] Connecting to hw_server url TCP:localhost:3121
INFO: [Labtools 27-2222] Launching hw_server...
INFO: [Labtools 27-2221] Launch Output:

****** Xilinx hw_server v2024.1
  **** Build date : May 22 2024 at 19:19:01
    ** Copyright 1986-2022 Xilinx, Inc. All Rights Reserved.


INFO: [Labtools 27-3415] Connecting to cs_server url TCP:localhost:0
INFO: [Labtools 27-3417] Launching cs_server...
INFO: [Labtools 27-2221] Launch Output:


******** Xilinx cs_server v2024.1.0
  ****** Build date   : Apr 27 2024-07:10:49
    **** Build number : 2024.1.1714182049
      ** Copyright 2017-2022 Xilinx, Inc. All Rights Reserved.
      ** Copyright 2022-2025 Advanced Micro Devices, Inc. All Rights Reserved.



open_hw_target
INFO: [Labtoolstcl 44-466] Opening hw_target localhost:3121/xilinx_tcf/Digilent/210319AFEF60A
current_hw_device [get_hw_devices xc7a35t_0]
refresh_hw_device -update_hw_probes false [lindex [get_hw_devices xc7a35t_0] 0]
INFO: [Labtools 27-2302] Device xc7a35t (JTAG device index = 0) is programmed with a design that has 1 ILA core(s).
close_hw_target {localhost:3121/xilinx_tcf/Digilent/210319AFEF60A}
INFO: [Labtoolstcl 44-464] Closing hw_target localhost:3121/xilinx_tcf/Digilent/210319AFEF60A
open_hw_target {localhost:3121/xilinx_tcf/Xilinx/1234-tulA}
INFO: [Labtoolstcl 44-466] Opening hw_target localhost:3121/xilinx_tcf/Xilinx/1234-tulA
set_property PROGRAM.FILE {/home/jsp/Storage/CFU_PYNQ_FIles/CFU_SRC/pynq_z2/pynq_z2/arunQAFDHGDZXVNBDXG_gae.runs/impl_1/system_wrapper.bit} [get_hw_devices xc7z020_1]
current_hw_device [get_hw_devices xc7z020_1]
refresh_hw_device -update_hw_probes false [lindex [get_hw_devices xc7z020_1] 0]
INFO: [Labtools 27-1435] Device xc7z020 (JTAG device index = 1) is not programmed (DONE status = 0).
set_property PROBES.FILE {} [get_hw_devices xc7z020_1]
set_property FULL_PROBES.FILE {} [get_hw_devices xc7z020_1]
set_property PROGRAM.FILE {/home/jsp/Storage/CFU_PYNQ_FIles/CFU_SRC/pynq_z2/pynq_z2/arunQAFDHGDZXVNBDXG_gae.runs/impl_1/system_wrapper.bit} [get_hw_devices xc7z020_1]
program_hw_devices [get_hw_devices xc7z020_1]
INFO: [Labtools 27-3164] End of startup status: HIGH
refresh_hw_device [lindex [get_hw_devices xc7z020_1] 0]
INFO: [Labtools 27-1434] Device xc7z020 (JTAG device index = 1) is programmed with a design that has no supported debug core(s) in it.
ERROR: [Labtoolstcl 44-513] HW Target shutdown. Closing target: localhost:3121/xilinx_tcf/Xilinx/1234-tulA
INFO: [Labtoolstcl 44-466] Opening hw_target localhost:3121/xilinx_tcf/Xilinx/1234-tulA
INFO: [Labtools 27-1434] Device xc7z020 (JTAG device index = 0) is programmed with a design that has no supported debug core(s) in it.
WARNING: [Labtoolstcl 44-129] No matching hw_ila_data was found.
refresh_hw_device [lindex [get_hw_devices xc7z020_0] 0]
INFO: [Labtools 27-1434] Device xc7z020 (JTAG device index = 0) is programmed with a design that has no supported debug core(s) in it.
set_property PROBES.FILE {} [get_hw_devices xc7z020_0]
set_property FULL_PROBES.FILE {} [get_hw_devices xc7z020_0]
set_property PROGRAM.FILE {/home/jsp/Storage/CFU_PYNQ_FIles/CFU_SRC/pynq_z2/pynq_z2/arunQAFDHGDZXVNBDXG_gae.runs/impl_1/system_wrapper.bit} [get_hw_devices xc7z020_0]
program_hw_devices [get_hw_devices xc7z020_0]
INFO: [Labtools 27-3164] End of startup status: HIGH
refresh_hw_device [lindex [get_hw_devices xc7z020_0] 0]
INFO: [Labtools 27-1434] Device xc7z020 (JTAG device index = 0) is programmed with a design that has no supported debug core(s) in it.
ERROR: [Labtoolstcl 44-513] HW Target shutdown. Closing target: localhost:3121/xilinx_tcf/Xilinx/1234-tulA
INFO: [Labtoolstcl 44-466] Opening hw_target localhost:3121/xilinx_tcf/Xilinx/1234-tulA
INFO: [Labtools 27-1434] Device xc7z020 (JTAG device index = 0) is programmed with a design that has no supported debug core(s) in it.
WARNING: [Labtoolstcl 44-129] No matching hw_ila_data was found.
set_property PROBES.FILE {} [get_hw_devices xc7z020_0]
set_property FULL_PROBES.FILE {} [get_hw_devices xc7z020_0]
set_property PROGRAM.FILE {/home/jsp/Storage/CFU_PYNQ_FIles/CFU_SRC/pynq_z2/pynq_z2/arunQAFDHGDZXVNBDXG_gae.runs/impl_1/system_wrapper.bit} [get_hw_devices xc7z020_0]
program_hw_devices [get_hw_devices xc7z020_0]
INFO: [Labtools 27-3164] End of startup status: HIGH
refresh_hw_device [lindex [get_hw_devices xc7z020_0] 0]
INFO: [Labtools 27-1434] Device xc7z020 (JTAG device index = 0) is programmed with a design that has no supported debug core(s) in it.
ERROR: [Labtoolstcl 44-513] HW Target shutdown. Closing target: localhost:3121/xilinx_tcf/Xilinx/1234-tulA
INFO: [Labtoolstcl 44-466] Opening hw_target localhost:3121/xilinx_tcf/Xilinx/1234-tulA
INFO: [Labtools 27-1434] Device xc7z020 (JTAG device index = 0) is programmed with a design that has no supported debug core(s) in it.
WARNING: [Labtoolstcl 44-129] No matching hw_ila_data was found.
ERROR: [Labtoolstcl 44-513] HW Target shutdown. Closing target: localhost:3121/xilinx_tcf/Xilinx/1234-tulA
INFO: [Labtoolstcl 44-466] Opening hw_target localhost:3121/xilinx_tcf/Xilinx/1234-tulA
INFO: [Labtools 27-1434] Device xc7z020 (JTAG device index = 0) is programmed with a design that has no supported debug core(s) in it.
WARNING: [Labtoolstcl 44-129] No matching hw_ila_data was found.
close_hw_manager
open_bd_design {/home/jsp/Storage/CFU_PYNQ_FIles/CFU_SRC/pynq_z2/pynq_z2/arunQAFDHGDZXVNBDXG_gae.srcs/sources_1/bd/system/system.bd}
open_bd_design {/home/jsp/Storage/CFU_PYNQ_FIles/CFU_SRC/pynq_z2/pynq_z2/arunQAFDHGDZXVNBDXG_gae.srcs/sources_1/bd/system/system.bd}
set_property PR_FLOW 1 [current_project] 
INFO: [Project 1-1161] Replacing file /home/jsp/Storage/CFU_PYNQ_FIles/CFU_SRC/pynq_z2/pynq_z2/arunQAFDHGDZXVNBDXG_gae.srcs/utils_1/imports/synth_1/system_wrapper.dcp with file /home/jsp/Storage/CFU_PYNQ_FIles/CFU_SRC/pynq_z2/pynq_z2/arunQAFDHGDZXVNBDXG_gae.runs/synth_1/system_wrapper.dcp
WARNING: [filemgmt 56-199] Attempt to get parsing info during refresh. "On-the-fly" syntax checking information may be incorrect. [/home/jsp/Storage/CFU_PYNQ_FIles/CFU_SRC/donut-accel/cfu.v:]
WARNING: [filemgmt 56-199] Attempt to get parsing info during refresh. "On-the-fly" syntax checking information may be incorrect. [/home/jsp/Storage/CFU_PYNQ_FIles/CFU_SRC/pynq_z2/pynq_z2/arunQAFDHGDZXVNBDXG_gae.srcs/sources_1/new/Cfu.v:]
WARNING: [filemgmt 56-199] Attempt to get parsing info during refresh. "On-the-fly" syntax checking information may be incorrect. [/home/jsp/Storage/CFU_PYNQ_FIles/CFU_SRC/pynq_z2/pynq_z2/arunQAFDHGDZXVNBDXG_gae.srcs/sources_1/new/tul_pynq_z2.v:]
WARNING: [filemgmt 56-199] Attempt to get parsing info during refresh. "On-the-fly" syntax checking information may be incorrect. [/home/jsp/Storage/CFU_PYNQ_FIles/CFU_SRC/donut-accel/cfu.v:]
WARNING: [filemgmt 56-199] Attempt to get parsing info during refresh. "On-the-fly" syntax checking information may be incorrect. [/home/jsp/Storage/CFU_PYNQ_FIles/CFU_SRC/donut-accel/cfu.v:]
WARNING: [filemgmt 56-199] Attempt to get parsing info during refresh. "On-the-fly" syntax checking information may be incorrect. [/home/jsp/Storage/CFU_PYNQ_FIles/CFU_SRC/donut-accel/cfu.v:]
WARNING: [filemgmt 56-199] Attempt to get parsing info during refresh. "On-the-fly" syntax checking information may be incorrect. [/home/jsp/Storage/CFU_PYNQ_FIles/CFU_SRC/pynq_z2/pynq_z2/arunQAFDHGDZXVNBDXG_gae.srcs/sources_1/new/Cfu.v:]
WARNING: [filemgmt 56-199] Attempt to get parsing info during refresh. "On-the-fly" syntax checking information may be incorrect. [/home/jsp/Storage/CFU_PYNQ_FIles/CFU_SRC/pynq_z2/pynq_z2/arunQAFDHGDZXVNBDXG_gae.srcs/sources_1/new/tul_pynq_z2.v:]
WARNING: [filemgmt 56-199] Attempt to get parsing info during refresh. "On-the-fly" syntax checking information may be incorrect. [/home/jsp/Storage/CFU_PYNQ_FIles/CFU_SRC/pynq_z2/pynq_z2/arunQAFDHGDZXVNBDXG_gae.srcs/sources_1/new/tul_pynq_z2.v:]
WARNING: [filemgmt 56-199] Attempt to get parsing info during refresh. "On-the-fly" syntax checking information may be incorrect. [/home/jsp/Storage/CFU_PYNQ_FIles/CFU_SRC/pynq_z2/pynq_z2/arunQAFDHGDZXVNBDXG_gae.srcs/sources_1/new/tul_pynq_z2.v:]
report_ip_status -name ip_status 
update_module_reference [get_ips  system_tul_pynq_z2_0_0]
Upgrading '/home/jsp/Storage/CFU_PYNQ_FIles/CFU_SRC/pynq_z2/pynq_z2/arunQAFDHGDZXVNBDXG_gae.srcs/sources_1/bd/system/system.bd'
INFO: [IP_Flow 19-3420] Updated system_tul_pynq_z2_0_0 to use current project options
Wrote  : </home/jsp/Storage/CFU_PYNQ_FIles/CFU_SRC/pynq_z2/pynq_z2/arunQAFDHGDZXVNBDXG_gae.srcs/sources_1/bd/system/system.bd> 
Wrote  : </home/jsp/Storage/CFU_PYNQ_FIles/CFU_SRC/pynq_z2/pynq_z2/arunQAFDHGDZXVNBDXG_gae.srcs/sources_1/bd/system/ui/bd_c954508f.ui> 
WARNING: [filemgmt 56-199] Attempt to get parsing info during refresh. "On-the-fly" syntax checking information may be incorrect. [/home/jsp/Storage/CFU_PYNQ_FIles/CFU_SRC/donut-accel/cfu.v:]
WARNING: [filemgmt 56-199] Attempt to get parsing info during refresh. "On-the-fly" syntax checking information may be incorrect. [/home/jsp/Storage/CFU_PYNQ_FIles/CFU_SRC/pynq_z2/pynq_z2/arunQAFDHGDZXVNBDXG_gae.srcs/sources_1/new/Cfu.v:]
WARNING: [filemgmt 56-199] Attempt to get parsing info during refresh. "On-the-fly" syntax checking information may be incorrect. [/home/jsp/Storage/CFU_PYNQ_FIles/CFU_SRC/pynq_z2/pynq_z2/arunQAFDHGDZXVNBDXG_gae.srcs/sources_1/new/tul_pynq_z2.v:]
WARNING: [filemgmt 56-199] Attempt to get parsing info during refresh. "On-the-fly" syntax checking information may be incorrect. [/home/jsp/Storage/CFU_PYNQ_FIles/CFU_SRC/pynq_z2/pynq_z2/arunQAFDHGDZXVNBDXG_gae.srcs/sources_1/new/Cfu.v:]
WARNING: [filemgmt 56-199] Attempt to get parsing info during refresh. "On-the-fly" syntax checking information may be incorrect. [/home/jsp/Storage/CFU_PYNQ_FIles/CFU_SRC/pynq_z2/pynq_z2/arunQAFDHGDZXVNBDXG_gae.srcs/sources_1/new/Cfu.v:]
generate_target all [get_files  /home/jsp/Storage/CFU_PYNQ_FIles/CFU_SRC/pynq_z2/pynq_z2/arunQAFDHGDZXVNBDXG_gae.srcs/sources_1/bd/system/system.bd]
WARNING: [filemgmt 56-199] Attempt to get parsing info during refresh. "On-the-fly" syntax checking information may be incorrect. [/home/jsp/Storage/CFU_PYNQ_FIles/CFU_SRC/donut-accel/cfu.v:]
WARNING: [filemgmt 56-199] Attempt to get parsing info during refresh. "On-the-fly" syntax checking information may be incorrect. [/home/jsp/Storage/CFU_PYNQ_FIles/CFU_SRC/pynq_z2/pynq_z2/arunQAFDHGDZXVNBDXG_gae.srcs/sources_1/new/Cfu.v:]
WARNING: [filemgmt 56-199] Attempt to get parsing info during refresh. "On-the-fly" syntax checking information may be incorrect. [/home/jsp/Storage/CFU_PYNQ_FIles/CFU_SRC/pynq_z2/pynq_z2/arunQAFDHGDZXVNBDXG_gae.srcs/sources_1/new/tul_pynq_z2.v:]
WARNING: [filemgmt 56-199] Attempt to get parsing info during refresh. "On-the-fly" syntax checking information may be incorrect. [/home/jsp/Storage/CFU_PYNQ_FIles/CFU_SRC/donut-accel/cfu.v:]
WARNING: [filemgmt 56-199] Attempt to get parsing info during refresh. "On-the-fly" syntax checking information may be incorrect. [/home/jsp/Storage/CFU_PYNQ_FIles/CFU_SRC/donut-accel/cfu.v:]
WARNING: [filemgmt 56-199] Attempt to get parsing info during refresh. "On-the-fly" syntax checking information may be incorrect. [/home/jsp/Storage/CFU_PYNQ_FIles/CFU_SRC/donut-accel/cfu.v:]
WARNING: [filemgmt 56-199] Attempt to get parsing info during refresh. "On-the-fly" syntax checking information may be incorrect. [/home/jsp/Storage/CFU_PYNQ_FIles/CFU_SRC/pynq_z2/pynq_z2/arunQAFDHGDZXVNBDXG_gae.srcs/sources_1/new/Cfu.v:]
WARNING: [filemgmt 56-199] Attempt to get parsing info during refresh. "On-the-fly" syntax checking information may be incorrect. [/home/jsp/Storage/CFU_PYNQ_FIles/CFU_SRC/pynq_z2/pynq_z2/arunQAFDHGDZXVNBDXG_gae.srcs/sources_1/new/tul_pynq_z2.v:]
WARNING: [filemgmt 56-199] Attempt to get parsing info during refresh. "On-the-fly" syntax checking information may be incorrect. [/home/jsp/Storage/CFU_PYNQ_FIles/CFU_SRC/pynq_z2/pynq_z2/arunQAFDHGDZXVNBDXG_gae.srcs/sources_1/new/tul_pynq_z2.v:]
WARNING: [filemgmt 56-199] Attempt to get parsing info during refresh. "On-the-fly" syntax checking information may be incorrect. [/home/jsp/Storage/CFU_PYNQ_FIles/CFU_SRC/pynq_z2/pynq_z2/arunQAFDHGDZXVNBDXG_gae.srcs/sources_1/new/tul_pynq_z2.v:]
WARNING: [BD 41-702] Propagation TCL tries to overwrite USER strength parameter PCW_M_AXI_GP0_FREQMHZ(10) on '/processing_system7_0' with propagated value(100). Command ignored
Wrote  : </home/jsp/Storage/CFU_PYNQ_FIles/CFU_SRC/pynq_z2/pynq_z2/arunQAFDHGDZXVNBDXG_gae.srcs/sources_1/bd/system/system.bd> 
Verilog Output written to : /home/jsp/Storage/CFU_PYNQ_FIles/CFU_SRC/pynq_z2/pynq_z2/arunQAFDHGDZXVNBDXG_gae.gen/sources_1/bd/system/synth/system.v
Verilog Output written to : /home/jsp/Storage/CFU_PYNQ_FIles/CFU_SRC/pynq_z2/pynq_z2/arunQAFDHGDZXVNBDXG_gae.gen/sources_1/bd/system/sim/system.v
Verilog Output written to : /home/jsp/Storage/CFU_PYNQ_FIles/CFU_SRC/pynq_z2/pynq_z2/arunQAFDHGDZXVNBDXG_gae.gen/sources_1/bd/system/hdl/system_wrapper.v
INFO: [BD 41-1029] Generation completed for the IP Integrator block tul_pynq_z2_0 .
WARNING: [IP_Flow 19-4994] Overwriting existing constraint file '/home/jsp/Storage/CFU_PYNQ_FIles/CFU_SRC/pynq_z2/pynq_z2/arunQAFDHGDZXVNBDXG_gae.gen/sources_1/bd/system/ip/system_auto_pc_0/system_auto_pc_0_ooc.xdc'
INFO: [BD 41-1029] Generation completed for the IP Integrator block ps7_0_axi_periph/s00_couplers/auto_pc .
Exporting to file /home/jsp/Storage/CFU_PYNQ_FIles/CFU_SRC/pynq_z2/pynq_z2/arunQAFDHGDZXVNBDXG_gae.gen/sources_1/bd/system/hw_handoff/system.hwh
Generated Hardware Definition File /home/jsp/Storage/CFU_PYNQ_FIles/CFU_SRC/pynq_z2/pynq_z2/arunQAFDHGDZXVNBDXG_gae.gen/sources_1/bd/system/synth/system.hwdef
generate_target: Time (s): cpu = 00:00:10 ; elapsed = 00:00:05 . Memory (MB): peak = 13773.918 ; gain = 0.000 ; free physical = 4797 ; free virtual = 17895
catch { config_ip_cache -export [get_ips -all system_auto_pc_0] }
INFO: [IP_Flow 19-6924] IPCACHE: Running cache check for IP inst: system_auto_pc_0
INFO: [IP_Flow 19-6922] IPCACHE: Exporting cached entry 28dbe6f2fca8b92b to dir: /home/jsp/Storage/CFU_PYNQ_FIles/CFU_SRC/pynq_z2/pynq_z2/arunQAFDHGDZXVNBDXG_gae.gen/sources_1/bd/system/ip/system_auto_pc_0
INFO: [IP_Flow 19-6928] IPCACHE: copied cached file /home/jsp/Storage/CFU_PYNQ_FIles/CFU_SRC/pynq_z2/pynq_z2/arunQAFDHGDZXVNBDXG_gae.cache/ip/2024.1/2/8/28dbe6f2fca8b92b/system_auto_pc_0_sim_netlist.v to /home/jsp/Storage/CFU_PYNQ_FIles/CFU_SRC/pynq_z2/pynq_z2/arunQAFDHGDZXVNBDXG_gae.gen/sources_1/bd/system/ip/system_auto_pc_0/system_auto_pc_0_sim_netlist.v.
INFO: [IP_Flow 19-6926] IPCACHE: added file to list for BOM: /home/jsp/Storage/CFU_PYNQ_FIles/CFU_SRC/pynq_z2/pynq_z2/arunQAFDHGDZXVNBDXG_gae.gen/sources_1/bd/system/ip/system_auto_pc_0/system_auto_pc_0_sim_netlist.v
INFO: [IP_Flow 19-6928] IPCACHE: copied cached file /home/jsp/Storage/CFU_PYNQ_FIles/CFU_SRC/pynq_z2/pynq_z2/arunQAFDHGDZXVNBDXG_gae.cache/ip/2024.1/2/8/28dbe6f2fca8b92b/system_auto_pc_0_stub.v to /home/jsp/Storage/CFU_PYNQ_FIles/CFU_SRC/pynq_z2/pynq_z2/arunQAFDHGDZXVNBDXG_gae.gen/sources_1/bd/system/ip/system_auto_pc_0/system_auto_pc_0_stub.v.
INFO: [IP_Flow 19-6926] IPCACHE: added file to list for BOM: /home/jsp/Storage/CFU_PYNQ_FIles/CFU_SRC/pynq_z2/pynq_z2/arunQAFDHGDZXVNBDXG_gae.gen/sources_1/bd/system/ip/system_auto_pc_0/system_auto_pc_0_stub.v
INFO: [IP_Flow 19-6928] IPCACHE: copied cached file /home/jsp/Storage/CFU_PYNQ_FIles/CFU_SRC/pynq_z2/pynq_z2/arunQAFDHGDZXVNBDXG_gae.cache/ip/2024.1/2/8/28dbe6f2fca8b92b/system_auto_pc_0_sim_netlist.vhdl to /home/jsp/Storage/CFU_PYNQ_FIles/CFU_SRC/pynq_z2/pynq_z2/arunQAFDHGDZXVNBDXG_gae.gen/sources_1/bd/system/ip/system_auto_pc_0/system_auto_pc_0_sim_netlist.vhdl.
INFO: [IP_Flow 19-6926] IPCACHE: added file to list for BOM: /home/jsp/Storage/CFU_PYNQ_FIles/CFU_SRC/pynq_z2/pynq_z2/arunQAFDHGDZXVNBDXG_gae.gen/sources_1/bd/system/ip/system_auto_pc_0/system_auto_pc_0_sim_netlist.vhdl
INFO: [IP_Flow 19-6928] IPCACHE: copied cached file /home/jsp/Storage/CFU_PYNQ_FIles/CFU_SRC/pynq_z2/pynq_z2/arunQAFDHGDZXVNBDXG_gae.cache/ip/2024.1/2/8/28dbe6f2fca8b92b/system_auto_pc_0.dcp to /home/jsp/Storage/CFU_PYNQ_FIles/CFU_SRC/pynq_z2/pynq_z2/arunQAFDHGDZXVNBDXG_gae.gen/sources_1/bd/system/ip/system_auto_pc_0/system_auto_pc_0.dcp.
INFO: [IP_Flow 19-6926] IPCACHE: added file to list for BOM: /home/jsp/Storage/CFU_PYNQ_FIles/CFU_SRC/pynq_z2/pynq_z2/arunQAFDHGDZXVNBDXG_gae.gen/sources_1/bd/system/ip/system_auto_pc_0/system_auto_pc_0.dcp
INFO: [IP_Flow 19-6928] IPCACHE: copied cached file /home/jsp/Storage/CFU_PYNQ_FIles/CFU_SRC/pynq_z2/pynq_z2/arunQAFDHGDZXVNBDXG_gae.cache/ip/2024.1/2/8/28dbe6f2fca8b92b/system_auto_pc_0_stub.vhdl to /home/jsp/Storage/CFU_PYNQ_FIles/CFU_SRC/pynq_z2/pynq_z2/arunQAFDHGDZXVNBDXG_gae.gen/sources_1/bd/system/ip/system_auto_pc_0/system_auto_pc_0_stub.vhdl.
INFO: [IP_Flow 19-6926] IPCACHE: added file to list for BOM: /home/jsp/Storage/CFU_PYNQ_FIles/CFU_SRC/pynq_z2/pynq_z2/arunQAFDHGDZXVNBDXG_gae.gen/sources_1/bd/system/ip/system_auto_pc_0/system_auto_pc_0_stub.vhdl
INFO: [IP_Flow 19-4993] Using cached IP synthesis design for IP system_auto_pc_0, cache-ID = 28dbe6f2fca8b92b; cache size = 3.220 MB.
export_ip_user_files -of_objects [get_files /home/jsp/Storage/CFU_PYNQ_FIles/CFU_SRC/pynq_z2/pynq_z2/arunQAFDHGDZXVNBDXG_gae.srcs/sources_1/bd/system/system.bd] -no_script -sync -force -quiet
create_ip_run [get_files -of_objects [get_fileset sources_1] /home/jsp/Storage/CFU_PYNQ_FIles/CFU_SRC/pynq_z2/pynq_z2/arunQAFDHGDZXVNBDXG_gae.srcs/sources_1/bd/system/system.bd]
launch_runs system_tul_pynq_z2_0_0_synth_1 -jobs 12
INFO: [Vivado 12-4149] The synthesis checkpoint for IP '/home/jsp/Storage/CFU_PYNQ_FIles/CFU_SRC/pynq_z2/pynq_z2/arunQAFDHGDZXVNBDXG_gae.srcs/sources_1/ip/cfu_decoupler/cfu_decoupler.xci' is already up-to-date
[Sat Nov  8 00:04:55 2025] Launched system_tul_pynq_z2_0_0_synth_1...
Run output will be captured here: /home/jsp/Storage/CFU_PYNQ_FIles/CFU_SRC/pynq_z2/pynq_z2/arunQAFDHGDZXVNBDXG_gae.runs/system_tul_pynq_z2_0_0_synth_1/runme.log
export_simulation -of_objects [get_files /home/jsp/Storage/CFU_PYNQ_FIles/CFU_SRC/pynq_z2/pynq_z2/arunQAFDHGDZXVNBDXG_gae.srcs/sources_1/bd/system/system.bd] -directory /home/jsp/Storage/CFU_PYNQ_FIles/CFU_SRC/pynq_z2/pynq_z2/arunQAFDHGDZXVNBDXG_gae.ip_user_files/sim_scripts -ip_user_files_dir /home/jsp/Storage/CFU_PYNQ_FIles/CFU_SRC/pynq_z2/pynq_z2/arunQAFDHGDZXVNBDXG_gae.ip_user_files -ipstatic_source_dir /home/jsp/Storage/CFU_PYNQ_FIles/CFU_SRC/pynq_z2/pynq_z2/arunQAFDHGDZXVNBDXG_gae.ip_user_files/ipstatic -lib_map_path [list {modelsim=/home/jsp/Storage/CFU_PYNQ_FIles/CFU_SRC/pynq_z2/pynq_z2/arunQAFDHGDZXVNBDXG_gae.cache/compile_simlib/modelsim} {questa=/home/jsp/Storage/CFU_PYNQ_FIles/CFU_SRC/pynq_z2/pynq_z2/arunQAFDHGDZXVNBDXG_gae.cache/compile_simlib/questa} {xcelium=/home/jsp/Storage/CFU_PYNQ_FIles/CFU_SRC/pynq_z2/pynq_z2/arunQAFDHGDZXVNBDXG_gae.cache/compile_simlib/xcelium} {vcs=/home/jsp/Storage/CFU_PYNQ_FIles/CFU_SRC/pynq_z2/pynq_z2/arunQAFDHGDZXVNBDXG_gae.cache/compile_simlib/vcs} {riviera=/home/jsp/Storage/CFU_PYNQ_FIles/CFU_SRC/pynq_z2/pynq_z2/arunQAFDHGDZXVNBDXG_gae.cache/compile_simlib/riviera}] -use_ip_compiled_libs -force -quiet
WARNING: [filemgmt 56-199] Attempt to get parsing info during refresh. "On-the-fly" syntax checking information may be incorrect. [/home/jsp/Storage/CFU_PYNQ_FIles/CFU_SRC/donut-accel/cfu.v:]
WARNING: [filemgmt 56-199] Attempt to get parsing info during refresh. "On-the-fly" syntax checking information may be incorrect. [/home/jsp/Storage/CFU_PYNQ_FIles/CFU_SRC/pynq_z2/pynq_z2/arunQAFDHGDZXVNBDXG_gae.srcs/sources_1/new/Cfu.v:]
WARNING: [filemgmt 56-199] Attempt to get parsing info during refresh. "On-the-fly" syntax checking information may be incorrect. [/home/jsp/Storage/CFU_PYNQ_FIles/CFU_SRC/pynq_z2/pynq_z2/arunQAFDHGDZXVNBDXG_gae.srcs/sources_1/new/tul_pynq_z2.v:]
WARNING: [filemgmt 56-199] Attempt to get parsing info during refresh. "On-the-fly" syntax checking information may be incorrect. [/home/jsp/Storage/CFU_PYNQ_FIles/CFU_SRC/pynq_z2/pynq_z2/arunQAFDHGDZXVNBDXG_gae.srcs/sources_1/new/Cfu.v:]
WARNING: [filemgmt 56-199] Attempt to get parsing info during refresh. "On-the-fly" syntax checking information may be incorrect. [/home/jsp/Storage/CFU_PYNQ_FIles/CFU_SRC/pynq_z2/pynq_z2/arunQAFDHGDZXVNBDXG_gae.srcs/sources_1/new/Cfu.v:]
WARNING: [filemgmt 56-199] Attempt to get parsing info during refresh. "On-the-fly" syntax checking information may be incorrect. [/home/jsp/Storage/CFU_PYNQ_FIles/CFU_SRC/donut-accel/cfu.v:]
WARNING: [filemgmt 56-199] Attempt to get parsing info during refresh. "On-the-fly" syntax checking information may be incorrect. [/home/jsp/Storage/CFU_PYNQ_FIles/CFU_SRC/pynq_z2/pynq_z2/arunQAFDHGDZXVNBDXG_gae.srcs/sources_1/new/Cfu.v:]
WARNING: [filemgmt 56-199] Attempt to get parsing info during refresh. "On-the-fly" syntax checking information may be incorrect. [/home/jsp/Storage/CFU_PYNQ_FIles/CFU_SRC/pynq_z2/pynq_z2/arunQAFDHGDZXVNBDXG_gae.srcs/sources_1/new/tul_pynq_z2.v:]
WARNING: [filemgmt 56-199] Attempt to get parsing info during refresh. "On-the-fly" syntax checking information may be incorrect. [/home/jsp/Storage/CFU_PYNQ_FIles/CFU_SRC/pynq_z2/pynq_z2/arunQAFDHGDZXVNBDXG_gae.srcs/sources_1/new/tul_pynq_z2.v:]
WARNING: [filemgmt 56-199] Attempt to get parsing info during refresh. "On-the-fly" syntax checking information may be incorrect. [/home/jsp/Storage/CFU_PYNQ_FIles/CFU_SRC/pynq_z2/pynq_z2/arunQAFDHGDZXVNBDXG_gae.srcs/sources_1/new/tul_pynq_z2.v:]
wait_on_run system_tul_pynq_z2_0_0_synth_1
[Sat Nov  8 00:05:49 2025] Waiting for system_tul_pynq_z2_0_0_synth_1 to finish...
[Sat Nov  8 00:05:54 2025] Waiting for system_tul_pynq_z2_0_0_synth_1 to finish...
[Sat Nov  8 00:05:59 2025] Waiting for system_tul_pynq_z2_0_0_synth_1 to finish...

*** Running vivado
    with args -log system_tul_pynq_z2_0_0.vds -m64 -product Vivado -mode batch -messageDb vivado.pb -notrace -source system_tul_pynq_z2_0_0.tcl


****** Vivado v2024.1 (64-bit)
  **** SW Build 5076996 on Wed May 22 18:36:09 MDT 2024
  **** IP Build 5075265 on Wed May 22 21:45:21 MDT 2024
  **** SharedData Build 5076995 on Wed May 22 18:29:18 MDT 2024
  **** Start of session at: Sat Nov  8 00:04:57 2025
    ** Copyright 1986-2022 Xilinx, Inc. All Rights Reserved.
    ** Copyright 2022-2024 Advanced Micro Devices, Inc. All Rights Reserved.

source system_tul_pynq_z2_0_0.tcl -notrace
create_project: Time (s): cpu = 00:00:06 ; elapsed = 00:00:06 . Memory (MB): peak = 1362.391 ; gain = 8.934 ; free physical = 4259 ; free virtual = 17383
INFO: [IP_Flow 19-234] Refreshing IP repositories
WARNING: [IP_Flow 19-2248] Failed to load user IP repository '/home/work/Xilinx/Vivado/2024.2/data/ip'; Can't find the specified path.
If this directory should no longer be in your list of user repositories, go to the IP Settings dialog and remove it.
WARNING: [IP_Flow 19-2248] Failed to load user IP repository '/home/primary/vivado-library/ip'; Can't find the specified path.
If this directory should no longer be in your list of user repositories, go to the IP Settings dialog and remove it.
INFO: [IP_Flow 19-2313] Loaded Vivado IP repository '/home/jsp/Storage/Vivado/2024.1/data/ip'.
Command: synth_design -top system_tul_pynq_z2_0_0 -part xc7z020clg400-1 -incremental_mode off -mode out_of_context
Starting synth_design
Attempting to get a license for feature 'Synthesis' and/or device 'xc7z020'
INFO: [Common 17-349] Got license for feature 'Synthesis' and/or device 'xc7z020'
INFO: [Device 21-403] Loading part xc7z020clg400-1
INFO: [Device 21-9227] Part: xc7z020clg400-1 does not have CEAM library.
INFO: [Synth 8-7079] Multithreading enabled for synth_design using a maximum of 4 processes.
INFO: [Synth 8-7078] Launching helper process for spawning children vivado processes
INFO: [Synth 8-7075] Helper process launched with PID 1604214
---------------------------------------------------------------------------------
Starting RTL Elaboration : Time (s): cpu = 00:00:03 ; elapsed = 00:00:03 . Memory (MB): peak = 2151.387 ; gain = 412.715 ; free physical = 3228 ; free virtual = 16353
---------------------------------------------------------------------------------
INFO: [Synth 8-11241] undeclared symbol 'dec_zz_cmd_valid', assumed default net type 'wire' [/home/jsp/Storage/CFU_PYNQ_FIles/CFU_SRC/pynq_z2/pynq_z2/arunQAFDHGDZXVNBDXG_gae.srcs/sources_1/new/Cfu.v:78]
INFO: [Synth 8-11241] undeclared symbol 'dec_zz_cmd_ready', assumed default net type 'wire' [/home/jsp/Storage/CFU_PYNQ_FIles/CFU_SRC/pynq_z2/pynq_z2/arunQAFDHGDZXVNBDXG_gae.srcs/sources_1/new/Cfu.v:78]
INFO: [Synth 8-11241] undeclared symbol 'dec_zz_cmd_payload_function_id', assumed default net type 'wire' [/home/jsp/Storage/CFU_PYNQ_FIles/CFU_SRC/pynq_z2/pynq_z2/arunQAFDHGDZXVNBDXG_gae.srcs/sources_1/new/Cfu.v:79]
INFO: [Synth 8-11241] undeclared symbol 'dec_zz_cmd_payload_inputs_0', assumed default net type 'wire' [/home/jsp/Storage/CFU_PYNQ_FIles/CFU_SRC/pynq_z2/pynq_z2/arunQAFDHGDZXVNBDXG_gae.srcs/sources_1/new/Cfu.v:80]
INFO: [Synth 8-11241] undeclared symbol 'dec_zz_cmd_payload_inputs_1', assumed default net type 'wire' [/home/jsp/Storage/CFU_PYNQ_FIles/CFU_SRC/pynq_z2/pynq_z2/arunQAFDHGDZXVNBDXG_gae.srcs/sources_1/new/Cfu.v:80]
INFO: [Synth 8-11241] undeclared symbol 'dec_zz_rsp_valid', assumed default net type 'wire' [/home/jsp/Storage/CFU_PYNQ_FIles/CFU_SRC/pynq_z2/pynq_z2/arunQAFDHGDZXVNBDXG_gae.srcs/sources_1/new/Cfu.v:81]
INFO: [Synth 8-11241] undeclared symbol 'dec_rsp_ready', assumed default net type 'wire' [/home/jsp/Storage/CFU_PYNQ_FIles/CFU_SRC/pynq_z2/pynq_z2/arunQAFDHGDZXVNBDXG_gae.srcs/sources_1/new/Cfu.v:81]
INFO: [Synth 8-11241] undeclared symbol 'dec_zz_rsp_payload_outputs_0', assumed default net type 'wire' [/home/jsp/Storage/CFU_PYNQ_FIles/CFU_SRC/pynq_z2/pynq_z2/arunQAFDHGDZXVNBDXG_gae.srcs/sources_1/new/Cfu.v:81]
INFO: [Synth 8-11241] undeclared symbol 'dec_reset', assumed default net type 'wire' [/home/jsp/Storage/CFU_PYNQ_FIles/CFU_SRC/pynq_z2/pynq_z2/arunQAFDHGDZXVNBDXG_gae.srcs/sources_1/new/Cfu.v:82]
INFO: [Synth 8-11241] undeclared symbol 'dec_clk', assumed default net type 'wire' [/home/jsp/Storage/CFU_PYNQ_FIles/CFU_SRC/pynq_z2/pynq_z2/arunQAFDHGDZXVNBDXG_gae.srcs/sources_1/new/Cfu.v:82]
INFO: [Synth 8-11241] undeclared symbol 'dec_cfu_id', assumed default net type 'wire' [/home/jsp/Storage/CFU_PYNQ_FIles/CFU_SRC/pynq_z2/pynq_z2/arunQAFDHGDZXVNBDXG_gae.srcs/sources_1/new/Cfu.v:82]
WARNING: [Synth 8-6901] identifier 'mul' is used before its declaration [/home/jsp/Storage/CFU_PYNQ_FIles/CFU_SRC/donut-accel/cfu.v:47]
WARNING: [Synth 8-6901] identifier 'mulsh' is used before its declaration [/home/jsp/Storage/CFU_PYNQ_FIles/CFU_SRC/donut-accel/cfu.v:47]
INFO: [Synth 8-6157] synthesizing module 'system_tul_pynq_z2_0_0' [/home/jsp/Storage/CFU_PYNQ_FIles/CFU_SRC/pynq_z2/pynq_z2/arunQAFDHGDZXVNBDXG_gae.gen/sources_1/bd/system/ip/system_tul_pynq_z2_0_0/synth/system_tul_pynq_z2_0_0.v:53]
INFO: [Synth 8-6157] synthesizing module 'tul_pynq_z2' [/home/jsp/Storage/CFU_PYNQ_FIles/CFU_SRC/pynq_z2/pynq_z2/arunQAFDHGDZXVNBDXG_gae.srcs/sources_1/new/tul_pynq_z2.v:20]
INFO: [Synth 8-3876] $readmem data file 'tul_pynq_z2_rom.init' is read successfully [/home/jsp/Storage/CFU_PYNQ_FIles/CFU_SRC/pynq_z2/pynq_z2/arunQAFDHGDZXVNBDXG_gae.srcs/sources_1/new/tul_pynq_z2.v:1544]
INFO: [Synth 8-3876] $readmem data file 'tul_pynq_z2_sram.init' is read successfully [/home/jsp/Storage/CFU_PYNQ_FIles/CFU_SRC/pynq_z2/pynq_z2/arunQAFDHGDZXVNBDXG_gae.srcs/sources_1/new/tul_pynq_z2.v:1559]
INFO: [Synth 8-3876] $readmem data file 'tul_pynq_z2_mem.init' is read successfully [/home/jsp/Storage/CFU_PYNQ_FIles/CFU_SRC/pynq_z2/pynq_z2/arunQAFDHGDZXVNBDXG_gae.srcs/sources_1/new/tul_pynq_z2.v:1582]
INFO: [Synth 8-155] case statement is not full and has no default [/home/jsp/Storage/CFU_PYNQ_FIles/CFU_SRC/pynq_z2/pynq_z2/arunQAFDHGDZXVNBDXG_gae.srcs/sources_1/new/tul_pynq_z2.v:1328]
INFO: [Synth 8-155] case statement is not full and has no default [/home/jsp/Storage/CFU_PYNQ_FIles/CFU_SRC/pynq_z2/pynq_z2/arunQAFDHGDZXVNBDXG_gae.srcs/sources_1/new/tul_pynq_z2.v:1352]
INFO: [Synth 8-155] case statement is not full and has no default [/home/jsp/Storage/CFU_PYNQ_FIles/CFU_SRC/pynq_z2/pynq_z2/arunQAFDHGDZXVNBDXG_gae.srcs/sources_1/new/tul_pynq_z2.v:1364]
INFO: [Synth 8-155] case statement is not full and has no default [/home/jsp/Storage/CFU_PYNQ_FIles/CFU_SRC/pynq_z2/pynq_z2/arunQAFDHGDZXVNBDXG_gae.srcs/sources_1/new/tul_pynq_z2.v:1419]
INFO: [Synth 8-6157] synthesizing module 'BUFG' [/home/jsp/Storage/Vivado/2024.1/scripts/rt/data/unisim_comp.v:1951]
INFO: [Synth 8-6155] done synthesizing module 'BUFG' (0#1) [/home/jsp/Storage/Vivado/2024.1/scripts/rt/data/unisim_comp.v:1951]
INFO: [Synth 8-6157] synthesizing module 'FDCE' [/home/jsp/Storage/Vivado/2024.1/scripts/rt/data/unisim_comp.v:40798]
INFO: [Synth 8-6155] done synthesizing module 'FDCE' (0#1) [/home/jsp/Storage/Vivado/2024.1/scripts/rt/data/unisim_comp.v:40798]
INFO: [Synth 8-6157] synthesizing module 'PLLE2_ADV' [/home/jsp/Storage/Vivado/2024.1/scripts/rt/data/unisim_comp.v:114750]
	Parameter CLKFBOUT_MULT bound to: 12 - type: integer 
	Parameter CLKIN1_PERIOD bound to: 8.000000 - type: double 
	Parameter CLKOUT0_DIVIDE bound to: 15 - type: integer 
	Parameter CLKOUT0_PHASE bound to: 0.000000 - type: double 
	Parameter DIVCLK_DIVIDE bound to: 1 - type: integer 
	Parameter REF_JITTER1 bound to: 0.010000 - type: double 
	Parameter STARTUP_WAIT bound to: FALSE - type: string 
INFO: [Synth 8-6155] done synthesizing module 'PLLE2_ADV' (0#1) [/home/jsp/Storage/Vivado/2024.1/scripts/rt/data/unisim_comp.v:114750]
WARNING: [Synth 8-7071] port 'CLKOUT1' of module 'PLLE2_ADV' is unconnected for instance 'PLLE2_ADV' [/home/jsp/Storage/CFU_PYNQ_FIles/CFU_SRC/pynq_z2/pynq_z2/arunQAFDHGDZXVNBDXG_gae.srcs/sources_1/new/tul_pynq_z2.v:1705]
WARNING: [Synth 8-7071] port 'CLKOUT2' of module 'PLLE2_ADV' is unconnected for instance 'PLLE2_ADV' [/home/jsp/Storage/CFU_PYNQ_FIles/CFU_SRC/pynq_z2/pynq_z2/arunQAFDHGDZXVNBDXG_gae.srcs/sources_1/new/tul_pynq_z2.v:1705]
WARNING: [Synth 8-7071] port 'CLKOUT3' of module 'PLLE2_ADV' is unconnected for instance 'PLLE2_ADV' [/home/jsp/Storage/CFU_PYNQ_FIles/CFU_SRC/pynq_z2/pynq_z2/arunQAFDHGDZXVNBDXG_gae.srcs/sources_1/new/tul_pynq_z2.v:1705]
WARNING: [Synth 8-7071] port 'CLKOUT4' of module 'PLLE2_ADV' is unconnected for instance 'PLLE2_ADV' [/home/jsp/Storage/CFU_PYNQ_FIles/CFU_SRC/pynq_z2/pynq_z2/arunQAFDHGDZXVNBDXG_gae.srcs/sources_1/new/tul_pynq_z2.v:1705]
WARNING: [Synth 8-7071] port 'CLKOUT5' of module 'PLLE2_ADV' is unconnected for instance 'PLLE2_ADV' [/home/jsp/Storage/CFU_PYNQ_FIles/CFU_SRC/pynq_z2/pynq_z2/arunQAFDHGDZXVNBDXG_gae.srcs/sources_1/new/tul_pynq_z2.v:1705]
WARNING: [Synth 8-7071] port 'DO' of module 'PLLE2_ADV' is unconnected for instance 'PLLE2_ADV' [/home/jsp/Storage/CFU_PYNQ_FIles/CFU_SRC/pynq_z2/pynq_z2/arunQAFDHGDZXVNBDXG_gae.srcs/sources_1/new/tul_pynq_z2.v:1705]
WARNING: [Synth 8-7071] port 'DRDY' of module 'PLLE2_ADV' is unconnected for instance 'PLLE2_ADV' [/home/jsp/Storage/CFU_PYNQ_FIles/CFU_SRC/pynq_z2/pynq_z2/arunQAFDHGDZXVNBDXG_gae.srcs/sources_1/new/tul_pynq_z2.v:1705]
WARNING: [Synth 8-7071] port 'CLKIN2' of module 'PLLE2_ADV' is unconnected for instance 'PLLE2_ADV' [/home/jsp/Storage/CFU_PYNQ_FIles/CFU_SRC/pynq_z2/pynq_z2/arunQAFDHGDZXVNBDXG_gae.srcs/sources_1/new/tul_pynq_z2.v:1705]
WARNING: [Synth 8-7071] port 'CLKINSEL' of module 'PLLE2_ADV' is unconnected for instance 'PLLE2_ADV' [/home/jsp/Storage/CFU_PYNQ_FIles/CFU_SRC/pynq_z2/pynq_z2/arunQAFDHGDZXVNBDXG_gae.srcs/sources_1/new/tul_pynq_z2.v:1705]
WARNING: [Synth 8-7071] port 'DADDR' of module 'PLLE2_ADV' is unconnected for instance 'PLLE2_ADV' [/home/jsp/Storage/CFU_PYNQ_FIles/CFU_SRC/pynq_z2/pynq_z2/arunQAFDHGDZXVNBDXG_gae.srcs/sources_1/new/tul_pynq_z2.v:1705]
WARNING: [Synth 8-7071] port 'DCLK' of module 'PLLE2_ADV' is unconnected for instance 'PLLE2_ADV' [/home/jsp/Storage/CFU_PYNQ_FIles/CFU_SRC/pynq_z2/pynq_z2/arunQAFDHGDZXVNBDXG_gae.srcs/sources_1/new/tul_pynq_z2.v:1705]
WARNING: [Synth 8-7071] port 'DEN' of module 'PLLE2_ADV' is unconnected for instance 'PLLE2_ADV' [/home/jsp/Storage/CFU_PYNQ_FIles/CFU_SRC/pynq_z2/pynq_z2/arunQAFDHGDZXVNBDXG_gae.srcs/sources_1/new/tul_pynq_z2.v:1705]
WARNING: [Synth 8-7071] port 'DI' of module 'PLLE2_ADV' is unconnected for instance 'PLLE2_ADV' [/home/jsp/Storage/CFU_PYNQ_FIles/CFU_SRC/pynq_z2/pynq_z2/arunQAFDHGDZXVNBDXG_gae.srcs/sources_1/new/tul_pynq_z2.v:1705]
WARNING: [Synth 8-7071] port 'DWE' of module 'PLLE2_ADV' is unconnected for instance 'PLLE2_ADV' [/home/jsp/Storage/CFU_PYNQ_FIles/CFU_SRC/pynq_z2/pynq_z2/arunQAFDHGDZXVNBDXG_gae.srcs/sources_1/new/tul_pynq_z2.v:1705]
WARNING: [Synth 8-7023] instance 'PLLE2_ADV' of module 'PLLE2_ADV' has 21 connections declared, but only 7 given [/home/jsp/Storage/CFU_PYNQ_FIles/CFU_SRC/pynq_z2/pynq_z2/arunQAFDHGDZXVNBDXG_gae.srcs/sources_1/new/tul_pynq_z2.v:1705]
INFO: [Synth 8-6157] synthesizing module 'VexRiscv' [/home/jsp/Storage/CFU_PYNQ_FIles/CFU_SRC/verilog/VexRiscv_FullCfu.v:7]
INFO: [Synth 8-6157] synthesizing module 'InstructionCache' [/home/jsp/Storage/CFU_PYNQ_FIles/CFU_SRC/verilog/VexRiscv_FullCfu.v:6648]
INFO: [Synth 8-6155] done synthesizing module 'InstructionCache' (0#1) [/home/jsp/Storage/CFU_PYNQ_FIles/CFU_SRC/verilog/VexRiscv_FullCfu.v:6648]
INFO: [Synth 8-6157] synthesizing module 'DataCache' [/home/jsp/Storage/CFU_PYNQ_FIles/CFU_SRC/verilog/VexRiscv_FullCfu.v:5807]
INFO: [Synth 8-6155] done synthesizing module 'DataCache' (0#1) [/home/jsp/Storage/CFU_PYNQ_FIles/CFU_SRC/verilog/VexRiscv_FullCfu.v:5807]
INFO: [Synth 8-6155] done synthesizing module 'VexRiscv' (0#1) [/home/jsp/Storage/CFU_PYNQ_FIles/CFU_SRC/verilog/VexRiscv_FullCfu.v:7]
INFO: [Synth 8-6157] synthesizing module 'Cfu' [/home/jsp/Storage/CFU_PYNQ_FIles/CFU_SRC/pynq_z2/pynq_z2/arunQAFDHGDZXVNBDXG_gae.srcs/sources_1/new/Cfu.v:23]
INFO: [Synth 8-6157] synthesizing module 'cfu_compute' [/home/jsp/Storage/CFU_PYNQ_FIles/CFU_SRC/donut-accel/cfu.v:17]
INFO: [Synth 8-6155] done synthesizing module 'cfu_compute' (0#1) [/home/jsp/Storage/CFU_PYNQ_FIles/CFU_SRC/donut-accel/cfu.v:17]
WARNING: [Synth 8-689] width (1) of port connection 'cmd_payload_function_id' does not match port width (10) of module 'cfu_compute' [/home/jsp/Storage/CFU_PYNQ_FIles/CFU_SRC/pynq_z2/pynq_z2/arunQAFDHGDZXVNBDXG_gae.srcs/sources_1/new/Cfu.v:79]
WARNING: [Synth 8-689] width (1) of port connection 'cmd_payload_inputs_0' does not match port width (32) of module 'cfu_compute' [/home/jsp/Storage/CFU_PYNQ_FIles/CFU_SRC/pynq_z2/pynq_z2/arunQAFDHGDZXVNBDXG_gae.srcs/sources_1/new/Cfu.v:80]
WARNING: [Synth 8-689] width (1) of port connection 'cmd_payload_inputs_1' does not match port width (32) of module 'cfu_compute' [/home/jsp/Storage/CFU_PYNQ_FIles/CFU_SRC/pynq_z2/pynq_z2/arunQAFDHGDZXVNBDXG_gae.srcs/sources_1/new/Cfu.v:80]
WARNING: [Synth 8-689] width (1) of port connection 'rsp_payload_outputs_0' does not match port width (32) of module 'cfu_compute' [/home/jsp/Storage/CFU_PYNQ_FIles/CFU_SRC/pynq_z2/pynq_z2/arunQAFDHGDZXVNBDXG_gae.srcs/sources_1/new/Cfu.v:81]
WARNING: [Synth 8-689] width (1) of port connection 'cfu_id' does not match port width (3) of module 'cfu_compute' [/home/jsp/Storage/CFU_PYNQ_FIles/CFU_SRC/pynq_z2/pynq_z2/arunQAFDHGDZXVNBDXG_gae.srcs/sources_1/new/Cfu.v:82]
INFO: [Synth 8-6157] synthesizing module 'cfu_decoupler' [/home/jsp/Storage/CFU_PYNQ_FIles/CFU_SRC/pynq_z2/pynq_z2/arunQAFDHGDZXVNBDXG_gae.runs/system_tul_pynq_z2_0_0_synth_1/.Xil/Vivado-1604041-jsp-H370M-D3H/realtime/cfu_decoupler_stub.v:6]
INFO: [Synth 8-6155] done synthesizing module 'cfu_decoupler' (0#1) [/home/jsp/Storage/CFU_PYNQ_FIles/CFU_SRC/pynq_z2/pynq_z2/arunQAFDHGDZXVNBDXG_gae.runs/system_tul_pynq_z2_0_0_synth_1/.Xil/Vivado-1604041-jsp-H370M-D3H/realtime/cfu_decoupler_stub.v:6]
WARNING: [Synth 8-689] width (10) of port connection 's_cfu_inputs_cmd_payload_function_id' does not match port width (1) of module 'cfu_decoupler' [/home/jsp/Storage/CFU_PYNQ_FIles/CFU_SRC/pynq_z2/pynq_z2/arunQAFDHGDZXVNBDXG_gae.srcs/sources_1/new/Cfu.v:86]
WARNING: [Synth 8-689] width (32) of port connection 's_cfu_inputs_cmd_payload_inputs_0' does not match port width (10) of module 'cfu_decoupler' [/home/jsp/Storage/CFU_PYNQ_FIles/CFU_SRC/pynq_z2/pynq_z2/arunQAFDHGDZXVNBDXG_gae.srcs/sources_1/new/Cfu.v:87]
WARNING: [Synth 8-689] width (1) of port connection 's_cfu_inputs_rsp_ready' does not match port width (32) of module 'cfu_decoupler' [/home/jsp/Storage/CFU_PYNQ_FIles/CFU_SRC/pynq_z2/pynq_z2/arunQAFDHGDZXVNBDXG_gae.srcs/sources_1/new/Cfu.v:89]
WARNING: [Synth 8-689] width (1) of port connection 'rp_cfu_inputs_cmd_payload_inputs_0' does not match port width (10) of module 'cfu_decoupler' [/home/jsp/Storage/CFU_PYNQ_FIles/CFU_SRC/pynq_z2/pynq_z2/arunQAFDHGDZXVNBDXG_gae.srcs/sources_1/new/Cfu.v:102]
WARNING: [Synth 8-689] width (1) of port connection 'rp_cfu_inputs_cmd_payload_inputs_1' does not match port width (32) of module 'cfu_decoupler' [/home/jsp/Storage/CFU_PYNQ_FIles/CFU_SRC/pynq_z2/pynq_z2/arunQAFDHGDZXVNBDXG_gae.srcs/sources_1/new/Cfu.v:103]
WARNING: [Synth 8-689] width (1) of port connection 'rp_cfu_inputs_rsp_ready' does not match port width (32) of module 'cfu_decoupler' [/home/jsp/Storage/CFU_PYNQ_FIles/CFU_SRC/pynq_z2/pynq_z2/arunQAFDHGDZXVNBDXG_gae.srcs/sources_1/new/Cfu.v:104]
WARNING: [Synth 8-689] width (1) of port connection 'rp_cfu_output_rsp_payload_outputs_0' does not match port width (32) of module 'cfu_decoupler' [/home/jsp/Storage/CFU_PYNQ_FIles/CFU_SRC/pynq_z2/pynq_z2/arunQAFDHGDZXVNBDXG_gae.srcs/sources_1/new/Cfu.v:110]
WARNING: [Synth 8-689] width (1) of port connection 'rp_cfu_output_cfu_id' does not match port width (3) of module 'cfu_decoupler' [/home/jsp/Storage/CFU_PYNQ_FIles/CFU_SRC/pynq_z2/pynq_z2/arunQAFDHGDZXVNBDXG_gae.srcs/sources_1/new/Cfu.v:111]
WARNING: [Synth 8-7071] port 'cfu_inputs_ref_clk' of module 'cfu_decoupler' is unconnected for instance 'cfu_decoupler_inst' [/home/jsp/Storage/CFU_PYNQ_FIles/CFU_SRC/pynq_z2/pynq_z2/arunQAFDHGDZXVNBDXG_gae.srcs/sources_1/new/Cfu.v:84]
WARNING: [Synth 8-7071] port 'cfu_inputs_decouple_status' of module 'cfu_decoupler' is unconnected for instance 'cfu_decoupler_inst' [/home/jsp/Storage/CFU_PYNQ_FIles/CFU_SRC/pynq_z2/pynq_z2/arunQAFDHGDZXVNBDXG_gae.srcs/sources_1/new/Cfu.v:84]
WARNING: [Synth 8-7071] port 'cfu_output_decouple_status' of module 'cfu_decoupler' is unconnected for instance 'cfu_decoupler_inst' [/home/jsp/Storage/CFU_PYNQ_FIles/CFU_SRC/pynq_z2/pynq_z2/arunQAFDHGDZXVNBDXG_gae.srcs/sources_1/new/Cfu.v:84]
WARNING: [Synth 8-7023] instance 'cfu_decoupler_inst' of module 'cfu_decoupler' has 29 connections declared, but only 26 given [/home/jsp/Storage/CFU_PYNQ_FIles/CFU_SRC/pynq_z2/pynq_z2/arunQAFDHGDZXVNBDXG_gae.srcs/sources_1/new/Cfu.v:84]
INFO: [Synth 8-6155] done synthesizing module 'Cfu' (0#1) [/home/jsp/Storage/CFU_PYNQ_FIles/CFU_SRC/pynq_z2/pynq_z2/arunQAFDHGDZXVNBDXG_gae.srcs/sources_1/new/Cfu.v:23]
INFO: [Synth 8-6157] synthesizing module 'FDPE' [/home/jsp/Storage/Vivado/2024.1/scripts/rt/data/unisim_comp.v:40954]
	Parameter INIT bound to: 1'b1 
INFO: [Synth 8-6155] done synthesizing module 'FDPE' (0#1) [/home/jsp/Storage/Vivado/2024.1/scripts/rt/data/unisim_comp.v:40954]
INFO: [Synth 8-6155] done synthesizing module 'tul_pynq_z2' (0#1) [/home/jsp/Storage/CFU_PYNQ_FIles/CFU_SRC/pynq_z2/pynq_z2/arunQAFDHGDZXVNBDXG_gae.srcs/sources_1/new/tul_pynq_z2.v:20]
INFO: [Synth 8-6155] done synthesizing module 'system_tul_pynq_z2_0_0' (0#1) [/home/jsp/Storage/CFU_PYNQ_FIles/CFU_SRC/pynq_z2/pynq_z2/arunQAFDHGDZXVNBDXG_gae.gen/sources_1/bd/system/ip/system_tul_pynq_z2_0_0/synth/system_tul_pynq_z2_0_0.v:53]
WARNING: [Synth 8-6014] Unused sequential element decodeStage_mmuRsp_isIoAccess_reg was removed.  [/home/jsp/Storage/CFU_PYNQ_FIles/CFU_SRC/verilog/VexRiscv_FullCfu.v:6926]
WARNING: [Synth 8-6014] Unused sequential element decodeStage_mmuRsp_allowRead_reg was removed.  [/home/jsp/Storage/CFU_PYNQ_FIles/CFU_SRC/verilog/VexRiscv_FullCfu.v:6928]
WARNING: [Synth 8-6014] Unused sequential element decodeStage_mmuRsp_allowWrite_reg was removed.  [/home/jsp/Storage/CFU_PYNQ_FIles/CFU_SRC/verilog/VexRiscv_FullCfu.v:6929]
WARNING: [Synth 8-6014] Unused sequential element decodeStage_mmuRsp_bypassTranslation_reg was removed.  [/home/jsp/Storage/CFU_PYNQ_FIles/CFU_SRC/verilog/VexRiscv_FullCfu.v:6933]
WARNING: [Synth 8-6014] Unused sequential element tagsWriteLastCmd_valid_reg was removed.  [/home/jsp/Storage/CFU_PYNQ_FIles/CFU_SRC/verilog/VexRiscv_FullCfu.v:6516]
WARNING: [Synth 8-6014] Unused sequential element tagsWriteLastCmd_payload_way_reg was removed.  [/home/jsp/Storage/CFU_PYNQ_FIles/CFU_SRC/verilog/VexRiscv_FullCfu.v:6517]
WARNING: [Synth 8-6014] Unused sequential element tagsWriteLastCmd_payload_address_reg was removed.  [/home/jsp/Storage/CFU_PYNQ_FIles/CFU_SRC/verilog/VexRiscv_FullCfu.v:6518]
WARNING: [Synth 8-6014] Unused sequential element tagsWriteLastCmd_payload_data_valid_reg was removed.  [/home/jsp/Storage/CFU_PYNQ_FIles/CFU_SRC/verilog/VexRiscv_FullCfu.v:6519]
WARNING: [Synth 8-6014] Unused sequential element tagsWriteLastCmd_payload_data_error_reg was removed.  [/home/jsp/Storage/CFU_PYNQ_FIles/CFU_SRC/verilog/VexRiscv_FullCfu.v:6520]
WARNING: [Synth 8-6014] Unused sequential element tagsWriteLastCmd_payload_data_address_reg was removed.  [/home/jsp/Storage/CFU_PYNQ_FIles/CFU_SRC/verilog/VexRiscv_FullCfu.v:6521]
WARNING: [Synth 8-6014] Unused sequential element stageA_request_totalyConsistent_reg was removed.  [/home/jsp/Storage/CFU_PYNQ_FIles/CFU_SRC/verilog/VexRiscv_FullCfu.v:6525]
WARNING: [Synth 8-6014] Unused sequential element stageB_request_totalyConsistent_reg was removed.  [/home/jsp/Storage/CFU_PYNQ_FIles/CFU_SRC/verilog/VexRiscv_FullCfu.v:6539]
WARNING: [Synth 8-6014] Unused sequential element stageB_mmuRsp_allowExecute_reg was removed.  [/home/jsp/Storage/CFU_PYNQ_FIles/CFU_SRC/verilog/VexRiscv_FullCfu.v:6547]
WARNING: [Synth 8-6014] Unused sequential element stageB_mmuRsp_bypassTranslation_reg was removed.  [/home/jsp/Storage/CFU_PYNQ_FIles/CFU_SRC/verilog/VexRiscv_FullCfu.v:6550]
WARNING: [Synth 8-6014] Unused sequential element stageB_tagsReadRsp_0_valid_reg was removed.  [/home/jsp/Storage/CFU_PYNQ_FIles/CFU_SRC/verilog/VexRiscv_FullCfu.v:6553]
WARNING: [Synth 8-6014] Unused sequential element stageB_tagsReadRsp_0_address_reg was removed.  [/home/jsp/Storage/CFU_PYNQ_FIles/CFU_SRC/verilog/VexRiscv_FullCfu.v:6555]
WARNING: [Synth 8-3848] Net io_cpu_writeBack_exclusiveOk in module/entity DataCache does not have driver. [/home/jsp/Storage/CFU_PYNQ_FIles/CFU_SRC/verilog/VexRiscv_FullCfu.v:5850]
WARNING: [Synth 8-6014] Unused sequential element IBusCachedPlugin_fetchPc_correctionReg_reg was removed.  [/home/jsp/Storage/CFU_PYNQ_FIles/CFU_SRC/verilog/VexRiscv_FullCfu.v:3175]
WARNING: [Synth 8-6014] Unused sequential element IBusCachedPlugin_injector_nextPcCalc_valids_2_reg was removed.  [/home/jsp/Storage/CFU_PYNQ_FIles/CFU_SRC/verilog/VexRiscv_FullCfu.v:3283]
WARNING: [Synth 8-6014] Unused sequential element IBusCachedPlugin_injector_nextPcCalc_valids_3_reg was removed.  [/home/jsp/Storage/CFU_PYNQ_FIles/CFU_SRC/verilog/VexRiscv_FullCfu.v:3284]
WARNING: [Synth 8-6014] Unused sequential element IBusCachedPlugin_injector_nextPcCalc_valids_4_reg was removed.  [/home/jsp/Storage/CFU_PYNQ_FIles/CFU_SRC/verilog/VexRiscv_FullCfu.v:3285]
WARNING: [Synth 8-6014] Unused sequential element IBusCachedPlugin_rspCounter_reg was removed.  [/home/jsp/Storage/CFU_PYNQ_FIles/CFU_SRC/verilog/VexRiscv_FullCfu.v:5082]
WARNING: [Synth 8-6014] Unused sequential element DBusCachedPlugin_rspCounter_reg was removed.  [/home/jsp/Storage/CFU_PYNQ_FIles/CFU_SRC/verilog/VexRiscv_FullCfu.v:5085]
WARNING: [Synth 8-6014] Unused sequential element CsrPlugin_lastStageWasWfi_reg was removed.  [/home/jsp/Storage/CFU_PYNQ_FIles/CFU_SRC/verilog/VexRiscv_FullCfu.v:5103]
WARNING: [Synth 8-6014] Unused sequential element dataCache_1_io_mem_cmd_rData_uncached_reg was removed.  [/home/jsp/Storage/CFU_PYNQ_FIles/CFU_SRC/verilog/VexRiscv_FullCfu.v:3485]
WARNING: [Synth 8-6014] Unused sequential element dataCache_1_io_mem_cmd_rData_last_reg was removed.  [/home/jsp/Storage/CFU_PYNQ_FIles/CFU_SRC/verilog/VexRiscv_FullCfu.v:3490]
WARNING: [Synth 8-6014] Unused sequential element dataCache_1_io_mem_cmd_s2mPipe_rData_uncached_reg was removed.  [/home/jsp/Storage/CFU_PYNQ_FIles/CFU_SRC/verilog/VexRiscv_FullCfu.v:3501]
WARNING: [Synth 8-6014] Unused sequential element dataCache_1_io_mem_cmd_s2mPipe_rData_last_reg was removed.  [/home/jsp/Storage/CFU_PYNQ_FIles/CFU_SRC/verilog/VexRiscv_FullCfu.v:3506]
WARNING: [Synth 8-6014] Unused sequential element decode_to_execute_FORMAL_PC_NEXT_reg was removed.  [/home/jsp/Storage/CFU_PYNQ_FIles/CFU_SRC/verilog/VexRiscv_FullCfu.v:2677]
WARNING: [Synth 8-6014] Unused sequential element execute_to_memory_FORMAL_PC_NEXT_reg was removed.  [/home/jsp/Storage/CFU_PYNQ_FIles/CFU_SRC/verilog/VexRiscv_FullCfu.v:2676]
WARNING: [Synth 8-6014] Unused sequential element memory_to_writeBack_FORMAL_PC_NEXT_reg was removed.  [/home/jsp/Storage/CFU_PYNQ_FIles/CFU_SRC/verilog/VexRiscv_FullCfu.v:2675]
WARNING: [Synth 8-6014] Unused sequential element memory_to_writeBack_CfuPlugin_CFU_IN_FLIGHT_reg was removed.  [/home/jsp/Storage/CFU_PYNQ_FIles/CFU_SRC/verilog/VexRiscv_FullCfu.v:2624]
WARNING: [Synth 8-3848] Net IBusCachedPlugin_cache_io_cpu_fetch_isRemoved in module/entity VexRiscv does not have driver. [/home/jsp/Storage/CFU_PYNQ_FIles/CFU_SRC/verilog/VexRiscv_FullCfu.v:78]
WARNING: [Synth 8-3848] Net IBusCachedPlugin_mmuBus_rsp_bypassTranslation in module/entity VexRiscv does not have driver. [/home/jsp/Storage/CFU_PYNQ_FIles/CFU_SRC/verilog/VexRiscv_FullCfu.v:664]
WARNING: [Synth 8-3848] Net DBusCachedPlugin_mmuBus_rsp_bypassTranslation in module/entity VexRiscv does not have driver. [/home/jsp/Storage/CFU_PYNQ_FIles/CFU_SRC/verilog/VexRiscv_FullCfu.v:692]
WARNING: [Synth 8-3848] Net dataCache_1_io_cpu_writeBack_fence_SW in module/entity VexRiscv does not have driver. [/home/jsp/Storage/CFU_PYNQ_FIles/CFU_SRC/verilog/VexRiscv_FullCfu.v:92]
WARNING: [Synth 8-3848] Net dataCache_1_io_cpu_writeBack_fence_SR in module/entity VexRiscv does not have driver. [/home/jsp/Storage/CFU_PYNQ_FIles/CFU_SRC/verilog/VexRiscv_FullCfu.v:93]
WARNING: [Synth 8-3848] Net dataCache_1_io_cpu_writeBack_fence_SO in module/entity VexRiscv does not have driver. [/home/jsp/Storage/CFU_PYNQ_FIles/CFU_SRC/verilog/VexRiscv_FullCfu.v:94]
WARNING: [Synth 8-3848] Net dataCache_1_io_cpu_writeBack_fence_SI in module/entity VexRiscv does not have driver. [/home/jsp/Storage/CFU_PYNQ_FIles/CFU_SRC/verilog/VexRiscv_FullCfu.v:95]
WARNING: [Synth 8-3848] Net dataCache_1_io_cpu_writeBack_fence_PW in module/entity VexRiscv does not have driver. [/home/jsp/Storage/CFU_PYNQ_FIles/CFU_SRC/verilog/VexRiscv_FullCfu.v:96]
WARNING: [Synth 8-3848] Net dataCache_1_io_cpu_writeBack_fence_PR in module/entity VexRiscv does not have driver. [/home/jsp/Storage/CFU_PYNQ_FIles/CFU_SRC/verilog/VexRiscv_FullCfu.v:97]
WARNING: [Synth 8-3848] Net dataCache_1_io_cpu_writeBack_fence_PO in module/entity VexRiscv does not have driver. [/home/jsp/Storage/CFU_PYNQ_FIles/CFU_SRC/verilog/VexRiscv_FullCfu.v:98]
WARNING: [Synth 8-3848] Net dataCache_1_io_cpu_writeBack_fence_PI in module/entity VexRiscv does not have driver. [/home/jsp/Storage/CFU_PYNQ_FIles/CFU_SRC/verilog/VexRiscv_FullCfu.v:99]
WARNING: [Synth 8-3848] Net dataCache_1_io_cpu_writeBack_fence_FM in module/entity VexRiscv does not have driver. [/home/jsp/Storage/CFU_PYNQ_FIles/CFU_SRC/verilog/VexRiscv_FullCfu.v:100]
WARNING: [Synth 8-3848] Net dBus_rsp_payload_last in module/entity VexRiscv does not have driver. [/home/jsp/Storage/CFU_PYNQ_FIles/CFU_SRC/verilog/VexRiscv_FullCfu.v:677]
WARNING: [Synth 8-6014] Unused sequential element rsp_valid_s0_reg was removed.  [/home/jsp/Storage/CFU_PYNQ_FIles/CFU_SRC/donut-accel/cfu.v:41]
WARNING: [Synth 8-6014] Unused sequential element soc_basesoc_scratch_re_reg was removed.  [/home/jsp/Storage/CFU_PYNQ_FIles/CFU_SRC/pynq_z2/pynq_z2/arunQAFDHGDZXVNBDXG_gae.srcs/sources_1/new/tul_pynq_z2.v:1347]
WARNING: [Synth 8-6014] Unused sequential element soc_basesoc_bus_errors_re_reg was removed.  [/home/jsp/Storage/CFU_PYNQ_FIles/CFU_SRC/pynq_z2/pynq_z2/arunQAFDHGDZXVNBDXG_gae.srcs/sources_1/new/tul_pynq_z2.v:1348]
WARNING: [Synth 8-6014] Unused sequential element soc_basesoc_timer_load_re_reg was removed.  [/home/jsp/Storage/CFU_PYNQ_FIles/CFU_SRC/pynq_z2/pynq_z2/arunQAFDHGDZXVNBDXG_gae.srcs/sources_1/new/tul_pynq_z2.v:1394]
WARNING: [Synth 8-6014] Unused sequential element soc_basesoc_timer_reload_re_reg was removed.  [/home/jsp/Storage/CFU_PYNQ_FIles/CFU_SRC/pynq_z2/pynq_z2/arunQAFDHGDZXVNBDXG_gae.srcs/sources_1/new/tul_pynq_z2.v:1398]
WARNING: [Synth 8-6014] Unused sequential element soc_basesoc_timer_en_re_reg was removed.  [/home/jsp/Storage/CFU_PYNQ_FIles/CFU_SRC/pynq_z2/pynq_z2/arunQAFDHGDZXVNBDXG_gae.srcs/sources_1/new/tul_pynq_z2.v:1402]
WARNING: [Synth 8-6014] Unused sequential element soc_basesoc_timer_value_re_reg was removed.  [/home/jsp/Storage/CFU_PYNQ_FIles/CFU_SRC/pynq_z2/pynq_z2/arunQAFDHGDZXVNBDXG_gae.srcs/sources_1/new/tul_pynq_z2.v:1407]
WARNING: [Synth 8-6014] Unused sequential element soc_basesoc_timer_status_re_reg was removed.  [/home/jsp/Storage/CFU_PYNQ_FIles/CFU_SRC/pynq_z2/pynq_z2/arunQAFDHGDZXVNBDXG_gae.srcs/sources_1/new/tul_pynq_z2.v:1408]
WARNING: [Synth 8-6014] Unused sequential element soc_basesoc_timer_enable_re_reg was removed.  [/home/jsp/Storage/CFU_PYNQ_FIles/CFU_SRC/pynq_z2/pynq_z2/arunQAFDHGDZXVNBDXG_gae.srcs/sources_1/new/tul_pynq_z2.v:1416]
WARNING: [Synth 8-6014] Unused sequential element soc_basesoc_uart_txfull_re_reg was removed.  [/home/jsp/Storage/CFU_PYNQ_FIles/CFU_SRC/pynq_z2/pynq_z2/arunQAFDHGDZXVNBDXG_gae.srcs/sources_1/new/tul_pynq_z2.v:1446]
WARNING: [Synth 8-6014] Unused sequential element soc_basesoc_uart_rxempty_re_reg was removed.  [/home/jsp/Storage/CFU_PYNQ_FIles/CFU_SRC/pynq_z2/pynq_z2/arunQAFDHGDZXVNBDXG_gae.srcs/sources_1/new/tul_pynq_z2.v:1447]
WARNING: [Synth 8-6014] Unused sequential element soc_basesoc_uart_status_re_reg was removed.  [/home/jsp/Storage/CFU_PYNQ_FIles/CFU_SRC/pynq_z2/pynq_z2/arunQAFDHGDZXVNBDXG_gae.srcs/sources_1/new/tul_pynq_z2.v:1448]
WARNING: [Synth 8-6014] Unused sequential element soc_basesoc_uart_enable_re_reg was removed.  [/home/jsp/Storage/CFU_PYNQ_FIles/CFU_SRC/pynq_z2/pynq_z2/arunQAFDHGDZXVNBDXG_gae.srcs/sources_1/new/tul_pynq_z2.v:1456]
WARNING: [Synth 8-6014] Unused sequential element soc_basesoc_uart_txempty_re_reg was removed.  [/home/jsp/Storage/CFU_PYNQ_FIles/CFU_SRC/pynq_z2/pynq_z2/arunQAFDHGDZXVNBDXG_gae.srcs/sources_1/new/tul_pynq_z2.v:1457]
WARNING: [Synth 8-6014] Unused sequential element soc_basesoc_uart_rxfull_re_reg was removed.  [/home/jsp/Storage/CFU_PYNQ_FIles/CFU_SRC/pynq_z2/pynq_z2/arunQAFDHGDZXVNBDXG_gae.srcs/sources_1/new/tul_pynq_z2.v:1458]
WARNING: [Synth 8-6014] Unused sequential element storage_dat0_reg was removed.  [/home/jsp/Storage/CFU_PYNQ_FIles/CFU_SRC/pynq_z2/pynq_z2/arunQAFDHGDZXVNBDXG_gae.srcs/sources_1/new/tul_pynq_z2.v:1602]
WARNING: [Synth 8-6014] Unused sequential element storage_1_dat0_reg was removed.  [/home/jsp/Storage/CFU_PYNQ_FIles/CFU_SRC/pynq_z2/pynq_z2/arunQAFDHGDZXVNBDXG_gae.srcs/sources_1/new/tul_pynq_z2.v:1623]
WARNING: [Synth 8-7129] Port cmd_payload_function_id[9] in module cfu_compute is either unconnected or has no load
WARNING: [Synth 8-7129] Port cmd_payload_function_id[8] in module cfu_compute is either unconnected or has no load
WARNING: [Synth 8-7129] Port cmd_payload_function_id[7] in module cfu_compute is either unconnected or has no load
WARNING: [Synth 8-7129] Port cmd_payload_function_id[6] in module cfu_compute is either unconnected or has no load
WARNING: [Synth 8-7129] Port cmd_payload_function_id[5] in module cfu_compute is either unconnected or has no load
WARNING: [Synth 8-7129] Port cmd_payload_function_id[4] in module cfu_compute is either unconnected or has no load
WARNING: [Synth 8-7129] Port cmd_payload_function_id[3] in module cfu_compute is either unconnected or has no load
WARNING: [Synth 8-7129] Port cmd_payload_function_id[2] in module cfu_compute is either unconnected or has no load
WARNING: [Synth 8-7129] Port cmd_payload_function_id[1] in module cfu_compute is either unconnected or has no load
WARNING: [Synth 8-7129] Port reset in module cfu_compute is either unconnected or has no load
WARNING: [Synth 8-7129] Port rsp_ready in module Cfu is either unconnected or has no load
WARNING: [Synth 8-7129] Port io_cpu_writeBack_exclusiveOk in module DataCache is either unconnected or has no load
WARNING: [Synth 8-7129] Port io_cpu_execute_address[31] in module DataCache is either unconnected or has no load
WARNING: [Synth 8-7129] Port io_cpu_execute_address[30] in module DataCache is either unconnected or has no load
WARNING: [Synth 8-7129] Port io_cpu_execute_address[29] in module DataCache is either unconnected or has no load
WARNING: [Synth 8-7129] Port io_cpu_execute_address[28] in module DataCache is either unconnected or has no load
WARNING: [Synth 8-7129] Port io_cpu_execute_address[27] in module DataCache is either unconnected or has no load
WARNING: [Synth 8-7129] Port io_cpu_execute_address[26] in module DataCache is either unconnected or has no load
WARNING: [Synth 8-7129] Port io_cpu_execute_address[25] in module DataCache is either unconnected or has no load
WARNING: [Synth 8-7129] Port io_cpu_execute_address[24] in module DataCache is either unconnected or has no load
WARNING: [Synth 8-7129] Port io_cpu_execute_address[23] in module DataCache is either unconnected or has no load
WARNING: [Synth 8-7129] Port io_cpu_execute_address[22] in module DataCache is either unconnected or has no load
WARNING: [Synth 8-7129] Port io_cpu_execute_address[21] in module DataCache is either unconnected or has no load
WARNING: [Synth 8-7129] Port io_cpu_execute_address[20] in module DataCache is either unconnected or has no load
WARNING: [Synth 8-7129] Port io_cpu_execute_address[19] in module DataCache is either unconnected or has no load
WARNING: [Synth 8-7129] Port io_cpu_execute_address[18] in module DataCache is either unconnected or has no load
WARNING: [Synth 8-7129] Port io_cpu_execute_address[17] in module DataCache is either unconnected or has no load
WARNING: [Synth 8-7129] Port io_cpu_execute_address[16] in module DataCache is either unconnected or has no load
WARNING: [Synth 8-7129] Port io_cpu_execute_address[15] in module DataCache is either unconnected or has no load
WARNING: [Synth 8-7129] Port io_cpu_execute_address[14] in module DataCache is either unconnected or has no load
WARNING: [Synth 8-7129] Port io_cpu_execute_address[13] in module DataCache is either unconnected or has no load
WARNING: [Synth 8-7129] Port io_cpu_execute_address[12] in module DataCache is either unconnected or has no load
WARNING: [Synth 8-7129] Port io_cpu_execute_args_totalyConsistent in module DataCache is either unconnected or has no load
WARNING: [Synth 8-7129] Port io_cpu_memory_address[31] in module DataCache is either unconnected or has no load
WARNING: [Synth 8-7129] Port io_cpu_memory_address[30] in module DataCache is either unconnected or has no load
WARNING: [Synth 8-7129] Port io_cpu_memory_address[29] in module DataCache is either unconnected or has no load
WARNING: [Synth 8-7129] Port io_cpu_memory_address[28] in module DataCache is either unconnected or has no load
WARNING: [Synth 8-7129] Port io_cpu_memory_address[27] in module DataCache is either unconnected or has no load
WARNING: [Synth 8-7129] Port io_cpu_memory_address[26] in module DataCache is either unconnected or has no load
WARNING: [Synth 8-7129] Port io_cpu_memory_address[25] in module DataCache is either unconnected or has no load
WARNING: [Synth 8-7129] Port io_cpu_memory_address[24] in module DataCache is either unconnected or has no load
WARNING: [Synth 8-7129] Port io_cpu_memory_address[23] in module DataCache is either unconnected or has no load
WARNING: [Synth 8-7129] Port io_cpu_memory_address[22] in module DataCache is either unconnected or has no load
WARNING: [Synth 8-7129] Port io_cpu_memory_address[21] in module DataCache is either unconnected or has no load
WARNING: [Synth 8-7129] Port io_cpu_memory_address[20] in module DataCache is either unconnected or has no load
WARNING: [Synth 8-7129] Port io_cpu_memory_address[19] in module DataCache is either unconnected or has no load
WARNING: [Synth 8-7129] Port io_cpu_memory_address[18] in module DataCache is either unconnected or has no load
WARNING: [Synth 8-7129] Port io_cpu_memory_address[17] in module DataCache is either unconnected or has no load
WARNING: [Synth 8-7129] Port io_cpu_memory_address[16] in module DataCache is either unconnected or has no load
WARNING: [Synth 8-7129] Port io_cpu_memory_address[15] in module DataCache is either unconnected or has no load
WARNING: [Synth 8-7129] Port io_cpu_memory_address[14] in module DataCache is either unconnected or has no load
WARNING: [Synth 8-7129] Port io_cpu_memory_address[13] in module DataCache is either unconnected or has no load
WARNING: [Synth 8-7129] Port io_cpu_memory_address[12] in module DataCache is either unconnected or has no load
WARNING: [Synth 8-7129] Port io_cpu_memory_mmuRsp_allowExecute in module DataCache is either unconnected or has no load
WARNING: [Synth 8-7129] Port io_cpu_memory_mmuRsp_bypassTranslation in module DataCache is either unconnected or has no load
WARNING: [Synth 8-7129] Port io_cpu_writeBack_isFiring in module DataCache is either unconnected or has no load
WARNING: [Synth 8-7129] Port io_cpu_writeBack_isUser in module DataCache is either unconnected or has no load
WARNING: [Synth 8-7129] Port io_cpu_writeBack_address[31] in module DataCache is either unconnected or has no load
WARNING: [Synth 8-7129] Port io_cpu_writeBack_address[30] in module DataCache is either unconnected or has no load
WARNING: [Synth 8-7129] Port io_cpu_writeBack_address[29] in module DataCache is either unconnected or has no load
WARNING: [Synth 8-7129] Port io_cpu_writeBack_address[28] in module DataCache is either unconnected or has no load
WARNING: [Synth 8-7129] Port io_cpu_writeBack_address[27] in module DataCache is either unconnected or has no load
WARNING: [Synth 8-7129] Port io_cpu_writeBack_address[26] in module DataCache is either unconnected or has no load
WARNING: [Synth 8-7129] Port io_cpu_writeBack_address[25] in module DataCache is either unconnected or has no load
WARNING: [Synth 8-7129] Port io_cpu_writeBack_address[24] in module DataCache is either unconnected or has no load
WARNING: [Synth 8-7129] Port io_cpu_writeBack_address[23] in module DataCache is either unconnected or has no load
WARNING: [Synth 8-7129] Port io_cpu_writeBack_address[22] in module DataCache is either unconnected or has no load
WARNING: [Synth 8-7129] Port io_cpu_writeBack_address[21] in module DataCache is either unconnected or has no load
WARNING: [Synth 8-7129] Port io_cpu_writeBack_address[20] in module DataCache is either unconnected or has no load
WARNING: [Synth 8-7129] Port io_cpu_writeBack_address[19] in module DataCache is either unconnected or has no load
WARNING: [Synth 8-7129] Port io_cpu_writeBack_address[18] in module DataCache is either unconnected or has no load
WARNING: [Synth 8-7129] Port io_cpu_writeBack_address[17] in module DataCache is either unconnected or has no load
WARNING: [Synth 8-7129] Port io_cpu_writeBack_address[16] in module DataCache is either unconnected or has no load
WARNING: [Synth 8-7129] Port io_cpu_writeBack_address[15] in module DataCache is either unconnected or has no load
WARNING: [Synth 8-7129] Port io_cpu_writeBack_address[14] in module DataCache is either unconnected or has no load
WARNING: [Synth 8-7129] Port io_cpu_writeBack_address[13] in module DataCache is either unconnected or has no load
WARNING: [Synth 8-7129] Port io_cpu_writeBack_address[12] in module DataCache is either unconnected or has no load
WARNING: [Synth 8-7129] Port io_cpu_writeBack_address[11] in module DataCache is either unconnected or has no load
WARNING: [Synth 8-7129] Port io_cpu_writeBack_address[10] in module DataCache is either unconnected or has no load
WARNING: [Synth 8-7129] Port io_cpu_writeBack_address[9] in module DataCache is either unconnected or has no load
WARNING: [Synth 8-7129] Port io_cpu_writeBack_address[8] in module DataCache is either unconnected or has no load
WARNING: [Synth 8-7129] Port io_cpu_writeBack_address[7] in module DataCache is either unconnected or has no load
WARNING: [Synth 8-7129] Port io_cpu_writeBack_address[6] in module DataCache is either unconnected or has no load
WARNING: [Synth 8-7129] Port io_cpu_writeBack_address[5] in module DataCache is either unconnected or has no load
WARNING: [Synth 8-7129] Port io_cpu_writeBack_address[4] in module DataCache is either unconnected or has no load
WARNING: [Synth 8-7129] Port io_cpu_writeBack_address[3] in module DataCache is either unconnected or has no load
WARNING: [Synth 8-7129] Port io_cpu_writeBack_address[2] in module DataCache is either unconnected or has no load
WARNING: [Synth 8-7129] Port io_cpu_writeBack_address[1] in module DataCache is either unconnected or has no load
WARNING: [Synth 8-7129] Port io_cpu_writeBack_address[0] in module DataCache is either unconnected or has no load
WARNING: [Synth 8-7129] Port io_cpu_writeBack_fence_SW in module DataCache is either unconnected or has no load
WARNING: [Synth 8-7129] Port io_cpu_writeBack_fence_SR in module DataCache is either unconnected or has no load
WARNING: [Synth 8-7129] Port io_cpu_writeBack_fence_SO in module DataCache is either unconnected or has no load
WARNING: [Synth 8-7129] Port io_cpu_writeBack_fence_SI in module DataCache is either unconnected or has no load
WARNING: [Synth 8-7129] Port io_cpu_writeBack_fence_PW in module DataCache is either unconnected or has no load
WARNING: [Synth 8-7129] Port io_cpu_writeBack_fence_PR in module DataCache is either unconnected or has no load
WARNING: [Synth 8-7129] Port io_cpu_writeBack_fence_PO in module DataCache is either unconnected or has no load
WARNING: [Synth 8-7129] Port io_cpu_writeBack_fence_PI in module DataCache is either unconnected or has no load
WARNING: [Synth 8-7129] Port io_cpu_writeBack_fence_FM[3] in module DataCache is either unconnected or has no load
WARNING: [Synth 8-7129] Port io_cpu_writeBack_fence_FM[2] in module DataCache is either unconnected or has no load
WARNING: [Synth 8-7129] Port io_cpu_writeBack_fence_FM[1] in module DataCache is either unconnected or has no load
INFO: [Common 17-14] Message 'Synth 8-7129' appears 100 times and further instances of the messages will be disabled. Use the Tcl command set_msg_config to change the current settings.
---------------------------------------------------------------------------------
Finished RTL Elaboration : Time (s): cpu = 00:00:05 ; elapsed = 00:00:06 . Memory (MB): peak = 2274.355 ; gain = 535.684 ; free physical = 3106 ; free virtual = 16232
---------------------------------------------------------------------------------
---------------------------------------------------------------------------------
Start Handling Custom Attributes
---------------------------------------------------------------------------------
---------------------------------------------------------------------------------
Finished Handling Custom Attributes : Time (s): cpu = 00:00:06 ; elapsed = 00:00:06 . Memory (MB): peak = 2292.168 ; gain = 553.496 ; free physical = 3106 ; free virtual = 16232
---------------------------------------------------------------------------------
---------------------------------------------------------------------------------
Finished RTL Optimization Phase 1 : Time (s): cpu = 00:00:06 ; elapsed = 00:00:06 . Memory (MB): peak = 2292.168 ; gain = 553.496 ; free physical = 3106 ; free virtual = 16232
---------------------------------------------------------------------------------
Netlist sorting complete. Time (s): cpu = 00:00:00.05 ; elapsed = 00:00:00.04 . Memory (MB): peak = 2298.105 ; gain = 0.000 ; free physical = 3106 ; free virtual = 16232
INFO: [Netlist 29-17] Analyzing 1 Unisim elements for replacement
INFO: [Netlist 29-28] Unisim Transformation completed in 0 CPU seconds
INFO: [Project 1-570] Preparing netlist for logic optimization

Processing XDC Constraints
Initializing timing engine
Parsing XDC File [/home/jsp/Storage/CFU_PYNQ_FIles/CFU_SRC/pynq_z2/pynq_z2/arunQAFDHGDZXVNBDXG_gae.gen/sources_1/ip/cfu_decoupler/cfu_decoupler/cfu_decoupler_in_context.xdc] for cell 'inst/Cfu/cfu_decoupler_inst'
Finished Parsing XDC File [/home/jsp/Storage/CFU_PYNQ_FIles/CFU_SRC/pynq_z2/pynq_z2/arunQAFDHGDZXVNBDXG_gae.gen/sources_1/ip/cfu_decoupler/cfu_decoupler/cfu_decoupler_in_context.xdc] for cell 'inst/Cfu/cfu_decoupler_inst'
Parsing XDC File [/home/jsp/Storage/CFU_PYNQ_FIles/CFU_SRC/pynq_z2/pynq_z2/arunQAFDHGDZXVNBDXG_gae.runs/system_tul_pynq_z2_0_0_synth_1/dont_touch.xdc]
Finished Parsing XDC File [/home/jsp/Storage/CFU_PYNQ_FIles/CFU_SRC/pynq_z2/pynq_z2/arunQAFDHGDZXVNBDXG_gae.runs/system_tul_pynq_z2_0_0_synth_1/dont_touch.xdc]
Completed Processing XDC Constraints

Netlist sorting complete. Time (s): cpu = 00:00:00 ; elapsed = 00:00:00 . Memory (MB): peak = 2428.918 ; gain = 0.000 ; free physical = 3099 ; free virtual = 16236
INFO: [Project 1-111] Unisim Transformation Summary:
No Unisim elements were transformed.

Constraint Validation Runtime : Time (s): cpu = 00:00:00.13 ; elapsed = 00:00:00.04 . Memory (MB): peak = 2428.918 ; gain = 0.000 ; free physical = 3096 ; free virtual = 16236
INFO: [Designutils 20-5008] Incremental synthesis strategy off
---------------------------------------------------------------------------------
Finished Constraint Validation : Time (s): cpu = 00:00:12 ; elapsed = 00:00:12 . Memory (MB): peak = 2428.918 ; gain = 690.246 ; free physical = 2497 ; free virtual = 15814
---------------------------------------------------------------------------------
---------------------------------------------------------------------------------
Start Loading Part and Timing Information
---------------------------------------------------------------------------------
Loading part: xc7z020clg400-1
---------------------------------------------------------------------------------
Finished Loading Part and Timing Information : Time (s): cpu = 00:00:12 ; elapsed = 00:00:12 . Memory (MB): peak = 2436.922 ; gain = 698.250 ; free physical = 2497 ; free virtual = 15814
---------------------------------------------------------------------------------
---------------------------------------------------------------------------------
Start Applying 'set_property' XDC Constraints
---------------------------------------------------------------------------------
Applied set_property KEEP_HIERARCHY = SOFT for inst/Cfu/cfu_decoupler_inst. (constraint file  auto generated constraint).
---------------------------------------------------------------------------------
Finished applying 'set_property' XDC Constraints : Time (s): cpu = 00:00:12 ; elapsed = 00:00:12 . Memory (MB): peak = 2436.922 ; gain = 698.250 ; free physical = 2489 ; free virtual = 15808
---------------------------------------------------------------------------------
WARNING: [Synth 8-3936] Found unconnected internal register 'memory_to_writeBack_INSTRUCTION_reg' and it is trimmed from '32' to '30' bits. [/home/jsp/Storage/CFU_PYNQ_FIles/CFU_SRC/verilog/VexRiscv_FullCfu.v:2932]
WARNING: [Synth 8-3936] Found unconnected internal register 'execute_to_memory_INSTRUCTION_reg' and it is trimmed from '32' to '30' bits. [/home/jsp/Storage/CFU_PYNQ_FIles/CFU_SRC/verilog/VexRiscv_FullCfu.v:2733]
WARNING: [Synth 8-3936] Found unconnected internal register 'storage_1_dat1_reg' and it is trimmed from '10' to '8' bits. [/home/jsp/Storage/CFU_PYNQ_FIles/CFU_SRC/pynq_z2/pynq_z2/arunQAFDHGDZXVNBDXG_gae.srcs/sources_1/new/tul_pynq_z2.v:1627]
WARNING: [Synth 8-3936] Found unconnected internal register 'storage_dat1_reg' and it is trimmed from '10' to '8' bits. [/home/jsp/Storage/CFU_PYNQ_FIles/CFU_SRC/pynq_z2/pynq_z2/arunQAFDHGDZXVNBDXG_gae.srcs/sources_1/new/tul_pynq_z2.v:1606]
---------------------------------------------------------------------------------
Finished RTL Optimization Phase 2 : Time (s): cpu = 00:00:13 ; elapsed = 00:00:13 . Memory (MB): peak = 2436.922 ; gain = 698.250 ; free physical = 1740 ; free virtual = 15108
---------------------------------------------------------------------------------
---------------------------------------------------------------------------------
Start RTL Component Statistics 
---------------------------------------------------------------------------------
Detailed RTL Component Info : 
+---Adders : 
	   2 Input   64 Bit       Adders := 3     
	   3 Input   52 Bit       Adders := 1     
	   2 Input   33 Bit       Adders := 3     
	   3 Input   33 Bit       Adders := 1     
	   3 Input   32 Bit       Adders := 1     
	   2 Input   32 Bit       Adders := 7     
	   2 Input    8 Bit       Adders := 2     
	   2 Input    6 Bit       Adders := 1     
	   2 Input    5 Bit       Adders := 2     
	   2 Input    4 Bit       Adders := 9     
	   2 Input    3 Bit       Adders := 4     
	   2 Input    1 Bit       Adders := 2     
+---XORs : 
	   2 Input     32 Bit         XORs := 1     
	   2 Input      1 Bit         XORs := 2     
+---Registers : 
	               65 Bit    Registers := 1     
	               64 Bit    Registers := 2     
	               52 Bit    Registers := 1     
	               34 Bit    Registers := 1     
	               33 Bit    Registers := 1     
	               32 Bit    Registers := 52    
	               30 Bit    Registers := 3     
	               26 Bit    Registers := 1     
	               22 Bit    Registers := 2     
	               18 Bit    Registers := 3     
	               11 Bit    Registers := 1     
	                8 Bit    Registers := 10    
	                6 Bit    Registers := 2     
	                5 Bit    Registers := 3     
	                4 Bit    Registers := 15    
	                3 Bit    Registers := 7     
	                2 Bit    Registers := 19    
	                1 Bit    Registers := 167   
+---RAMs : 
	              64K Bit	(2048 X 32 bit)          RAMs := 1     
	              32K Bit	(1024 X 32 bit)          RAMs := 1     
	               8K Bit	(1024 X 8 bit)          RAMs := 4     
	               2K Bit	(128 X 22 bit)          RAMs := 2     
	             1024 Bit	(32 X 32 bit)          RAMs := 1     
	              160 Bit	(16 X 10 bit)          RAMs := 2     
+---Muxes : 
	   2 Input   33 Bit        Muxes := 3     
	   2 Input   32 Bit        Muxes := 128   
	   3 Input   32 Bit        Muxes := 3     
	   4 Input   32 Bit        Muxes := 4     
	   2 Input   30 Bit        Muxes := 1     
	   2 Input   25 Bit        Muxes := 1     
	   2 Input   14 Bit        Muxes := 2     
	   2 Input   10 Bit        Muxes := 2     
	   2 Input    8 Bit        Muxes := 13    
	   4 Input    8 Bit        Muxes := 1     
	   5 Input    8 Bit        Muxes := 1     
	   3 Input    8 Bit        Muxes := 2     
	   2 Input    7 Bit        Muxes := 4     
	   2 Input    5 Bit        Muxes := 3     
	   4 Input    4 Bit        Muxes := 3     
	   2 Input    4 Bit        Muxes := 11    
	   5 Input    4 Bit        Muxes := 1     
	   3 Input    4 Bit        Muxes := 1     
	   2 Input    3 Bit        Muxes := 8     
	   3 Input    3 Bit        Muxes := 1     
	   2 Input    2 Bit        Muxes := 6     
	   2 Input    1 Bit        Muxes := 172   
	   3 Input    1 Bit        Muxes := 2     
	   4 Input    1 Bit        Muxes := 1     
---------------------------------------------------------------------------------
Finished RTL Component Statistics 
---------------------------------------------------------------------------------
---------------------------------------------------------------------------------
Start Part Resource Summary
---------------------------------------------------------------------------------
Part Resources:
DSPs: 220 (col length:60)
BRAMs: 280 (col length: RAMB18 60 RAMB36 30)
---------------------------------------------------------------------------------
Finished Part Resource Summary
---------------------------------------------------------------------------------
---------------------------------------------------------------------------------
Start Cross Boundary and Area Optimization
---------------------------------------------------------------------------------
WARNING: [Synth 8-7080] Parallel synthesis criteria is not met
WARNING: [Synth 8-3936] Found unconnected internal register 'memory_to_writeBack_MUL_HH_reg' and it is trimmed from '34' to '32' bits. [/home/jsp/Storage/CFU_PYNQ_FIles/CFU_SRC/verilog/VexRiscv_FullCfu.v:2704]
WARNING: [Synth 8-3936] Found unconnected internal register 'execute_to_memory_MUL_HH_reg' and it is trimmed from '34' to '32' bits. [/home/jsp/Storage/CFU_PYNQ_FIles/CFU_SRC/verilog/VexRiscv_FullCfu.v:2626]
DSP Report: Generating DSP memory_to_writeBack_MUL_HH_reg, operation Mode is: (A*B)'.
DSP Report: register memory_to_writeBack_MUL_HH_reg is absorbed into DSP memory_to_writeBack_MUL_HH_reg.
DSP Report: register execute_to_memory_MUL_HH_reg is absorbed into DSP memory_to_writeBack_MUL_HH_reg.
DSP Report: operator execute_MUL_HH is absorbed into DSP memory_to_writeBack_MUL_HH_reg.
DSP Report: Generating DSP execute_to_memory_MUL_LH_reg, operation Mode is: (A*B)'.
DSP Report: register execute_to_memory_MUL_LH_reg is absorbed into DSP execute_to_memory_MUL_LH_reg.
DSP Report: operator execute_MUL_LH is absorbed into DSP execute_to_memory_MUL_LH_reg.
DSP Report: Generating DSP execute_to_memory_MUL_HL_reg, operation Mode is: (A*B)'.
DSP Report: register execute_to_memory_MUL_HL_reg is absorbed into DSP execute_to_memory_MUL_HL_reg.
DSP Report: operator execute_MUL_HL is absorbed into DSP execute_to_memory_MUL_HL_reg.
DSP Report: Generating DSP execute_to_memory_MUL_LL_reg, operation Mode is: (A*B)'.
DSP Report: register execute_to_memory_MUL_LL_reg is absorbed into DSP execute_to_memory_MUL_LL_reg.
DSP Report: operator execute_MUL_LL is absorbed into DSP execute_to_memory_MUL_LL_reg.
INFO: [Synth 8-3936] Found unconnected internal register 'inst/Cfu/cfu_inst/rsp_payload_reg' and it is trimmed from '32' to '1' bits. [/home/jsp/Storage/CFU_PYNQ_FIles/CFU_SRC/donut-accel/cfu.v:47]
INFO: [Synth 8-3971] The signal "\inst/VexRiscv/RegFilePlugin_regFile_reg " was recognized as a true dual port RAM template.
RAM Pipeline Warning: Read Address Register Found For RAM inst/sram_reg. We will not be able to pipeline it. This may degrade performance. 
RAM Pipeline Warning: Read Address Register Found For RAM inst/sram_reg. We will not be able to pipeline it. This may degrade performance. 
RAM Pipeline Warning: Read Address Register Found For RAM inst/sram_reg. We will not be able to pipeline it. This may degrade performance. 
RAM Pipeline Warning: Read Address Register Found For RAM inst/sram_reg. We will not be able to pipeline it. This may degrade performance. 
---------------------------------------------------------------------------------
Finished Cross Boundary and Area Optimization : Time (s): cpu = 00:00:24 ; elapsed = 00:00:24 . Memory (MB): peak = 2436.922 ; gain = 698.250 ; free physical = 1416 ; free virtual = 14834
---------------------------------------------------------------------------------
 Sort Area is  memory_to_writeBack_MUL_HH_reg_5 : 0 0 : 2328 2328 : Used 1 time 0
 Sort Area is  execute_to_memory_MUL_HL_reg_2 : 0 0 : 2298 2298 : Used 1 time 0
 Sort Area is  execute_to_memory_MUL_LH_reg_4 : 0 0 : 2298 2298 : Used 1 time 0
 Sort Area is  execute_to_memory_MUL_LL_reg_0 : 0 0 : 1978 1978 : Used 1 time 0
---------------------------------------------------------------------------------
Start ROM, RAM, DSP, Shift Register and Retiming Reporting
---------------------------------------------------------------------------------

ROM: Preliminary Mapping Report
+-----------------------+------------+---------------+----------------+
|Module Name            | RTL Object | Depth x Width | Implemented As | 
+-----------------------+------------+---------------+----------------+
|tul_pynq_z2            | mem        | 64x8          | LUT            | 
|system_tul_pynq_z2_0_0 | p_0_out    | 64x8          | LUT            | 
+-----------------------+------------+---------------+----------------+


Block RAM: Preliminary Mapping Report (see note below)
+---------------------------------------+-------------------------+------------------------+---+---+------------------------+---+---+------------------+--------+--------+
|Module Name                            | RTL Object              | PORT A (Depth x Width) | W | R | PORT B (Depth x Width) | W | R | Ports driving FF | RAMB18 | RAMB36 | 
+---------------------------------------+-------------------------+------------------------+---+---+------------------------+---+---+------------------+--------+--------+
|\inst/VexRiscv /IBusCachedPlugin_cache | banks_0_reg             | 1 K x 32(READ_FIRST)   | W |   | 1 K x 32(WRITE_FIRST)  |   | R | Port A and B     | 0      | 1      | 
|\inst/VexRiscv /IBusCachedPlugin_cache | ways_0_tags_reg         | 128 x 22(READ_FIRST)   | W |   | 128 x 22(WRITE_FIRST)  |   | R | Port A and B     | 1      | 0      | 
|\inst/VexRiscv /dataCache_1            | ways_0_tags_reg         | 128 x 22(READ_FIRST)   | W |   | 128 x 22(WRITE_FIRST)  |   | R | Port A and B     | 1      | 0      | 
|\inst/VexRiscv /dataCache_1            | ways_0_data_symbol0_reg | 1 K x 8(READ_FIRST)    | W |   | 1 K x 8(WRITE_FIRST)   |   | R | Port A and B     | 1      | 0      | 
|\inst/VexRiscv /dataCache_1            | ways_0_data_symbol1_reg | 1 K x 8(READ_FIRST)    | W |   | 1 K x 8(WRITE_FIRST)   |   | R | Port A and B     | 1      | 0      | 
|\inst/VexRiscv /dataCache_1            | ways_0_data_symbol2_reg | 1 K x 8(READ_FIRST)    | W |   | 1 K x 8(WRITE_FIRST)   |   | R | Port A and B     | 1      | 0      | 
|\inst/VexRiscv /dataCache_1            | ways_0_data_symbol3_reg | 1 K x 8(READ_FIRST)    | W |   | 1 K x 8(WRITE_FIRST)   |   | R | Port A and B     | 1      | 0      | 
|system_tul_pynq_z2_0_0                 | inst/sram_reg           | 2 K x 32(WRITE_FIRST)  | W | R |                        |   |   | Port A           | 0      | 2      | 
+---------------------------------------+-------------------------+------------------------+---+---+------------------------+---+---+------------------+--------+--------+

Note: The table above is a preliminary report that shows the Block RAMs at the current stage of the synthesis flow. Some Block RAMs may be reimplemented as non Block RAM primitives later in the synthesis flow. Multiple instantiated Block RAMs are reported only once. 

Distributed RAM: Preliminary Mapping Report (see note below)
+-----------------------+--------------------+-----------+----------------------+-------------+
|Module Name            | RTL Object         | Inference | Size (Depth x Width) | Primitives  | 
+-----------------------+--------------------+-----------+----------------------+-------------+
|system_tul_pynq_z2_0_0 | inst/storage_reg   | Implied   | 16 x 8               | RAM32M x 2  | 
|system_tul_pynq_z2_0_0 | inst/storage_1_reg | Implied   | 16 x 8               | RAM32M x 2  | 
+-----------------------+--------------------+-----------+----------------------+-------------+

Note: The table above is a preliminary report that shows the Distributed RAMs at the current stage of the synthesis flow. Some Distributed RAMs may be reimplemented as non Distributed RAM primitives later in the synthesis flow. Multiple instantiated RAMs are reported only once.

DSP: Preliminary Mapping Report (see note below. The ' indicates corresponding REG is set)
+------------+-------------+--------+--------+--------+--------+--------+------+------+------+------+-------+------+------+
|Module Name | DSP Mapping | A Size | B Size | C Size | D Size | P Size | AREG | BREG | CREG | DREG | ADREG | MREG | PREG | 
+------------+-------------+--------+--------+--------+--------+--------+------+------+------+------+-------+------+------+
|VexRiscv    | (A*B)'      | 17     | 17     | -      | -      | 34     | 0    | 0    | -    | -    | -     | 1    | 1    | 
|VexRiscv    | (A*B)'      | 17     | 17     | -      | -      | 34     | 0    | 0    | -    | -    | -     | 1    | 0    | 
|VexRiscv    | (A*B)'      | 17     | 17     | -      | -      | 34     | 0    | 0    | -    | -    | -     | 1    | 0    | 
|VexRiscv    | (A*B)'      | 16     | 16     | -      | -      | 32     | 0    | 0    | -    | -    | -     | 1    | 0    | 
+------------+-------------+--------+--------+--------+--------+--------+------+------+------+------+-------+------+------+

Note: The table above is a preliminary report that shows the DSPs inferred at the current stage of the synthesis flow. Some DSP may be reimplemented as non DSP primitives later in the synthesis flow. Multiple instantiated DSPs are reported only once.
---------------------------------------------------------------------------------
Finished ROM, RAM, DSP, Shift Register and Retiming Reporting
---------------------------------------------------------------------------------
---------------------------------------------------------------------------------
Start Applying XDC Timing Constraints
---------------------------------------------------------------------------------
---------------------------------------------------------------------------------
Finished Applying XDC Timing Constraints : Time (s): cpu = 00:00:31 ; elapsed = 00:00:31 . Memory (MB): peak = 2436.922 ; gain = 698.250 ; free physical = 2742 ; free virtual = 16164
---------------------------------------------------------------------------------
---------------------------------------------------------------------------------
Start Timing Optimization
---------------------------------------------------------------------------------
---------------------------------------------------------------------------------
Finished Timing Optimization : Time (s): cpu = 00:00:31 ; elapsed = 00:00:31 . Memory (MB): peak = 2436.922 ; gain = 698.250 ; free physical = 2742 ; free virtual = 16164
---------------------------------------------------------------------------------
---------------------------------------------------------------------------------
Start ROM, RAM, DSP, Shift Register and Retiming Reporting
---------------------------------------------------------------------------------

Block RAM: Final Mapping Report
+---------------------------------------+-------------------------+------------------------+---+---+------------------------+---+---+------------------+--------+--------+
|Module Name                            | RTL Object              | PORT A (Depth x Width) | W | R | PORT B (Depth x Width) | W | R | Ports driving FF | RAMB18 | RAMB36 | 
+---------------------------------------+-------------------------+------------------------+---+---+------------------------+---+---+------------------+--------+--------+
|\inst/VexRiscv /IBusCachedPlugin_cache | banks_0_reg             | 1 K x 32(READ_FIRST)   | W |   | 1 K x 32(WRITE_FIRST)  |   | R | Port A and B     | 0      | 1      | 
|\inst/VexRiscv /IBusCachedPlugin_cache | ways_0_tags_reg         | 128 x 22(READ_FIRST)   | W |   | 128 x 22(WRITE_FIRST)  |   | R | Port A and B     | 1      | 0      | 
|\inst/VexRiscv /dataCache_1            | ways_0_tags_reg         | 128 x 22(READ_FIRST)   | W |   | 128 x 22(WRITE_FIRST)  |   | R | Port A and B     | 1      | 0      | 
|\inst/VexRiscv /dataCache_1            | ways_0_data_symbol0_reg | 1 K x 8(READ_FIRST)    | W |   | 1 K x 8(WRITE_FIRST)   |   | R | Port A and B     | 1      | 0      | 
|\inst/VexRiscv /dataCache_1            | ways_0_data_symbol1_reg | 1 K x 8(READ_FIRST)    | W |   | 1 K x 8(WRITE_FIRST)   |   | R | Port A and B     | 1      | 0      | 
|\inst/VexRiscv /dataCache_1            | ways_0_data_symbol2_reg | 1 K x 8(READ_FIRST)    | W |   | 1 K x 8(WRITE_FIRST)   |   | R | Port A and B     | 1      | 0      | 
|\inst/VexRiscv /dataCache_1            | ways_0_data_symbol3_reg | 1 K x 8(READ_FIRST)    | W |   | 1 K x 8(WRITE_FIRST)   |   | R | Port A and B     | 1      | 0      | 
|system_tul_pynq_z2_0_0                 | inst/sram_reg           | 2 K x 32(WRITE_FIRST)  | W | R |                        |   |   | Port A           | 0      | 2      | 
+---------------------------------------+-------------------------+------------------------+---+---+------------------------+---+---+------------------+--------+--------+


Distributed RAM: Final Mapping Report
+-----------------------+--------------------+-----------+----------------------+-------------+
|Module Name            | RTL Object         | Inference | Size (Depth x Width) | Primitives  | 
+-----------------------+--------------------+-----------+----------------------+-------------+
|system_tul_pynq_z2_0_0 | inst/storage_reg   | Implied   | 16 x 8               | RAM32M x 2  | 
|system_tul_pynq_z2_0_0 | inst/storage_1_reg | Implied   | 16 x 8               | RAM32M x 2  | 
+-----------------------+--------------------+-----------+----------------------+-------------+

---------------------------------------------------------------------------------
Finished ROM, RAM, DSP, Shift Register and Retiming Reporting
---------------------------------------------------------------------------------
---------------------------------------------------------------------------------
Start Technology Mapping
---------------------------------------------------------------------------------
INFO: [Synth 8-7052] The timing for the instance inst/VexRiscv/IBusCachedPlugin_cache/banks_0_reg (implemented as a Block RAM) might be sub-optimal as no optional output register could be merged into the ram block. Providing additional output register may help in improving timing.
INFO: [Synth 8-7052] The timing for the instance inst/VexRiscv/IBusCachedPlugin_cache/ways_0_tags_reg (implemented as a Block RAM) might be sub-optimal as no optional output register could be merged into the ram block. Providing additional output register may help in improving timing.
INFO: [Synth 8-7052] The timing for the instance inst/VexRiscv/dataCache_1/ways_0_tags_reg (implemented as a Block RAM) might be sub-optimal as no optional output register could be merged into the ram block. Providing additional output register may help in improving timing.
INFO: [Synth 8-7052] The timing for the instance inst/VexRiscv/RegFilePlugin_regFile_reg_1 (implemented as a Block RAM) might be sub-optimal as no optional output register could be merged into the ram block. Providing additional output register may help in improving timing.
INFO: [Synth 8-7052] The timing for the instance inst/VexRiscv/RegFilePlugin_regFile_reg_2 (implemented as a Block RAM) might be sub-optimal as no optional output register could be merged into the ram block. Providing additional output register may help in improving timing.
INFO: [Synth 8-7052] The timing for the instance inst/sram_reg_0 (implemented as a Block RAM) might be sub-optimal as no optional output register could be merged into the ram block. Providing additional output register may help in improving timing.
INFO: [Synth 8-7052] The timing for the instance inst/sram_reg_1 (implemented as a Block RAM) might be sub-optimal as no optional output register could be merged into the ram block. Providing additional output register may help in improving timing.
---------------------------------------------------------------------------------
Finished Technology Mapping : Time (s): cpu = 00:00:32 ; elapsed = 00:00:32 . Memory (MB): peak = 2436.922 ; gain = 698.250 ; free physical = 2744 ; free virtual = 16167
---------------------------------------------------------------------------------
---------------------------------------------------------------------------------
Start IO Insertion
---------------------------------------------------------------------------------
---------------------------------------------------------------------------------
Start Flattening Before IO Insertion
---------------------------------------------------------------------------------
---------------------------------------------------------------------------------
Finished Flattening Before IO Insertion
---------------------------------------------------------------------------------
---------------------------------------------------------------------------------
Start Final Netlist Cleanup
---------------------------------------------------------------------------------
---------------------------------------------------------------------------------
Finished Final Netlist Cleanup
---------------------------------------------------------------------------------
CRITICAL WARNING: [Synth 8-4442] BlackBox module \inst/Cfu/cfu_decoupler_inst  has unconnected pin cfu_inputs_ref_clk
---------------------------------------------------------------------------------
Finished IO Insertion : Time (s): cpu = 00:00:35 ; elapsed = 00:00:36 . Memory (MB): peak = 2436.922 ; gain = 698.250 ; free physical = 2756 ; free virtual = 16178
---------------------------------------------------------------------------------
---------------------------------------------------------------------------------
Start Renaming Generated Instances
---------------------------------------------------------------------------------
---------------------------------------------------------------------------------
Finished Renaming Generated Instances : Time (s): cpu = 00:00:35 ; elapsed = 00:00:36 . Memory (MB): peak = 2436.922 ; gain = 698.250 ; free physical = 2756 ; free virtual = 16178
---------------------------------------------------------------------------------
---------------------------------------------------------------------------------
Start Rebuilding User Hierarchy
---------------------------------------------------------------------------------
---------------------------------------------------------------------------------
Finished Rebuilding User Hierarchy : Time (s): cpu = 00:00:35 ; elapsed = 00:00:36 . Memory (MB): peak = 2436.922 ; gain = 698.250 ; free physical = 2756 ; free virtual = 16178
---------------------------------------------------------------------------------
---------------------------------------------------------------------------------
Start Renaming Generated Ports
---------------------------------------------------------------------------------
---------------------------------------------------------------------------------
Finished Renaming Generated Ports : Time (s): cpu = 00:00:35 ; elapsed = 00:00:36 . Memory (MB): peak = 2436.922 ; gain = 698.250 ; free physical = 2756 ; free virtual = 16178
---------------------------------------------------------------------------------
---------------------------------------------------------------------------------
Start Handling Custom Attributes
---------------------------------------------------------------------------------
---------------------------------------------------------------------------------
Finished Handling Custom Attributes : Time (s): cpu = 00:00:36 ; elapsed = 00:00:36 . Memory (MB): peak = 2436.922 ; gain = 698.250 ; free physical = 2756 ; free virtual = 16178
---------------------------------------------------------------------------------
---------------------------------------------------------------------------------
Start Renaming Generated Nets
---------------------------------------------------------------------------------
---------------------------------------------------------------------------------
Finished Renaming Generated Nets : Time (s): cpu = 00:00:36 ; elapsed = 00:00:36 . Memory (MB): peak = 2436.922 ; gain = 698.250 ; free physical = 2756 ; free virtual = 16178
---------------------------------------------------------------------------------
---------------------------------------------------------------------------------
Start Writing Synthesis Report
---------------------------------------------------------------------------------

DSP Final Report (the ' indicates corresponding REG is set)
+------------+-------------+--------+--------+--------+--------+--------+------+------+------+------+-------+------+------+
|Module Name | DSP Mapping | A Size | B Size | C Size | D Size | P Size | AREG | BREG | CREG | DREG | ADREG | MREG | PREG | 
+------------+-------------+--------+--------+--------+--------+--------+------+------+------+------+-------+------+------+
|VexRiscv    | ((A*B)')'   | 30     | 18     | -      | -      | 32     | 0    | 0    | -    | -    | -     | 1    | 1    | 
|VexRiscv    | (A*B)'      | 16     | 18     | -      | -      | 34     | 0    | 0    | -    | -    | -     | 0    | 1    | 
|VexRiscv    | (A*B)'      | 30     | 16     | -      | -      | 34     | 0    | 0    | -    | -    | -     | 0    | 1    | 
|VexRiscv    | (A*B)'      | 16     | 16     | -      | -      | 32     | 0    | 0    | -    | -    | -     | 0    | 1    | 
+------------+-------------+--------+--------+--------+--------+--------+------+------+------+------+-------+------+------+


Report BlackBoxes: 
+------+--------------+----------+
|      |BlackBox name |Instances |
+------+--------------+----------+
|1     |cfu_decoupler |         1|
+------+--------------+----------+

Report Cell Usage: 
+------+--------------+------+
|      |Cell          |Count |
+------+--------------+------+
|1     |cfu_decoupler |     1|
|2     |BUFG          |     1|
|3     |CARRY4        |   167|
|4     |DSP48E1       |     4|
|6     |LUT1          |   158|
|7     |LUT2          |   332|
|8     |LUT3          |   514|
|9     |LUT4          |   418|
|10    |LUT5          |   513|
|11    |LUT6          |  1061|
|12    |PLLE2_ADV     |     1|
|13    |RAM32M        |     2|
|14    |RAM32X1D      |     4|
|15    |RAMB18E1      |     8|
|17    |RAMB36E1      |     3|
|19    |FDCE          |     8|
|20    |FDPE          |     2|
|21    |FDRE          |  1883|
|22    |FDSE          |    88|
+------+--------------+------+
---------------------------------------------------------------------------------
Finished Writing Synthesis Report : Time (s): cpu = 00:00:36 ; elapsed = 00:00:36 . Memory (MB): peak = 2436.922 ; gain = 698.250 ; free physical = 2756 ; free virtual = 16178
---------------------------------------------------------------------------------
Synthesis finished with 0 errors, 1 critical warnings and 194 warnings.
Synthesis Optimization Runtime : Time (s): cpu = 00:00:33 ; elapsed = 00:00:34 . Memory (MB): peak = 2436.922 ; gain = 561.500 ; free physical = 2756 ; free virtual = 16178
Synthesis Optimization Complete : Time (s): cpu = 00:00:36 ; elapsed = 00:00:36 . Memory (MB): peak = 2436.930 ; gain = 698.250 ; free physical = 2756 ; free virtual = 16178
INFO: [Project 1-571] Translating synthesized netlist
Netlist sorting complete. Time (s): cpu = 00:00:00.03 ; elapsed = 00:00:00.03 . Memory (MB): peak = 2436.930 ; gain = 0.000 ; free physical = 3054 ; free virtual = 16476
INFO: [Netlist 29-17] Analyzing 189 Unisim elements for replacement
INFO: [Netlist 29-28] Unisim Transformation completed in 0 CPU seconds
INFO: [Project 1-570] Preparing netlist for logic optimization
INFO: [Opt 31-138] Pushed 0 inverter(s) to 0 load pin(s).
Netlist sorting complete. Time (s): cpu = 00:00:00 ; elapsed = 00:00:00 . Memory (MB): peak = 2492.949 ; gain = 0.000 ; free physical = 3058 ; free virtual = 16480
INFO: [Project 1-111] Unisim Transformation Summary:
  A total of 6 instances were transformed.
  RAM32M => RAM32M (RAMD32(x6), RAMS32(x2)): 2 instances
  RAM32X1D => RAM32X1D (RAMD32(x2)): 4 instances

Synth Design complete | Checksum: 3a5a99f4
INFO: [Common 17-83] Releasing license: Synthesis
72 Infos, 205 Warnings, 1 Critical Warnings and 0 Errors encountered.
synth_design completed successfully
synth_design: Time (s): cpu = 00:00:43 ; elapsed = 00:00:41 . Memory (MB): peak = 2492.949 ; gain = 1108.777 ; free physical = 3058 ; free virtual = 16480
INFO: [Common 17-2834] synth_design peak Physical Memory [PSS] (MB): overall = 1956.104; main = 1612.689; forked = 385.992
INFO: [Common 17-2834] synth_design peak Virtual Memory [VSS] (MB): overall = 3470.535; main = 2492.953; forked = 1033.609
INFO: [runtcl-6] Synthesis results are not added to the cache due to CRITICAL_WARNING
INFO: [Coretcl 2-1174] Renamed 7 cell refs.
Write ShapeDB Complete: Time (s): cpu = 00:00:00.01 ; elapsed = 00:00:00.01 . Memory (MB): peak = 2516.961 ; gain = 0.000 ; free physical = 3058 ; free virtual = 16480
INFO: [Common 17-1381] The checkpoint '/home/jsp/Storage/CFU_PYNQ_FIles/CFU_SRC/pynq_z2/pynq_z2/arunQAFDHGDZXVNBDXG_gae.runs/system_tul_pynq_z2_0_0_synth_1/system_tul_pynq_z2_0_0.dcp' has been generated.
INFO: [Vivado 12-24828] Executing command : report_utilization -file system_tul_pynq_z2_0_0_utilization_synth.rpt -pb system_tul_pynq_z2_0_0_utilization_synth.pb
INFO: [Common 17-206] Exiting Vivado at Sat Nov  8 00:05:49 2025...
[Sat Nov  8 00:05:59 2025] system_tul_pynq_z2_0_0_synth_1 finished
wait_on_runs: Time (s): cpu = 00:00:57 ; elapsed = 00:00:10 . Memory (MB): peak = 14086.891 ; gain = 0.000 ; free physical = 4441 ; free virtual = 17867
create_ip_run [get_files -of_objects [get_fileset sources_1] /home/jsp/Storage/CFU_PYNQ_FIles/CFU_SRC/pynq_z2/pynq_z2/arunQAFDHGDZXVNBDXG_gae.srcs/sources_1/bd/system/system.bd]
synth_design -top system_wrapper -part xc7z020clg400-1 -lint 
Command: synth_design -top system_wrapper -part xc7z020clg400-1 -lint
Starting synth_design
Attempting to get a license for feature 'Synthesis' and/or device 'xc7z020'
INFO: [Common 17-349] Got license for feature 'Synthesis' and/or device 'xc7z020'
INFO: [Synth 8-7079] Multithreading enabled for synth_design using a maximum of 4 processes.
---------------------------------------------------------------------------------
Starting Synthesize : Time (s): cpu = 00:00:04 ; elapsed = 00:00:04 . Memory (MB): peak = 14086.891 ; gain = 0.000 ; free physical = 4124 ; free virtual = 17550
---------------------------------------------------------------------------------
Clean up Linter database...
INFO: [Synth 8-11241] undeclared symbol 'dec_zz_cmd_valid', assumed default net type 'wire' [/home/jsp/Storage/CFU_PYNQ_FIles/CFU_SRC/pynq_z2/pynq_z2/arunQAFDHGDZXVNBDXG_gae.srcs/sources_1/new/Cfu.v:78]
INFO: [Synth 8-11241] undeclared symbol 'dec_zz_cmd_ready', assumed default net type 'wire' [/home/jsp/Storage/CFU_PYNQ_FIles/CFU_SRC/pynq_z2/pynq_z2/arunQAFDHGDZXVNBDXG_gae.srcs/sources_1/new/Cfu.v:78]
INFO: [Synth 8-11241] undeclared symbol 'dec_zz_cmd_payload_function_id', assumed default net type 'wire' [/home/jsp/Storage/CFU_PYNQ_FIles/CFU_SRC/pynq_z2/pynq_z2/arunQAFDHGDZXVNBDXG_gae.srcs/sources_1/new/Cfu.v:79]
INFO: [Synth 8-11241] undeclared symbol 'dec_zz_cmd_payload_inputs_0', assumed default net type 'wire' [/home/jsp/Storage/CFU_PYNQ_FIles/CFU_SRC/pynq_z2/pynq_z2/arunQAFDHGDZXVNBDXG_gae.srcs/sources_1/new/Cfu.v:80]
INFO: [Synth 8-11241] undeclared symbol 'dec_zz_cmd_payload_inputs_1', assumed default net type 'wire' [/home/jsp/Storage/CFU_PYNQ_FIles/CFU_SRC/pynq_z2/pynq_z2/arunQAFDHGDZXVNBDXG_gae.srcs/sources_1/new/Cfu.v:80]
INFO: [Synth 8-11241] undeclared symbol 'dec_zz_rsp_valid', assumed default net type 'wire' [/home/jsp/Storage/CFU_PYNQ_FIles/CFU_SRC/pynq_z2/pynq_z2/arunQAFDHGDZXVNBDXG_gae.srcs/sources_1/new/Cfu.v:81]
INFO: [Synth 8-11241] undeclared symbol 'dec_rsp_ready', assumed default net type 'wire' [/home/jsp/Storage/CFU_PYNQ_FIles/CFU_SRC/pynq_z2/pynq_z2/arunQAFDHGDZXVNBDXG_gae.srcs/sources_1/new/Cfu.v:81]
INFO: [Synth 8-11241] undeclared symbol 'dec_zz_rsp_payload_outputs_0', assumed default net type 'wire' [/home/jsp/Storage/CFU_PYNQ_FIles/CFU_SRC/pynq_z2/pynq_z2/arunQAFDHGDZXVNBDXG_gae.srcs/sources_1/new/Cfu.v:81]
INFO: [Synth 8-11241] undeclared symbol 'dec_reset', assumed default net type 'wire' [/home/jsp/Storage/CFU_PYNQ_FIles/CFU_SRC/pynq_z2/pynq_z2/arunQAFDHGDZXVNBDXG_gae.srcs/sources_1/new/Cfu.v:82]
INFO: [Synth 8-11241] undeclared symbol 'dec_clk', assumed default net type 'wire' [/home/jsp/Storage/CFU_PYNQ_FIles/CFU_SRC/pynq_z2/pynq_z2/arunQAFDHGDZXVNBDXG_gae.srcs/sources_1/new/Cfu.v:82]
INFO: [Synth 8-11241] undeclared symbol 'dec_cfu_id', assumed default net type 'wire' [/home/jsp/Storage/CFU_PYNQ_FIles/CFU_SRC/pynq_z2/pynq_z2/arunQAFDHGDZXVNBDXG_gae.srcs/sources_1/new/Cfu.v:82]
WARNING: [Synth 8-6901] identifier 'mul' is used before its declaration [/home/jsp/Storage/CFU_PYNQ_FIles/CFU_SRC/donut-accel/cfu.v:47]
WARNING: [Synth 8-6901] identifier 'mulsh' is used before its declaration [/home/jsp/Storage/CFU_PYNQ_FIles/CFU_SRC/donut-accel/cfu.v:47]
INFO: [Synth 8-6157] synthesizing module 'system_wrapper' [/home/jsp/Storage/CFU_PYNQ_FIles/CFU_SRC/pynq_z2/pynq_z2/arunQAFDHGDZXVNBDXG_gae.gen/sources_1/bd/system/hdl/system_wrapper.v:13]
INFO: [Synth 8-6157] synthesizing module 'system' [/home/jsp/Storage/CFU_PYNQ_FIles/CFU_SRC/pynq_z2/pynq_z2/arunQAFDHGDZXVNBDXG_gae.gen/sources_1/bd/system/synth/system.v:846]
INFO: [Synth 8-6157] synthesizing module 'system_axi_gpio_decouple_status_0' [/home/jsp/Storage/CFU_PYNQ_FIles/CFU_SRC/pynq_z2/pynq_z2/.Xil/Vivado-9334-jsp-H370M-D3H/realtime/system_axi_gpio_decouple_status_0_stub.v:6]
INFO: [Synth 8-6155] done synthesizing module 'system_axi_gpio_decouple_status_0' (1#1) [/home/jsp/Storage/CFU_PYNQ_FIles/CFU_SRC/pynq_z2/pynq_z2/.Xil/Vivado-9334-jsp-H370M-D3H/realtime/system_axi_gpio_decouple_status_0_stub.v:6]
INFO: [Synth 8-6157] synthesizing module 'system_axi_gpio_0_0' [/home/jsp/Storage/CFU_PYNQ_FIles/CFU_SRC/pynq_z2/pynq_z2/.Xil/Vivado-9334-jsp-H370M-D3H/realtime/system_axi_gpio_0_0_stub.v:6]
INFO: [Synth 8-6155] done synthesizing module 'system_axi_gpio_0_0' (2#1) [/home/jsp/Storage/CFU_PYNQ_FIles/CFU_SRC/pynq_z2/pynq_z2/.Xil/Vivado-9334-jsp-H370M-D3H/realtime/system_axi_gpio_0_0_stub.v:6]
INFO: [Synth 8-6157] synthesizing module 'system_axi_gpio_to_reconfig_0' [/home/jsp/Storage/CFU_PYNQ_FIles/CFU_SRC/pynq_z2/pynq_z2/.Xil/Vivado-9334-jsp-H370M-D3H/realtime/system_axi_gpio_to_reconfig_0_stub.v:6]
INFO: [Synth 8-6155] done synthesizing module 'system_axi_gpio_to_reconfig_0' (3#1) [/home/jsp/Storage/CFU_PYNQ_FIles/CFU_SRC/pynq_z2/pynq_z2/.Xil/Vivado-9334-jsp-H370M-D3H/realtime/system_axi_gpio_to_reconfig_0_stub.v:6]
INFO: [Synth 8-6157] synthesizing module 'system_axi_gpio_0_1' [/home/jsp/Storage/CFU_PYNQ_FIles/CFU_SRC/pynq_z2/pynq_z2/.Xil/Vivado-9334-jsp-H370M-D3H/realtime/system_axi_gpio_0_1_stub.v:6]
INFO: [Synth 8-6155] done synthesizing module 'system_axi_gpio_0_1' (4#1) [/home/jsp/Storage/CFU_PYNQ_FIles/CFU_SRC/pynq_z2/pynq_z2/.Xil/Vivado-9334-jsp-H370M-D3H/realtime/system_axi_gpio_0_1_stub.v:6]
INFO: [Synth 8-6157] synthesizing module 'system_processing_system7_0_0' [/home/jsp/Storage/CFU_PYNQ_FIles/CFU_SRC/pynq_z2/pynq_z2/.Xil/Vivado-9334-jsp-H370M-D3H/realtime/system_processing_system7_0_0_stub.v:6]
INFO: [Synth 8-6155] done synthesizing module 'system_processing_system7_0_0' (5#1) [/home/jsp/Storage/CFU_PYNQ_FIles/CFU_SRC/pynq_z2/pynq_z2/.Xil/Vivado-9334-jsp-H370M-D3H/realtime/system_processing_system7_0_0_stub.v:6]
WARNING: [Synth 8-7071] port 'USB0_PORT_INDCTL' of module 'system_processing_system7_0_0' is unconnected for instance 'processing_system7_0' [/home/jsp/Storage/CFU_PYNQ_FIles/CFU_SRC/pynq_z2/pynq_z2/arunQAFDHGDZXVNBDXG_gae.gen/sources_1/bd/system/synth/system.v:1135]
WARNING: [Synth 8-7071] port 'USB0_VBUS_PWRSELECT' of module 'system_processing_system7_0_0' is unconnected for instance 'processing_system7_0' [/home/jsp/Storage/CFU_PYNQ_FIles/CFU_SRC/pynq_z2/pynq_z2/arunQAFDHGDZXVNBDXG_gae.gen/sources_1/bd/system/synth/system.v:1135]
WARNING: [Synth 8-7023] instance 'processing_system7_0' of module 'system_processing_system7_0_0' has 66 connections declared, but only 64 given [/home/jsp/Storage/CFU_PYNQ_FIles/CFU_SRC/pynq_z2/pynq_z2/arunQAFDHGDZXVNBDXG_gae.gen/sources_1/bd/system/synth/system.v:1135]
INFO: [Synth 8-6157] synthesizing module 'system_ps7_0_axi_periph_0' [/home/jsp/Storage/CFU_PYNQ_FIles/CFU_SRC/pynq_z2/pynq_z2/arunQAFDHGDZXVNBDXG_gae.gen/sources_1/bd/system/synth/system.v:1340]
INFO: [Synth 8-6157] synthesizing module 'm00_couplers_imp_1H7AUOX' [/home/jsp/Storage/CFU_PYNQ_FIles/CFU_SRC/pynq_z2/pynq_z2/arunQAFDHGDZXVNBDXG_gae.gen/sources_1/bd/system/synth/system.v:13]
INFO: [Synth 8-6155] done synthesizing module 'm00_couplers_imp_1H7AUOX' (6#1) [/home/jsp/Storage/CFU_PYNQ_FIles/CFU_SRC/pynq_z2/pynq_z2/arunQAFDHGDZXVNBDXG_gae.gen/sources_1/bd/system/synth/system.v:13]
INFO: [Synth 8-6157] synthesizing module 'm01_couplers_imp_4Y7TYO' [/home/jsp/Storage/CFU_PYNQ_FIles/CFU_SRC/pynq_z2/pynq_z2/arunQAFDHGDZXVNBDXG_gae.gen/sources_1/bd/system/synth/system.v:145]
INFO: [Synth 8-6155] done synthesizing module 'm01_couplers_imp_4Y7TYO' (7#1) [/home/jsp/Storage/CFU_PYNQ_FIles/CFU_SRC/pynq_z2/pynq_z2/arunQAFDHGDZXVNBDXG_gae.gen/sources_1/bd/system/synth/system.v:145]
INFO: [Synth 8-6157] synthesizing module 'm02_couplers_imp_FKL2TE' [/home/jsp/Storage/CFU_PYNQ_FIles/CFU_SRC/pynq_z2/pynq_z2/arunQAFDHGDZXVNBDXG_gae.gen/sources_1/bd/system/synth/system.v:277]
INFO: [Synth 8-6155] done synthesizing module 'm02_couplers_imp_FKL2TE' (8#1) [/home/jsp/Storage/CFU_PYNQ_FIles/CFU_SRC/pynq_z2/pynq_z2/arunQAFDHGDZXVNBDXG_gae.gen/sources_1/bd/system/synth/system.v:277]
INFO: [Synth 8-6157] synthesizing module 'm03_couplers_imp_15QZ4LV' [/home/jsp/Storage/CFU_PYNQ_FIles/CFU_SRC/pynq_z2/pynq_z2/arunQAFDHGDZXVNBDXG_gae.gen/sources_1/bd/system/synth/system.v:409]
INFO: [Synth 8-6155] done synthesizing module 'm03_couplers_imp_15QZ4LV' (9#1) [/home/jsp/Storage/CFU_PYNQ_FIles/CFU_SRC/pynq_z2/pynq_z2/arunQAFDHGDZXVNBDXG_gae.gen/sources_1/bd/system/synth/system.v:409]
INFO: [Synth 8-6157] synthesizing module 's00_couplers_imp_11SE3QO' [/home/jsp/Storage/CFU_PYNQ_FIles/CFU_SRC/pynq_z2/pynq_z2/arunQAFDHGDZXVNBDXG_gae.gen/sources_1/bd/system/synth/system.v:541]
INFO: [Synth 8-6157] synthesizing module 'system_auto_pc_0' [/home/jsp/Storage/CFU_PYNQ_FIles/CFU_SRC/pynq_z2/pynq_z2/.Xil/Vivado-9334-jsp-H370M-D3H/realtime/system_auto_pc_0_stub.v:6]
INFO: [Synth 8-6155] done synthesizing module 'system_auto_pc_0' (10#1) [/home/jsp/Storage/CFU_PYNQ_FIles/CFU_SRC/pynq_z2/pynq_z2/.Xil/Vivado-9334-jsp-H370M-D3H/realtime/system_auto_pc_0_stub.v:6]
INFO: [Synth 8-6155] done synthesizing module 's00_couplers_imp_11SE3QO' (11#1) [/home/jsp/Storage/CFU_PYNQ_FIles/CFU_SRC/pynq_z2/pynq_z2/arunQAFDHGDZXVNBDXG_gae.gen/sources_1/bd/system/synth/system.v:541]
INFO: [Synth 8-6157] synthesizing module 'system_xbar_0' [/home/jsp/Storage/CFU_PYNQ_FIles/CFU_SRC/pynq_z2/pynq_z2/.Xil/Vivado-9334-jsp-H370M-D3H/realtime/system_xbar_0_stub.v:6]
INFO: [Synth 8-6155] done synthesizing module 'system_xbar_0' (12#1) [/home/jsp/Storage/CFU_PYNQ_FIles/CFU_SRC/pynq_z2/pynq_z2/.Xil/Vivado-9334-jsp-H370M-D3H/realtime/system_xbar_0_stub.v:6]
WARNING: [Synth 8-7071] port 'm_axi_awprot' of module 'system_xbar_0' is unconnected for instance 'xbar' [/home/jsp/Storage/CFU_PYNQ_FIles/CFU_SRC/pynq_z2/pynq_z2/arunQAFDHGDZXVNBDXG_gae.gen/sources_1/bd/system/synth/system.v:2100]
WARNING: [Synth 8-7071] port 'm_axi_arprot' of module 'system_xbar_0' is unconnected for instance 'xbar' [/home/jsp/Storage/CFU_PYNQ_FIles/CFU_SRC/pynq_z2/pynq_z2/arunQAFDHGDZXVNBDXG_gae.gen/sources_1/bd/system/synth/system.v:2100]
WARNING: [Synth 8-7023] instance 'xbar' of module 'system_xbar_0' has 40 connections declared, but only 38 given [/home/jsp/Storage/CFU_PYNQ_FIles/CFU_SRC/pynq_z2/pynq_z2/arunQAFDHGDZXVNBDXG_gae.gen/sources_1/bd/system/synth/system.v:2100]
INFO: [Synth 8-6155] done synthesizing module 'system_ps7_0_axi_periph_0' (13#1) [/home/jsp/Storage/CFU_PYNQ_FIles/CFU_SRC/pynq_z2/pynq_z2/arunQAFDHGDZXVNBDXG_gae.gen/sources_1/bd/system/synth/system.v:1340]
INFO: [Synth 8-6157] synthesizing module 'system_rst_ps7_0_100M_0' [/home/jsp/Storage/CFU_PYNQ_FIles/CFU_SRC/pynq_z2/pynq_z2/.Xil/Vivado-9334-jsp-H370M-D3H/realtime/system_rst_ps7_0_100M_0_stub.v:6]
INFO: [Synth 8-6155] done synthesizing module 'system_rst_ps7_0_100M_0' (14#1) [/home/jsp/Storage/CFU_PYNQ_FIles/CFU_SRC/pynq_z2/pynq_z2/.Xil/Vivado-9334-jsp-H370M-D3H/realtime/system_rst_ps7_0_100M_0_stub.v:6]
WARNING: [Synth 8-7071] port 'mb_reset' of module 'system_rst_ps7_0_100M_0' is unconnected for instance 'rst_ps7_0_100M' [/home/jsp/Storage/CFU_PYNQ_FIles/CFU_SRC/pynq_z2/pynq_z2/arunQAFDHGDZXVNBDXG_gae.gen/sources_1/bd/system/synth/system.v:1319]
WARNING: [Synth 8-7071] port 'bus_struct_reset' of module 'system_rst_ps7_0_100M_0' is unconnected for instance 'rst_ps7_0_100M' [/home/jsp/Storage/CFU_PYNQ_FIles/CFU_SRC/pynq_z2/pynq_z2/arunQAFDHGDZXVNBDXG_gae.gen/sources_1/bd/system/synth/system.v:1319]
WARNING: [Synth 8-7071] port 'peripheral_reset' of module 'system_rst_ps7_0_100M_0' is unconnected for instance 'rst_ps7_0_100M' [/home/jsp/Storage/CFU_PYNQ_FIles/CFU_SRC/pynq_z2/pynq_z2/arunQAFDHGDZXVNBDXG_gae.gen/sources_1/bd/system/synth/system.v:1319]
WARNING: [Synth 8-7071] port 'interconnect_aresetn' of module 'system_rst_ps7_0_100M_0' is unconnected for instance 'rst_ps7_0_100M' [/home/jsp/Storage/CFU_PYNQ_FIles/CFU_SRC/pynq_z2/pynq_z2/arunQAFDHGDZXVNBDXG_gae.gen/sources_1/bd/system/synth/system.v:1319]
WARNING: [Synth 8-7023] instance 'rst_ps7_0_100M' of module 'system_rst_ps7_0_100M_0' has 10 connections declared, but only 6 given [/home/jsp/Storage/CFU_PYNQ_FIles/CFU_SRC/pynq_z2/pynq_z2/arunQAFDHGDZXVNBDXG_gae.gen/sources_1/bd/system/synth/system.v:1319]
INFO: [Synth 8-6157] synthesizing module 'system_tul_pynq_z2_0_0' [/home/jsp/Storage/CFU_PYNQ_FIles/CFU_SRC/pynq_z2/pynq_z2/.Xil/Vivado-9334-jsp-H370M-D3H/realtime/system_tul_pynq_z2_0_0_stub.v:6]
INFO: [Synth 8-6155] done synthesizing module 'system_tul_pynq_z2_0_0' (15#1) [/home/jsp/Storage/CFU_PYNQ_FIles/CFU_SRC/pynq_z2/pynq_z2/.Xil/Vivado-9334-jsp-H370M-D3H/realtime/system_tul_pynq_z2_0_0_stub.v:6]
INFO: [Synth 8-6155] done synthesizing module 'system' (16#1) [/home/jsp/Storage/CFU_PYNQ_FIles/CFU_SRC/pynq_z2/pynq_z2/arunQAFDHGDZXVNBDXG_gae.gen/sources_1/bd/system/synth/system.v:846]
INFO: [Synth 8-6155] done synthesizing module 'system_wrapper' (17#1) [/home/jsp/Storage/CFU_PYNQ_FIles/CFU_SRC/pynq_z2/pynq_z2/arunQAFDHGDZXVNBDXG_gae.gen/sources_1/bd/system/hdl/system_wrapper.v:13]
---------------------------------------------------------------------------------
Finished Synthesize : Time (s): cpu = 00:00:05 ; elapsed = 00:00:05 . Memory (MB): peak = 14086.891 ; gain = 0.000 ; free physical = 4070 ; free virtual = 17496
---------------------------------------------------------------------------------
Copyright 1986-2022 Xilinx, Inc. All Rights Reserved. Copyright 2022-2024 Advanced Micro Devices, Inc. All Rights Reserved.
---------------------------------------------------------------------------------------------------------------------------------------------
| Tool Version : Vivado v.2024.1 (lin64) Build 5076996 Wed May 22 18:36:09 MDT 2024
| Date         : Sat Nov  8 00:06:05 2025
| Host         : jsp-H370M-D3H running 64-bit Ubuntu 24.04.3 LTS
---------------------------------------------------------------------------------------------------------------------------------------------

RTL Linter Report

Table of Contents
-----------------
1. Summary

1. Summary
----------

+-----------+----------+--------------+----------+
| Rule ID   | Severity | # Violations | # Waived |
+-----------+----------+--------------+----------+
| ASSIGN-5  | WARNING  | 21           | 0        |
| ASSIGN-6  | WARNING  | 8            | 0        |
| ASSIGN-10 | WARNING  | 28           | 0        |
+-----------+----------+--------------+----------+


WARNING: [Synth 37-124] [ASSIGN-5]Some bits in 'processing_system7_0_DDR_ADDR' are not set. First unset bit index is 0. 
RTL Name 'processing_system7_0_DDR_ADDR', Hierarchy 'system', File 'system.v', Line 904.
WARNING: [Synth 37-124] [ASSIGN-5]Some bits in 'processing_system7_0_DDR_BA' are not set. First unset bit index is 0. 
RTL Name 'processing_system7_0_DDR_BA', Hierarchy 'system', File 'system.v', Line 905.
WARNING: [Synth 37-95] [ASSIGN-5]Found scalar variable(s) 'processing_system7_0_DDR_CAS_N' declared and are not set.
RTL Name 'processing_system7_0_DDR_CAS_N', Hierarchy 'system', File '/home/jsp/Storage/CFU_PYNQ_FIles/CFU_SRC/pynq_z2/pynq_z2/arunQAFDHGDZXVNBDXG_gae.gen/sources_1/bd/system/synth/system.v', Line 906.
WARNING: [Synth 37-95] [ASSIGN-5]Found scalar variable(s) 'processing_system7_0_DDR_CKE' declared and are not set.
RTL Name 'processing_system7_0_DDR_CKE', Hierarchy 'system', File '/home/jsp/Storage/CFU_PYNQ_FIles/CFU_SRC/pynq_z2/pynq_z2/arunQAFDHGDZXVNBDXG_gae.gen/sources_1/bd/system/synth/system.v', Line 907.
WARNING: [Synth 37-95] [ASSIGN-5]Found scalar variable(s) 'processing_system7_0_DDR_CK_N' declared and are not set.
RTL Name 'processing_system7_0_DDR_CK_N', Hierarchy 'system', File '/home/jsp/Storage/CFU_PYNQ_FIles/CFU_SRC/pynq_z2/pynq_z2/arunQAFDHGDZXVNBDXG_gae.gen/sources_1/bd/system/synth/system.v', Line 908.
WARNING: [Synth 37-95] [ASSIGN-5]Found scalar variable(s) 'processing_system7_0_DDR_CK_P' declared and are not set.
RTL Name 'processing_system7_0_DDR_CK_P', Hierarchy 'system', File '/home/jsp/Storage/CFU_PYNQ_FIles/CFU_SRC/pynq_z2/pynq_z2/arunQAFDHGDZXVNBDXG_gae.gen/sources_1/bd/system/synth/system.v', Line 909.
WARNING: [Synth 37-95] [ASSIGN-5]Found scalar variable(s) 'processing_system7_0_DDR_CS_N' declared and are not set.
RTL Name 'processing_system7_0_DDR_CS_N', Hierarchy 'system', File '/home/jsp/Storage/CFU_PYNQ_FIles/CFU_SRC/pynq_z2/pynq_z2/arunQAFDHGDZXVNBDXG_gae.gen/sources_1/bd/system/synth/system.v', Line 910.
WARNING: [Synth 37-124] [ASSIGN-5]Some bits in 'processing_system7_0_DDR_DM' are not set. First unset bit index is 0. 
RTL Name 'processing_system7_0_DDR_DM', Hierarchy 'system', File 'system.v', Line 911.
WARNING: [Synth 37-124] [ASSIGN-5]Some bits in 'processing_system7_0_DDR_DQ' are not set. First unset bit index is 0. 
RTL Name 'processing_system7_0_DDR_DQ', Hierarchy 'system', File 'system.v', Line 912.
WARNING: [Synth 37-124] [ASSIGN-5]Some bits in 'processing_system7_0_DDR_DQS_N' are not set. First unset bit index is 0. 
RTL Name 'processing_system7_0_DDR_DQS_N', Hierarchy 'system', File 'system.v', Line 913.
WARNING: [Synth 37-124] [ASSIGN-5]Some bits in 'processing_system7_0_DDR_DQS_P' are not set. First unset bit index is 0. 
RTL Name 'processing_system7_0_DDR_DQS_P', Hierarchy 'system', File 'system.v', Line 914.
WARNING: [Synth 37-95] [ASSIGN-5]Found scalar variable(s) 'processing_system7_0_DDR_ODT' declared and are not set.
RTL Name 'processing_system7_0_DDR_ODT', Hierarchy 'system', File '/home/jsp/Storage/CFU_PYNQ_FIles/CFU_SRC/pynq_z2/pynq_z2/arunQAFDHGDZXVNBDXG_gae.gen/sources_1/bd/system/synth/system.v', Line 915.
WARNING: [Synth 37-95] [ASSIGN-5]Found scalar variable(s) 'processing_system7_0_DDR_RAS_N' declared and are not set.
RTL Name 'processing_system7_0_DDR_RAS_N', Hierarchy 'system', File '/home/jsp/Storage/CFU_PYNQ_FIles/CFU_SRC/pynq_z2/pynq_z2/arunQAFDHGDZXVNBDXG_gae.gen/sources_1/bd/system/synth/system.v', Line 916.
WARNING: [Synth 37-95] [ASSIGN-5]Found scalar variable(s) 'processing_system7_0_DDR_RESET_N' declared and are not set.
RTL Name 'processing_system7_0_DDR_RESET_N', Hierarchy 'system', File '/home/jsp/Storage/CFU_PYNQ_FIles/CFU_SRC/pynq_z2/pynq_z2/arunQAFDHGDZXVNBDXG_gae.gen/sources_1/bd/system/synth/system.v', Line 917.
WARNING: [Synth 37-95] [ASSIGN-5]Found scalar variable(s) 'processing_system7_0_DDR_WE_N' declared and are not set.
RTL Name 'processing_system7_0_DDR_WE_N', Hierarchy 'system', File '/home/jsp/Storage/CFU_PYNQ_FIles/CFU_SRC/pynq_z2/pynq_z2/arunQAFDHGDZXVNBDXG_gae.gen/sources_1/bd/system/synth/system.v', Line 918.
WARNING: [Synth 37-95] [ASSIGN-5]Found scalar variable(s) 'processing_system7_0_FIXED_IO_DDR_VRN' declared and are not set.
RTL Name 'processing_system7_0_FIXED_IO_DDR_VRN', Hierarchy 'system', File '/home/jsp/Storage/CFU_PYNQ_FIles/CFU_SRC/pynq_z2/pynq_z2/arunQAFDHGDZXVNBDXG_gae.gen/sources_1/bd/system/synth/system.v', Line 922.
WARNING: [Synth 37-95] [ASSIGN-5]Found scalar variable(s) 'processing_system7_0_FIXED_IO_DDR_VRP' declared and are not set.
RTL Name 'processing_system7_0_FIXED_IO_DDR_VRP', Hierarchy 'system', File '/home/jsp/Storage/CFU_PYNQ_FIles/CFU_SRC/pynq_z2/pynq_z2/arunQAFDHGDZXVNBDXG_gae.gen/sources_1/bd/system/synth/system.v', Line 923.
WARNING: [Synth 37-124] [ASSIGN-5]Some bits in 'processing_system7_0_FIXED_IO_MIO' are not set. First unset bit index is 0. 
RTL Name 'processing_system7_0_FIXED_IO_MIO', Hierarchy 'system', File 'system.v', Line 924.
WARNING: [Synth 37-95] [ASSIGN-5]Found scalar variable(s) 'processing_system7_0_FIXED_IO_PS_CLK' declared and are not set.
RTL Name 'processing_system7_0_FIXED_IO_PS_CLK', Hierarchy 'system', File '/home/jsp/Storage/CFU_PYNQ_FIles/CFU_SRC/pynq_z2/pynq_z2/arunQAFDHGDZXVNBDXG_gae.gen/sources_1/bd/system/synth/system.v', Line 925.
WARNING: [Synth 37-95] [ASSIGN-5]Found scalar variable(s) 'processing_system7_0_FIXED_IO_PS_PORB' declared and are not set.
RTL Name 'processing_system7_0_FIXED_IO_PS_PORB', Hierarchy 'system', File '/home/jsp/Storage/CFU_PYNQ_FIles/CFU_SRC/pynq_z2/pynq_z2/arunQAFDHGDZXVNBDXG_gae.gen/sources_1/bd/system/synth/system.v', Line 926.
WARNING: [Synth 37-95] [ASSIGN-5]Found scalar variable(s) 'processing_system7_0_FIXED_IO_PS_SRSTB' declared and are not set.
RTL Name 'processing_system7_0_FIXED_IO_PS_SRSTB', Hierarchy 'system', File '/home/jsp/Storage/CFU_PYNQ_FIles/CFU_SRC/pynq_z2/pynq_z2/arunQAFDHGDZXVNBDXG_gae.gen/sources_1/bd/system/synth/system.v', Line 927.
WARNING: [Synth 37-123] [ASSIGN-6]Some bits in 'ps7_0_axi_periph_M00_AXI_ARADDR' are not read. First unread bit index is 9. 
RTL Name 'ps7_0_axi_periph_M00_AXI_ARADDR', Hierarchy 'system', File 'system.v', Line 966.
WARNING: [Synth 37-123] [ASSIGN-6]Some bits in 'ps7_0_axi_periph_M00_AXI_AWADDR' are not read. First unread bit index is 9. 
RTL Name 'ps7_0_axi_periph_M00_AXI_AWADDR', Hierarchy 'system', File 'system.v', Line 969.
WARNING: [Synth 37-123] [ASSIGN-6]Some bits in 'ps7_0_axi_periph_M01_AXI_ARADDR' are not read. First unread bit index is 9. 
RTL Name 'ps7_0_axi_periph_M01_AXI_ARADDR', Hierarchy 'system', File 'system.v', Line 983.
WARNING: [Synth 37-123] [ASSIGN-6]Some bits in 'ps7_0_axi_periph_M01_AXI_AWADDR' are not read. First unread bit index is 9. 
RTL Name 'ps7_0_axi_periph_M01_AXI_AWADDR', Hierarchy 'system', File 'system.v', Line 986.
WARNING: [Synth 37-123] [ASSIGN-6]Some bits in 'ps7_0_axi_periph_M02_AXI_ARADDR' are not read. First unread bit index is 9. 
RTL Name 'ps7_0_axi_periph_M02_AXI_ARADDR', Hierarchy 'system', File 'system.v', Line 1000.
WARNING: [Synth 37-123] [ASSIGN-6]Some bits in 'ps7_0_axi_periph_M02_AXI_AWADDR' are not read. First unread bit index is 9. 
RTL Name 'ps7_0_axi_periph_M02_AXI_AWADDR', Hierarchy 'system', File 'system.v', Line 1003.
WARNING: [Synth 37-123] [ASSIGN-6]Some bits in 'ps7_0_axi_periph_M03_AXI_ARADDR' are not read. First unread bit index is 9. 
RTL Name 'ps7_0_axi_periph_M03_AXI_ARADDR', Hierarchy 'system', File 'system.v', Line 1017.
WARNING: [Synth 37-123] [ASSIGN-6]Some bits in 'ps7_0_axi_periph_M03_AXI_AWADDR' are not read. First unread bit index is 9. 
RTL Name 'ps7_0_axi_periph_M03_AXI_AWADDR', Hierarchy 'system', File 'system.v', Line 1020.
WARNING: [Synth 37-125] [ASSIGN-10]Some bits in IO 'M00_ACLK' are not read. First unread bit index is 0. 
RTL Name 'M00_ACLK', Hierarchy 'system_ps7_0_axi_periph_0', File 'system.v', Line 1461.
WARNING: [Synth 37-125] [ASSIGN-10]Some bits in IO 'M00_ARESETN' are not read. First unread bit index is 0. 
RTL Name 'M00_ARESETN', Hierarchy 'system_ps7_0_axi_periph_0', File 'system.v', Line 1462.
WARNING: [Synth 37-125] [ASSIGN-10]Some bits in IO 'M01_ACLK' are not read. First unread bit index is 0. 
RTL Name 'M01_ACLK', Hierarchy 'system_ps7_0_axi_periph_0', File 'system.v', Line 1480.
WARNING: [Synth 37-125] [ASSIGN-10]Some bits in IO 'M01_ARESETN' are not read. First unread bit index is 0. 
RTL Name 'M01_ARESETN', Hierarchy 'system_ps7_0_axi_periph_0', File 'system.v', Line 1481.
WARNING: [Synth 37-125] [ASSIGN-10]Some bits in IO 'M02_ACLK' are not read. First unread bit index is 0. 
RTL Name 'M02_ACLK', Hierarchy 'system_ps7_0_axi_periph_0', File 'system.v', Line 1499.
WARNING: [Synth 37-125] [ASSIGN-10]Some bits in IO 'M02_ARESETN' are not read. First unread bit index is 0. 
RTL Name 'M02_ARESETN', Hierarchy 'system_ps7_0_axi_periph_0', File 'system.v', Line 1500.
WARNING: [Synth 37-125] [ASSIGN-10]Some bits in IO 'M03_ACLK' are not read. First unread bit index is 0. 
RTL Name 'M03_ACLK', Hierarchy 'system_ps7_0_axi_periph_0', File 'system.v', Line 1518.
WARNING: [Synth 37-125] [ASSIGN-10]Some bits in IO 'M03_ARESETN' are not read. First unread bit index is 0. 
RTL Name 'M03_ARESETN', Hierarchy 'system_ps7_0_axi_periph_0', File 'system.v', Line 1519.
WARNING: [Synth 37-125] [ASSIGN-10]Some bits in IO 'M_ACLK' are not read. First unread bit index is 0. 
RTL Name 'M_ACLK', Hierarchy 'm00_couplers_imp_1H7AUOX', File 'system.v', Line 52.
WARNING: [Synth 37-125] [ASSIGN-10]Some bits in IO 'M_ACLK' are not read. First unread bit index is 0. 
RTL Name 'M_ACLK', Hierarchy 'm03_couplers_imp_15QZ4LV', File 'system.v', Line 448.
WARNING: [Synth 37-125] [ASSIGN-10]Some bits in IO 'M_ACLK' are not read. First unread bit index is 0. 
RTL Name 'M_ACLK', Hierarchy 'm02_couplers_imp_FKL2TE', File 'system.v', Line 316.
WARNING: [Synth 37-125] [ASSIGN-10]Some bits in IO 'M_ACLK' are not read. First unread bit index is 0. 
RTL Name 'M_ACLK', Hierarchy 'm01_couplers_imp_4Y7TYO', File 'system.v', Line 184.
WARNING: [Synth 37-125] [ASSIGN-10]Some bits in IO 'M_ACLK' are not read. First unread bit index is 0. 
RTL Name 'M_ACLK', Hierarchy 's00_couplers_imp_11SE3QO', File 'system.v', Line 603.
WARNING: [Synth 37-125] [ASSIGN-10]Some bits in IO 'M_ARESETN' are not read. First unread bit index is 0. 
RTL Name 'M_ARESETN', Hierarchy 'm01_couplers_imp_4Y7TYO', File 'system.v', Line 185.
WARNING: [Synth 37-125] [ASSIGN-10]Some bits in IO 'M_ARESETN' are not read. First unread bit index is 0. 
RTL Name 'M_ARESETN', Hierarchy 'm00_couplers_imp_1H7AUOX', File 'system.v', Line 53.
WARNING: [Synth 37-125] [ASSIGN-10]Some bits in IO 'M_ARESETN' are not read. First unread bit index is 0. 
RTL Name 'M_ARESETN', Hierarchy 'm02_couplers_imp_FKL2TE', File 'system.v', Line 317.
WARNING: [Synth 37-125] [ASSIGN-10]Some bits in IO 'M_ARESETN' are not read. First unread bit index is 0. 
RTL Name 'M_ARESETN', Hierarchy 'm03_couplers_imp_15QZ4LV', File 'system.v', Line 449.
WARNING: [Synth 37-125] [ASSIGN-10]Some bits in IO 'M_ARESETN' are not read. First unread bit index is 0. 
RTL Name 'M_ARESETN', Hierarchy 's00_couplers_imp_11SE3QO', File 'system.v', Line 604.
WARNING: [Synth 37-125] [ASSIGN-10]Some bits in IO 'S00_ACLK' are not read. First unread bit index is 0. 
RTL Name 'S00_ACLK', Hierarchy 'system_ps7_0_axi_periph_0', File 'system.v', Line 1537.
WARNING: [Synth 37-125] [ASSIGN-10]Some bits in IO 'S00_ARESETN' are not read. First unread bit index is 0. 
RTL Name 'S00_ARESETN', Hierarchy 'system_ps7_0_axi_periph_0', File 'system.v', Line 1538.
WARNING: [Synth 37-125] [ASSIGN-10]Some bits in IO 'S_ACLK' are not read. First unread bit index is 0. 
RTL Name 'S_ACLK', Hierarchy 'm02_couplers_imp_FKL2TE', File 'system.v', Line 335.
WARNING: [Synth 37-125] [ASSIGN-10]Some bits in IO 'S_ACLK' are not read. First unread bit index is 0. 
RTL Name 'S_ACLK', Hierarchy 'm01_couplers_imp_4Y7TYO', File 'system.v', Line 203.
WARNING: [Synth 37-125] [ASSIGN-10]Some bits in IO 'S_ACLK' are not read. First unread bit index is 0. 
RTL Name 'S_ACLK', Hierarchy 'm03_couplers_imp_15QZ4LV', File 'system.v', Line 467.
WARNING: [Synth 37-125] [ASSIGN-10]Some bits in IO 'S_ACLK' are not read. First unread bit index is 0. 
RTL Name 'S_ACLK', Hierarchy 'm00_couplers_imp_1H7AUOX', File 'system.v', Line 71.
WARNING: [Synth 37-125] [ASSIGN-10]Some bits in IO 'S_ARESETN' are not read. First unread bit index is 0. 
RTL Name 'S_ARESETN', Hierarchy 'm02_couplers_imp_FKL2TE', File 'system.v', Line 336.
WARNING: [Synth 37-125] [ASSIGN-10]Some bits in IO 'S_ARESETN' are not read. First unread bit index is 0. 
RTL Name 'S_ARESETN', Hierarchy 'm01_couplers_imp_4Y7TYO', File 'system.v', Line 204.
WARNING: [Synth 37-125] [ASSIGN-10]Some bits in IO 'S_ARESETN' are not read. First unread bit index is 0. 
RTL Name 'S_ARESETN', Hierarchy 'm03_couplers_imp_15QZ4LV', File 'system.v', Line 468.
WARNING: [Synth 37-125] [ASSIGN-10]Some bits in IO 'S_ARESETN' are not read. First unread bit index is 0. 
RTL Name 'S_ARESETN', Hierarchy 'm00_couplers_imp_1H7AUOX', File 'system.v', Line 72.
INFO: [Synth 37-85] Total of 57 linter message(s) generated.
INFO: [Synth 37-45] Linter Run Finished!
Synthesis Optimization Runtime : Time (s): cpu = 00:00:05 ; elapsed = 00:00:05 . Memory (MB): peak = 14086.891 ; gain = 0.000 ; free physical = 4077 ; free virtual = 17503
INFO: [Common 17-83] Releasing license: Synthesis
50 Infos, 70 Warnings, 0 Critical Warnings and 0 Errors encountered.
synth_design completed successfully
synth_design: Time (s): cpu = 00:00:05 ; elapsed = 00:00:05 . Memory (MB): peak = 14086.891 ; gain = 0.000 ; free physical = 4077 ; free virtual = 17503
INFO: [Common 17-2834] synth_design peak Physical Memory [PSS] (MB): overall = 4914.139; main = 4754.041; forked = 160.098
INFO: [Common 17-2834] synth_design peak Virtual Memory [VSS] (MB): overall = 14441.941; main = 13819.727; forked = 622.215
WARNING: [filemgmt 56-199] Attempt to get parsing info during refresh. "On-the-fly" syntax checking information may be incorrect. [/home/jsp/Storage/CFU_PYNQ_FIles/CFU_SRC/donut-accel/cfu.v:]
WARNING: [filemgmt 56-199] Attempt to get parsing info during refresh. "On-the-fly" syntax checking information may be incorrect. [/home/jsp/Storage/CFU_PYNQ_FIles/CFU_SRC/pynq_z2/pynq_z2/arunQAFDHGDZXVNBDXG_gae.srcs/sources_1/new/Cfu.v:]
WARNING: [filemgmt 56-199] Attempt to get parsing info during refresh. "On-the-fly" syntax checking information may be incorrect. [/home/jsp/Storage/CFU_PYNQ_FIles/CFU_SRC/pynq_z2/pynq_z2/arunQAFDHGDZXVNBDXG_gae.srcs/sources_1/new/tul_pynq_z2.v:]
WARNING: [filemgmt 56-199] Attempt to get parsing info during refresh. "On-the-fly" syntax checking information may be incorrect. [/home/jsp/Storage/CFU_PYNQ_FIles/CFU_SRC/donut-accel/cfu.v:]
WARNING: [filemgmt 56-199] Attempt to get parsing info during refresh. "On-the-fly" syntax checking information may be incorrect. [/home/jsp/Storage/CFU_PYNQ_FIles/CFU_SRC/donut-accel/cfu.v:]
WARNING: [filemgmt 56-199] Attempt to get parsing info during refresh. "On-the-fly" syntax checking information may be incorrect. [/home/jsp/Storage/CFU_PYNQ_FIles/CFU_SRC/donut-accel/cfu.v:]
WARNING: [filemgmt 56-199] Attempt to get parsing info during refresh. "On-the-fly" syntax checking information may be incorrect. [/home/jsp/Storage/CFU_PYNQ_FIles/CFU_SRC/pynq_z2/pynq_z2/arunQAFDHGDZXVNBDXG_gae.srcs/sources_1/new/Cfu.v:]
WARNING: [filemgmt 56-199] Attempt to get parsing info during refresh. "On-the-fly" syntax checking information may be incorrect. [/home/jsp/Storage/CFU_PYNQ_FIles/CFU_SRC/pynq_z2/pynq_z2/arunQAFDHGDZXVNBDXG_gae.srcs/sources_1/new/tul_pynq_z2.v:]
WARNING: [filemgmt 56-199] Attempt to get parsing info during refresh. "On-the-fly" syntax checking information may be incorrect. [/home/jsp/Storage/CFU_PYNQ_FIles/CFU_SRC/pynq_z2/pynq_z2/arunQAFDHGDZXVNBDXG_gae.srcs/sources_1/new/tul_pynq_z2.v:]
WARNING: [filemgmt 56-199] Attempt to get parsing info during refresh. "On-the-fly" syntax checking information may be incorrect. [/home/jsp/Storage/CFU_PYNQ_FIles/CFU_SRC/pynq_z2/pynq_z2/arunQAFDHGDZXVNBDXG_gae.srcs/sources_1/new/tul_pynq_z2.v:]
create_ip_run [get_files -of_objects [get_fileset sources_1] /home/jsp/Storage/CFU_PYNQ_FIles/CFU_SRC/pynq_z2/pynq_z2/arunQAFDHGDZXVNBDXG_gae.srcs/sources_1/bd/system/system.bd]
synth_design -top system_wrapper -part xc7z020clg400-1 -lint 
Command: synth_design -top system_wrapper -part xc7z020clg400-1 -lint
Starting synth_design
Attempting to get a license for feature 'Synthesis' and/or device 'xc7z020'
INFO: [Common 17-349] Got license for feature 'Synthesis' and/or device 'xc7z020'
INFO: [Synth 8-7079] Multithreading enabled for synth_design using a maximum of 4 processes.
---------------------------------------------------------------------------------
Starting Synthesize : Time (s): cpu = 00:00:06 ; elapsed = 00:00:04 . Memory (MB): peak = 14178.887 ; gain = 0.000 ; free physical = 3872 ; free virtual = 17297
---------------------------------------------------------------------------------
Clean up Linter database...
INFO: [Synth 8-11241] undeclared symbol 'dec_zz_cmd_valid', assumed default net type 'wire' [/home/jsp/Storage/CFU_PYNQ_FIles/CFU_SRC/pynq_z2/pynq_z2/arunQAFDHGDZXVNBDXG_gae.srcs/sources_1/new/Cfu.v:78]
INFO: [Synth 8-11241] undeclared symbol 'dec_zz_cmd_ready', assumed default net type 'wire' [/home/jsp/Storage/CFU_PYNQ_FIles/CFU_SRC/pynq_z2/pynq_z2/arunQAFDHGDZXVNBDXG_gae.srcs/sources_1/new/Cfu.v:78]
INFO: [Synth 8-11241] undeclared symbol 'dec_zz_cmd_payload_function_id', assumed default net type 'wire' [/home/jsp/Storage/CFU_PYNQ_FIles/CFU_SRC/pynq_z2/pynq_z2/arunQAFDHGDZXVNBDXG_gae.srcs/sources_1/new/Cfu.v:79]
INFO: [Synth 8-11241] undeclared symbol 'dec_zz_cmd_payload_inputs_0', assumed default net type 'wire' [/home/jsp/Storage/CFU_PYNQ_FIles/CFU_SRC/pynq_z2/pynq_z2/arunQAFDHGDZXVNBDXG_gae.srcs/sources_1/new/Cfu.v:80]
INFO: [Synth 8-11241] undeclared symbol 'dec_zz_cmd_payload_inputs_1', assumed default net type 'wire' [/home/jsp/Storage/CFU_PYNQ_FIles/CFU_SRC/pynq_z2/pynq_z2/arunQAFDHGDZXVNBDXG_gae.srcs/sources_1/new/Cfu.v:80]
INFO: [Synth 8-11241] undeclared symbol 'dec_zz_rsp_valid', assumed default net type 'wire' [/home/jsp/Storage/CFU_PYNQ_FIles/CFU_SRC/pynq_z2/pynq_z2/arunQAFDHGDZXVNBDXG_gae.srcs/sources_1/new/Cfu.v:81]
INFO: [Synth 8-11241] undeclared symbol 'dec_rsp_ready', assumed default net type 'wire' [/home/jsp/Storage/CFU_PYNQ_FIles/CFU_SRC/pynq_z2/pynq_z2/arunQAFDHGDZXVNBDXG_gae.srcs/sources_1/new/Cfu.v:81]
INFO: [Synth 8-11241] undeclared symbol 'dec_zz_rsp_payload_outputs_0', assumed default net type 'wire' [/home/jsp/Storage/CFU_PYNQ_FIles/CFU_SRC/pynq_z2/pynq_z2/arunQAFDHGDZXVNBDXG_gae.srcs/sources_1/new/Cfu.v:81]
INFO: [Synth 8-11241] undeclared symbol 'dec_reset', assumed default net type 'wire' [/home/jsp/Storage/CFU_PYNQ_FIles/CFU_SRC/pynq_z2/pynq_z2/arunQAFDHGDZXVNBDXG_gae.srcs/sources_1/new/Cfu.v:82]
INFO: [Synth 8-11241] undeclared symbol 'dec_clk', assumed default net type 'wire' [/home/jsp/Storage/CFU_PYNQ_FIles/CFU_SRC/pynq_z2/pynq_z2/arunQAFDHGDZXVNBDXG_gae.srcs/sources_1/new/Cfu.v:82]
INFO: [Synth 8-11241] undeclared symbol 'dec_cfu_id', assumed default net type 'wire' [/home/jsp/Storage/CFU_PYNQ_FIles/CFU_SRC/pynq_z2/pynq_z2/arunQAFDHGDZXVNBDXG_gae.srcs/sources_1/new/Cfu.v:82]
WARNING: [Synth 8-6901] identifier 'mul' is used before its declaration [/home/jsp/Storage/CFU_PYNQ_FIles/CFU_SRC/donut-accel/cfu.v:47]
WARNING: [Synth 8-6901] identifier 'mulsh' is used before its declaration [/home/jsp/Storage/CFU_PYNQ_FIles/CFU_SRC/donut-accel/cfu.v:47]
INFO: [Synth 8-6157] synthesizing module 'system_wrapper' [/home/jsp/Storage/CFU_PYNQ_FIles/CFU_SRC/pynq_z2/pynq_z2/arunQAFDHGDZXVNBDXG_gae.gen/sources_1/bd/system/hdl/system_wrapper.v:13]
INFO: [Synth 8-6157] synthesizing module 'system' [/home/jsp/Storage/CFU_PYNQ_FIles/CFU_SRC/pynq_z2/pynq_z2/arunQAFDHGDZXVNBDXG_gae.gen/sources_1/bd/system/synth/system.v:846]
INFO: [Synth 8-6157] synthesizing module 'system_axi_gpio_decouple_status_0' [/home/jsp/Storage/CFU_PYNQ_FIles/CFU_SRC/pynq_z2/pynq_z2/.Xil/Vivado-9334-jsp-H370M-D3H/realtime/system_axi_gpio_decouple_status_0_stub.v:6]
INFO: [Synth 8-6155] done synthesizing module 'system_axi_gpio_decouple_status_0' (1#1) [/home/jsp/Storage/CFU_PYNQ_FIles/CFU_SRC/pynq_z2/pynq_z2/.Xil/Vivado-9334-jsp-H370M-D3H/realtime/system_axi_gpio_decouple_status_0_stub.v:6]
INFO: [Synth 8-6157] synthesizing module 'system_axi_gpio_0_0' [/home/jsp/Storage/CFU_PYNQ_FIles/CFU_SRC/pynq_z2/pynq_z2/.Xil/Vivado-9334-jsp-H370M-D3H/realtime/system_axi_gpio_0_0_stub.v:6]
INFO: [Synth 8-6155] done synthesizing module 'system_axi_gpio_0_0' (2#1) [/home/jsp/Storage/CFU_PYNQ_FIles/CFU_SRC/pynq_z2/pynq_z2/.Xil/Vivado-9334-jsp-H370M-D3H/realtime/system_axi_gpio_0_0_stub.v:6]
INFO: [Synth 8-6157] synthesizing module 'system_axi_gpio_to_reconfig_0' [/home/jsp/Storage/CFU_PYNQ_FIles/CFU_SRC/pynq_z2/pynq_z2/.Xil/Vivado-9334-jsp-H370M-D3H/realtime/system_axi_gpio_to_reconfig_0_stub.v:6]
INFO: [Synth 8-6155] done synthesizing module 'system_axi_gpio_to_reconfig_0' (3#1) [/home/jsp/Storage/CFU_PYNQ_FIles/CFU_SRC/pynq_z2/pynq_z2/.Xil/Vivado-9334-jsp-H370M-D3H/realtime/system_axi_gpio_to_reconfig_0_stub.v:6]
INFO: [Synth 8-6157] synthesizing module 'system_axi_gpio_0_1' [/home/jsp/Storage/CFU_PYNQ_FIles/CFU_SRC/pynq_z2/pynq_z2/.Xil/Vivado-9334-jsp-H370M-D3H/realtime/system_axi_gpio_0_1_stub.v:6]
INFO: [Synth 8-6155] done synthesizing module 'system_axi_gpio_0_1' (4#1) [/home/jsp/Storage/CFU_PYNQ_FIles/CFU_SRC/pynq_z2/pynq_z2/.Xil/Vivado-9334-jsp-H370M-D3H/realtime/system_axi_gpio_0_1_stub.v:6]
INFO: [Synth 8-6157] synthesizing module 'system_processing_system7_0_0' [/home/jsp/Storage/CFU_PYNQ_FIles/CFU_SRC/pynq_z2/pynq_z2/.Xil/Vivado-9334-jsp-H370M-D3H/realtime/system_processing_system7_0_0_stub.v:6]
INFO: [Synth 8-6155] done synthesizing module 'system_processing_system7_0_0' (5#1) [/home/jsp/Storage/CFU_PYNQ_FIles/CFU_SRC/pynq_z2/pynq_z2/.Xil/Vivado-9334-jsp-H370M-D3H/realtime/system_processing_system7_0_0_stub.v:6]
WARNING: [Synth 8-7071] port 'USB0_PORT_INDCTL' of module 'system_processing_system7_0_0' is unconnected for instance 'processing_system7_0' [/home/jsp/Storage/CFU_PYNQ_FIles/CFU_SRC/pynq_z2/pynq_z2/arunQAFDHGDZXVNBDXG_gae.gen/sources_1/bd/system/synth/system.v:1135]
WARNING: [Synth 8-7071] port 'USB0_VBUS_PWRSELECT' of module 'system_processing_system7_0_0' is unconnected for instance 'processing_system7_0' [/home/jsp/Storage/CFU_PYNQ_FIles/CFU_SRC/pynq_z2/pynq_z2/arunQAFDHGDZXVNBDXG_gae.gen/sources_1/bd/system/synth/system.v:1135]
WARNING: [Synth 8-7023] instance 'processing_system7_0' of module 'system_processing_system7_0_0' has 66 connections declared, but only 64 given [/home/jsp/Storage/CFU_PYNQ_FIles/CFU_SRC/pynq_z2/pynq_z2/arunQAFDHGDZXVNBDXG_gae.gen/sources_1/bd/system/synth/system.v:1135]
INFO: [Synth 8-6157] synthesizing module 'system_ps7_0_axi_periph_0' [/home/jsp/Storage/CFU_PYNQ_FIles/CFU_SRC/pynq_z2/pynq_z2/arunQAFDHGDZXVNBDXG_gae.gen/sources_1/bd/system/synth/system.v:1340]
INFO: [Synth 8-6157] synthesizing module 'm00_couplers_imp_1H7AUOX' [/home/jsp/Storage/CFU_PYNQ_FIles/CFU_SRC/pynq_z2/pynq_z2/arunQAFDHGDZXVNBDXG_gae.gen/sources_1/bd/system/synth/system.v:13]
INFO: [Synth 8-6155] done synthesizing module 'm00_couplers_imp_1H7AUOX' (6#1) [/home/jsp/Storage/CFU_PYNQ_FIles/CFU_SRC/pynq_z2/pynq_z2/arunQAFDHGDZXVNBDXG_gae.gen/sources_1/bd/system/synth/system.v:13]
INFO: [Synth 8-6157] synthesizing module 'm01_couplers_imp_4Y7TYO' [/home/jsp/Storage/CFU_PYNQ_FIles/CFU_SRC/pynq_z2/pynq_z2/arunQAFDHGDZXVNBDXG_gae.gen/sources_1/bd/system/synth/system.v:145]
INFO: [Synth 8-6155] done synthesizing module 'm01_couplers_imp_4Y7TYO' (7#1) [/home/jsp/Storage/CFU_PYNQ_FIles/CFU_SRC/pynq_z2/pynq_z2/arunQAFDHGDZXVNBDXG_gae.gen/sources_1/bd/system/synth/system.v:145]
INFO: [Synth 8-6157] synthesizing module 'm02_couplers_imp_FKL2TE' [/home/jsp/Storage/CFU_PYNQ_FIles/CFU_SRC/pynq_z2/pynq_z2/arunQAFDHGDZXVNBDXG_gae.gen/sources_1/bd/system/synth/system.v:277]
INFO: [Synth 8-6155] done synthesizing module 'm02_couplers_imp_FKL2TE' (8#1) [/home/jsp/Storage/CFU_PYNQ_FIles/CFU_SRC/pynq_z2/pynq_z2/arunQAFDHGDZXVNBDXG_gae.gen/sources_1/bd/system/synth/system.v:277]
INFO: [Synth 8-6157] synthesizing module 'm03_couplers_imp_15QZ4LV' [/home/jsp/Storage/CFU_PYNQ_FIles/CFU_SRC/pynq_z2/pynq_z2/arunQAFDHGDZXVNBDXG_gae.gen/sources_1/bd/system/synth/system.v:409]
INFO: [Synth 8-6155] done synthesizing module 'm03_couplers_imp_15QZ4LV' (9#1) [/home/jsp/Storage/CFU_PYNQ_FIles/CFU_SRC/pynq_z2/pynq_z2/arunQAFDHGDZXVNBDXG_gae.gen/sources_1/bd/system/synth/system.v:409]
INFO: [Synth 8-6157] synthesizing module 's00_couplers_imp_11SE3QO' [/home/jsp/Storage/CFU_PYNQ_FIles/CFU_SRC/pynq_z2/pynq_z2/arunQAFDHGDZXVNBDXG_gae.gen/sources_1/bd/system/synth/system.v:541]
INFO: [Synth 8-6157] synthesizing module 'system_auto_pc_0' [/home/jsp/Storage/CFU_PYNQ_FIles/CFU_SRC/pynq_z2/pynq_z2/.Xil/Vivado-9334-jsp-H370M-D3H/realtime/system_auto_pc_0_stub.v:6]
INFO: [Synth 8-6155] done synthesizing module 'system_auto_pc_0' (10#1) [/home/jsp/Storage/CFU_PYNQ_FIles/CFU_SRC/pynq_z2/pynq_z2/.Xil/Vivado-9334-jsp-H370M-D3H/realtime/system_auto_pc_0_stub.v:6]
INFO: [Synth 8-6155] done synthesizing module 's00_couplers_imp_11SE3QO' (11#1) [/home/jsp/Storage/CFU_PYNQ_FIles/CFU_SRC/pynq_z2/pynq_z2/arunQAFDHGDZXVNBDXG_gae.gen/sources_1/bd/system/synth/system.v:541]
INFO: [Synth 8-6157] synthesizing module 'system_xbar_0' [/home/jsp/Storage/CFU_PYNQ_FIles/CFU_SRC/pynq_z2/pynq_z2/.Xil/Vivado-9334-jsp-H370M-D3H/realtime/system_xbar_0_stub.v:6]
INFO: [Synth 8-6155] done synthesizing module 'system_xbar_0' (12#1) [/home/jsp/Storage/CFU_PYNQ_FIles/CFU_SRC/pynq_z2/pynq_z2/.Xil/Vivado-9334-jsp-H370M-D3H/realtime/system_xbar_0_stub.v:6]
WARNING: [Synth 8-7071] port 'm_axi_awprot' of module 'system_xbar_0' is unconnected for instance 'xbar' [/home/jsp/Storage/CFU_PYNQ_FIles/CFU_SRC/pynq_z2/pynq_z2/arunQAFDHGDZXVNBDXG_gae.gen/sources_1/bd/system/synth/system.v:2100]
WARNING: [Synth 8-7071] port 'm_axi_arprot' of module 'system_xbar_0' is unconnected for instance 'xbar' [/home/jsp/Storage/CFU_PYNQ_FIles/CFU_SRC/pynq_z2/pynq_z2/arunQAFDHGDZXVNBDXG_gae.gen/sources_1/bd/system/synth/system.v:2100]
WARNING: [Synth 8-7023] instance 'xbar' of module 'system_xbar_0' has 40 connections declared, but only 38 given [/home/jsp/Storage/CFU_PYNQ_FIles/CFU_SRC/pynq_z2/pynq_z2/arunQAFDHGDZXVNBDXG_gae.gen/sources_1/bd/system/synth/system.v:2100]
INFO: [Synth 8-6155] done synthesizing module 'system_ps7_0_axi_periph_0' (13#1) [/home/jsp/Storage/CFU_PYNQ_FIles/CFU_SRC/pynq_z2/pynq_z2/arunQAFDHGDZXVNBDXG_gae.gen/sources_1/bd/system/synth/system.v:1340]
INFO: [Synth 8-6157] synthesizing module 'system_rst_ps7_0_100M_0' [/home/jsp/Storage/CFU_PYNQ_FIles/CFU_SRC/pynq_z2/pynq_z2/.Xil/Vivado-9334-jsp-H370M-D3H/realtime/system_rst_ps7_0_100M_0_stub.v:6]
INFO: [Synth 8-6155] done synthesizing module 'system_rst_ps7_0_100M_0' (14#1) [/home/jsp/Storage/CFU_PYNQ_FIles/CFU_SRC/pynq_z2/pynq_z2/.Xil/Vivado-9334-jsp-H370M-D3H/realtime/system_rst_ps7_0_100M_0_stub.v:6]
WARNING: [Synth 8-7071] port 'mb_reset' of module 'system_rst_ps7_0_100M_0' is unconnected for instance 'rst_ps7_0_100M' [/home/jsp/Storage/CFU_PYNQ_FIles/CFU_SRC/pynq_z2/pynq_z2/arunQAFDHGDZXVNBDXG_gae.gen/sources_1/bd/system/synth/system.v:1319]
WARNING: [Synth 8-7071] port 'bus_struct_reset' of module 'system_rst_ps7_0_100M_0' is unconnected for instance 'rst_ps7_0_100M' [/home/jsp/Storage/CFU_PYNQ_FIles/CFU_SRC/pynq_z2/pynq_z2/arunQAFDHGDZXVNBDXG_gae.gen/sources_1/bd/system/synth/system.v:1319]
WARNING: [Synth 8-7071] port 'peripheral_reset' of module 'system_rst_ps7_0_100M_0' is unconnected for instance 'rst_ps7_0_100M' [/home/jsp/Storage/CFU_PYNQ_FIles/CFU_SRC/pynq_z2/pynq_z2/arunQAFDHGDZXVNBDXG_gae.gen/sources_1/bd/system/synth/system.v:1319]
WARNING: [Synth 8-7071] port 'interconnect_aresetn' of module 'system_rst_ps7_0_100M_0' is unconnected for instance 'rst_ps7_0_100M' [/home/jsp/Storage/CFU_PYNQ_FIles/CFU_SRC/pynq_z2/pynq_z2/arunQAFDHGDZXVNBDXG_gae.gen/sources_1/bd/system/synth/system.v:1319]
WARNING: [Synth 8-7023] instance 'rst_ps7_0_100M' of module 'system_rst_ps7_0_100M_0' has 10 connections declared, but only 6 given [/home/jsp/Storage/CFU_PYNQ_FIles/CFU_SRC/pynq_z2/pynq_z2/arunQAFDHGDZXVNBDXG_gae.gen/sources_1/bd/system/synth/system.v:1319]
INFO: [Synth 8-6157] synthesizing module 'system_tul_pynq_z2_0_0' [/home/jsp/Storage/CFU_PYNQ_FIles/CFU_SRC/pynq_z2/pynq_z2/.Xil/Vivado-9334-jsp-H370M-D3H/realtime/system_tul_pynq_z2_0_0_stub.v:6]
INFO: [Synth 8-6155] done synthesizing module 'system_tul_pynq_z2_0_0' (15#1) [/home/jsp/Storage/CFU_PYNQ_FIles/CFU_SRC/pynq_z2/pynq_z2/.Xil/Vivado-9334-jsp-H370M-D3H/realtime/system_tul_pynq_z2_0_0_stub.v:6]
INFO: [Synth 8-6155] done synthesizing module 'system' (16#1) [/home/jsp/Storage/CFU_PYNQ_FIles/CFU_SRC/pynq_z2/pynq_z2/arunQAFDHGDZXVNBDXG_gae.gen/sources_1/bd/system/synth/system.v:846]
INFO: [Synth 8-6155] done synthesizing module 'system_wrapper' (17#1) [/home/jsp/Storage/CFU_PYNQ_FIles/CFU_SRC/pynq_z2/pynq_z2/arunQAFDHGDZXVNBDXG_gae.gen/sources_1/bd/system/hdl/system_wrapper.v:13]
---------------------------------------------------------------------------------
Finished Synthesize : Time (s): cpu = 00:00:08 ; elapsed = 00:00:05 . Memory (MB): peak = 14178.887 ; gain = 0.000 ; free physical = 3894 ; free virtual = 17320
---------------------------------------------------------------------------------
Copyright 1986-2022 Xilinx, Inc. All Rights Reserved. Copyright 2022-2024 Advanced Micro Devices, Inc. All Rights Reserved.
---------------------------------------------------------------------------------------------------------------------------------------------
| Tool Version : Vivado v.2024.1 (lin64) Build 5076996 Wed May 22 18:36:09 MDT 2024
| Date         : Sat Nov  8 00:06:14 2025
| Host         : jsp-H370M-D3H running 64-bit Ubuntu 24.04.3 LTS
---------------------------------------------------------------------------------------------------------------------------------------------

RTL Linter Report

Table of Contents
-----------------
1. Summary

1. Summary
----------

+-----------+----------+--------------+----------+
| Rule ID   | Severity | # Violations | # Waived |
+-----------+----------+--------------+----------+
| ASSIGN-5  | WARNING  | 21           | 0        |
| ASSIGN-6  | WARNING  | 8            | 0        |
| ASSIGN-10 | WARNING  | 28           | 0        |
+-----------+----------+--------------+----------+


WARNING: [Synth 37-124] [ASSIGN-5]Some bits in 'processing_system7_0_DDR_ADDR' are not set. First unset bit index is 0. 
RTL Name 'processing_system7_0_DDR_ADDR', Hierarchy 'system', File 'system.v', Line 904.
WARNING: [Synth 37-124] [ASSIGN-5]Some bits in 'processing_system7_0_DDR_BA' are not set. First unset bit index is 0. 
RTL Name 'processing_system7_0_DDR_BA', Hierarchy 'system', File 'system.v', Line 905.
WARNING: [Synth 37-95] [ASSIGN-5]Found scalar variable(s) 'processing_system7_0_DDR_CAS_N' declared and are not set.
RTL Name 'processing_system7_0_DDR_CAS_N', Hierarchy 'system', File '/home/jsp/Storage/CFU_PYNQ_FIles/CFU_SRC/pynq_z2/pynq_z2/arunQAFDHGDZXVNBDXG_gae.gen/sources_1/bd/system/synth/system.v', Line 906.
WARNING: [Synth 37-95] [ASSIGN-5]Found scalar variable(s) 'processing_system7_0_DDR_CKE' declared and are not set.
RTL Name 'processing_system7_0_DDR_CKE', Hierarchy 'system', File '/home/jsp/Storage/CFU_PYNQ_FIles/CFU_SRC/pynq_z2/pynq_z2/arunQAFDHGDZXVNBDXG_gae.gen/sources_1/bd/system/synth/system.v', Line 907.
WARNING: [Synth 37-95] [ASSIGN-5]Found scalar variable(s) 'processing_system7_0_DDR_CK_N' declared and are not set.
RTL Name 'processing_system7_0_DDR_CK_N', Hierarchy 'system', File '/home/jsp/Storage/CFU_PYNQ_FIles/CFU_SRC/pynq_z2/pynq_z2/arunQAFDHGDZXVNBDXG_gae.gen/sources_1/bd/system/synth/system.v', Line 908.
WARNING: [Synth 37-95] [ASSIGN-5]Found scalar variable(s) 'processing_system7_0_DDR_CK_P' declared and are not set.
RTL Name 'processing_system7_0_DDR_CK_P', Hierarchy 'system', File '/home/jsp/Storage/CFU_PYNQ_FIles/CFU_SRC/pynq_z2/pynq_z2/arunQAFDHGDZXVNBDXG_gae.gen/sources_1/bd/system/synth/system.v', Line 909.
WARNING: [Synth 37-95] [ASSIGN-5]Found scalar variable(s) 'processing_system7_0_DDR_CS_N' declared and are not set.
RTL Name 'processing_system7_0_DDR_CS_N', Hierarchy 'system', File '/home/jsp/Storage/CFU_PYNQ_FIles/CFU_SRC/pynq_z2/pynq_z2/arunQAFDHGDZXVNBDXG_gae.gen/sources_1/bd/system/synth/system.v', Line 910.
WARNING: [Synth 37-124] [ASSIGN-5]Some bits in 'processing_system7_0_DDR_DM' are not set. First unset bit index is 0. 
RTL Name 'processing_system7_0_DDR_DM', Hierarchy 'system', File 'system.v', Line 911.
WARNING: [Synth 37-124] [ASSIGN-5]Some bits in 'processing_system7_0_DDR_DQ' are not set. First unset bit index is 0. 
RTL Name 'processing_system7_0_DDR_DQ', Hierarchy 'system', File 'system.v', Line 912.
WARNING: [Synth 37-124] [ASSIGN-5]Some bits in 'processing_system7_0_DDR_DQS_N' are not set. First unset bit index is 0. 
RTL Name 'processing_system7_0_DDR_DQS_N', Hierarchy 'system', File 'system.v', Line 913.
WARNING: [Synth 37-124] [ASSIGN-5]Some bits in 'processing_system7_0_DDR_DQS_P' are not set. First unset bit index is 0. 
RTL Name 'processing_system7_0_DDR_DQS_P', Hierarchy 'system', File 'system.v', Line 914.
WARNING: [Synth 37-95] [ASSIGN-5]Found scalar variable(s) 'processing_system7_0_DDR_ODT' declared and are not set.
RTL Name 'processing_system7_0_DDR_ODT', Hierarchy 'system', File '/home/jsp/Storage/CFU_PYNQ_FIles/CFU_SRC/pynq_z2/pynq_z2/arunQAFDHGDZXVNBDXG_gae.gen/sources_1/bd/system/synth/system.v', Line 915.
WARNING: [Synth 37-95] [ASSIGN-5]Found scalar variable(s) 'processing_system7_0_DDR_RAS_N' declared and are not set.
RTL Name 'processing_system7_0_DDR_RAS_N', Hierarchy 'system', File '/home/jsp/Storage/CFU_PYNQ_FIles/CFU_SRC/pynq_z2/pynq_z2/arunQAFDHGDZXVNBDXG_gae.gen/sources_1/bd/system/synth/system.v', Line 916.
WARNING: [Synth 37-95] [ASSIGN-5]Found scalar variable(s) 'processing_system7_0_DDR_RESET_N' declared and are not set.
RTL Name 'processing_system7_0_DDR_RESET_N', Hierarchy 'system', File '/home/jsp/Storage/CFU_PYNQ_FIles/CFU_SRC/pynq_z2/pynq_z2/arunQAFDHGDZXVNBDXG_gae.gen/sources_1/bd/system/synth/system.v', Line 917.
WARNING: [Synth 37-95] [ASSIGN-5]Found scalar variable(s) 'processing_system7_0_DDR_WE_N' declared and are not set.
RTL Name 'processing_system7_0_DDR_WE_N', Hierarchy 'system', File '/home/jsp/Storage/CFU_PYNQ_FIles/CFU_SRC/pynq_z2/pynq_z2/arunQAFDHGDZXVNBDXG_gae.gen/sources_1/bd/system/synth/system.v', Line 918.
WARNING: [Synth 37-95] [ASSIGN-5]Found scalar variable(s) 'processing_system7_0_FIXED_IO_DDR_VRN' declared and are not set.
RTL Name 'processing_system7_0_FIXED_IO_DDR_VRN', Hierarchy 'system', File '/home/jsp/Storage/CFU_PYNQ_FIles/CFU_SRC/pynq_z2/pynq_z2/arunQAFDHGDZXVNBDXG_gae.gen/sources_1/bd/system/synth/system.v', Line 922.
WARNING: [Synth 37-95] [ASSIGN-5]Found scalar variable(s) 'processing_system7_0_FIXED_IO_DDR_VRP' declared and are not set.
RTL Name 'processing_system7_0_FIXED_IO_DDR_VRP', Hierarchy 'system', File '/home/jsp/Storage/CFU_PYNQ_FIles/CFU_SRC/pynq_z2/pynq_z2/arunQAFDHGDZXVNBDXG_gae.gen/sources_1/bd/system/synth/system.v', Line 923.
WARNING: [Synth 37-124] [ASSIGN-5]Some bits in 'processing_system7_0_FIXED_IO_MIO' are not set. First unset bit index is 0. 
RTL Name 'processing_system7_0_FIXED_IO_MIO', Hierarchy 'system', File 'system.v', Line 924.
WARNING: [Synth 37-95] [ASSIGN-5]Found scalar variable(s) 'processing_system7_0_FIXED_IO_PS_CLK' declared and are not set.
RTL Name 'processing_system7_0_FIXED_IO_PS_CLK', Hierarchy 'system', File '/home/jsp/Storage/CFU_PYNQ_FIles/CFU_SRC/pynq_z2/pynq_z2/arunQAFDHGDZXVNBDXG_gae.gen/sources_1/bd/system/synth/system.v', Line 925.
WARNING: [Synth 37-95] [ASSIGN-5]Found scalar variable(s) 'processing_system7_0_FIXED_IO_PS_PORB' declared and are not set.
RTL Name 'processing_system7_0_FIXED_IO_PS_PORB', Hierarchy 'system', File '/home/jsp/Storage/CFU_PYNQ_FIles/CFU_SRC/pynq_z2/pynq_z2/arunQAFDHGDZXVNBDXG_gae.gen/sources_1/bd/system/synth/system.v', Line 926.
WARNING: [Synth 37-95] [ASSIGN-5]Found scalar variable(s) 'processing_system7_0_FIXED_IO_PS_SRSTB' declared and are not set.
RTL Name 'processing_system7_0_FIXED_IO_PS_SRSTB', Hierarchy 'system', File '/home/jsp/Storage/CFU_PYNQ_FIles/CFU_SRC/pynq_z2/pynq_z2/arunQAFDHGDZXVNBDXG_gae.gen/sources_1/bd/system/synth/system.v', Line 927.
WARNING: [Synth 37-123] [ASSIGN-6]Some bits in 'ps7_0_axi_periph_M00_AXI_ARADDR' are not read. First unread bit index is 9. 
RTL Name 'ps7_0_axi_periph_M00_AXI_ARADDR', Hierarchy 'system', File 'system.v', Line 966.
WARNING: [Synth 37-123] [ASSIGN-6]Some bits in 'ps7_0_axi_periph_M00_AXI_AWADDR' are not read. First unread bit index is 9. 
RTL Name 'ps7_0_axi_periph_M00_AXI_AWADDR', Hierarchy 'system', File 'system.v', Line 969.
WARNING: [Synth 37-123] [ASSIGN-6]Some bits in 'ps7_0_axi_periph_M01_AXI_ARADDR' are not read. First unread bit index is 9. 
RTL Name 'ps7_0_axi_periph_M01_AXI_ARADDR', Hierarchy 'system', File 'system.v', Line 983.
WARNING: [Synth 37-123] [ASSIGN-6]Some bits in 'ps7_0_axi_periph_M01_AXI_AWADDR' are not read. First unread bit index is 9. 
RTL Name 'ps7_0_axi_periph_M01_AXI_AWADDR', Hierarchy 'system', File 'system.v', Line 986.
WARNING: [Synth 37-123] [ASSIGN-6]Some bits in 'ps7_0_axi_periph_M02_AXI_ARADDR' are not read. First unread bit index is 9. 
RTL Name 'ps7_0_axi_periph_M02_AXI_ARADDR', Hierarchy 'system', File 'system.v', Line 1000.
WARNING: [Synth 37-123] [ASSIGN-6]Some bits in 'ps7_0_axi_periph_M02_AXI_AWADDR' are not read. First unread bit index is 9. 
RTL Name 'ps7_0_axi_periph_M02_AXI_AWADDR', Hierarchy 'system', File 'system.v', Line 1003.
WARNING: [Synth 37-123] [ASSIGN-6]Some bits in 'ps7_0_axi_periph_M03_AXI_ARADDR' are not read. First unread bit index is 9. 
RTL Name 'ps7_0_axi_periph_M03_AXI_ARADDR', Hierarchy 'system', File 'system.v', Line 1017.
WARNING: [Synth 37-123] [ASSIGN-6]Some bits in 'ps7_0_axi_periph_M03_AXI_AWADDR' are not read. First unread bit index is 9. 
RTL Name 'ps7_0_axi_periph_M03_AXI_AWADDR', Hierarchy 'system', File 'system.v', Line 1020.
WARNING: [Synth 37-125] [ASSIGN-10]Some bits in IO 'M00_ACLK' are not read. First unread bit index is 0. 
RTL Name 'M00_ACLK', Hierarchy 'system_ps7_0_axi_periph_0', File 'system.v', Line 1461.
WARNING: [Synth 37-125] [ASSIGN-10]Some bits in IO 'M00_ARESETN' are not read. First unread bit index is 0. 
RTL Name 'M00_ARESETN', Hierarchy 'system_ps7_0_axi_periph_0', File 'system.v', Line 1462.
WARNING: [Synth 37-125] [ASSIGN-10]Some bits in IO 'M01_ACLK' are not read. First unread bit index is 0. 
RTL Name 'M01_ACLK', Hierarchy 'system_ps7_0_axi_periph_0', File 'system.v', Line 1480.
WARNING: [Synth 37-125] [ASSIGN-10]Some bits in IO 'M01_ARESETN' are not read. First unread bit index is 0. 
RTL Name 'M01_ARESETN', Hierarchy 'system_ps7_0_axi_periph_0', File 'system.v', Line 1481.
WARNING: [Synth 37-125] [ASSIGN-10]Some bits in IO 'M02_ACLK' are not read. First unread bit index is 0. 
RTL Name 'M02_ACLK', Hierarchy 'system_ps7_0_axi_periph_0', File 'system.v', Line 1499.
WARNING: [Synth 37-125] [ASSIGN-10]Some bits in IO 'M02_ARESETN' are not read. First unread bit index is 0. 
RTL Name 'M02_ARESETN', Hierarchy 'system_ps7_0_axi_periph_0', File 'system.v', Line 1500.
WARNING: [Synth 37-125] [ASSIGN-10]Some bits in IO 'M03_ACLK' are not read. First unread bit index is 0. 
RTL Name 'M03_ACLK', Hierarchy 'system_ps7_0_axi_periph_0', File 'system.v', Line 1518.
WARNING: [Synth 37-125] [ASSIGN-10]Some bits in IO 'M03_ARESETN' are not read. First unread bit index is 0. 
RTL Name 'M03_ARESETN', Hierarchy 'system_ps7_0_axi_periph_0', File 'system.v', Line 1519.
WARNING: [Synth 37-125] [ASSIGN-10]Some bits in IO 'M_ACLK' are not read. First unread bit index is 0. 
RTL Name 'M_ACLK', Hierarchy 'm00_couplers_imp_1H7AUOX', File 'system.v', Line 52.
WARNING: [Synth 37-125] [ASSIGN-10]Some bits in IO 'M_ACLK' are not read. First unread bit index is 0. 
RTL Name 'M_ACLK', Hierarchy 'm03_couplers_imp_15QZ4LV', File 'system.v', Line 448.
WARNING: [Synth 37-125] [ASSIGN-10]Some bits in IO 'M_ACLK' are not read. First unread bit index is 0. 
RTL Name 'M_ACLK', Hierarchy 'm02_couplers_imp_FKL2TE', File 'system.v', Line 316.
WARNING: [Synth 37-125] [ASSIGN-10]Some bits in IO 'M_ACLK' are not read. First unread bit index is 0. 
RTL Name 'M_ACLK', Hierarchy 'm01_couplers_imp_4Y7TYO', File 'system.v', Line 184.
WARNING: [Synth 37-125] [ASSIGN-10]Some bits in IO 'M_ACLK' are not read. First unread bit index is 0. 
RTL Name 'M_ACLK', Hierarchy 's00_couplers_imp_11SE3QO', File 'system.v', Line 603.
WARNING: [Synth 37-125] [ASSIGN-10]Some bits in IO 'M_ARESETN' are not read. First unread bit index is 0. 
RTL Name 'M_ARESETN', Hierarchy 'm01_couplers_imp_4Y7TYO', File 'system.v', Line 185.
WARNING: [Synth 37-125] [ASSIGN-10]Some bits in IO 'M_ARESETN' are not read. First unread bit index is 0. 
RTL Name 'M_ARESETN', Hierarchy 'm00_couplers_imp_1H7AUOX', File 'system.v', Line 53.
WARNING: [Synth 37-125] [ASSIGN-10]Some bits in IO 'M_ARESETN' are not read. First unread bit index is 0. 
RTL Name 'M_ARESETN', Hierarchy 'm02_couplers_imp_FKL2TE', File 'system.v', Line 317.
WARNING: [Synth 37-125] [ASSIGN-10]Some bits in IO 'M_ARESETN' are not read. First unread bit index is 0. 
RTL Name 'M_ARESETN', Hierarchy 'm03_couplers_imp_15QZ4LV', File 'system.v', Line 449.
WARNING: [Synth 37-125] [ASSIGN-10]Some bits in IO 'M_ARESETN' are not read. First unread bit index is 0. 
RTL Name 'M_ARESETN', Hierarchy 's00_couplers_imp_11SE3QO', File 'system.v', Line 604.
WARNING: [Synth 37-125] [ASSIGN-10]Some bits in IO 'S00_ACLK' are not read. First unread bit index is 0. 
RTL Name 'S00_ACLK', Hierarchy 'system_ps7_0_axi_periph_0', File 'system.v', Line 1537.
WARNING: [Synth 37-125] [ASSIGN-10]Some bits in IO 'S00_ARESETN' are not read. First unread bit index is 0. 
RTL Name 'S00_ARESETN', Hierarchy 'system_ps7_0_axi_periph_0', File 'system.v', Line 1538.
WARNING: [Synth 37-125] [ASSIGN-10]Some bits in IO 'S_ACLK' are not read. First unread bit index is 0. 
RTL Name 'S_ACLK', Hierarchy 'm02_couplers_imp_FKL2TE', File 'system.v', Line 335.
WARNING: [Synth 37-125] [ASSIGN-10]Some bits in IO 'S_ACLK' are not read. First unread bit index is 0. 
RTL Name 'S_ACLK', Hierarchy 'm01_couplers_imp_4Y7TYO', File 'system.v', Line 203.
WARNING: [Synth 37-125] [ASSIGN-10]Some bits in IO 'S_ACLK' are not read. First unread bit index is 0. 
RTL Name 'S_ACLK', Hierarchy 'm03_couplers_imp_15QZ4LV', File 'system.v', Line 467.
WARNING: [Synth 37-125] [ASSIGN-10]Some bits in IO 'S_ACLK' are not read. First unread bit index is 0. 
RTL Name 'S_ACLK', Hierarchy 'm00_couplers_imp_1H7AUOX', File 'system.v', Line 71.
WARNING: [Synth 37-125] [ASSIGN-10]Some bits in IO 'S_ARESETN' are not read. First unread bit index is 0. 
RTL Name 'S_ARESETN', Hierarchy 'm02_couplers_imp_FKL2TE', File 'system.v', Line 336.
WARNING: [Synth 37-125] [ASSIGN-10]Some bits in IO 'S_ARESETN' are not read. First unread bit index is 0. 
RTL Name 'S_ARESETN', Hierarchy 'm01_couplers_imp_4Y7TYO', File 'system.v', Line 204.
WARNING: [Synth 37-125] [ASSIGN-10]Some bits in IO 'S_ARESETN' are not read. First unread bit index is 0. 
RTL Name 'S_ARESETN', Hierarchy 'm03_couplers_imp_15QZ4LV', File 'system.v', Line 468.
WARNING: [Synth 37-125] [ASSIGN-10]Some bits in IO 'S_ARESETN' are not read. First unread bit index is 0. 
RTL Name 'S_ARESETN', Hierarchy 'm00_couplers_imp_1H7AUOX', File 'system.v', Line 72.
INFO: [Synth 37-85] Total of 57 linter message(s) generated.
INFO: [Synth 37-45] Linter Run Finished!
Synthesis Optimization Runtime : Time (s): cpu = 00:00:08 ; elapsed = 00:00:05 . Memory (MB): peak = 14178.887 ; gain = 0.000 ; free physical = 3876 ; free virtual = 17301
INFO: [Common 17-83] Releasing license: Synthesis
50 Infos, 70 Warnings, 0 Critical Warnings and 0 Errors encountered.
synth_design completed successfully
synth_design: Time (s): cpu = 00:00:13 ; elapsed = 00:00:07 . Memory (MB): peak = 14178.887 ; gain = 91.996 ; free physical = 3876 ; free virtual = 17301
INFO: [Common 17-2834] synth_design peak Physical Memory [PSS] (MB): overall = 4931.169; main = 4771.071; forked = 160.098
INFO: [Common 17-2834] synth_design peak Virtual Memory [VSS] (MB): overall = 14471.930; main = 13849.715; forked = 622.215
create_bd_port -dir O -type data decouple
delete_bd_objs [get_bd_nets usb_uart_rx_1]
create_bd_port -dir I clk125
delete_bd_objs [get_bd_nets processing_system7_0_FCLK_CLK1]
delete_bd_objs [get_bd_ports usb_uart_rx]
create_bd_port -dir I -type data decouple_status
create_bd_port -dir I -from 2 -to 0 -type data configure_to
create_bd_port -dir I -type data to_reconfig
set_property location {1512 221} [get_bd_ports decouple]
startgroup
connect_bd_net [get_bd_ports decouple] [get_bd_pins axi_gpio_decouple/gpio_io_o]
endgroup
set_property location {3 853 507} [get_bd_cells axi_gpio_to_reconfig]
set_property location {94 155} [get_bd_ports to_reconfig]
delete_bd_objs [get_bd_ports to_reconfig]
create_bd_port -dir O -type data to_reconfig
set_property location {1496 310} [get_bd_ports to_reconfig]
connect_bd_net [get_bd_ports to_reconfig] [get_bd_pins tul_pynq_z2_0/to_reconfig]
delete_bd_objs [get_bd_nets tul_pynq_z2_0_user_led3] [get_bd_ports user_led3]
delete_bd_objs [get_bd_nets tul_pynq_z2_0_user_led2] [get_bd_ports user_led2]
delete_bd_objs [get_bd_nets tul_pynq_z2_0_user_led1] [get_bd_ports user_led1]
delete_bd_objs [get_bd_nets tul_pynq_z2_0_user_led0] [get_bd_ports user_led0]
delete_bd_objs [get_bd_nets tul_pynq_z2_0_usb_uart_tx] [get_bd_ports usb_uart_tx]
delete_bd_objs [get_bd_ports clk125]
create_bd_port -dir I clk125
delete_bd_objs [get_bd_ports clk125]
create_bd_port -dir O -type data clk125
delete_bd_objs [get_bd_ports clk125]
create_bd_port -dir O -type clk clk125
set_property location {1467 740} [get_bd_ports clk125]
connect_bd_net [get_bd_ports clk125] [get_bd_pins processing_system7_0/FCLK_CLK1]
delete_bd_objs [get_bd_nets tul_pynq_z2_0_to_reconfig]
connect_bd_net [get_bd_pins tul_pynq_z2_0/to_reconfig] [get_bd_pins axi_gpio_to_reconfig/gpio_io_i]
WARNING: [BD 41-1306] The connection to interface pin </axi_gpio_to_reconfig/gpio_io_i> is being overridden by the user with net <tul_pynq_z2_0_to_reconfig>. This pin will not be connected as a part of interface connection <GPIO>.
undo
INFO: [Common 17-17] undo 'connect_bd_net [get_bd_pins tul_pynq_z2_0/to_reconfig] [get_bd_pins axi_gpio_to_reconfig/gpio_io_i]'
undo
INFO: [Common 17-17] undo 'delete_bd_objs [get_bd_nets tul_pynq_z2_0_to_reconfig]'
delete_bd_objs [get_bd_nets tul_pynq_z2_0_configure_to]
connect_bd_net [get_bd_ports configure_to] [get_bd_pins axi_gpio_config_to/gpio_io_i]
WARNING: [BD 41-1306] The connection to interface pin </axi_gpio_config_to/gpio_io_i> is being overridden by the user with net <configure_to_1>. This pin will not be connected as a part of interface connection <GPIO>.
set_property location {1 310 103} [get_bd_cells axi_gpio_config_to]
undo
INFO: [Common 17-17] undo 'set_property location {1 310 103} [get_bd_cells axi_gpio_config_to]'
delete_bd_objs [get_bd_nets axi_gpio_decouple_gpio_io_o]
connect_bd_net [get_bd_ports decouple] [get_bd_pins axi_gpio_decouple/gpio_io_o]
WARNING: [BD 41-1306] The connection to interface pin </axi_gpio_decouple/gpio_io_o> is being overridden by the user with net <axi_gpio_decouple_gpio_io_o>. This pin will not be connected as a part of interface connection <GPIO>.
delete_bd_objs [get_bd_nets tul_pynq_z2_0_decouple_status]
undo
INFO: [Common 17-17] undo 'delete_bd_objs [get_bd_nets tul_pynq_z2_0_decouple_status]'
delete_bd_objs [get_bd_nets tul_pynq_z2_0_to_reconfig]
undo
INFO: [Common 17-17] undo 'delete_bd_objs [get_bd_nets tul_pynq_z2_0_to_reconfig]'
delete_bd_objs [get_bd_ports to_reconfig]
create_bd_port -dir I -type data to_reconfig
delete_bd_objs [get_bd_nets tul_pynq_z2_0_to_reconfig]
connect_bd_net [get_bd_ports to_reconfig] [get_bd_pins axi_gpio_to_reconfig/gpio_io_i]
WARNING: [BD 41-1306] The connection to interface pin </axi_gpio_to_reconfig/gpio_io_i> is being overridden by the user with net <to_reconfig_1>. This pin will not be connected as a part of interface connection <GPIO>.
set_property location {-77 291} [get_bd_ports to_reconfig]
undo
INFO: [Common 17-17] undo 'set_property location {-77 291} [get_bd_ports to_reconfig]'
delete_bd_objs [get_bd_nets tul_pynq_z2_0_decouple_status]
connect_bd_net [get_bd_ports decouple_status] [get_bd_pins axi_gpio_decouple_status/gpio_io_i]
WARNING: [BD 41-1306] The connection to interface pin </axi_gpio_decouple_status/gpio_io_i> is being overridden by the user with net <decouple_status_1>. This pin will not be connected as a part of interface connection <GPIO>.
delete_bd_objs [get_bd_cells tul_pynq_z2_0]
WARNING: [filemgmt 56-199] Attempt to get parsing info during refresh. "On-the-fly" syntax checking information may be incorrect. [/home/jsp/Storage/CFU_PYNQ_FIles/CFU_SRC/donut-accel/cfu.v:]
WARNING: [filemgmt 56-199] Attempt to get parsing info during refresh. "On-the-fly" syntax checking information may be incorrect. [/home/jsp/Storage/CFU_PYNQ_FIles/CFU_SRC/verilog/VexRiscv_FullCfu.v:]
WARNING: [filemgmt 56-199] Attempt to get parsing info during refresh. "On-the-fly" syntax checking information may be incorrect. [/home/jsp/Storage/CFU_PYNQ_FIles/CFU_SRC/pynq_z2/pynq_z2/arunQAFDHGDZXVNBDXG_gae.srcs/sources_1/new/Cfu.v:]
WARNING: [filemgmt 56-199] Attempt to get parsing info during refresh. "On-the-fly" syntax checking information may be incorrect. [/home/jsp/Storage/CFU_PYNQ_FIles/CFU_SRC/pynq_z2/pynq_z2/arunQAFDHGDZXVNBDXG_gae.srcs/sources_1/new/tul_pynq_z2.v:]
WARNING: [filemgmt 56-199] Attempt to get parsing info during refresh. "On-the-fly" syntax checking information may be incorrect. [/home/jsp/Storage/CFU_PYNQ_FIles/CFU_SRC/donut-accel/cfu.v:]
WARNING: [filemgmt 56-199] Attempt to get parsing info during refresh. "On-the-fly" syntax checking information may be incorrect. [/home/jsp/Storage/CFU_PYNQ_FIles/CFU_SRC/donut-accel/cfu.v:]
WARNING: [filemgmt 56-199] Attempt to get parsing info during refresh. "On-the-fly" syntax checking information may be incorrect. [/home/jsp/Storage/CFU_PYNQ_FIles/CFU_SRC/donut-accel/cfu.v:]
WARNING: [filemgmt 56-199] Attempt to get parsing info during refresh. "On-the-fly" syntax checking information may be incorrect. [/home/jsp/Storage/CFU_PYNQ_FIles/CFU_SRC/verilog/VexRiscv_FullCfu.v:]
WARNING: [filemgmt 56-199] Attempt to get parsing info during refresh. "On-the-fly" syntax checking information may be incorrect. [/home/jsp/Storage/CFU_PYNQ_FIles/CFU_SRC/pynq_z2/pynq_z2/arunQAFDHGDZXVNBDXG_gae.srcs/sources_1/new/Cfu.v:]
WARNING: [filemgmt 56-199] Attempt to get parsing info during refresh. "On-the-fly" syntax checking information may be incorrect. [/home/jsp/Storage/CFU_PYNQ_FIles/CFU_SRC/pynq_z2/pynq_z2/arunQAFDHGDZXVNBDXG_gae.srcs/sources_1/new/tul_pynq_z2.v:]
WARNING: [filemgmt 56-199] Attempt to get parsing info during refresh. "On-the-fly" syntax checking information may be incorrect. [/home/jsp/Storage/CFU_PYNQ_FIles/CFU_SRC/pynq_z2/pynq_z2/arunQAFDHGDZXVNBDXG_gae.srcs/sources_1/new/tul_pynq_z2.v:]
WARNING: [filemgmt 56-199] Attempt to get parsing info during refresh. "On-the-fly" syntax checking information may be incorrect. [/home/jsp/Storage/CFU_PYNQ_FIles/CFU_SRC/pynq_z2/pynq_z2/arunQAFDHGDZXVNBDXG_gae.srcs/sources_1/new/tul_pynq_z2.v:]
update_compile_order -fileset sources_1
WARNING: [filemgmt 56-199] Attempt to get parsing info during refresh. "On-the-fly" syntax checking information may be incorrect. [/home/jsp/Storage/CFU_PYNQ_FIles/CFU_SRC/donut-accel/cfu.v:]
WARNING: [filemgmt 56-199] Attempt to get parsing info during refresh. "On-the-fly" syntax checking information may be incorrect. [/home/jsp/Storage/CFU_PYNQ_FIles/CFU_SRC/verilog/VexRiscv_FullCfu.v:]
WARNING: [filemgmt 56-199] Attempt to get parsing info during refresh. "On-the-fly" syntax checking information may be incorrect. [/home/jsp/Storage/CFU_PYNQ_FIles/CFU_SRC/pynq_z2/pynq_z2/arunQAFDHGDZXVNBDXG_gae.srcs/sources_1/new/Cfu.v:]
WARNING: [filemgmt 56-199] Attempt to get parsing info during refresh. "On-the-fly" syntax checking information may be incorrect. [/home/jsp/Storage/CFU_PYNQ_FIles/CFU_SRC/pynq_z2/pynq_z2/arunQAFDHGDZXVNBDXG_gae.srcs/sources_1/new/tul_pynq_z2.v:]
WARNING: [filemgmt 56-199] Attempt to get parsing info during refresh. "On-the-fly" syntax checking information may be incorrect. [/home/jsp/Storage/CFU_PYNQ_FIles/CFU_SRC/pynq_z2/pynq_z2/arunQAFDHGDZXVNBDXG_gae.srcs/sources_1/new/Cfu.v:]
WARNING: [filemgmt 56-199] Attempt to get parsing info during refresh. "On-the-fly" syntax checking information may be incorrect. [/home/jsp/Storage/CFU_PYNQ_FIles/CFU_SRC/pynq_z2/pynq_z2/arunQAFDHGDZXVNBDXG_gae.srcs/sources_1/new/Cfu.v:]
WARNING: [filemgmt 56-199] Attempt to get parsing info during refresh. "On-the-fly" syntax checking information may be incorrect. [/home/jsp/Storage/CFU_PYNQ_FIles/CFU_SRC/donut-accel/cfu.v:]
WARNING: [filemgmt 56-199] Attempt to get parsing info during refresh. "On-the-fly" syntax checking information may be incorrect. [/home/jsp/Storage/CFU_PYNQ_FIles/CFU_SRC/verilog/VexRiscv_FullCfu.v:]
WARNING: [filemgmt 56-199] Attempt to get parsing info during refresh. "On-the-fly" syntax checking information may be incorrect. [/home/jsp/Storage/CFU_PYNQ_FIles/CFU_SRC/pynq_z2/pynq_z2/arunQAFDHGDZXVNBDXG_gae.srcs/sources_1/new/Cfu.v:]
WARNING: [filemgmt 56-199] Attempt to get parsing info during refresh. "On-the-fly" syntax checking information may be incorrect. [/home/jsp/Storage/CFU_PYNQ_FIles/CFU_SRC/pynq_z2/pynq_z2/arunQAFDHGDZXVNBDXG_gae.srcs/sources_1/new/tul_pynq_z2.v:]
WARNING: [filemgmt 56-199] Attempt to get parsing info during refresh. "On-the-fly" syntax checking information may be incorrect. [/home/jsp/Storage/CFU_PYNQ_FIles/CFU_SRC/verilog/VexRiscv_FullCfu.v:]
WARNING: [filemgmt 56-199] Attempt to get parsing info during refresh. "On-the-fly" syntax checking information may be incorrect. [/home/jsp/Storage/CFU_PYNQ_FIles/CFU_SRC/verilog/VexRiscv_FullCfu.v:]
set_property location {-94 -30} [get_bd_ports configure_to]
set_property location {-79 -104} [get_bd_ports to_reconfig]
set_property location {-39 -71} [get_bd_ports decouple_status]
set_property location {-72 43} [get_bd_ports configure_to]
set_property location {-62 0} [get_bd_ports configure_to]
set_property location {-77 -35} [get_bd_ports decouple_status]
set_property location {-59 -66} [get_bd_ports to_reconfig]
save_bd_design
Wrote  : </home/jsp/Storage/CFU_PYNQ_FIles/CFU_SRC/pynq_z2/pynq_z2/arunQAFDHGDZXVNBDXG_gae.srcs/sources_1/bd/system/system.bd> 
Wrote  : </home/jsp/Storage/CFU_PYNQ_FIles/CFU_SRC/pynq_z2/pynq_z2/arunQAFDHGDZXVNBDXG_gae.srcs/sources_1/bd/system/ui/bd_c954508f.ui> 
WARNING: [filemgmt 56-199] Attempt to get parsing info during refresh. "On-the-fly" syntax checking information may be incorrect. [/home/jsp/Storage/CFU_PYNQ_FIles/CFU_SRC/donut-accel/cfu.v:]
WARNING: [filemgmt 56-199] Attempt to get parsing info during refresh. "On-the-fly" syntax checking information may be incorrect. [/home/jsp/Storage/CFU_PYNQ_FIles/CFU_SRC/verilog/VexRiscv_FullCfu.v:]
WARNING: [filemgmt 56-199] Attempt to get parsing info during refresh. "On-the-fly" syntax checking information may be incorrect. [/home/jsp/Storage/CFU_PYNQ_FIles/CFU_SRC/pynq_z2/pynq_z2/arunQAFDHGDZXVNBDXG_gae.srcs/sources_1/new/Cfu.v:]
WARNING: [filemgmt 56-199] Attempt to get parsing info during refresh. "On-the-fly" syntax checking information may be incorrect. [/home/jsp/Storage/CFU_PYNQ_FIles/CFU_SRC/pynq_z2/pynq_z2/arunQAFDHGDZXVNBDXG_gae.srcs/sources_1/new/tul_pynq_z2.v:]
WARNING: [filemgmt 56-199] Attempt to get parsing info during refresh. "On-the-fly" syntax checking information may be incorrect. [/home/jsp/Storage/CFU_PYNQ_FIles/CFU_SRC/pynq_z2/pynq_z2/arunQAFDHGDZXVNBDXG_gae.srcs/sources_1/new/Cfu.v:]
WARNING: [filemgmt 56-199] Attempt to get parsing info during refresh. "On-the-fly" syntax checking information may be incorrect. [/home/jsp/Storage/CFU_PYNQ_FIles/CFU_SRC/pynq_z2/pynq_z2/arunQAFDHGDZXVNBDXG_gae.srcs/sources_1/new/Cfu.v:]
WARNING: [filemgmt 56-199] Attempt to get parsing info during refresh. "On-the-fly" syntax checking information may be incorrect. [/home/jsp/Storage/CFU_PYNQ_FIles/CFU_SRC/donut-accel/cfu.v:]
WARNING: [filemgmt 56-199] Attempt to get parsing info during refresh. "On-the-fly" syntax checking information may be incorrect. [/home/jsp/Storage/CFU_PYNQ_FIles/CFU_SRC/verilog/VexRiscv_FullCfu.v:]
WARNING: [filemgmt 56-199] Attempt to get parsing info during refresh. "On-the-fly" syntax checking information may be incorrect. [/home/jsp/Storage/CFU_PYNQ_FIles/CFU_SRC/pynq_z2/pynq_z2/arunQAFDHGDZXVNBDXG_gae.srcs/sources_1/new/Cfu.v:]
WARNING: [filemgmt 56-199] Attempt to get parsing info during refresh. "On-the-fly" syntax checking information may be incorrect. [/home/jsp/Storage/CFU_PYNQ_FIles/CFU_SRC/pynq_z2/pynq_z2/arunQAFDHGDZXVNBDXG_gae.srcs/sources_1/new/tul_pynq_z2.v:]
WARNING: [filemgmt 56-199] Attempt to get parsing info during refresh. "On-the-fly" syntax checking information may be incorrect. [/home/jsp/Storage/CFU_PYNQ_FIles/CFU_SRC/pynq_z2/pynq_z2/arunQAFDHGDZXVNBDXG_gae.srcs/sources_1/new/tul_pynq_z2.v:]
WARNING: [filemgmt 56-199] Attempt to get parsing info during refresh. "On-the-fly" syntax checking information may be incorrect. [/home/jsp/Storage/CFU_PYNQ_FIles/CFU_SRC/pynq_z2/pynq_z2/arunQAFDHGDZXVNBDXG_gae.srcs/sources_1/new/tul_pynq_z2.v:]
export_ip_user_files -of_objects  [get_files /home/jsp/Storage/CFU_PYNQ_FIles/CFU_SRC/pynq_z2/pynq_z2/arunQAFDHGDZXVNBDXG_gae.gen/sources_1/bd/system/hdl/system_wrapper.v] -no_script -reset -force -quiet
remove_files  /home/jsp/Storage/CFU_PYNQ_FIles/CFU_SRC/pynq_z2/pynq_z2/arunQAFDHGDZXVNBDXG_gae.gen/sources_1/bd/system/hdl/system_wrapper.v
file delete -force /home/jsp/Storage/CFU_PYNQ_FIles/CFU_SRC/pynq_z2/pynq_z2/arunQAFDHGDZXVNBDXG_gae.gen/sources_1/bd/system/hdl/system_wrapper.v
WARNING: [filemgmt 56-199] Attempt to get parsing info during refresh. "On-the-fly" syntax checking information may be incorrect. [/home/jsp/Storage/CFU_PYNQ_FIles/CFU_SRC/donut-accel/cfu.v:]
WARNING: [filemgmt 56-199] Attempt to get parsing info during refresh. "On-the-fly" syntax checking information may be incorrect. [/home/jsp/Storage/CFU_PYNQ_FIles/CFU_SRC/verilog/VexRiscv_FullCfu.v:]
WARNING: [filemgmt 56-199] Attempt to get parsing info during refresh. "On-the-fly" syntax checking information may be incorrect. [/home/jsp/Storage/CFU_PYNQ_FIles/CFU_SRC/pynq_z2/pynq_z2/arunQAFDHGDZXVNBDXG_gae.srcs/sources_1/new/Cfu.v:]
WARNING: [filemgmt 56-199] Attempt to get parsing info during refresh. "On-the-fly" syntax checking information may be incorrect. [/home/jsp/Storage/CFU_PYNQ_FIles/CFU_SRC/pynq_z2/pynq_z2/arunQAFDHGDZXVNBDXG_gae.gen/sources_1/bd/system/hdl/system_wrapper.v:]
WARNING: [filemgmt 56-199] Attempt to get parsing info during refresh. "On-the-fly" syntax checking information may be incorrect. [/home/jsp/Storage/CFU_PYNQ_FIles/CFU_SRC/pynq_z2/pynq_z2/arunQAFDHGDZXVNBDXG_gae.srcs/sources_1/new/tul_pynq_z2.v:]
WARNING: [filemgmt 56-199] Attempt to get parsing info during refresh. "On-the-fly" syntax checking information may be incorrect. [/home/jsp/Storage/CFU_PYNQ_FIles/CFU_SRC/donut-accel/cfu.v:]
WARNING: [filemgmt 56-199] Attempt to get parsing info during refresh. "On-the-fly" syntax checking information may be incorrect. [/home/jsp/Storage/CFU_PYNQ_FIles/CFU_SRC/donut-accel/cfu.v:]
WARNING: [filemgmt 56-199] Attempt to get parsing info during refresh. "On-the-fly" syntax checking information may be incorrect. [/home/jsp/Storage/CFU_PYNQ_FIles/CFU_SRC/donut-accel/cfu.v:]
WARNING: [filemgmt 56-199] Attempt to get parsing info during refresh. "On-the-fly" syntax checking information may be incorrect. [/home/jsp/Storage/CFU_PYNQ_FIles/CFU_SRC/verilog/VexRiscv_FullCfu.v:]
WARNING: [filemgmt 56-199] Attempt to get parsing info during refresh. "On-the-fly" syntax checking information may be incorrect. [/home/jsp/Storage/CFU_PYNQ_FIles/CFU_SRC/pynq_z2/pynq_z2/arunQAFDHGDZXVNBDXG_gae.srcs/sources_1/new/Cfu.v:]
WARNING: [filemgmt 56-199] Attempt to get parsing info during refresh. "On-the-fly" syntax checking information may be incorrect. [/home/jsp/Storage/CFU_PYNQ_FIles/CFU_SRC/pynq_z2/pynq_z2/arunQAFDHGDZXVNBDXG_gae.gen/sources_1/bd/system/hdl/system_wrapper.v:]
WARNING: [filemgmt 56-199] Attempt to get parsing info during refresh. "On-the-fly" syntax checking information may be incorrect. [/home/jsp/Storage/CFU_PYNQ_FIles/CFU_SRC/pynq_z2/pynq_z2/arunQAFDHGDZXVNBDXG_gae.srcs/sources_1/new/tul_pynq_z2.v:]
WARNING: [filemgmt 56-199] Attempt to get parsing info during refresh. "On-the-fly" syntax checking information may be incorrect. [/home/jsp/Storage/CFU_PYNQ_FIles/CFU_SRC/pynq_z2/pynq_z2/arunQAFDHGDZXVNBDXG_gae.srcs/sources_1/new/tul_pynq_z2.v:]
WARNING: [filemgmt 56-199] Attempt to get parsing info during refresh. "On-the-fly" syntax checking information may be incorrect. [/home/jsp/Storage/CFU_PYNQ_FIles/CFU_SRC/pynq_z2/pynq_z2/arunQAFDHGDZXVNBDXG_gae.srcs/sources_1/new/tul_pynq_z2.v:]
WARNING: [filemgmt 56-199] Attempt to get parsing info during refresh. "On-the-fly" syntax checking information may be incorrect. [/home/jsp/Storage/CFU_PYNQ_FIles/CFU_SRC/donut-accel/cfu.v:]
WARNING: [filemgmt 56-199] Attempt to get parsing info during refresh. "On-the-fly" syntax checking information may be incorrect. [/home/jsp/Storage/CFU_PYNQ_FIles/CFU_SRC/verilog/VexRiscv_FullCfu.v:]
WARNING: [filemgmt 56-199] Attempt to get parsing info during refresh. "On-the-fly" syntax checking information may be incorrect. [/home/jsp/Storage/CFU_PYNQ_FIles/CFU_SRC/pynq_z2/pynq_z2/arunQAFDHGDZXVNBDXG_gae.srcs/sources_1/new/Cfu.v:]
WARNING: [filemgmt 56-199] Attempt to get parsing info during refresh. "On-the-fly" syntax checking information may be incorrect. [/home/jsp/Storage/CFU_PYNQ_FIles/CFU_SRC/pynq_z2/pynq_z2/arunQAFDHGDZXVNBDXG_gae.gen/sources_1/bd/system/hdl/system_wrapper.v:]
WARNING: [filemgmt 56-199] Attempt to get parsing info during refresh. "On-the-fly" syntax checking information may be incorrect. [/home/jsp/Storage/CFU_PYNQ_FIles/CFU_SRC/pynq_z2/pynq_z2/arunQAFDHGDZXVNBDXG_gae.srcs/sources_1/new/tul_pynq_z2.v:]
WARNING: [filemgmt 56-199] Attempt to get parsing info during refresh. "On-the-fly" syntax checking information may be incorrect. [/home/jsp/Storage/CFU_PYNQ_FIles/CFU_SRC/verilog/VexRiscv_FullCfu.v:]
WARNING: [filemgmt 56-199] Attempt to get parsing info during refresh. "On-the-fly" syntax checking information may be incorrect. [/home/jsp/Storage/CFU_PYNQ_FIles/CFU_SRC/verilog/VexRiscv_FullCfu.v:]
update_compile_order -fileset sources_1
WARNING: [filemgmt 56-199] Attempt to get parsing info during refresh. "On-the-fly" syntax checking information may be incorrect. [/home/jsp/Storage/CFU_PYNQ_FIles/CFU_SRC/donut-accel/cfu.v:]
WARNING: [filemgmt 56-199] Attempt to get parsing info during refresh. "On-the-fly" syntax checking information may be incorrect. [/home/jsp/Storage/CFU_PYNQ_FIles/CFU_SRC/verilog/VexRiscv_FullCfu.v:]
WARNING: [filemgmt 56-199] Attempt to get parsing info during refresh. "On-the-fly" syntax checking information may be incorrect. [/home/jsp/Storage/CFU_PYNQ_FIles/CFU_SRC/pynq_z2/pynq_z2/arunQAFDHGDZXVNBDXG_gae.srcs/sources_1/new/Cfu.v:]
WARNING: [filemgmt 56-199] Attempt to get parsing info during refresh. "On-the-fly" syntax checking information may be incorrect. [/home/jsp/Storage/CFU_PYNQ_FIles/CFU_SRC/pynq_z2/pynq_z2/arunQAFDHGDZXVNBDXG_gae.gen/sources_1/bd/system/hdl/system_wrapper.v:]
WARNING: [filemgmt 56-199] Attempt to get parsing info during refresh. "On-the-fly" syntax checking information may be incorrect. [/home/jsp/Storage/CFU_PYNQ_FIles/CFU_SRC/pynq_z2/pynq_z2/arunQAFDHGDZXVNBDXG_gae.srcs/sources_1/new/tul_pynq_z2.v:]
WARNING: [filemgmt 56-199] Attempt to get parsing info during refresh. "On-the-fly" syntax checking information may be incorrect. [/home/jsp/Storage/CFU_PYNQ_FIles/CFU_SRC/donut-accel/cfu.v:]
WARNING: [filemgmt 56-199] Attempt to get parsing info during refresh. "On-the-fly" syntax checking information may be incorrect. [/home/jsp/Storage/CFU_PYNQ_FIles/CFU_SRC/donut-accel/cfu.v:]
WARNING: [filemgmt 56-199] Attempt to get parsing info during refresh. "On-the-fly" syntax checking information may be incorrect. [/home/jsp/Storage/CFU_PYNQ_FIles/CFU_SRC/donut-accel/cfu.v:]
WARNING: [filemgmt 56-199] Attempt to get parsing info during refresh. "On-the-fly" syntax checking information may be incorrect. [/home/jsp/Storage/CFU_PYNQ_FIles/CFU_SRC/verilog/VexRiscv_FullCfu.v:]
WARNING: [filemgmt 56-199] Attempt to get parsing info during refresh. "On-the-fly" syntax checking information may be incorrect. [/home/jsp/Storage/CFU_PYNQ_FIles/CFU_SRC/pynq_z2/pynq_z2/arunQAFDHGDZXVNBDXG_gae.srcs/sources_1/new/Cfu.v:]
WARNING: [filemgmt 56-199] Attempt to get parsing info during refresh. "On-the-fly" syntax checking information may be incorrect. [/home/jsp/Storage/CFU_PYNQ_FIles/CFU_SRC/pynq_z2/pynq_z2/arunQAFDHGDZXVNBDXG_gae.gen/sources_1/bd/system/hdl/system_wrapper.v:]
WARNING: [filemgmt 56-199] Attempt to get parsing info during refresh. "On-the-fly" syntax checking information may be incorrect. [/home/jsp/Storage/CFU_PYNQ_FIles/CFU_SRC/pynq_z2/pynq_z2/arunQAFDHGDZXVNBDXG_gae.srcs/sources_1/new/tul_pynq_z2.v:]
WARNING: [filemgmt 56-199] Attempt to get parsing info during refresh. "On-the-fly" syntax checking information may be incorrect. [/home/jsp/Storage/CFU_PYNQ_FIles/CFU_SRC/pynq_z2/pynq_z2/arunQAFDHGDZXVNBDXG_gae.srcs/sources_1/new/tul_pynq_z2.v:]
WARNING: [filemgmt 56-199] Attempt to get parsing info during refresh. "On-the-fly" syntax checking information may be incorrect. [/home/jsp/Storage/CFU_PYNQ_FIles/CFU_SRC/pynq_z2/pynq_z2/arunQAFDHGDZXVNBDXG_gae.srcs/sources_1/new/tul_pynq_z2.v:]
WARNING: [filemgmt 56-199] Attempt to get parsing info during refresh. "On-the-fly" syntax checking information may be incorrect. [/home/jsp/Storage/CFU_PYNQ_FIles/CFU_SRC/donut-accel/cfu.v:]
WARNING: [filemgmt 56-199] Attempt to get parsing info during refresh. "On-the-fly" syntax checking information may be incorrect. [/home/jsp/Storage/CFU_PYNQ_FIles/CFU_SRC/verilog/VexRiscv_FullCfu.v:]
WARNING: [filemgmt 56-199] Attempt to get parsing info during refresh. "On-the-fly" syntax checking information may be incorrect. [/home/jsp/Storage/CFU_PYNQ_FIles/CFU_SRC/pynq_z2/pynq_z2/arunQAFDHGDZXVNBDXG_gae.srcs/sources_1/new/Cfu.v:]
WARNING: [filemgmt 56-199] Attempt to get parsing info during refresh. "On-the-fly" syntax checking information may be incorrect. [/home/jsp/Storage/CFU_PYNQ_FIles/CFU_SRC/pynq_z2/pynq_z2/arunQAFDHGDZXVNBDXG_gae.gen/sources_1/bd/system/hdl/system_wrapper.v:]
WARNING: [filemgmt 56-199] Attempt to get parsing info during refresh. "On-the-fly" syntax checking information may be incorrect. [/home/jsp/Storage/CFU_PYNQ_FIles/CFU_SRC/pynq_z2/pynq_z2/arunQAFDHGDZXVNBDXG_gae.srcs/sources_1/new/tul_pynq_z2.v:]
WARNING: [filemgmt 56-199] Attempt to get parsing info during refresh. "On-the-fly" syntax checking information may be incorrect. [/home/jsp/Storage/CFU_PYNQ_FIles/CFU_SRC/pynq_z2/pynq_z2/arunQAFDHGDZXVNBDXG_gae.srcs/sources_1/new/Cfu.v:]
WARNING: [filemgmt 56-199] Attempt to get parsing info during refresh. "On-the-fly" syntax checking information may be incorrect. [/home/jsp/Storage/CFU_PYNQ_FIles/CFU_SRC/pynq_z2/pynq_z2/arunQAFDHGDZXVNBDXG_gae.srcs/sources_1/new/Cfu.v:]
set_property source_mgmt_mode DisplayOnly [current_project]
CRITICAL WARNING: [filemgmt 56-176] Module references are not supported in manual compile order mode and will be ignored.
make_wrapper -files [get_files /home/jsp/Storage/CFU_PYNQ_FIles/CFU_SRC/pynq_z2/pynq_z2/arunQAFDHGDZXVNBDXG_gae.srcs/sources_1/bd/system/system.bd] -top
WARNING: [BD 41-702] Propagation TCL tries to overwrite USER strength parameter PCW_M_AXI_GP0_FREQMHZ(10) on '/processing_system7_0' with propagated value(100). Command ignored
Wrote  : </home/jsp/Storage/CFU_PYNQ_FIles/CFU_SRC/pynq_z2/pynq_z2/arunQAFDHGDZXVNBDXG_gae.srcs/sources_1/bd/system/system.bd> 
Verilog Output written to : /home/jsp/Storage/CFU_PYNQ_FIles/CFU_SRC/pynq_z2/pynq_z2/arunQAFDHGDZXVNBDXG_gae.gen/sources_1/bd/system/synth/system.v
Verilog Output written to : /home/jsp/Storage/CFU_PYNQ_FIles/CFU_SRC/pynq_z2/pynq_z2/arunQAFDHGDZXVNBDXG_gae.gen/sources_1/bd/system/sim/system.v
Verilog Output written to : /home/jsp/Storage/CFU_PYNQ_FIles/CFU_SRC/pynq_z2/pynq_z2/arunQAFDHGDZXVNBDXG_gae.gen/sources_1/bd/system/hdl/system_wrapper.v
add_files -norecurse /home/jsp/Storage/CFU_PYNQ_FIles/CFU_SRC/pynq_z2/pynq_z2/arunQAFDHGDZXVNBDXG_gae.gen/sources_1/bd/system/hdl/system_wrapper.v
WARNING: [filemgmt 56-199] Attempt to get parsing info during refresh. "On-the-fly" syntax checking information may be incorrect. [/home/jsp/Storage/CFU_PYNQ_FIles/CFU_SRC/donut-accel/cfu.v:]
WARNING: [filemgmt 56-199] Attempt to get parsing info during refresh. "On-the-fly" syntax checking information may be incorrect. [/home/jsp/Storage/CFU_PYNQ_FIles/CFU_SRC/verilog/VexRiscv_FullCfu.v:]
WARNING: [filemgmt 56-199] Attempt to get parsing info during refresh. "On-the-fly" syntax checking information may be incorrect. [/home/jsp/Storage/CFU_PYNQ_FIles/CFU_SRC/pynq_z2/pynq_z2/arunQAFDHGDZXVNBDXG_gae.srcs/sources_1/new/Cfu.v:]
WARNING: [filemgmt 56-199] Attempt to get parsing info during refresh. "On-the-fly" syntax checking information may be incorrect. [/home/jsp/Storage/CFU_PYNQ_FIles/CFU_SRC/pynq_z2/pynq_z2/arunQAFDHGDZXVNBDXG_gae.gen/sources_1/bd/system/hdl/system_wrapper.v:]
WARNING: [filemgmt 56-199] Attempt to get parsing info during refresh. "On-the-fly" syntax checking information may be incorrect. [/home/jsp/Storage/CFU_PYNQ_FIles/CFU_SRC/pynq_z2/pynq_z2/arunQAFDHGDZXVNBDXG_gae.srcs/sources_1/new/tul_pynq_z2.v:]
WARNING: [filemgmt 56-199] Attempt to get parsing info during refresh. "On-the-fly" syntax checking information may be incorrect. [/home/jsp/Storage/CFU_PYNQ_FIles/CFU_SRC/donut-accel/cfu.v:]
WARNING: [filemgmt 56-199] Attempt to get parsing info during refresh. "On-the-fly" syntax checking information may be incorrect. [/home/jsp/Storage/CFU_PYNQ_FIles/CFU_SRC/donut-accel/cfu.v:]
WARNING: [filemgmt 56-199] Attempt to get parsing info during refresh. "On-the-fly" syntax checking information may be incorrect. [/home/jsp/Storage/CFU_PYNQ_FIles/CFU_SRC/donut-accel/cfu.v:]
WARNING: [filemgmt 56-199] Attempt to get parsing info during refresh. "On-the-fly" syntax checking information may be incorrect. [/home/jsp/Storage/CFU_PYNQ_FIles/CFU_SRC/verilog/VexRiscv_FullCfu.v:]
WARNING: [filemgmt 56-199] Attempt to get parsing info during refresh. "On-the-fly" syntax checking information may be incorrect. [/home/jsp/Storage/CFU_PYNQ_FIles/CFU_SRC/pynq_z2/pynq_z2/arunQAFDHGDZXVNBDXG_gae.srcs/sources_1/new/Cfu.v:]
WARNING: [filemgmt 56-199] Attempt to get parsing info during refresh. "On-the-fly" syntax checking information may be incorrect. [/home/jsp/Storage/CFU_PYNQ_FIles/CFU_SRC/pynq_z2/pynq_z2/arunQAFDHGDZXVNBDXG_gae.gen/sources_1/bd/system/hdl/system_wrapper.v:]
WARNING: [filemgmt 56-199] Attempt to get parsing info during refresh. "On-the-fly" syntax checking information may be incorrect. [/home/jsp/Storage/CFU_PYNQ_FIles/CFU_SRC/pynq_z2/pynq_z2/arunQAFDHGDZXVNBDXG_gae.srcs/sources_1/new/tul_pynq_z2.v:]
WARNING: [filemgmt 56-199] Attempt to get parsing info during refresh. "On-the-fly" syntax checking information may be incorrect. [/home/jsp/Storage/CFU_PYNQ_FIles/CFU_SRC/pynq_z2/pynq_z2/arunQAFDHGDZXVNBDXG_gae.srcs/sources_1/new/tul_pynq_z2.v:]
WARNING: [filemgmt 56-199] Attempt to get parsing info during refresh. "On-the-fly" syntax checking information may be incorrect. [/home/jsp/Storage/CFU_PYNQ_FIles/CFU_SRC/pynq_z2/pynq_z2/arunQAFDHGDZXVNBDXG_gae.srcs/sources_1/new/tul_pynq_z2.v:]
WARNING: [filemgmt 56-199] Attempt to get parsing info during refresh. "On-the-fly" syntax checking information may be incorrect. [/home/jsp/Storage/CFU_PYNQ_FIles/CFU_SRC/donut-accel/cfu.v:]
WARNING: [filemgmt 56-199] Attempt to get parsing info during refresh. "On-the-fly" syntax checking information may be incorrect. [/home/jsp/Storage/CFU_PYNQ_FIles/CFU_SRC/verilog/VexRiscv_FullCfu.v:]
WARNING: [filemgmt 56-199] Attempt to get parsing info during refresh. "On-the-fly" syntax checking information may be incorrect. [/home/jsp/Storage/CFU_PYNQ_FIles/CFU_SRC/pynq_z2/pynq_z2/arunQAFDHGDZXVNBDXG_gae.srcs/sources_1/new/Cfu.v:]
WARNING: [filemgmt 56-199] Attempt to get parsing info during refresh. "On-the-fly" syntax checking information may be incorrect. [/home/jsp/Storage/CFU_PYNQ_FIles/CFU_SRC/pynq_z2/pynq_z2/arunQAFDHGDZXVNBDXG_gae.gen/sources_1/bd/system/hdl/system_wrapper.v:]
WARNING: [filemgmt 56-199] Attempt to get parsing info during refresh. "On-the-fly" syntax checking information may be incorrect. [/home/jsp/Storage/CFU_PYNQ_FIles/CFU_SRC/pynq_z2/pynq_z2/arunQAFDHGDZXVNBDXG_gae.srcs/sources_1/new/tul_pynq_z2.v:]
WARNING: [filemgmt 56-199] Attempt to get parsing info during refresh. "On-the-fly" syntax checking information may be incorrect. [/home/jsp/Storage/CFU_PYNQ_FIles/CFU_SRC/pynq_z2/pynq_z2/arunQAFDHGDZXVNBDXG_gae.gen/sources_1/bd/system/hdl/system_wrapper.v:]
WARNING: [filemgmt 56-199] Attempt to get parsing info during refresh. "On-the-fly" syntax checking information may be incorrect. [/home/jsp/Storage/CFU_PYNQ_FIles/CFU_SRC/pynq_z2/pynq_z2/arunQAFDHGDZXVNBDXG_gae.gen/sources_1/bd/system/hdl/system_wrapper.v:]
WARNING: [filemgmt 56-199] Attempt to get parsing info during refresh. "On-the-fly" syntax checking information may be incorrect. [/home/jsp/Storage/CFU_PYNQ_FIles/CFU_SRC/donut-accel/cfu.v:]
WARNING: [filemgmt 56-199] Attempt to get parsing info during refresh. "On-the-fly" syntax checking information may be incorrect. [/home/jsp/Storage/CFU_PYNQ_FIles/CFU_SRC/verilog/VexRiscv_FullCfu.v:]
WARNING: [filemgmt 56-199] Attempt to get parsing info during refresh. "On-the-fly" syntax checking information may be incorrect. [/home/jsp/Storage/CFU_PYNQ_FIles/CFU_SRC/pynq_z2/pynq_z2/arunQAFDHGDZXVNBDXG_gae.srcs/sources_1/new/Cfu.v:]
WARNING: [filemgmt 56-199] Attempt to get parsing info during refresh. "On-the-fly" syntax checking information may be incorrect. [/home/jsp/Storage/CFU_PYNQ_FIles/CFU_SRC/pynq_z2/pynq_z2/arunQAFDHGDZXVNBDXG_gae.gen/sources_1/bd/system/hdl/system_wrapper.v:]
WARNING: [filemgmt 56-199] Attempt to get parsing info during refresh. "On-the-fly" syntax checking information may be incorrect. [/home/jsp/Storage/CFU_PYNQ_FIles/CFU_SRC/pynq_z2/pynq_z2/arunQAFDHGDZXVNBDXG_gae.srcs/sources_1/new/tul_pynq_z2.v:]
WARNING: [filemgmt 56-199] Attempt to get parsing info during refresh. "On-the-fly" syntax checking information may be incorrect. [/home/jsp/Storage/CFU_PYNQ_FIles/CFU_SRC/pynq_z2/pynq_z2/arunQAFDHGDZXVNBDXG_gae.srcs/sources_1/new/Cfu.v:]
WARNING: [filemgmt 56-199] Attempt to get parsing info during refresh. "On-the-fly" syntax checking information may be incorrect. [/home/jsp/Storage/CFU_PYNQ_FIles/CFU_SRC/pynq_z2/pynq_z2/arunQAFDHGDZXVNBDXG_gae.srcs/sources_1/new/Cfu.v:]
CRITICAL WARNING: [filemgmt 56-176] Module references are not supported in manual compile order mode and will be ignored.
open_bd_design {/home/jsp/Storage/CFU_PYNQ_FIles/CFU_SRC/pynq_z2/pynq_z2/arunQAFDHGDZXVNBDXG_gae.srcs/sources_1/bd/system/system.bd}
generate_target all [get_files  /home/jsp/Storage/CFU_PYNQ_FIles/CFU_SRC/pynq_z2/pynq_z2/arunQAFDHGDZXVNBDXG_gae.srcs/sources_1/bd/system/system.bd]
INFO: [BD 41-1662] The design 'system.bd' is already validated. Therefore parameter propagation will not be re-run.
Wrote  : </home/jsp/Storage/CFU_PYNQ_FIles/CFU_SRC/pynq_z2/pynq_z2/arunQAFDHGDZXVNBDXG_gae.srcs/sources_1/bd/system/ui/bd_c954508f.ui> 
Verilog Output written to : /home/jsp/Storage/CFU_PYNQ_FIles/CFU_SRC/pynq_z2/pynq_z2/arunQAFDHGDZXVNBDXG_gae.gen/sources_1/bd/system/synth/system.v
Verilog Output written to : /home/jsp/Storage/CFU_PYNQ_FIles/CFU_SRC/pynq_z2/pynq_z2/arunQAFDHGDZXVNBDXG_gae.gen/sources_1/bd/system/sim/system.v
Verilog Output written to : /home/jsp/Storage/CFU_PYNQ_FIles/CFU_SRC/pynq_z2/pynq_z2/arunQAFDHGDZXVNBDXG_gae.gen/sources_1/bd/system/hdl/system_wrapper.v
WARNING: [IP_Flow 19-4994] Overwriting existing constraint file '/home/jsp/Storage/CFU_PYNQ_FIles/CFU_SRC/pynq_z2/pynq_z2/arunQAFDHGDZXVNBDXG_gae.gen/sources_1/bd/system/ip/system_auto_pc_0/system_auto_pc_0_ooc.xdc'
INFO: [BD 41-1029] Generation completed for the IP Integrator block ps7_0_axi_periph/s00_couplers/auto_pc .
Exporting to file /home/jsp/Storage/CFU_PYNQ_FIles/CFU_SRC/pynq_z2/pynq_z2/arunQAFDHGDZXVNBDXG_gae.gen/sources_1/bd/system/hw_handoff/system.hwh
Generated Hardware Definition File /home/jsp/Storage/CFU_PYNQ_FIles/CFU_SRC/pynq_z2/pynq_z2/arunQAFDHGDZXVNBDXG_gae.gen/sources_1/bd/system/synth/system.hwdef
catch { config_ip_cache -export [get_ips -all system_auto_pc_0] }
INFO: [IP_Flow 19-6924] IPCACHE: Running cache check for IP inst: system_auto_pc_0
INFO: [IP_Flow 19-6922] IPCACHE: Exporting cached entry 28dbe6f2fca8b92b to dir: /home/jsp/Storage/CFU_PYNQ_FIles/CFU_SRC/pynq_z2/pynq_z2/arunQAFDHGDZXVNBDXG_gae.gen/sources_1/bd/system/ip/system_auto_pc_0
INFO: [IP_Flow 19-6928] IPCACHE: copied cached file /home/jsp/Storage/CFU_PYNQ_FIles/CFU_SRC/pynq_z2/pynq_z2/arunQAFDHGDZXVNBDXG_gae.cache/ip/2024.1/2/8/28dbe6f2fca8b92b/system_auto_pc_0_sim_netlist.v to /home/jsp/Storage/CFU_PYNQ_FIles/CFU_SRC/pynq_z2/pynq_z2/arunQAFDHGDZXVNBDXG_gae.gen/sources_1/bd/system/ip/system_auto_pc_0/system_auto_pc_0_sim_netlist.v.
INFO: [IP_Flow 19-6926] IPCACHE: added file to list for BOM: /home/jsp/Storage/CFU_PYNQ_FIles/CFU_SRC/pynq_z2/pynq_z2/arunQAFDHGDZXVNBDXG_gae.gen/sources_1/bd/system/ip/system_auto_pc_0/system_auto_pc_0_sim_netlist.v
INFO: [IP_Flow 19-6928] IPCACHE: copied cached file /home/jsp/Storage/CFU_PYNQ_FIles/CFU_SRC/pynq_z2/pynq_z2/arunQAFDHGDZXVNBDXG_gae.cache/ip/2024.1/2/8/28dbe6f2fca8b92b/system_auto_pc_0_stub.v to /home/jsp/Storage/CFU_PYNQ_FIles/CFU_SRC/pynq_z2/pynq_z2/arunQAFDHGDZXVNBDXG_gae.gen/sources_1/bd/system/ip/system_auto_pc_0/system_auto_pc_0_stub.v.
INFO: [IP_Flow 19-6926] IPCACHE: added file to list for BOM: /home/jsp/Storage/CFU_PYNQ_FIles/CFU_SRC/pynq_z2/pynq_z2/arunQAFDHGDZXVNBDXG_gae.gen/sources_1/bd/system/ip/system_auto_pc_0/system_auto_pc_0_stub.v
INFO: [IP_Flow 19-6928] IPCACHE: copied cached file /home/jsp/Storage/CFU_PYNQ_FIles/CFU_SRC/pynq_z2/pynq_z2/arunQAFDHGDZXVNBDXG_gae.cache/ip/2024.1/2/8/28dbe6f2fca8b92b/system_auto_pc_0_sim_netlist.vhdl to /home/jsp/Storage/CFU_PYNQ_FIles/CFU_SRC/pynq_z2/pynq_z2/arunQAFDHGDZXVNBDXG_gae.gen/sources_1/bd/system/ip/system_auto_pc_0/system_auto_pc_0_sim_netlist.vhdl.
INFO: [IP_Flow 19-6926] IPCACHE: added file to list for BOM: /home/jsp/Storage/CFU_PYNQ_FIles/CFU_SRC/pynq_z2/pynq_z2/arunQAFDHGDZXVNBDXG_gae.gen/sources_1/bd/system/ip/system_auto_pc_0/system_auto_pc_0_sim_netlist.vhdl
INFO: [IP_Flow 19-6928] IPCACHE: copied cached file /home/jsp/Storage/CFU_PYNQ_FIles/CFU_SRC/pynq_z2/pynq_z2/arunQAFDHGDZXVNBDXG_gae.cache/ip/2024.1/2/8/28dbe6f2fca8b92b/system_auto_pc_0.dcp to /home/jsp/Storage/CFU_PYNQ_FIles/CFU_SRC/pynq_z2/pynq_z2/arunQAFDHGDZXVNBDXG_gae.gen/sources_1/bd/system/ip/system_auto_pc_0/system_auto_pc_0.dcp.
INFO: [IP_Flow 19-6926] IPCACHE: added file to list for BOM: /home/jsp/Storage/CFU_PYNQ_FIles/CFU_SRC/pynq_z2/pynq_z2/arunQAFDHGDZXVNBDXG_gae.gen/sources_1/bd/system/ip/system_auto_pc_0/system_auto_pc_0.dcp
INFO: [IP_Flow 19-6928] IPCACHE: copied cached file /home/jsp/Storage/CFU_PYNQ_FIles/CFU_SRC/pynq_z2/pynq_z2/arunQAFDHGDZXVNBDXG_gae.cache/ip/2024.1/2/8/28dbe6f2fca8b92b/system_auto_pc_0_stub.vhdl to /home/jsp/Storage/CFU_PYNQ_FIles/CFU_SRC/pynq_z2/pynq_z2/arunQAFDHGDZXVNBDXG_gae.gen/sources_1/bd/system/ip/system_auto_pc_0/system_auto_pc_0_stub.vhdl.
INFO: [IP_Flow 19-6926] IPCACHE: added file to list for BOM: /home/jsp/Storage/CFU_PYNQ_FIles/CFU_SRC/pynq_z2/pynq_z2/arunQAFDHGDZXVNBDXG_gae.gen/sources_1/bd/system/ip/system_auto_pc_0/system_auto_pc_0_stub.vhdl
INFO: [IP_Flow 19-4993] Using cached IP synthesis design for IP system_auto_pc_0, cache-ID = 28dbe6f2fca8b92b; cache size = 3.220 MB.
export_ip_user_files -of_objects [get_files /home/jsp/Storage/CFU_PYNQ_FIles/CFU_SRC/pynq_z2/pynq_z2/arunQAFDHGDZXVNBDXG_gae.srcs/sources_1/bd/system/system.bd] -no_script -sync -force -quiet
create_ip_run [get_files -of_objects [get_fileset sources_1] /home/jsp/Storage/CFU_PYNQ_FIles/CFU_SRC/pynq_z2/pynq_z2/arunQAFDHGDZXVNBDXG_gae.srcs/sources_1/bd/system/system.bd]
export_simulation -of_objects [get_files /home/jsp/Storage/CFU_PYNQ_FIles/CFU_SRC/pynq_z2/pynq_z2/arunQAFDHGDZXVNBDXG_gae.srcs/sources_1/bd/system/system.bd] -directory /home/jsp/Storage/CFU_PYNQ_FIles/CFU_SRC/pynq_z2/pynq_z2/arunQAFDHGDZXVNBDXG_gae.ip_user_files/sim_scripts -ip_user_files_dir /home/jsp/Storage/CFU_PYNQ_FIles/CFU_SRC/pynq_z2/pynq_z2/arunQAFDHGDZXVNBDXG_gae.ip_user_files -ipstatic_source_dir /home/jsp/Storage/CFU_PYNQ_FIles/CFU_SRC/pynq_z2/pynq_z2/arunQAFDHGDZXVNBDXG_gae.ip_user_files/ipstatic -lib_map_path [list {modelsim=/home/jsp/Storage/CFU_PYNQ_FIles/CFU_SRC/pynq_z2/pynq_z2/arunQAFDHGDZXVNBDXG_gae.cache/compile_simlib/modelsim} {questa=/home/jsp/Storage/CFU_PYNQ_FIles/CFU_SRC/pynq_z2/pynq_z2/arunQAFDHGDZXVNBDXG_gae.cache/compile_simlib/questa} {xcelium=/home/jsp/Storage/CFU_PYNQ_FIles/CFU_SRC/pynq_z2/pynq_z2/arunQAFDHGDZXVNBDXG_gae.cache/compile_simlib/xcelium} {vcs=/home/jsp/Storage/CFU_PYNQ_FIles/CFU_SRC/pynq_z2/pynq_z2/arunQAFDHGDZXVNBDXG_gae.cache/compile_simlib/vcs} {riviera=/home/jsp/Storage/CFU_PYNQ_FIles/CFU_SRC/pynq_z2/pynq_z2/arunQAFDHGDZXVNBDXG_gae.cache/compile_simlib/riviera}] -use_ip_compiled_libs -force -quiet
WARNING: [filemgmt 56-199] Attempt to get parsing info during refresh. "On-the-fly" syntax checking information may be incorrect. [/home/jsp/Storage/CFU_PYNQ_FIles/CFU_SRC/donut-accel/cfu.v:]
WARNING: [filemgmt 56-199] Attempt to get parsing info during refresh. "On-the-fly" syntax checking information may be incorrect. [/home/jsp/Storage/CFU_PYNQ_FIles/CFU_SRC/pynq_z2/pynq_z2/arunQAFDHGDZXVNBDXG_gae.srcs/sources_1/new/Cfu.v:]
WARNING: [filemgmt 56-199] Attempt to get parsing info during refresh. "On-the-fly" syntax checking information may be incorrect. [/home/jsp/Storage/CFU_PYNQ_FIles/CFU_SRC/pynq_z2/pynq_z2/arunQAFDHGDZXVNBDXG_gae.gen/sources_1/bd/system/hdl/system_wrapper.v:]
WARNING: [filemgmt 56-199] Attempt to get parsing info during refresh. "On-the-fly" syntax checking information may be incorrect. [/home/jsp/Storage/CFU_PYNQ_FIles/CFU_SRC/pynq_z2/pynq_z2/arunQAFDHGDZXVNBDXG_gae.srcs/sources_1/new/tul_pynq_z2.v:]
WARNING: [filemgmt 56-199] Attempt to get parsing info during refresh. "On-the-fly" syntax checking information may be incorrect. [/home/jsp/Storage/CFU_PYNQ_FIles/CFU_SRC/donut-accel/cfu.v:]
WARNING: [filemgmt 56-199] Attempt to get parsing info during refresh. "On-the-fly" syntax checking information may be incorrect. [/home/jsp/Storage/CFU_PYNQ_FIles/CFU_SRC/donut-accel/cfu.v:]
WARNING: [filemgmt 56-199] Attempt to get parsing info during refresh. "On-the-fly" syntax checking information may be incorrect. [/home/jsp/Storage/CFU_PYNQ_FIles/CFU_SRC/donut-accel/cfu.v:]
WARNING: [filemgmt 56-199] Attempt to get parsing info during refresh. "On-the-fly" syntax checking information may be incorrect. [/home/jsp/Storage/CFU_PYNQ_FIles/CFU_SRC/pynq_z2/pynq_z2/arunQAFDHGDZXVNBDXG_gae.srcs/sources_1/new/Cfu.v:]
WARNING: [filemgmt 56-199] Attempt to get parsing info during refresh. "On-the-fly" syntax checking information may be incorrect. [/home/jsp/Storage/CFU_PYNQ_FIles/CFU_SRC/pynq_z2/pynq_z2/arunQAFDHGDZXVNBDXG_gae.gen/sources_1/bd/system/hdl/system_wrapper.v:]
WARNING: [filemgmt 56-199] Attempt to get parsing info during refresh. "On-the-fly" syntax checking information may be incorrect. [/home/jsp/Storage/CFU_PYNQ_FIles/CFU_SRC/pynq_z2/pynq_z2/arunQAFDHGDZXVNBDXG_gae.srcs/sources_1/new/tul_pynq_z2.v:]
WARNING: [filemgmt 56-199] Attempt to get parsing info during refresh. "On-the-fly" syntax checking information may be incorrect. [/home/jsp/Storage/CFU_PYNQ_FIles/CFU_SRC/pynq_z2/pynq_z2/arunQAFDHGDZXVNBDXG_gae.gen/sources_1/bd/system/hdl/system_wrapper.v:]
WARNING: [filemgmt 56-199] Attempt to get parsing info during refresh. "On-the-fly" syntax checking information may be incorrect. [/home/jsp/Storage/CFU_PYNQ_FIles/CFU_SRC/pynq_z2/pynq_z2/arunQAFDHGDZXVNBDXG_gae.gen/sources_1/bd/system/hdl/system_wrapper.v:]
WARNING: [filemgmt 56-199] Attempt to get parsing info during refresh. "On-the-fly" syntax checking information may be incorrect. [/home/jsp/Storage/CFU_PYNQ_FIles/CFU_SRC/donut-accel/cfu.v:]
WARNING: [filemgmt 56-199] Attempt to get parsing info during refresh. "On-the-fly" syntax checking information may be incorrect. [/home/jsp/Storage/CFU_PYNQ_FIles/CFU_SRC/pynq_z2/pynq_z2/arunQAFDHGDZXVNBDXG_gae.srcs/sources_1/new/Cfu.v:]
WARNING: [filemgmt 56-199] Attempt to get parsing info during refresh. "On-the-fly" syntax checking information may be incorrect. [/home/jsp/Storage/CFU_PYNQ_FIles/CFU_SRC/pynq_z2/pynq_z2/arunQAFDHGDZXVNBDXG_gae.gen/sources_1/bd/system/hdl/system_wrapper.v:]
WARNING: [filemgmt 56-199] Attempt to get parsing info during refresh. "On-the-fly" syntax checking information may be incorrect. [/home/jsp/Storage/CFU_PYNQ_FIles/CFU_SRC/pynq_z2/pynq_z2/arunQAFDHGDZXVNBDXG_gae.srcs/sources_1/new/tul_pynq_z2.v:]
WARNING: [filemgmt 56-199] Attempt to get parsing info during refresh. "On-the-fly" syntax checking information may be incorrect. [/home/jsp/Storage/CFU_PYNQ_FIles/CFU_SRC/pynq_z2/pynq_z2/arunQAFDHGDZXVNBDXG_gae.gen/sources_1/bd/system/hdl/system_wrapper.v:]
WARNING: [filemgmt 56-199] Attempt to get parsing info during refresh. "On-the-fly" syntax checking information may be incorrect. [/home/jsp/Storage/CFU_PYNQ_FIles/CFU_SRC/pynq_z2/pynq_z2/arunQAFDHGDZXVNBDXG_gae.gen/sources_1/bd/system/hdl/system_wrapper.v:]
WARNING: [filemgmt 56-199] Attempt to get parsing info during refresh. "On-the-fly" syntax checking information may be incorrect. [/home/jsp/Storage/CFU_PYNQ_FIles/CFU_SRC/donut-accel/cfu.v:]
WARNING: [filemgmt 56-199] Attempt to get parsing info during refresh. "On-the-fly" syntax checking information may be incorrect. [/home/jsp/Storage/CFU_PYNQ_FIles/CFU_SRC/pynq_z2/pynq_z2/arunQAFDHGDZXVNBDXG_gae.srcs/sources_1/new/Cfu.v:]
WARNING: [filemgmt 56-199] Attempt to get parsing info during refresh. "On-the-fly" syntax checking information may be incorrect. [/home/jsp/Storage/CFU_PYNQ_FIles/CFU_SRC/pynq_z2/pynq_z2/arunQAFDHGDZXVNBDXG_gae.gen/sources_1/bd/system/hdl/system_wrapper.v:]
WARNING: [filemgmt 56-199] Attempt to get parsing info during refresh. "On-the-fly" syntax checking information may be incorrect. [/home/jsp/Storage/CFU_PYNQ_FIles/CFU_SRC/pynq_z2/pynq_z2/arunQAFDHGDZXVNBDXG_gae.srcs/sources_1/new/tul_pynq_z2.v:]
WARNING: [filemgmt 56-199] Attempt to get parsing info during refresh. "On-the-fly" syntax checking information may be incorrect. [/home/jsp/Storage/CFU_PYNQ_FIles/CFU_SRC/pynq_z2/pynq_z2/arunQAFDHGDZXVNBDXG_gae.srcs/sources_1/new/Cfu.v:]
WARNING: [filemgmt 56-199] Attempt to get parsing info during refresh. "On-the-fly" syntax checking information may be incorrect. [/home/jsp/Storage/CFU_PYNQ_FIles/CFU_SRC/pynq_z2/pynq_z2/arunQAFDHGDZXVNBDXG_gae.srcs/sources_1/new/Cfu.v:]
WARNING: [filemgmt 56-199] Attempt to get parsing info during refresh. "On-the-fly" syntax checking information may be incorrect. [/home/jsp/Storage/CFU_PYNQ_FIles/CFU_SRC/donut-accel/cfu.v:]
WARNING: [filemgmt 56-199] Attempt to get parsing info during refresh. "On-the-fly" syntax checking information may be incorrect. [/home/jsp/Storage/CFU_PYNQ_FIles/CFU_SRC/pynq_z2/pynq_z2/arunQAFDHGDZXVNBDXG_gae.srcs/sources_1/new/Cfu.v:]
WARNING: [filemgmt 56-199] Attempt to get parsing info during refresh. "On-the-fly" syntax checking information may be incorrect. [/home/jsp/Storage/CFU_PYNQ_FIles/CFU_SRC/pynq_z2/pynq_z2/arunQAFDHGDZXVNBDXG_gae.gen/sources_1/bd/system/hdl/system_wrapper.v:]
WARNING: [filemgmt 56-199] Attempt to get parsing info during refresh. "On-the-fly" syntax checking information may be incorrect. [/home/jsp/Storage/CFU_PYNQ_FIles/CFU_SRC/pynq_z2/pynq_z2/arunQAFDHGDZXVNBDXG_gae.srcs/sources_1/new/tul_pynq_z2.v:]
WARNING: [filemgmt 56-199] Attempt to get parsing info during refresh. "On-the-fly" syntax checking information may be incorrect. [/home/jsp/Storage/CFU_PYNQ_FIles/CFU_SRC/pynq_z2/pynq_z2/arunQAFDHGDZXVNBDXG_gae.gen/sources_1/bd/system/hdl/system_wrapper.v:]
WARNING: [filemgmt 56-199] Attempt to get parsing info during refresh. "On-the-fly" syntax checking information may be incorrect. [/home/jsp/Storage/CFU_PYNQ_FIles/CFU_SRC/pynq_z2/pynq_z2/arunQAFDHGDZXVNBDXG_gae.gen/sources_1/bd/system/hdl/system_wrapper.v:]
close [ open /home/jsp/Storage/CFU_PYNQ_FIles/CFU_SRC/Top.v w ]
add_files /home/jsp/Storage/CFU_PYNQ_FIles/CFU_SRC/Top.v
WARNING: [filemgmt 56-199] Attempt to get parsing info during refresh. "On-the-fly" syntax checking information may be incorrect. [/home/jsp/Storage/CFU_PYNQ_FIles/CFU_SRC/donut-accel/cfu.v:]
WARNING: [filemgmt 56-199] Attempt to get parsing info during refresh. "On-the-fly" syntax checking information may be incorrect. [/home/jsp/Storage/CFU_PYNQ_FIles/CFU_SRC/pynq_z2/pynq_z2/arunQAFDHGDZXVNBDXG_gae.srcs/sources_1/new/Cfu.v:]
WARNING: [filemgmt 56-199] Attempt to get parsing info during refresh. "On-the-fly" syntax checking information may be incorrect. [/home/jsp/Storage/CFU_PYNQ_FIles/CFU_SRC/pynq_z2/pynq_z2/arunQAFDHGDZXVNBDXG_gae.gen/sources_1/bd/system/hdl/system_wrapper.v:]
WARNING: [filemgmt 56-199] Attempt to get parsing info during refresh. "On-the-fly" syntax checking information may be incorrect. [/home/jsp/Storage/CFU_PYNQ_FIles/CFU_SRC/pynq_z2/pynq_z2/arunQAFDHGDZXVNBDXG_gae.srcs/sources_1/new/tul_pynq_z2.v:]
WARNING: [filemgmt 56-199] Attempt to get parsing info during refresh. "On-the-fly" syntax checking information may be incorrect. [/home/jsp/Storage/CFU_PYNQ_FIles/CFU_SRC/donut-accel/cfu.v:]
WARNING: [filemgmt 56-199] Attempt to get parsing info during refresh. "On-the-fly" syntax checking information may be incorrect. [/home/jsp/Storage/CFU_PYNQ_FIles/CFU_SRC/donut-accel/cfu.v:]
WARNING: [filemgmt 56-199] Attempt to get parsing info during refresh. "On-the-fly" syntax checking information may be incorrect. [/home/jsp/Storage/CFU_PYNQ_FIles/CFU_SRC/donut-accel/cfu.v:]
WARNING: [filemgmt 56-199] Attempt to get parsing info during refresh. "On-the-fly" syntax checking information may be incorrect. [/home/jsp/Storage/CFU_PYNQ_FIles/CFU_SRC/pynq_z2/pynq_z2/arunQAFDHGDZXVNBDXG_gae.srcs/sources_1/new/Cfu.v:]
WARNING: [filemgmt 56-199] Attempt to get parsing info during refresh. "On-the-fly" syntax checking information may be incorrect. [/home/jsp/Storage/CFU_PYNQ_FIles/CFU_SRC/pynq_z2/pynq_z2/arunQAFDHGDZXVNBDXG_gae.gen/sources_1/bd/system/hdl/system_wrapper.v:]
WARNING: [filemgmt 56-199] Attempt to get parsing info during refresh. "On-the-fly" syntax checking information may be incorrect. [/home/jsp/Storage/CFU_PYNQ_FIles/CFU_SRC/pynq_z2/pynq_z2/arunQAFDHGDZXVNBDXG_gae.srcs/sources_1/new/tul_pynq_z2.v:]
WARNING: [filemgmt 56-199] Attempt to get parsing info during refresh. "On-the-fly" syntax checking information may be incorrect. [/home/jsp/Storage/CFU_PYNQ_FIles/CFU_SRC/pynq_z2/pynq_z2/arunQAFDHGDZXVNBDXG_gae.srcs/sources_1/new/tul_pynq_z2.v:]
WARNING: [filemgmt 56-199] Attempt to get parsing info during refresh. "On-the-fly" syntax checking information may be incorrect. [/home/jsp/Storage/CFU_PYNQ_FIles/CFU_SRC/pynq_z2/pynq_z2/arunQAFDHGDZXVNBDXG_gae.srcs/sources_1/new/tul_pynq_z2.v:]
WARNING: [filemgmt 56-199] Attempt to get parsing info during refresh. "On-the-fly" syntax checking information may be incorrect. [/home/jsp/Storage/CFU_PYNQ_FIles/CFU_SRC/donut-accel/cfu.v:]
WARNING: [filemgmt 56-199] Attempt to get parsing info during refresh. "On-the-fly" syntax checking information may be incorrect. [/home/jsp/Storage/CFU_PYNQ_FIles/CFU_SRC/pynq_z2/pynq_z2/arunQAFDHGDZXVNBDXG_gae.srcs/sources_1/new/Cfu.v:]
WARNING: [filemgmt 56-199] Attempt to get parsing info during refresh. "On-the-fly" syntax checking information may be incorrect. [/home/jsp/Storage/CFU_PYNQ_FIles/CFU_SRC/pynq_z2/pynq_z2/arunQAFDHGDZXVNBDXG_gae.gen/sources_1/bd/system/hdl/system_wrapper.v:]
WARNING: [filemgmt 56-199] Attempt to get parsing info during refresh. "On-the-fly" syntax checking information may be incorrect. [/home/jsp/Storage/CFU_PYNQ_FIles/CFU_SRC/pynq_z2/pynq_z2/arunQAFDHGDZXVNBDXG_gae.srcs/sources_1/new/tul_pynq_z2.v:]
WARNING: [filemgmt 56-199] Attempt to get parsing info during refresh. "On-the-fly" syntax checking information may be incorrect. [/home/jsp/Storage/CFU_PYNQ_FIles/CFU_SRC/pynq_z2/pynq_z2/arunQAFDHGDZXVNBDXG_gae.gen/sources_1/bd/system/hdl/system_wrapper.v:]
WARNING: [filemgmt 56-199] Attempt to get parsing info during refresh. "On-the-fly" syntax checking information may be incorrect. [/home/jsp/Storage/CFU_PYNQ_FIles/CFU_SRC/pynq_z2/pynq_z2/arunQAFDHGDZXVNBDXG_gae.gen/sources_1/bd/system/hdl/system_wrapper.v:]
WARNING: [filemgmt 56-199] Attempt to get parsing info during refresh. "On-the-fly" syntax checking information may be incorrect. [/home/jsp/Storage/CFU_PYNQ_FIles/CFU_SRC/donut-accel/cfu.v:]
WARNING: [filemgmt 56-199] Attempt to get parsing info during refresh. "On-the-fly" syntax checking information may be incorrect. [/home/jsp/Storage/CFU_PYNQ_FIles/CFU_SRC/pynq_z2/pynq_z2/arunQAFDHGDZXVNBDXG_gae.srcs/sources_1/new/Cfu.v:]
WARNING: [filemgmt 56-199] Attempt to get parsing info during refresh. "On-the-fly" syntax checking information may be incorrect. [/home/jsp/Storage/CFU_PYNQ_FIles/CFU_SRC/pynq_z2/pynq_z2/arunQAFDHGDZXVNBDXG_gae.gen/sources_1/bd/system/hdl/system_wrapper.v:]
WARNING: [filemgmt 56-199] Attempt to get parsing info during refresh. "On-the-fly" syntax checking information may be incorrect. [/home/jsp/Storage/CFU_PYNQ_FIles/CFU_SRC/pynq_z2/pynq_z2/arunQAFDHGDZXVNBDXG_gae.srcs/sources_1/new/tul_pynq_z2.v:]
WARNING: [filemgmt 56-199] Attempt to get parsing info during refresh. "On-the-fly" syntax checking information may be incorrect. [/home/jsp/Storage/CFU_PYNQ_FIles/CFU_SRC/pynq_z2/pynq_z2/arunQAFDHGDZXVNBDXG_gae.srcs/sources_1/new/Cfu.v:]
WARNING: [filemgmt 56-199] Attempt to get parsing info during refresh. "On-the-fly" syntax checking information may be incorrect. [/home/jsp/Storage/CFU_PYNQ_FIles/CFU_SRC/pynq_z2/pynq_z2/arunQAFDHGDZXVNBDXG_gae.srcs/sources_1/new/Cfu.v:]
WARNING: [filemgmt 56-199] Attempt to get parsing info during refresh. "On-the-fly" syntax checking information may be incorrect. [/home/jsp/Storage/CFU_PYNQ_FIles/CFU_SRC/donut-accel/cfu.v:]
WARNING: [filemgmt 56-199] Attempt to get parsing info during refresh. "On-the-fly" syntax checking information may be incorrect. [/home/jsp/Storage/CFU_PYNQ_FIles/CFU_SRC/pynq_z2/pynq_z2/arunQAFDHGDZXVNBDXG_gae.srcs/sources_1/new/Cfu.v:]
WARNING: [filemgmt 56-199] Attempt to get parsing info during refresh. "On-the-fly" syntax checking information may be incorrect. [/home/jsp/Storage/CFU_PYNQ_FIles/CFU_SRC/pynq_z2/pynq_z2/arunQAFDHGDZXVNBDXG_gae.gen/sources_1/bd/system/hdl/system_wrapper.v:]
WARNING: [filemgmt 56-199] Attempt to get parsing info during refresh. "On-the-fly" syntax checking information may be incorrect. [/home/jsp/Storage/CFU_PYNQ_FIles/CFU_SRC/pynq_z2/pynq_z2/arunQAFDHGDZXVNBDXG_gae.srcs/sources_1/new/tul_pynq_z2.v:]
WARNING: [filemgmt 56-199] Attempt to get parsing info during refresh. "On-the-fly" syntax checking information may be incorrect. [/home/jsp/Storage/CFU_PYNQ_FIles/CFU_SRC/donut-accel/cfu.v:]
WARNING: [filemgmt 56-199] Attempt to get parsing info during refresh. "On-the-fly" syntax checking information may be incorrect. [/home/jsp/Storage/CFU_PYNQ_FIles/CFU_SRC/donut-accel/cfu.v:]
WARNING: [filemgmt 56-199] Attempt to get parsing info during refresh. "On-the-fly" syntax checking information may be incorrect. [/home/jsp/Storage/CFU_PYNQ_FIles/CFU_SRC/donut-accel/cfu.v:]
WARNING: [filemgmt 56-199] Attempt to get parsing info during refresh. "On-the-fly" syntax checking information may be incorrect. [/home/jsp/Storage/CFU_PYNQ_FIles/CFU_SRC/pynq_z2/pynq_z2/arunQAFDHGDZXVNBDXG_gae.srcs/sources_1/new/Cfu.v:]
WARNING: [filemgmt 56-199] Attempt to get parsing info during refresh. "On-the-fly" syntax checking information may be incorrect. [/home/jsp/Storage/CFU_PYNQ_FIles/CFU_SRC/pynq_z2/pynq_z2/arunQAFDHGDZXVNBDXG_gae.gen/sources_1/bd/system/hdl/system_wrapper.v:]
WARNING: [filemgmt 56-199] Attempt to get parsing info during refresh. "On-the-fly" syntax checking information may be incorrect. [/home/jsp/Storage/CFU_PYNQ_FIles/CFU_SRC/pynq_z2/pynq_z2/arunQAFDHGDZXVNBDXG_gae.srcs/sources_1/new/tul_pynq_z2.v:]
WARNING: [filemgmt 56-199] Attempt to get parsing info during refresh. "On-the-fly" syntax checking information may be incorrect. [/home/jsp/Storage/CFU_PYNQ_FIles/CFU_SRC/pynq_z2/pynq_z2/arunQAFDHGDZXVNBDXG_gae.gen/sources_1/bd/system/hdl/system_wrapper.v:]
WARNING: [filemgmt 56-199] Attempt to get parsing info during refresh. "On-the-fly" syntax checking information may be incorrect. [/home/jsp/Storage/CFU_PYNQ_FIles/CFU_SRC/pynq_z2/pynq_z2/arunQAFDHGDZXVNBDXG_gae.gen/sources_1/bd/system/hdl/system_wrapper.v:]
WARNING: [filemgmt 56-199] Attempt to get parsing info during refresh. "On-the-fly" syntax checking information may be incorrect. [/home/jsp/Storage/CFU_PYNQ_FIles/CFU_SRC/donut-accel/cfu.v:]
WARNING: [filemgmt 56-199] Attempt to get parsing info during refresh. "On-the-fly" syntax checking information may be incorrect. [/home/jsp/Storage/CFU_PYNQ_FIles/CFU_SRC/pynq_z2/pynq_z2/arunQAFDHGDZXVNBDXG_gae.srcs/sources_1/new/Cfu.v:]
WARNING: [filemgmt 56-199] Attempt to get parsing info during refresh. "On-the-fly" syntax checking information may be incorrect. [/home/jsp/Storage/CFU_PYNQ_FIles/CFU_SRC/pynq_z2/pynq_z2/arunQAFDHGDZXVNBDXG_gae.gen/sources_1/bd/system/hdl/system_wrapper.v:]
WARNING: [filemgmt 56-199] Attempt to get parsing info during refresh. "On-the-fly" syntax checking information may be incorrect. [/home/jsp/Storage/CFU_PYNQ_FIles/CFU_SRC/pynq_z2/pynq_z2/arunQAFDHGDZXVNBDXG_gae.srcs/sources_1/new/tul_pynq_z2.v:]
WARNING: [filemgmt 56-199] Attempt to get parsing info during refresh. "On-the-fly" syntax checking information may be incorrect. [/home/jsp/Storage/CFU_PYNQ_FIles/CFU_SRC/pynq_z2/pynq_z2/arunQAFDHGDZXVNBDXG_gae.gen/sources_1/bd/system/hdl/system_wrapper.v:]
WARNING: [filemgmt 56-199] Attempt to get parsing info during refresh. "On-the-fly" syntax checking information may be incorrect. [/home/jsp/Storage/CFU_PYNQ_FIles/CFU_SRC/pynq_z2/pynq_z2/arunQAFDHGDZXVNBDXG_gae.gen/sources_1/bd/system/hdl/system_wrapper.v:]
WARNING: [filemgmt 56-199] Attempt to get parsing info during refresh. "On-the-fly" syntax checking information may be incorrect. [/home/jsp/Storage/CFU_PYNQ_FIles/CFU_SRC/donut-accel/cfu.v:]
WARNING: [filemgmt 56-199] Attempt to get parsing info during refresh. "On-the-fly" syntax checking information may be incorrect. [/home/jsp/Storage/CFU_PYNQ_FIles/CFU_SRC/pynq_z2/pynq_z2/arunQAFDHGDZXVNBDXG_gae.srcs/sources_1/new/Cfu.v:]
WARNING: [filemgmt 56-199] Attempt to get parsing info during refresh. "On-the-fly" syntax checking information may be incorrect. [/home/jsp/Storage/CFU_PYNQ_FIles/CFU_SRC/pynq_z2/pynq_z2/arunQAFDHGDZXVNBDXG_gae.gen/sources_1/bd/system/hdl/system_wrapper.v:]
WARNING: [filemgmt 56-199] Attempt to get parsing info during refresh. "On-the-fly" syntax checking information may be incorrect. [/home/jsp/Storage/CFU_PYNQ_FIles/CFU_SRC/pynq_z2/pynq_z2/arunQAFDHGDZXVNBDXG_gae.srcs/sources_1/new/tul_pynq_z2.v:]
WARNING: [filemgmt 56-199] Attempt to get parsing info during refresh. "On-the-fly" syntax checking information may be incorrect. [/home/jsp/Storage/CFU_PYNQ_FIles/CFU_SRC/pynq_z2/pynq_z2/arunQAFDHGDZXVNBDXG_gae.srcs/sources_1/new/Cfu.v:]
WARNING: [filemgmt 56-199] Attempt to get parsing info during refresh. "On-the-fly" syntax checking information may be incorrect. [/home/jsp/Storage/CFU_PYNQ_FIles/CFU_SRC/pynq_z2/pynq_z2/arunQAFDHGDZXVNBDXG_gae.srcs/sources_1/new/Cfu.v:]
CRITICAL WARNING: [filemgmt 56-176] Module references are not supported in manual compile order mode and will be ignored.
WARNING: [filemgmt 56-199] Attempt to get parsing info during refresh. "On-the-fly" syntax checking information may be incorrect. [/home/jsp/Storage/CFU_PYNQ_FIles/CFU_SRC/donut-accel/cfu.v:]
WARNING: [filemgmt 56-199] Attempt to get parsing info during refresh. "On-the-fly" syntax checking information may be incorrect. [/home/jsp/Storage/CFU_PYNQ_FIles/CFU_SRC/Top.v:]
WARNING: [filemgmt 56-199] Attempt to get parsing info during refresh. "On-the-fly" syntax checking information may be incorrect. [/home/jsp/Storage/CFU_PYNQ_FIles/CFU_SRC/pynq_z2/pynq_z2/arunQAFDHGDZXVNBDXG_gae.srcs/sources_1/new/Cfu.v:]
WARNING: [filemgmt 56-199] Attempt to get parsing info during refresh. "On-the-fly" syntax checking information may be incorrect. [/home/jsp/Storage/CFU_PYNQ_FIles/CFU_SRC/pynq_z2/pynq_z2/arunQAFDHGDZXVNBDXG_gae.gen/sources_1/bd/system/hdl/system_wrapper.v:]
WARNING: [filemgmt 56-199] Attempt to get parsing info during refresh. "On-the-fly" syntax checking information may be incorrect. [/home/jsp/Storage/CFU_PYNQ_FIles/CFU_SRC/pynq_z2/pynq_z2/arunQAFDHGDZXVNBDXG_gae.srcs/sources_1/new/tul_pynq_z2.v:]
WARNING: [filemgmt 56-199] Attempt to get parsing info during refresh. "On-the-fly" syntax checking information may be incorrect. [/home/jsp/Storage/CFU_PYNQ_FIles/CFU_SRC/donut-accel/cfu.v:]
WARNING: [filemgmt 56-199] Attempt to get parsing info during refresh. "On-the-fly" syntax checking information may be incorrect. [/home/jsp/Storage/CFU_PYNQ_FIles/CFU_SRC/donut-accel/cfu.v:]
WARNING: [filemgmt 56-199] Attempt to get parsing info during refresh. "On-the-fly" syntax checking information may be incorrect. [/home/jsp/Storage/CFU_PYNQ_FIles/CFU_SRC/donut-accel/cfu.v:]
WARNING: [filemgmt 56-199] Attempt to get parsing info during refresh. "On-the-fly" syntax checking information may be incorrect. [/home/jsp/Storage/CFU_PYNQ_FIles/CFU_SRC/Top.v:]
WARNING: [filemgmt 56-199] Attempt to get parsing info during refresh. "On-the-fly" syntax checking information may be incorrect. [/home/jsp/Storage/CFU_PYNQ_FIles/CFU_SRC/pynq_z2/pynq_z2/arunQAFDHGDZXVNBDXG_gae.srcs/sources_1/new/Cfu.v:]
WARNING: [filemgmt 56-199] Attempt to get parsing info during refresh. "On-the-fly" syntax checking information may be incorrect. [/home/jsp/Storage/CFU_PYNQ_FIles/CFU_SRC/pynq_z2/pynq_z2/arunQAFDHGDZXVNBDXG_gae.gen/sources_1/bd/system/hdl/system_wrapper.v:]
WARNING: [filemgmt 56-199] Attempt to get parsing info during refresh. "On-the-fly" syntax checking information may be incorrect. [/home/jsp/Storage/CFU_PYNQ_FIles/CFU_SRC/pynq_z2/pynq_z2/arunQAFDHGDZXVNBDXG_gae.srcs/sources_1/new/tul_pynq_z2.v:]
WARNING: [filemgmt 56-199] Attempt to get parsing info during refresh. "On-the-fly" syntax checking information may be incorrect. [/home/jsp/Storage/CFU_PYNQ_FIles/CFU_SRC/pynq_z2/pynq_z2/arunQAFDHGDZXVNBDXG_gae.gen/sources_1/bd/system/hdl/system_wrapper.v:]
WARNING: [filemgmt 56-199] Attempt to get parsing info during refresh. "On-the-fly" syntax checking information may be incorrect. [/home/jsp/Storage/CFU_PYNQ_FIles/CFU_SRC/pynq_z2/pynq_z2/arunQAFDHGDZXVNBDXG_gae.gen/sources_1/bd/system/hdl/system_wrapper.v:]
WARNING: [filemgmt 56-199] Attempt to get parsing info during refresh. "On-the-fly" syntax checking information may be incorrect. [/home/jsp/Storage/CFU_PYNQ_FIles/CFU_SRC/donut-accel/cfu.v:]
WARNING: [filemgmt 56-199] Attempt to get parsing info during refresh. "On-the-fly" syntax checking information may be incorrect. [/home/jsp/Storage/CFU_PYNQ_FIles/CFU_SRC/Top.v:]
WARNING: [filemgmt 56-199] Attempt to get parsing info during refresh. "On-the-fly" syntax checking information may be incorrect. [/home/jsp/Storage/CFU_PYNQ_FIles/CFU_SRC/pynq_z2/pynq_z2/arunQAFDHGDZXVNBDXG_gae.srcs/sources_1/new/Cfu.v:]
WARNING: [filemgmt 56-199] Attempt to get parsing info during refresh. "On-the-fly" syntax checking information may be incorrect. [/home/jsp/Storage/CFU_PYNQ_FIles/CFU_SRC/pynq_z2/pynq_z2/arunQAFDHGDZXVNBDXG_gae.gen/sources_1/bd/system/hdl/system_wrapper.v:]
WARNING: [filemgmt 56-199] Attempt to get parsing info during refresh. "On-the-fly" syntax checking information may be incorrect. [/home/jsp/Storage/CFU_PYNQ_FIles/CFU_SRC/pynq_z2/pynq_z2/arunQAFDHGDZXVNBDXG_gae.srcs/sources_1/new/tul_pynq_z2.v:]
WARNING: [filemgmt 56-199] Attempt to get parsing info during refresh. "On-the-fly" syntax checking information may be incorrect. [/home/jsp/Storage/CFU_PYNQ_FIles/CFU_SRC/Top.v:]
WARNING: [filemgmt 56-199] Attempt to get parsing info during refresh. "On-the-fly" syntax checking information may be incorrect. [/home/jsp/Storage/CFU_PYNQ_FIles/CFU_SRC/Top.v:]
WARNING: [filemgmt 56-199] Attempt to get parsing info during refresh. "On-the-fly" syntax checking information may be incorrect. [/home/jsp/Storage/CFU_PYNQ_FIles/CFU_SRC/donut-accel/cfu.v:]
WARNING: [filemgmt 56-199] Attempt to get parsing info during refresh. "On-the-fly" syntax checking information may be incorrect. [/home/jsp/Storage/CFU_PYNQ_FIles/CFU_SRC/Top.v:]
WARNING: [filemgmt 56-199] Attempt to get parsing info during refresh. "On-the-fly" syntax checking information may be incorrect. [/home/jsp/Storage/CFU_PYNQ_FIles/CFU_SRC/pynq_z2/pynq_z2/arunQAFDHGDZXVNBDXG_gae.srcs/sources_1/new/Cfu.v:]
WARNING: [filemgmt 56-199] Attempt to get parsing info during refresh. "On-the-fly" syntax checking information may be incorrect. [/home/jsp/Storage/CFU_PYNQ_FIles/CFU_SRC/pynq_z2/pynq_z2/arunQAFDHGDZXVNBDXG_gae.gen/sources_1/bd/system/hdl/system_wrapper.v:]
WARNING: [filemgmt 56-199] Attempt to get parsing info during refresh. "On-the-fly" syntax checking information may be incorrect. [/home/jsp/Storage/CFU_PYNQ_FIles/CFU_SRC/pynq_z2/pynq_z2/arunQAFDHGDZXVNBDXG_gae.srcs/sources_1/new/tul_pynq_z2.v:]
WARNING: [filemgmt 56-199] Attempt to get parsing info during refresh. "On-the-fly" syntax checking information may be incorrect. [/home/jsp/Storage/CFU_PYNQ_FIles/CFU_SRC/pynq_z2/pynq_z2/arunQAFDHGDZXVNBDXG_gae.gen/sources_1/bd/system/hdl/system_wrapper.v:]
WARNING: [filemgmt 56-199] Attempt to get parsing info during refresh. "On-the-fly" syntax checking information may be incorrect. [/home/jsp/Storage/CFU_PYNQ_FIles/CFU_SRC/pynq_z2/pynq_z2/arunQAFDHGDZXVNBDXG_gae.gen/sources_1/bd/system/hdl/system_wrapper.v:]
CRITICAL WARNING: [filemgmt 56-176] Module references are not supported in manual compile order mode and will be ignored.
WARNING: [filemgmt 56-199] Attempt to get parsing info during refresh. "On-the-fly" syntax checking information may be incorrect. [/home/jsp/Storage/CFU_PYNQ_FIles/CFU_SRC/donut-accel/cfu.v:]
WARNING: [filemgmt 56-199] Attempt to get parsing info during refresh. "On-the-fly" syntax checking information may be incorrect. [/home/jsp/Storage/CFU_PYNQ_FIles/CFU_SRC/Top.v:]
WARNING: [filemgmt 56-199] Attempt to get parsing info during refresh. "On-the-fly" syntax checking information may be incorrect. [/home/jsp/Storage/CFU_PYNQ_FIles/CFU_SRC/pynq_z2/pynq_z2/arunQAFDHGDZXVNBDXG_gae.srcs/sources_1/new/Cfu.v:]
WARNING: [filemgmt 56-199] Attempt to get parsing info during refresh. "On-the-fly" syntax checking information may be incorrect. [/home/jsp/Storage/CFU_PYNQ_FIles/CFU_SRC/pynq_z2/pynq_z2/arunQAFDHGDZXVNBDXG_gae.gen/sources_1/bd/system/hdl/system_wrapper.v:]
WARNING: [filemgmt 56-199] Attempt to get parsing info during refresh. "On-the-fly" syntax checking information may be incorrect. [/home/jsp/Storage/CFU_PYNQ_FIles/CFU_SRC/pynq_z2/pynq_z2/arunQAFDHGDZXVNBDXG_gae.srcs/sources_1/new/tul_pynq_z2.v:]
WARNING: [filemgmt 56-199] Attempt to get parsing info during refresh. "On-the-fly" syntax checking information may be incorrect. [/home/jsp/Storage/CFU_PYNQ_FIles/CFU_SRC/pynq_z2/pynq_z2/arunQAFDHGDZXVNBDXG_gae.srcs/sources_1/new/Cfu.v:]
WARNING: [filemgmt 56-199] Attempt to get parsing info during refresh. "On-the-fly" syntax checking information may be incorrect. [/home/jsp/Storage/CFU_PYNQ_FIles/CFU_SRC/pynq_z2/pynq_z2/arunQAFDHGDZXVNBDXG_gae.srcs/sources_1/new/Cfu.v:]
WARNING: [filemgmt 56-199] Attempt to get parsing info during refresh. "On-the-fly" syntax checking information may be incorrect. [/home/jsp/Storage/CFU_PYNQ_FIles/CFU_SRC/donut-accel/cfu.v:]
WARNING: [filemgmt 56-199] Attempt to get parsing info during refresh. "On-the-fly" syntax checking information may be incorrect. [/home/jsp/Storage/CFU_PYNQ_FIles/CFU_SRC/Top.v:]
WARNING: [filemgmt 56-199] Attempt to get parsing info during refresh. "On-the-fly" syntax checking information may be incorrect. [/home/jsp/Storage/CFU_PYNQ_FIles/CFU_SRC/pynq_z2/pynq_z2/arunQAFDHGDZXVNBDXG_gae.srcs/sources_1/new/Cfu.v:]
WARNING: [filemgmt 56-199] Attempt to get parsing info during refresh. "On-the-fly" syntax checking information may be incorrect. [/home/jsp/Storage/CFU_PYNQ_FIles/CFU_SRC/pynq_z2/pynq_z2/arunQAFDHGDZXVNBDXG_gae.gen/sources_1/bd/system/hdl/system_wrapper.v:]
WARNING: [filemgmt 56-199] Attempt to get parsing info during refresh. "On-the-fly" syntax checking information may be incorrect. [/home/jsp/Storage/CFU_PYNQ_FIles/CFU_SRC/pynq_z2/pynq_z2/arunQAFDHGDZXVNBDXG_gae.srcs/sources_1/new/tul_pynq_z2.v:]
WARNING: [filemgmt 56-199] Attempt to get parsing info during refresh. "On-the-fly" syntax checking information may be incorrect. [/home/jsp/Storage/CFU_PYNQ_FIles/CFU_SRC/pynq_z2/pynq_z2/arunQAFDHGDZXVNBDXG_gae.srcs/sources_1/new/Cfu.v:]
WARNING: [filemgmt 56-199] Attempt to get parsing info during refresh. "On-the-fly" syntax checking information may be incorrect. [/home/jsp/Storage/CFU_PYNQ_FIles/CFU_SRC/pynq_z2/pynq_z2/arunQAFDHGDZXVNBDXG_gae.srcs/sources_1/new/Cfu.v:]
WARNING: [filemgmt 56-199] Attempt to get parsing info during refresh. "On-the-fly" syntax checking information may be incorrect. [/home/jsp/Storage/CFU_PYNQ_FIles/CFU_SRC/donut-accel/cfu.v:]
WARNING: [filemgmt 56-199] Attempt to get parsing info during refresh. "On-the-fly" syntax checking information may be incorrect. [/home/jsp/Storage/CFU_PYNQ_FIles/CFU_SRC/Top.v:]
WARNING: [filemgmt 56-199] Attempt to get parsing info during refresh. "On-the-fly" syntax checking information may be incorrect. [/home/jsp/Storage/CFU_PYNQ_FIles/CFU_SRC/pynq_z2/pynq_z2/arunQAFDHGDZXVNBDXG_gae.srcs/sources_1/new/Cfu.v:]
WARNING: [filemgmt 56-199] Attempt to get parsing info during refresh. "On-the-fly" syntax checking information may be incorrect. [/home/jsp/Storage/CFU_PYNQ_FIles/CFU_SRC/pynq_z2/pynq_z2/arunQAFDHGDZXVNBDXG_gae.gen/sources_1/bd/system/hdl/system_wrapper.v:]
WARNING: [filemgmt 56-199] Attempt to get parsing info during refresh. "On-the-fly" syntax checking information may be incorrect. [/home/jsp/Storage/CFU_PYNQ_FIles/CFU_SRC/pynq_z2/pynq_z2/arunQAFDHGDZXVNBDXG_gae.srcs/sources_1/new/tul_pynq_z2.v:]
WARNING: [filemgmt 56-199] Attempt to get parsing info during refresh. "On-the-fly" syntax checking information may be incorrect. [/home/jsp/Storage/CFU_PYNQ_FIles/CFU_SRC/pynq_z2/pynq_z2/arunQAFDHGDZXVNBDXG_gae.gen/sources_1/bd/system/hdl/system_wrapper.v:]
WARNING: [filemgmt 56-199] Attempt to get parsing info during refresh. "On-the-fly" syntax checking information may be incorrect. [/home/jsp/Storage/CFU_PYNQ_FIles/CFU_SRC/pynq_z2/pynq_z2/arunQAFDHGDZXVNBDXG_gae.gen/sources_1/bd/system/hdl/system_wrapper.v:]
WARNING: [filemgmt 56-199] Attempt to get parsing info during refresh. "On-the-fly" syntax checking information may be incorrect. [/home/jsp/Storage/CFU_PYNQ_FIles/CFU_SRC/donut-accel/cfu.v:]
WARNING: [filemgmt 56-199] Attempt to get parsing info during refresh. "On-the-fly" syntax checking information may be incorrect. [/home/jsp/Storage/CFU_PYNQ_FIles/CFU_SRC/Top.v:]
WARNING: [filemgmt 56-199] Attempt to get parsing info during refresh. "On-the-fly" syntax checking information may be incorrect. [/home/jsp/Storage/CFU_PYNQ_FIles/CFU_SRC/pynq_z2/pynq_z2/arunQAFDHGDZXVNBDXG_gae.srcs/sources_1/new/Cfu.v:]
WARNING: [filemgmt 56-199] Attempt to get parsing info during refresh. "On-the-fly" syntax checking information may be incorrect. [/home/jsp/Storage/CFU_PYNQ_FIles/CFU_SRC/pynq_z2/pynq_z2/arunQAFDHGDZXVNBDXG_gae.gen/sources_1/bd/system/hdl/system_wrapper.v:]
WARNING: [filemgmt 56-199] Attempt to get parsing info during refresh. "On-the-fly" syntax checking information may be incorrect. [/home/jsp/Storage/CFU_PYNQ_FIles/CFU_SRC/pynq_z2/pynq_z2/arunQAFDHGDZXVNBDXG_gae.srcs/sources_1/new/tul_pynq_z2.v:]
WARNING: [filemgmt 56-199] Attempt to get parsing info during refresh. "On-the-fly" syntax checking information may be incorrect. [/home/jsp/Storage/CFU_PYNQ_FIles/CFU_SRC/Top.v:]
WARNING: [filemgmt 56-199] Attempt to get parsing info during refresh. "On-the-fly" syntax checking information may be incorrect. [/home/jsp/Storage/CFU_PYNQ_FIles/CFU_SRC/Top.v:]
WARNING: [filemgmt 56-199] Attempt to get parsing info during refresh. "On-the-fly" syntax checking information may be incorrect. [/home/jsp/Storage/CFU_PYNQ_FIles/CFU_SRC/donut-accel/cfu.v:]
WARNING: [filemgmt 56-199] Attempt to get parsing info during refresh. "On-the-fly" syntax checking information may be incorrect. [/home/jsp/Storage/CFU_PYNQ_FIles/CFU_SRC/Top.v:]
WARNING: [filemgmt 56-199] Attempt to get parsing info during refresh. "On-the-fly" syntax checking information may be incorrect. [/home/jsp/Storage/CFU_PYNQ_FIles/CFU_SRC/pynq_z2/pynq_z2/arunQAFDHGDZXVNBDXG_gae.srcs/sources_1/new/Cfu.v:]
WARNING: [filemgmt 56-199] Attempt to get parsing info during refresh. "On-the-fly" syntax checking information may be incorrect. [/home/jsp/Storage/CFU_PYNQ_FIles/CFU_SRC/pynq_z2/pynq_z2/arunQAFDHGDZXVNBDXG_gae.gen/sources_1/bd/system/hdl/system_wrapper.v:]
WARNING: [filemgmt 56-199] Attempt to get parsing info during refresh. "On-the-fly" syntax checking information may be incorrect. [/home/jsp/Storage/CFU_PYNQ_FIles/CFU_SRC/pynq_z2/pynq_z2/arunQAFDHGDZXVNBDXG_gae.srcs/sources_1/new/tul_pynq_z2.v:]
WARNING: [filemgmt 56-199] Attempt to get parsing info during refresh. "On-the-fly" syntax checking information may be incorrect. [/home/jsp/Storage/CFU_PYNQ_FIles/CFU_SRC/pynq_z2/pynq_z2/arunQAFDHGDZXVNBDXG_gae.gen/sources_1/bd/system/hdl/system_wrapper.v:]
WARNING: [filemgmt 56-199] Attempt to get parsing info during refresh. "On-the-fly" syntax checking information may be incorrect. [/home/jsp/Storage/CFU_PYNQ_FIles/CFU_SRC/pynq_z2/pynq_z2/arunQAFDHGDZXVNBDXG_gae.gen/sources_1/bd/system/hdl/system_wrapper.v:]
CRITICAL WARNING: [filemgmt 56-176] Module references are not supported in manual compile order mode and will be ignored.
WARNING: [filemgmt 56-199] Attempt to get parsing info during refresh. "On-the-fly" syntax checking information may be incorrect. [/home/jsp/Storage/CFU_PYNQ_FIles/CFU_SRC/donut-accel/cfu.v:]
WARNING: [filemgmt 56-199] Attempt to get parsing info during refresh. "On-the-fly" syntax checking information may be incorrect. [/home/jsp/Storage/CFU_PYNQ_FIles/CFU_SRC/Top.v:]
WARNING: [filemgmt 56-199] Attempt to get parsing info during refresh. "On-the-fly" syntax checking information may be incorrect. [/home/jsp/Storage/CFU_PYNQ_FIles/CFU_SRC/pynq_z2/pynq_z2/arunQAFDHGDZXVNBDXG_gae.srcs/sources_1/new/Cfu.v:]
WARNING: [filemgmt 56-199] Attempt to get parsing info during refresh. "On-the-fly" syntax checking information may be incorrect. [/home/jsp/Storage/CFU_PYNQ_FIles/CFU_SRC/pynq_z2/pynq_z2/arunQAFDHGDZXVNBDXG_gae.gen/sources_1/bd/system/hdl/system_wrapper.v:]
WARNING: [filemgmt 56-199] Attempt to get parsing info during refresh. "On-the-fly" syntax checking information may be incorrect. [/home/jsp/Storage/CFU_PYNQ_FIles/CFU_SRC/pynq_z2/pynq_z2/arunQAFDHGDZXVNBDXG_gae.srcs/sources_1/new/tul_pynq_z2.v:]
WARNING: [filemgmt 56-199] Attempt to get parsing info during refresh. "On-the-fly" syntax checking information may be incorrect. [/home/jsp/Storage/CFU_PYNQ_FIles/CFU_SRC/donut-accel/cfu.v:]
WARNING: [filemgmt 56-199] Attempt to get parsing info during refresh. "On-the-fly" syntax checking information may be incorrect. [/home/jsp/Storage/CFU_PYNQ_FIles/CFU_SRC/donut-accel/cfu.v:]
WARNING: [filemgmt 56-199] Attempt to get parsing info during refresh. "On-the-fly" syntax checking information may be incorrect. [/home/jsp/Storage/CFU_PYNQ_FIles/CFU_SRC/donut-accel/cfu.v:]
WARNING: [filemgmt 56-199] Attempt to get parsing info during refresh. "On-the-fly" syntax checking information may be incorrect. [/home/jsp/Storage/CFU_PYNQ_FIles/CFU_SRC/Top.v:]
WARNING: [filemgmt 56-199] Attempt to get parsing info during refresh. "On-the-fly" syntax checking information may be incorrect. [/home/jsp/Storage/CFU_PYNQ_FIles/CFU_SRC/pynq_z2/pynq_z2/arunQAFDHGDZXVNBDXG_gae.srcs/sources_1/new/Cfu.v:]
WARNING: [filemgmt 56-199] Attempt to get parsing info during refresh. "On-the-fly" syntax checking information may be incorrect. [/home/jsp/Storage/CFU_PYNQ_FIles/CFU_SRC/pynq_z2/pynq_z2/arunQAFDHGDZXVNBDXG_gae.gen/sources_1/bd/system/hdl/system_wrapper.v:]
WARNING: [filemgmt 56-199] Attempt to get parsing info during refresh. "On-the-fly" syntax checking information may be incorrect. [/home/jsp/Storage/CFU_PYNQ_FIles/CFU_SRC/pynq_z2/pynq_z2/arunQAFDHGDZXVNBDXG_gae.srcs/sources_1/new/tul_pynq_z2.v:]
WARNING: [filemgmt 56-199] Attempt to get parsing info during refresh. "On-the-fly" syntax checking information may be incorrect. [/home/jsp/Storage/CFU_PYNQ_FIles/CFU_SRC/donut-accel/cfu.v:]
WARNING: [filemgmt 56-199] Attempt to get parsing info during refresh. "On-the-fly" syntax checking information may be incorrect. [/home/jsp/Storage/CFU_PYNQ_FIles/CFU_SRC/donut-accel/cfu.v:]
WARNING: [filemgmt 56-199] Attempt to get parsing info during refresh. "On-the-fly" syntax checking information may be incorrect. [/home/jsp/Storage/CFU_PYNQ_FIles/CFU_SRC/donut-accel/cfu.v:]
WARNING: [filemgmt 56-199] Attempt to get parsing info during refresh. "On-the-fly" syntax checking information may be incorrect. [/home/jsp/Storage/CFU_PYNQ_FIles/CFU_SRC/Top.v:]
WARNING: [filemgmt 56-199] Attempt to get parsing info during refresh. "On-the-fly" syntax checking information may be incorrect. [/home/jsp/Storage/CFU_PYNQ_FIles/CFU_SRC/pynq_z2/pynq_z2/arunQAFDHGDZXVNBDXG_gae.srcs/sources_1/new/Cfu.v:]
WARNING: [filemgmt 56-199] Attempt to get parsing info during refresh. "On-the-fly" syntax checking information may be incorrect. [/home/jsp/Storage/CFU_PYNQ_FIles/CFU_SRC/pynq_z2/pynq_z2/arunQAFDHGDZXVNBDXG_gae.gen/sources_1/bd/system/hdl/system_wrapper.v:]
WARNING: [filemgmt 56-199] Attempt to get parsing info during refresh. "On-the-fly" syntax checking information may be incorrect. [/home/jsp/Storage/CFU_PYNQ_FIles/CFU_SRC/pynq_z2/pynq_z2/arunQAFDHGDZXVNBDXG_gae.srcs/sources_1/new/tul_pynq_z2.v:]
WARNING: [filemgmt 56-199] Attempt to get parsing info during refresh. "On-the-fly" syntax checking information may be incorrect. [/home/jsp/Storage/CFU_PYNQ_FIles/CFU_SRC/pynq_z2/pynq_z2/arunQAFDHGDZXVNBDXG_gae.gen/sources_1/bd/system/hdl/system_wrapper.v:]
WARNING: [filemgmt 56-199] Attempt to get parsing info during refresh. "On-the-fly" syntax checking information may be incorrect. [/home/jsp/Storage/CFU_PYNQ_FIles/CFU_SRC/pynq_z2/pynq_z2/arunQAFDHGDZXVNBDXG_gae.gen/sources_1/bd/system/hdl/system_wrapper.v:]
WARNING: [filemgmt 56-199] Attempt to get parsing info during refresh. "On-the-fly" syntax checking information may be incorrect. [/home/jsp/Storage/CFU_PYNQ_FIles/CFU_SRC/donut-accel/cfu.v:]
WARNING: [filemgmt 56-199] Attempt to get parsing info during refresh. "On-the-fly" syntax checking information may be incorrect. [/home/jsp/Storage/CFU_PYNQ_FIles/CFU_SRC/Top.v:]
WARNING: [filemgmt 56-199] Attempt to get parsing info during refresh. "On-the-fly" syntax checking information may be incorrect. [/home/jsp/Storage/CFU_PYNQ_FIles/CFU_SRC/pynq_z2/pynq_z2/arunQAFDHGDZXVNBDXG_gae.srcs/sources_1/new/Cfu.v:]
WARNING: [filemgmt 56-199] Attempt to get parsing info during refresh. "On-the-fly" syntax checking information may be incorrect. [/home/jsp/Storage/CFU_PYNQ_FIles/CFU_SRC/pynq_z2/pynq_z2/arunQAFDHGDZXVNBDXG_gae.gen/sources_1/bd/system/hdl/system_wrapper.v:]
WARNING: [filemgmt 56-199] Attempt to get parsing info during refresh. "On-the-fly" syntax checking information may be incorrect. [/home/jsp/Storage/CFU_PYNQ_FIles/CFU_SRC/pynq_z2/pynq_z2/arunQAFDHGDZXVNBDXG_gae.srcs/sources_1/new/tul_pynq_z2.v:]
WARNING: [filemgmt 56-199] Attempt to get parsing info during refresh. "On-the-fly" syntax checking information may be incorrect. [/home/jsp/Storage/CFU_PYNQ_FIles/CFU_SRC/pynq_z2/pynq_z2/arunQAFDHGDZXVNBDXG_gae.gen/sources_1/bd/system/hdl/system_wrapper.v:]
WARNING: [filemgmt 56-199] Attempt to get parsing info during refresh. "On-the-fly" syntax checking information may be incorrect. [/home/jsp/Storage/CFU_PYNQ_FIles/CFU_SRC/pynq_z2/pynq_z2/arunQAFDHGDZXVNBDXG_gae.gen/sources_1/bd/system/hdl/system_wrapper.v:]
WARNING: [filemgmt 56-199] Attempt to get parsing info during refresh. "On-the-fly" syntax checking information may be incorrect. [/home/jsp/Storage/CFU_PYNQ_FIles/CFU_SRC/donut-accel/cfu.v:]
WARNING: [filemgmt 56-199] Attempt to get parsing info during refresh. "On-the-fly" syntax checking information may be incorrect. [/home/jsp/Storage/CFU_PYNQ_FIles/CFU_SRC/Top.v:]
WARNING: [filemgmt 56-199] Attempt to get parsing info during refresh. "On-the-fly" syntax checking information may be incorrect. [/home/jsp/Storage/CFU_PYNQ_FIles/CFU_SRC/pynq_z2/pynq_z2/arunQAFDHGDZXVNBDXG_gae.srcs/sources_1/new/Cfu.v:]
WARNING: [filemgmt 56-199] Attempt to get parsing info during refresh. "On-the-fly" syntax checking information may be incorrect. [/home/jsp/Storage/CFU_PYNQ_FIles/CFU_SRC/pynq_z2/pynq_z2/arunQAFDHGDZXVNBDXG_gae.gen/sources_1/bd/system/hdl/system_wrapper.v:]
WARNING: [filemgmt 56-199] Attempt to get parsing info during refresh. "On-the-fly" syntax checking information may be incorrect. [/home/jsp/Storage/CFU_PYNQ_FIles/CFU_SRC/pynq_z2/pynq_z2/arunQAFDHGDZXVNBDXG_gae.srcs/sources_1/new/tul_pynq_z2.v:]
WARNING: [filemgmt 56-199] Attempt to get parsing info during refresh. "On-the-fly" syntax checking information may be incorrect. [/home/jsp/Storage/CFU_PYNQ_FIles/CFU_SRC/Top.v:]
WARNING: [filemgmt 56-199] Attempt to get parsing info during refresh. "On-the-fly" syntax checking information may be incorrect. [/home/jsp/Storage/CFU_PYNQ_FIles/CFU_SRC/Top.v:]
WARNING: [filemgmt 56-199] Attempt to get parsing info during refresh. "On-the-fly" syntax checking information may be incorrect. [/home/jsp/Storage/CFU_PYNQ_FIles/CFU_SRC/donut-accel/cfu.v:]
WARNING: [filemgmt 56-199] Attempt to get parsing info during refresh. "On-the-fly" syntax checking information may be incorrect. [/home/jsp/Storage/CFU_PYNQ_FIles/CFU_SRC/Top.v:]
WARNING: [filemgmt 56-199] Attempt to get parsing info during refresh. "On-the-fly" syntax checking information may be incorrect. [/home/jsp/Storage/CFU_PYNQ_FIles/CFU_SRC/pynq_z2/pynq_z2/arunQAFDHGDZXVNBDXG_gae.srcs/sources_1/new/Cfu.v:]
WARNING: [filemgmt 56-199] Attempt to get parsing info during refresh. "On-the-fly" syntax checking information may be incorrect. [/home/jsp/Storage/CFU_PYNQ_FIles/CFU_SRC/pynq_z2/pynq_z2/arunQAFDHGDZXVNBDXG_gae.gen/sources_1/bd/system/hdl/system_wrapper.v:]
WARNING: [filemgmt 56-199] Attempt to get parsing info during refresh. "On-the-fly" syntax checking information may be incorrect. [/home/jsp/Storage/CFU_PYNQ_FIles/CFU_SRC/pynq_z2/pynq_z2/arunQAFDHGDZXVNBDXG_gae.srcs/sources_1/new/tul_pynq_z2.v:]
WARNING: [filemgmt 56-199] Attempt to get parsing info during refresh. "On-the-fly" syntax checking information may be incorrect. [/home/jsp/Storage/CFU_PYNQ_FIles/CFU_SRC/pynq_z2/pynq_z2/arunQAFDHGDZXVNBDXG_gae.srcs/sources_1/new/Cfu.v:]
WARNING: [filemgmt 56-199] Attempt to get parsing info during refresh. "On-the-fly" syntax checking information may be incorrect. [/home/jsp/Storage/CFU_PYNQ_FIles/CFU_SRC/pynq_z2/pynq_z2/arunQAFDHGDZXVNBDXG_gae.srcs/sources_1/new/Cfu.v:]
CRITICAL WARNING: [filemgmt 56-176] Module references are not supported in manual compile order mode and will be ignored.
WARNING: [filemgmt 56-199] Attempt to get parsing info during refresh. "On-the-fly" syntax checking information may be incorrect. [/home/jsp/Storage/CFU_PYNQ_FIles/CFU_SRC/donut-accel/cfu.v:]
WARNING: [filemgmt 56-199] Attempt to get parsing info during refresh. "On-the-fly" syntax checking information may be incorrect. [/home/jsp/Storage/CFU_PYNQ_FIles/CFU_SRC/Top.v:]
WARNING: [filemgmt 56-199] Attempt to get parsing info during refresh. "On-the-fly" syntax checking information may be incorrect. [/home/jsp/Storage/CFU_PYNQ_FIles/CFU_SRC/pynq_z2/pynq_z2/arunQAFDHGDZXVNBDXG_gae.srcs/sources_1/new/Cfu.v:]
WARNING: [filemgmt 56-199] Attempt to get parsing info during refresh. "On-the-fly" syntax checking information may be incorrect. [/home/jsp/Storage/CFU_PYNQ_FIles/CFU_SRC/pynq_z2/pynq_z2/arunQAFDHGDZXVNBDXG_gae.gen/sources_1/bd/system/hdl/system_wrapper.v:]
WARNING: [filemgmt 56-199] Attempt to get parsing info during refresh. "On-the-fly" syntax checking information may be incorrect. [/home/jsp/Storage/CFU_PYNQ_FIles/CFU_SRC/pynq_z2/pynq_z2/arunQAFDHGDZXVNBDXG_gae.srcs/sources_1/new/tul_pynq_z2.v:]
WARNING: [filemgmt 56-199] Attempt to get parsing info during refresh. "On-the-fly" syntax checking information may be incorrect. [/home/jsp/Storage/CFU_PYNQ_FIles/CFU_SRC/donut-accel/cfu.v:]
WARNING: [filemgmt 56-199] Attempt to get parsing info during refresh. "On-the-fly" syntax checking information may be incorrect. [/home/jsp/Storage/CFU_PYNQ_FIles/CFU_SRC/donut-accel/cfu.v:]
WARNING: [filemgmt 56-199] Attempt to get parsing info during refresh. "On-the-fly" syntax checking information may be incorrect. [/home/jsp/Storage/CFU_PYNQ_FIles/CFU_SRC/donut-accel/cfu.v:]
WARNING: [filemgmt 56-199] Attempt to get parsing info during refresh. "On-the-fly" syntax checking information may be incorrect. [/home/jsp/Storage/CFU_PYNQ_FIles/CFU_SRC/Top.v:]
WARNING: [filemgmt 56-199] Attempt to get parsing info during refresh. "On-the-fly" syntax checking information may be incorrect. [/home/jsp/Storage/CFU_PYNQ_FIles/CFU_SRC/pynq_z2/pynq_z2/arunQAFDHGDZXVNBDXG_gae.srcs/sources_1/new/Cfu.v:]
WARNING: [filemgmt 56-199] Attempt to get parsing info during refresh. "On-the-fly" syntax checking information may be incorrect. [/home/jsp/Storage/CFU_PYNQ_FIles/CFU_SRC/pynq_z2/pynq_z2/arunQAFDHGDZXVNBDXG_gae.gen/sources_1/bd/system/hdl/system_wrapper.v:]
WARNING: [filemgmt 56-199] Attempt to get parsing info during refresh. "On-the-fly" syntax checking information may be incorrect. [/home/jsp/Storage/CFU_PYNQ_FIles/CFU_SRC/pynq_z2/pynq_z2/arunQAFDHGDZXVNBDXG_gae.srcs/sources_1/new/tul_pynq_z2.v:]
WARNING: [filemgmt 56-199] Attempt to get parsing info during refresh. "On-the-fly" syntax checking information may be incorrect. [/home/jsp/Storage/CFU_PYNQ_FIles/CFU_SRC/pynq_z2/pynq_z2/arunQAFDHGDZXVNBDXG_gae.gen/sources_1/bd/system/hdl/system_wrapper.v:]
WARNING: [filemgmt 56-199] Attempt to get parsing info during refresh. "On-the-fly" syntax checking information may be incorrect. [/home/jsp/Storage/CFU_PYNQ_FIles/CFU_SRC/pynq_z2/pynq_z2/arunQAFDHGDZXVNBDXG_gae.gen/sources_1/bd/system/hdl/system_wrapper.v:]
WARNING: [filemgmt 56-199] Attempt to get parsing info during refresh. "On-the-fly" syntax checking information may be incorrect. [/home/jsp/Storage/CFU_PYNQ_FIles/CFU_SRC/donut-accel/cfu.v:]
WARNING: [filemgmt 56-199] Attempt to get parsing info during refresh. "On-the-fly" syntax checking information may be incorrect. [/home/jsp/Storage/CFU_PYNQ_FIles/CFU_SRC/Top.v:]
WARNING: [filemgmt 56-199] Attempt to get parsing info during refresh. "On-the-fly" syntax checking information may be incorrect. [/home/jsp/Storage/CFU_PYNQ_FIles/CFU_SRC/pynq_z2/pynq_z2/arunQAFDHGDZXVNBDXG_gae.srcs/sources_1/new/Cfu.v:]
WARNING: [filemgmt 56-199] Attempt to get parsing info during refresh. "On-the-fly" syntax checking information may be incorrect. [/home/jsp/Storage/CFU_PYNQ_FIles/CFU_SRC/pynq_z2/pynq_z2/arunQAFDHGDZXVNBDXG_gae.gen/sources_1/bd/system/hdl/system_wrapper.v:]
WARNING: [filemgmt 56-199] Attempt to get parsing info during refresh. "On-the-fly" syntax checking information may be incorrect. [/home/jsp/Storage/CFU_PYNQ_FIles/CFU_SRC/pynq_z2/pynq_z2/arunQAFDHGDZXVNBDXG_gae.srcs/sources_1/new/tul_pynq_z2.v:]
WARNING: [filemgmt 56-199] Attempt to get parsing info during refresh. "On-the-fly" syntax checking information may be incorrect. [/home/jsp/Storage/CFU_PYNQ_FIles/CFU_SRC/pynq_z2/pynq_z2/arunQAFDHGDZXVNBDXG_gae.gen/sources_1/bd/system/hdl/system_wrapper.v:]
WARNING: [filemgmt 56-199] Attempt to get parsing info during refresh. "On-the-fly" syntax checking information may be incorrect. [/home/jsp/Storage/CFU_PYNQ_FIles/CFU_SRC/pynq_z2/pynq_z2/arunQAFDHGDZXVNBDXG_gae.gen/sources_1/bd/system/hdl/system_wrapper.v:]
WARNING: [filemgmt 56-199] Attempt to get parsing info during refresh. "On-the-fly" syntax checking information may be incorrect. [/home/jsp/Storage/CFU_PYNQ_FIles/CFU_SRC/donut-accel/cfu.v:]
WARNING: [filemgmt 56-199] Attempt to get parsing info during refresh. "On-the-fly" syntax checking information may be incorrect. [/home/jsp/Storage/CFU_PYNQ_FIles/CFU_SRC/Top.v:]
WARNING: [filemgmt 56-199] Attempt to get parsing info during refresh. "On-the-fly" syntax checking information may be incorrect. [/home/jsp/Storage/CFU_PYNQ_FIles/CFU_SRC/pynq_z2/pynq_z2/arunQAFDHGDZXVNBDXG_gae.srcs/sources_1/new/Cfu.v:]
WARNING: [filemgmt 56-199] Attempt to get parsing info during refresh. "On-the-fly" syntax checking information may be incorrect. [/home/jsp/Storage/CFU_PYNQ_FIles/CFU_SRC/pynq_z2/pynq_z2/arunQAFDHGDZXVNBDXG_gae.gen/sources_1/bd/system/hdl/system_wrapper.v:]
WARNING: [filemgmt 56-199] Attempt to get parsing info during refresh. "On-the-fly" syntax checking information may be incorrect. [/home/jsp/Storage/CFU_PYNQ_FIles/CFU_SRC/pynq_z2/pynq_z2/arunQAFDHGDZXVNBDXG_gae.srcs/sources_1/new/tul_pynq_z2.v:]
WARNING: [filemgmt 56-199] Attempt to get parsing info during refresh. "On-the-fly" syntax checking information may be incorrect. [/home/jsp/Storage/CFU_PYNQ_FIles/CFU_SRC/Top.v:]
WARNING: [filemgmt 56-199] Attempt to get parsing info during refresh. "On-the-fly" syntax checking information may be incorrect. [/home/jsp/Storage/CFU_PYNQ_FIles/CFU_SRC/Top.v:]
WARNING: [filemgmt 56-199] Attempt to get parsing info during refresh. "On-the-fly" syntax checking information may be incorrect. [/home/jsp/Storage/CFU_PYNQ_FIles/CFU_SRC/donut-accel/cfu.v:]
WARNING: [filemgmt 56-199] Attempt to get parsing info during refresh. "On-the-fly" syntax checking information may be incorrect. [/home/jsp/Storage/CFU_PYNQ_FIles/CFU_SRC/Top.v:]
WARNING: [filemgmt 56-199] Attempt to get parsing info during refresh. "On-the-fly" syntax checking information may be incorrect. [/home/jsp/Storage/CFU_PYNQ_FIles/CFU_SRC/pynq_z2/pynq_z2/arunQAFDHGDZXVNBDXG_gae.srcs/sources_1/new/Cfu.v:]
WARNING: [filemgmt 56-199] Attempt to get parsing info during refresh. "On-the-fly" syntax checking information may be incorrect. [/home/jsp/Storage/CFU_PYNQ_FIles/CFU_SRC/pynq_z2/pynq_z2/arunQAFDHGDZXVNBDXG_gae.gen/sources_1/bd/system/hdl/system_wrapper.v:]
WARNING: [filemgmt 56-199] Attempt to get parsing info during refresh. "On-the-fly" syntax checking information may be incorrect. [/home/jsp/Storage/CFU_PYNQ_FIles/CFU_SRC/pynq_z2/pynq_z2/arunQAFDHGDZXVNBDXG_gae.srcs/sources_1/new/tul_pynq_z2.v:]
WARNING: [filemgmt 56-199] Attempt to get parsing info during refresh. "On-the-fly" syntax checking information may be incorrect. [/home/jsp/Storage/CFU_PYNQ_FIles/CFU_SRC/pynq_z2/pynq_z2/arunQAFDHGDZXVNBDXG_gae.srcs/sources_1/new/Cfu.v:]
WARNING: [filemgmt 56-199] Attempt to get parsing info during refresh. "On-the-fly" syntax checking information may be incorrect. [/home/jsp/Storage/CFU_PYNQ_FIles/CFU_SRC/pynq_z2/pynq_z2/arunQAFDHGDZXVNBDXG_gae.srcs/sources_1/new/Cfu.v:]
CRITICAL WARNING: [filemgmt 56-176] Module references are not supported in manual compile order mode and will be ignored.
WARNING: [filemgmt 56-199] Attempt to get parsing info during refresh. "On-the-fly" syntax checking information may be incorrect. [/home/jsp/Storage/CFU_PYNQ_FIles/CFU_SRC/donut-accel/cfu.v:]
WARNING: [filemgmt 56-199] Attempt to get parsing info during refresh. "On-the-fly" syntax checking information may be incorrect. [/home/jsp/Storage/CFU_PYNQ_FIles/CFU_SRC/Top.v:]
WARNING: [filemgmt 56-199] Attempt to get parsing info during refresh. "On-the-fly" syntax checking information may be incorrect. [/home/jsp/Storage/CFU_PYNQ_FIles/CFU_SRC/pynq_z2/pynq_z2/arunQAFDHGDZXVNBDXG_gae.srcs/sources_1/new/Cfu.v:]
WARNING: [filemgmt 56-199] Attempt to get parsing info during refresh. "On-the-fly" syntax checking information may be incorrect. [/home/jsp/Storage/CFU_PYNQ_FIles/CFU_SRC/pynq_z2/pynq_z2/arunQAFDHGDZXVNBDXG_gae.gen/sources_1/bd/system/hdl/system_wrapper.v:]
WARNING: [filemgmt 56-199] Attempt to get parsing info during refresh. "On-the-fly" syntax checking information may be incorrect. [/home/jsp/Storage/CFU_PYNQ_FIles/CFU_SRC/pynq_z2/pynq_z2/arunQAFDHGDZXVNBDXG_gae.srcs/sources_1/new/tul_pynq_z2.v:]
WARNING: [filemgmt 56-199] Attempt to get parsing info during refresh. "On-the-fly" syntax checking information may be incorrect. [/home/jsp/Storage/CFU_PYNQ_FIles/CFU_SRC/donut-accel/cfu.v:]
WARNING: [filemgmt 56-199] Attempt to get parsing info during refresh. "On-the-fly" syntax checking information may be incorrect. [/home/jsp/Storage/CFU_PYNQ_FIles/CFU_SRC/donut-accel/cfu.v:]
WARNING: [filemgmt 56-199] Attempt to get parsing info during refresh. "On-the-fly" syntax checking information may be incorrect. [/home/jsp/Storage/CFU_PYNQ_FIles/CFU_SRC/donut-accel/cfu.v:]
WARNING: [filemgmt 56-199] Attempt to get parsing info during refresh. "On-the-fly" syntax checking information may be incorrect. [/home/jsp/Storage/CFU_PYNQ_FIles/CFU_SRC/Top.v:]
WARNING: [filemgmt 56-199] Attempt to get parsing info during refresh. "On-the-fly" syntax checking information may be incorrect. [/home/jsp/Storage/CFU_PYNQ_FIles/CFU_SRC/pynq_z2/pynq_z2/arunQAFDHGDZXVNBDXG_gae.srcs/sources_1/new/Cfu.v:]
WARNING: [filemgmt 56-199] Attempt to get parsing info during refresh. "On-the-fly" syntax checking information may be incorrect. [/home/jsp/Storage/CFU_PYNQ_FIles/CFU_SRC/pynq_z2/pynq_z2/arunQAFDHGDZXVNBDXG_gae.gen/sources_1/bd/system/hdl/system_wrapper.v:]
WARNING: [filemgmt 56-199] Attempt to get parsing info during refresh. "On-the-fly" syntax checking information may be incorrect. [/home/jsp/Storage/CFU_PYNQ_FIles/CFU_SRC/pynq_z2/pynq_z2/arunQAFDHGDZXVNBDXG_gae.srcs/sources_1/new/tul_pynq_z2.v:]
WARNING: [filemgmt 56-199] Attempt to get parsing info during refresh. "On-the-fly" syntax checking information may be incorrect. [/home/jsp/Storage/CFU_PYNQ_FIles/CFU_SRC/pynq_z2/pynq_z2/arunQAFDHGDZXVNBDXG_gae.gen/sources_1/bd/system/hdl/system_wrapper.v:]
WARNING: [filemgmt 56-199] Attempt to get parsing info during refresh. "On-the-fly" syntax checking information may be incorrect. [/home/jsp/Storage/CFU_PYNQ_FIles/CFU_SRC/pynq_z2/pynq_z2/arunQAFDHGDZXVNBDXG_gae.gen/sources_1/bd/system/hdl/system_wrapper.v:]
WARNING: [filemgmt 56-199] Attempt to get parsing info during refresh. "On-the-fly" syntax checking information may be incorrect. [/home/jsp/Storage/CFU_PYNQ_FIles/CFU_SRC/donut-accel/cfu.v:]
WARNING: [filemgmt 56-199] Attempt to get parsing info during refresh. "On-the-fly" syntax checking information may be incorrect. [/home/jsp/Storage/CFU_PYNQ_FIles/CFU_SRC/Top.v:]
WARNING: [filemgmt 56-199] Attempt to get parsing info during refresh. "On-the-fly" syntax checking information may be incorrect. [/home/jsp/Storage/CFU_PYNQ_FIles/CFU_SRC/pynq_z2/pynq_z2/arunQAFDHGDZXVNBDXG_gae.srcs/sources_1/new/Cfu.v:]
WARNING: [filemgmt 56-199] Attempt to get parsing info during refresh. "On-the-fly" syntax checking information may be incorrect. [/home/jsp/Storage/CFU_PYNQ_FIles/CFU_SRC/pynq_z2/pynq_z2/arunQAFDHGDZXVNBDXG_gae.gen/sources_1/bd/system/hdl/system_wrapper.v:]
WARNING: [filemgmt 56-199] Attempt to get parsing info during refresh. "On-the-fly" syntax checking information may be incorrect. [/home/jsp/Storage/CFU_PYNQ_FIles/CFU_SRC/pynq_z2/pynq_z2/arunQAFDHGDZXVNBDXG_gae.srcs/sources_1/new/tul_pynq_z2.v:]
WARNING: [filemgmt 56-199] Attempt to get parsing info during refresh. "On-the-fly" syntax checking information may be incorrect. [/home/jsp/Storage/CFU_PYNQ_FIles/CFU_SRC/pynq_z2/pynq_z2/arunQAFDHGDZXVNBDXG_gae.gen/sources_1/bd/system/hdl/system_wrapper.v:]
WARNING: [filemgmt 56-199] Attempt to get parsing info during refresh. "On-the-fly" syntax checking information may be incorrect. [/home/jsp/Storage/CFU_PYNQ_FIles/CFU_SRC/pynq_z2/pynq_z2/arunQAFDHGDZXVNBDXG_gae.gen/sources_1/bd/system/hdl/system_wrapper.v:]
WARNING: [filemgmt 56-199] Attempt to get parsing info during refresh. "On-the-fly" syntax checking information may be incorrect. [/home/jsp/Storage/CFU_PYNQ_FIles/CFU_SRC/donut-accel/cfu.v:]
WARNING: [filemgmt 56-199] Attempt to get parsing info during refresh. "On-the-fly" syntax checking information may be incorrect. [/home/jsp/Storage/CFU_PYNQ_FIles/CFU_SRC/Top.v:]
WARNING: [filemgmt 56-199] Attempt to get parsing info during refresh. "On-the-fly" syntax checking information may be incorrect. [/home/jsp/Storage/CFU_PYNQ_FIles/CFU_SRC/pynq_z2/pynq_z2/arunQAFDHGDZXVNBDXG_gae.srcs/sources_1/new/Cfu.v:]
WARNING: [filemgmt 56-199] Attempt to get parsing info during refresh. "On-the-fly" syntax checking information may be incorrect. [/home/jsp/Storage/CFU_PYNQ_FIles/CFU_SRC/pynq_z2/pynq_z2/arunQAFDHGDZXVNBDXG_gae.gen/sources_1/bd/system/hdl/system_wrapper.v:]
WARNING: [filemgmt 56-199] Attempt to get parsing info during refresh. "On-the-fly" syntax checking information may be incorrect. [/home/jsp/Storage/CFU_PYNQ_FIles/CFU_SRC/pynq_z2/pynq_z2/arunQAFDHGDZXVNBDXG_gae.srcs/sources_1/new/tul_pynq_z2.v:]
WARNING: [filemgmt 56-199] Attempt to get parsing info during refresh. "On-the-fly" syntax checking information may be incorrect. [/home/jsp/Storage/CFU_PYNQ_FIles/CFU_SRC/Top.v:]
WARNING: [filemgmt 56-199] Attempt to get parsing info during refresh. "On-the-fly" syntax checking information may be incorrect. [/home/jsp/Storage/CFU_PYNQ_FIles/CFU_SRC/Top.v:]
WARNING: [filemgmt 56-199] Attempt to get parsing info during refresh. "On-the-fly" syntax checking information may be incorrect. [/home/jsp/Storage/CFU_PYNQ_FIles/CFU_SRC/donut-accel/cfu.v:]
WARNING: [filemgmt 56-199] Attempt to get parsing info during refresh. "On-the-fly" syntax checking information may be incorrect. [/home/jsp/Storage/CFU_PYNQ_FIles/CFU_SRC/Top.v:]
WARNING: [filemgmt 56-199] Attempt to get parsing info during refresh. "On-the-fly" syntax checking information may be incorrect. [/home/jsp/Storage/CFU_PYNQ_FIles/CFU_SRC/pynq_z2/pynq_z2/arunQAFDHGDZXVNBDXG_gae.srcs/sources_1/new/Cfu.v:]
WARNING: [filemgmt 56-199] Attempt to get parsing info during refresh. "On-the-fly" syntax checking information may be incorrect. [/home/jsp/Storage/CFU_PYNQ_FIles/CFU_SRC/pynq_z2/pynq_z2/arunQAFDHGDZXVNBDXG_gae.gen/sources_1/bd/system/hdl/system_wrapper.v:]
WARNING: [filemgmt 56-199] Attempt to get parsing info during refresh. "On-the-fly" syntax checking information may be incorrect. [/home/jsp/Storage/CFU_PYNQ_FIles/CFU_SRC/pynq_z2/pynq_z2/arunQAFDHGDZXVNBDXG_gae.srcs/sources_1/new/tul_pynq_z2.v:]
WARNING: [filemgmt 56-199] Attempt to get parsing info during refresh. "On-the-fly" syntax checking information may be incorrect. [/home/jsp/Storage/CFU_PYNQ_FIles/CFU_SRC/pynq_z2/pynq_z2/arunQAFDHGDZXVNBDXG_gae.srcs/sources_1/new/Cfu.v:]
WARNING: [filemgmt 56-199] Attempt to get parsing info during refresh. "On-the-fly" syntax checking information may be incorrect. [/home/jsp/Storage/CFU_PYNQ_FIles/CFU_SRC/pynq_z2/pynq_z2/arunQAFDHGDZXVNBDXG_gae.srcs/sources_1/new/Cfu.v:]
CRITICAL WARNING: [filemgmt 56-176] Module references are not supported in manual compile order mode and will be ignored.
WARNING: [filemgmt 56-199] Attempt to get parsing info during refresh. "On-the-fly" syntax checking information may be incorrect. [/home/jsp/Storage/CFU_PYNQ_FIles/CFU_SRC/donut-accel/cfu.v:]
WARNING: [filemgmt 56-199] Attempt to get parsing info during refresh. "On-the-fly" syntax checking information may be incorrect. [/home/jsp/Storage/CFU_PYNQ_FIles/CFU_SRC/Top.v:]
WARNING: [filemgmt 56-199] Attempt to get parsing info during refresh. "On-the-fly" syntax checking information may be incorrect. [/home/jsp/Storage/CFU_PYNQ_FIles/CFU_SRC/pynq_z2/pynq_z2/arunQAFDHGDZXVNBDXG_gae.srcs/sources_1/new/Cfu.v:]
WARNING: [filemgmt 56-199] Attempt to get parsing info during refresh. "On-the-fly" syntax checking information may be incorrect. [/home/jsp/Storage/CFU_PYNQ_FIles/CFU_SRC/pynq_z2/pynq_z2/arunQAFDHGDZXVNBDXG_gae.gen/sources_1/bd/system/hdl/system_wrapper.v:]
WARNING: [filemgmt 56-199] Attempt to get parsing info during refresh. "On-the-fly" syntax checking information may be incorrect. [/home/jsp/Storage/CFU_PYNQ_FIles/CFU_SRC/pynq_z2/pynq_z2/arunQAFDHGDZXVNBDXG_gae.srcs/sources_1/new/tul_pynq_z2.v:]
WARNING: [filemgmt 56-199] Attempt to get parsing info during refresh. "On-the-fly" syntax checking information may be incorrect. [/home/jsp/Storage/CFU_PYNQ_FIles/CFU_SRC/donut-accel/cfu.v:]
WARNING: [filemgmt 56-199] Attempt to get parsing info during refresh. "On-the-fly" syntax checking information may be incorrect. [/home/jsp/Storage/CFU_PYNQ_FIles/CFU_SRC/donut-accel/cfu.v:]
WARNING: [filemgmt 56-199] Attempt to get parsing info during refresh. "On-the-fly" syntax checking information may be incorrect. [/home/jsp/Storage/CFU_PYNQ_FIles/CFU_SRC/donut-accel/cfu.v:]
WARNING: [filemgmt 56-199] Attempt to get parsing info during refresh. "On-the-fly" syntax checking information may be incorrect. [/home/jsp/Storage/CFU_PYNQ_FIles/CFU_SRC/Top.v:]
WARNING: [filemgmt 56-199] Attempt to get parsing info during refresh. "On-the-fly" syntax checking information may be incorrect. [/home/jsp/Storage/CFU_PYNQ_FIles/CFU_SRC/pynq_z2/pynq_z2/arunQAFDHGDZXVNBDXG_gae.srcs/sources_1/new/Cfu.v:]
WARNING: [filemgmt 56-199] Attempt to get parsing info during refresh. "On-the-fly" syntax checking information may be incorrect. [/home/jsp/Storage/CFU_PYNQ_FIles/CFU_SRC/pynq_z2/pynq_z2/arunQAFDHGDZXVNBDXG_gae.gen/sources_1/bd/system/hdl/system_wrapper.v:]
WARNING: [filemgmt 56-199] Attempt to get parsing info during refresh. "On-the-fly" syntax checking information may be incorrect. [/home/jsp/Storage/CFU_PYNQ_FIles/CFU_SRC/pynq_z2/pynq_z2/arunQAFDHGDZXVNBDXG_gae.srcs/sources_1/new/tul_pynq_z2.v:]
WARNING: [filemgmt 56-199] Attempt to get parsing info during refresh. "On-the-fly" syntax checking information may be incorrect. [/home/jsp/Storage/CFU_PYNQ_FIles/CFU_SRC/pynq_z2/pynq_z2/arunQAFDHGDZXVNBDXG_gae.gen/sources_1/bd/system/hdl/system_wrapper.v:]
WARNING: [filemgmt 56-199] Attempt to get parsing info during refresh. "On-the-fly" syntax checking information may be incorrect. [/home/jsp/Storage/CFU_PYNQ_FIles/CFU_SRC/pynq_z2/pynq_z2/arunQAFDHGDZXVNBDXG_gae.gen/sources_1/bd/system/hdl/system_wrapper.v:]
WARNING: [filemgmt 56-199] Attempt to get parsing info during refresh. "On-the-fly" syntax checking information may be incorrect. [/home/jsp/Storage/CFU_PYNQ_FIles/CFU_SRC/donut-accel/cfu.v:]
WARNING: [filemgmt 56-199] Attempt to get parsing info during refresh. "On-the-fly" syntax checking information may be incorrect. [/home/jsp/Storage/CFU_PYNQ_FIles/CFU_SRC/Top.v:]
WARNING: [filemgmt 56-199] Attempt to get parsing info during refresh. "On-the-fly" syntax checking information may be incorrect. [/home/jsp/Storage/CFU_PYNQ_FIles/CFU_SRC/pynq_z2/pynq_z2/arunQAFDHGDZXVNBDXG_gae.srcs/sources_1/new/Cfu.v:]
WARNING: [filemgmt 56-199] Attempt to get parsing info during refresh. "On-the-fly" syntax checking information may be incorrect. [/home/jsp/Storage/CFU_PYNQ_FIles/CFU_SRC/pynq_z2/pynq_z2/arunQAFDHGDZXVNBDXG_gae.gen/sources_1/bd/system/hdl/system_wrapper.v:]
WARNING: [filemgmt 56-199] Attempt to get parsing info during refresh. "On-the-fly" syntax checking information may be incorrect. [/home/jsp/Storage/CFU_PYNQ_FIles/CFU_SRC/pynq_z2/pynq_z2/arunQAFDHGDZXVNBDXG_gae.srcs/sources_1/new/tul_pynq_z2.v:]
WARNING: [filemgmt 56-199] Attempt to get parsing info during refresh. "On-the-fly" syntax checking information may be incorrect. [/home/jsp/Storage/CFU_PYNQ_FIles/CFU_SRC/Top.v:]
WARNING: [filemgmt 56-199] Attempt to get parsing info during refresh. "On-the-fly" syntax checking information may be incorrect. [/home/jsp/Storage/CFU_PYNQ_FIles/CFU_SRC/Top.v:]
WARNING: [filemgmt 56-199] Attempt to get parsing info during refresh. "On-the-fly" syntax checking information may be incorrect. [/home/jsp/Storage/CFU_PYNQ_FIles/CFU_SRC/donut-accel/cfu.v:]
WARNING: [filemgmt 56-199] Attempt to get parsing info during refresh. "On-the-fly" syntax checking information may be incorrect. [/home/jsp/Storage/CFU_PYNQ_FIles/CFU_SRC/Top.v:]
WARNING: [filemgmt 56-199] Attempt to get parsing info during refresh. "On-the-fly" syntax checking information may be incorrect. [/home/jsp/Storage/CFU_PYNQ_FIles/CFU_SRC/pynq_z2/pynq_z2/arunQAFDHGDZXVNBDXG_gae.srcs/sources_1/new/Cfu.v:]
WARNING: [filemgmt 56-199] Attempt to get parsing info during refresh. "On-the-fly" syntax checking information may be incorrect. [/home/jsp/Storage/CFU_PYNQ_FIles/CFU_SRC/pynq_z2/pynq_z2/arunQAFDHGDZXVNBDXG_gae.gen/sources_1/bd/system/hdl/system_wrapper.v:]
WARNING: [filemgmt 56-199] Attempt to get parsing info during refresh. "On-the-fly" syntax checking information may be incorrect. [/home/jsp/Storage/CFU_PYNQ_FIles/CFU_SRC/pynq_z2/pynq_z2/arunQAFDHGDZXVNBDXG_gae.srcs/sources_1/new/tul_pynq_z2.v:]
WARNING: [filemgmt 56-199] Attempt to get parsing info during refresh. "On-the-fly" syntax checking information may be incorrect. [/home/jsp/Storage/CFU_PYNQ_FIles/CFU_SRC/pynq_z2/pynq_z2/arunQAFDHGDZXVNBDXG_gae.gen/sources_1/bd/system/hdl/system_wrapper.v:]
WARNING: [filemgmt 56-199] Attempt to get parsing info during refresh. "On-the-fly" syntax checking information may be incorrect. [/home/jsp/Storage/CFU_PYNQ_FIles/CFU_SRC/pynq_z2/pynq_z2/arunQAFDHGDZXVNBDXG_gae.gen/sources_1/bd/system/hdl/system_wrapper.v:]
WARNING: [filemgmt 56-199] Attempt to get parsing info during refresh. "On-the-fly" syntax checking information may be incorrect. [/home/jsp/Storage/CFU_PYNQ_FIles/CFU_SRC/donut-accel/cfu.v:]
WARNING: [filemgmt 56-199] Attempt to get parsing info during refresh. "On-the-fly" syntax checking information may be incorrect. [/home/jsp/Storage/CFU_PYNQ_FIles/CFU_SRC/Top.v:]
WARNING: [filemgmt 56-199] Attempt to get parsing info during refresh. "On-the-fly" syntax checking information may be incorrect. [/home/jsp/Storage/CFU_PYNQ_FIles/CFU_SRC/pynq_z2/pynq_z2/arunQAFDHGDZXVNBDXG_gae.srcs/sources_1/new/Cfu.v:]
WARNING: [filemgmt 56-199] Attempt to get parsing info during refresh. "On-the-fly" syntax checking information may be incorrect. [/home/jsp/Storage/CFU_PYNQ_FIles/CFU_SRC/pynq_z2/pynq_z2/arunQAFDHGDZXVNBDXG_gae.gen/sources_1/bd/system/hdl/system_wrapper.v:]
WARNING: [filemgmt 56-199] Attempt to get parsing info during refresh. "On-the-fly" syntax checking information may be incorrect. [/home/jsp/Storage/CFU_PYNQ_FIles/CFU_SRC/pynq_z2/pynq_z2/arunQAFDHGDZXVNBDXG_gae.srcs/sources_1/new/tul_pynq_z2.v:]
WARNING: [filemgmt 56-199] Attempt to get parsing info during refresh. "On-the-fly" syntax checking information may be incorrect. [/home/jsp/Storage/CFU_PYNQ_FIles/CFU_SRC/pynq_z2/pynq_z2/arunQAFDHGDZXVNBDXG_gae.srcs/sources_1/new/Cfu.v:]
WARNING: [filemgmt 56-199] Attempt to get parsing info during refresh. "On-the-fly" syntax checking information may be incorrect. [/home/jsp/Storage/CFU_PYNQ_FIles/CFU_SRC/pynq_z2/pynq_z2/arunQAFDHGDZXVNBDXG_gae.srcs/sources_1/new/Cfu.v:]
CRITICAL WARNING: [filemgmt 56-176] Module references are not supported in manual compile order mode and will be ignored.
set_property top Top [current_fileset]
WARNING: [filemgmt 56-199] Attempt to get parsing info during refresh. "On-the-fly" syntax checking information may be incorrect. [/home/jsp/Storage/CFU_PYNQ_FIles/CFU_SRC/donut-accel/cfu.v:]
WARNING: [filemgmt 56-199] Attempt to get parsing info during refresh. "On-the-fly" syntax checking information may be incorrect. [/home/jsp/Storage/CFU_PYNQ_FIles/CFU_SRC/Top.v:]
WARNING: [filemgmt 56-199] Attempt to get parsing info during refresh. "On-the-fly" syntax checking information may be incorrect. [/home/jsp/Storage/CFU_PYNQ_FIles/CFU_SRC/pynq_z2/pynq_z2/arunQAFDHGDZXVNBDXG_gae.srcs/sources_1/new/Cfu.v:]
WARNING: [filemgmt 56-199] Attempt to get parsing info during refresh. "On-the-fly" syntax checking information may be incorrect. [/home/jsp/Storage/CFU_PYNQ_FIles/CFU_SRC/pynq_z2/pynq_z2/arunQAFDHGDZXVNBDXG_gae.gen/sources_1/bd/system/hdl/system_wrapper.v:]
WARNING: [filemgmt 56-199] Attempt to get parsing info during refresh. "On-the-fly" syntax checking information may be incorrect. [/home/jsp/Storage/CFU_PYNQ_FIles/CFU_SRC/pynq_z2/pynq_z2/arunQAFDHGDZXVNBDXG_gae.srcs/sources_1/new/tul_pynq_z2.v:]
WARNING: [filemgmt 56-199] Attempt to get parsing info during refresh. "On-the-fly" syntax checking information may be incorrect. [/home/jsp/Storage/CFU_PYNQ_FIles/CFU_SRC/donut-accel/cfu.v:]
WARNING: [filemgmt 56-199] Attempt to get parsing info during refresh. "On-the-fly" syntax checking information may be incorrect. [/home/jsp/Storage/CFU_PYNQ_FIles/CFU_SRC/donut-accel/cfu.v:]
WARNING: [filemgmt 56-199] Attempt to get parsing info during refresh. "On-the-fly" syntax checking information may be incorrect. [/home/jsp/Storage/CFU_PYNQ_FIles/CFU_SRC/donut-accel/cfu.v:]
WARNING: [filemgmt 56-199] Attempt to get parsing info during refresh. "On-the-fly" syntax checking information may be incorrect. [/home/jsp/Storage/CFU_PYNQ_FIles/CFU_SRC/Top.v:]
WARNING: [filemgmt 56-199] Attempt to get parsing info during refresh. "On-the-fly" syntax checking information may be incorrect. [/home/jsp/Storage/CFU_PYNQ_FIles/CFU_SRC/pynq_z2/pynq_z2/arunQAFDHGDZXVNBDXG_gae.srcs/sources_1/new/Cfu.v:]
WARNING: [filemgmt 56-199] Attempt to get parsing info during refresh. "On-the-fly" syntax checking information may be incorrect. [/home/jsp/Storage/CFU_PYNQ_FIles/CFU_SRC/pynq_z2/pynq_z2/arunQAFDHGDZXVNBDXG_gae.gen/sources_1/bd/system/hdl/system_wrapper.v:]
WARNING: [filemgmt 56-199] Attempt to get parsing info during refresh. "On-the-fly" syntax checking information may be incorrect. [/home/jsp/Storage/CFU_PYNQ_FIles/CFU_SRC/pynq_z2/pynq_z2/arunQAFDHGDZXVNBDXG_gae.srcs/sources_1/new/tul_pynq_z2.v:]
WARNING: [filemgmt 56-199] Attempt to get parsing info during refresh. "On-the-fly" syntax checking information may be incorrect. [/home/jsp/Storage/CFU_PYNQ_FIles/CFU_SRC/pynq_z2/pynq_z2/arunQAFDHGDZXVNBDXG_gae.gen/sources_1/bd/system/hdl/system_wrapper.v:]
WARNING: [filemgmt 56-199] Attempt to get parsing info during refresh. "On-the-fly" syntax checking information may be incorrect. [/home/jsp/Storage/CFU_PYNQ_FIles/CFU_SRC/pynq_z2/pynq_z2/arunQAFDHGDZXVNBDXG_gae.gen/sources_1/bd/system/hdl/system_wrapper.v:]
CRITICAL WARNING: [filemgmt 56-176] Module references are not supported in manual compile order mode and will be ignored.
WARNING: [filemgmt 56-199] Attempt to get parsing info during refresh. "On-the-fly" syntax checking information may be incorrect. [/home/jsp/Storage/CFU_PYNQ_FIles/CFU_SRC/donut-accel/cfu.v:]
WARNING: [filemgmt 56-199] Attempt to get parsing info during refresh. "On-the-fly" syntax checking information may be incorrect. [/home/jsp/Storage/CFU_PYNQ_FIles/CFU_SRC/Top.v:]
WARNING: [filemgmt 56-199] Attempt to get parsing info during refresh. "On-the-fly" syntax checking information may be incorrect. [/home/jsp/Storage/CFU_PYNQ_FIles/CFU_SRC/pynq_z2/pynq_z2/arunQAFDHGDZXVNBDXG_gae.srcs/sources_1/new/Cfu.v:]
WARNING: [filemgmt 56-199] Attempt to get parsing info during refresh. "On-the-fly" syntax checking information may be incorrect. [/home/jsp/Storage/CFU_PYNQ_FIles/CFU_SRC/pynq_z2/pynq_z2/arunQAFDHGDZXVNBDXG_gae.gen/sources_1/bd/system/hdl/system_wrapper.v:]
WARNING: [filemgmt 56-199] Attempt to get parsing info during refresh. "On-the-fly" syntax checking information may be incorrect. [/home/jsp/Storage/CFU_PYNQ_FIles/CFU_SRC/pynq_z2/pynq_z2/arunQAFDHGDZXVNBDXG_gae.srcs/sources_1/new/tul_pynq_z2.v:]
WARNING: [filemgmt 56-199] Attempt to get parsing info during refresh. "On-the-fly" syntax checking information may be incorrect. [/home/jsp/Storage/CFU_PYNQ_FIles/CFU_SRC/pynq_z2/pynq_z2/arunQAFDHGDZXVNBDXG_gae.gen/sources_1/bd/system/hdl/system_wrapper.v:]
WARNING: [filemgmt 56-199] Attempt to get parsing info during refresh. "On-the-fly" syntax checking information may be incorrect. [/home/jsp/Storage/CFU_PYNQ_FIles/CFU_SRC/pynq_z2/pynq_z2/arunQAFDHGDZXVNBDXG_gae.gen/sources_1/bd/system/hdl/system_wrapper.v:]
WARNING: [filemgmt 56-199] Attempt to get parsing info during refresh. "On-the-fly" syntax checking information may be incorrect. [/home/jsp/Storage/CFU_PYNQ_FIles/CFU_SRC/donut-accel/cfu.v:]
WARNING: [filemgmt 56-199] Attempt to get parsing info during refresh. "On-the-fly" syntax checking information may be incorrect. [/home/jsp/Storage/CFU_PYNQ_FIles/CFU_SRC/Top.v:]
WARNING: [filemgmt 56-199] Attempt to get parsing info during refresh. "On-the-fly" syntax checking information may be incorrect. [/home/jsp/Storage/CFU_PYNQ_FIles/CFU_SRC/pynq_z2/pynq_z2/arunQAFDHGDZXVNBDXG_gae.srcs/sources_1/new/Cfu.v:]
WARNING: [filemgmt 56-199] Attempt to get parsing info during refresh. "On-the-fly" syntax checking information may be incorrect. [/home/jsp/Storage/CFU_PYNQ_FIles/CFU_SRC/pynq_z2/pynq_z2/arunQAFDHGDZXVNBDXG_gae.gen/sources_1/bd/system/hdl/system_wrapper.v:]
WARNING: [filemgmt 56-199] Attempt to get parsing info during refresh. "On-the-fly" syntax checking information may be incorrect. [/home/jsp/Storage/CFU_PYNQ_FIles/CFU_SRC/pynq_z2/pynq_z2/arunQAFDHGDZXVNBDXG_gae.srcs/sources_1/new/tul_pynq_z2.v:]
WARNING: [filemgmt 56-199] Attempt to get parsing info during refresh. "On-the-fly" syntax checking information may be incorrect. [/home/jsp/Storage/CFU_PYNQ_FIles/CFU_SRC/Top.v:]
WARNING: [filemgmt 56-199] Attempt to get parsing info during refresh. "On-the-fly" syntax checking information may be incorrect. [/home/jsp/Storage/CFU_PYNQ_FIles/CFU_SRC/Top.v:]
WARNING: [filemgmt 56-199] Attempt to get parsing info during refresh. "On-the-fly" syntax checking information may be incorrect. [/home/jsp/Storage/CFU_PYNQ_FIles/CFU_SRC/donut-accel/cfu.v:]
WARNING: [filemgmt 56-199] Attempt to get parsing info during refresh. "On-the-fly" syntax checking information may be incorrect. [/home/jsp/Storage/CFU_PYNQ_FIles/CFU_SRC/Top.v:]
WARNING: [filemgmt 56-199] Attempt to get parsing info during refresh. "On-the-fly" syntax checking information may be incorrect. [/home/jsp/Storage/CFU_PYNQ_FIles/CFU_SRC/pynq_z2/pynq_z2/arunQAFDHGDZXVNBDXG_gae.srcs/sources_1/new/Cfu.v:]
WARNING: [filemgmt 56-199] Attempt to get parsing info during refresh. "On-the-fly" syntax checking information may be incorrect. [/home/jsp/Storage/CFU_PYNQ_FIles/CFU_SRC/pynq_z2/pynq_z2/arunQAFDHGDZXVNBDXG_gae.gen/sources_1/bd/system/hdl/system_wrapper.v:]
WARNING: [filemgmt 56-199] Attempt to get parsing info during refresh. "On-the-fly" syntax checking information may be incorrect. [/home/jsp/Storage/CFU_PYNQ_FIles/CFU_SRC/pynq_z2/pynq_z2/arunQAFDHGDZXVNBDXG_gae.srcs/sources_1/new/tul_pynq_z2.v:]
WARNING: [filemgmt 56-199] Attempt to get parsing info during refresh. "On-the-fly" syntax checking information may be incorrect. [/home/jsp/Storage/CFU_PYNQ_FIles/CFU_SRC/pynq_z2/pynq_z2/arunQAFDHGDZXVNBDXG_gae.srcs/sources_1/new/Cfu.v:]
WARNING: [filemgmt 56-199] Attempt to get parsing info during refresh. "On-the-fly" syntax checking information may be incorrect. [/home/jsp/Storage/CFU_PYNQ_FIles/CFU_SRC/pynq_z2/pynq_z2/arunQAFDHGDZXVNBDXG_gae.srcs/sources_1/new/Cfu.v:]
create_partition_def -name cfu_compute -module cfu_compute
CRITICAL WARNING: [filemgmt 56-176] Module references are not supported in manual compile order mode and will be ignored.
create_reconfig_module -name example -partition_def [get_partition_defs cfu_compute ]  -define_from cfu_compute
CRITICAL WARNING: [filemgmt 56-176] Module references are not supported in manual compile order mode and will be ignored.
INFO: [Vivado 12-2924] Moving file '/home/jsp/Storage/CFU_PYNQ_FIles/CFU_SRC/donut-accel/cfu.v' from fileset 'sources_1' to fileset 'example'.
WARNING: [filemgmt 56-199] Attempt to get parsing info during refresh. "On-the-fly" syntax checking information may be incorrect. [/home/jsp/Storage/CFU_PYNQ_FIles/CFU_SRC/donut-accel/cfu.v:]
WARNING: [filemgmt 56-199] Attempt to get parsing info during refresh. "On-the-fly" syntax checking information may be incorrect. [/home/jsp/Storage/CFU_PYNQ_FIles/CFU_SRC/Top.v:]
WARNING: [filemgmt 56-199] Attempt to get parsing info during refresh. "On-the-fly" syntax checking information may be incorrect. [/home/jsp/Storage/CFU_PYNQ_FIles/CFU_SRC/pynq_z2/pynq_z2/arunQAFDHGDZXVNBDXG_gae.srcs/sources_1/new/Cfu.v:]
WARNING: [filemgmt 56-199] Attempt to get parsing info during refresh. "On-the-fly" syntax checking information may be incorrect. [/home/jsp/Storage/CFU_PYNQ_FIles/CFU_SRC/pynq_z2/pynq_z2/arunQAFDHGDZXVNBDXG_gae.gen/sources_1/bd/system/hdl/system_wrapper.v:]
WARNING: [filemgmt 56-199] Attempt to get parsing info during refresh. "On-the-fly" syntax checking information may be incorrect. [/home/jsp/Storage/CFU_PYNQ_FIles/CFU_SRC/pynq_z2/pynq_z2/arunQAFDHGDZXVNBDXG_gae.srcs/sources_1/new/tul_pynq_z2.v:]
WARNING: [filemgmt 56-199] Attempt to get parsing info during refresh. "On-the-fly" syntax checking information may be incorrect. [/home/jsp/Storage/CFU_PYNQ_FIles/CFU_SRC/pynq_z2/pynq_z2/arunQAFDHGDZXVNBDXG_gae.srcs/sources_1/new/tul_pynq_z2.v:]
WARNING: [filemgmt 56-199] Attempt to get parsing info during refresh. "On-the-fly" syntax checking information may be incorrect. [/home/jsp/Storage/CFU_PYNQ_FIles/CFU_SRC/pynq_z2/pynq_z2/arunQAFDHGDZXVNBDXG_gae.srcs/sources_1/new/tul_pynq_z2.v:]
CRITICAL WARNING: [filemgmt 56-176] Module references are not supported in manual compile order mode and will be ignored.
WARNING: [filemgmt 56-199] Attempt to get parsing info during refresh. "On-the-fly" syntax checking information may be incorrect. [/home/jsp/Storage/CFU_PYNQ_FIles/CFU_SRC/donut-accel/cfu.v:]
WARNING: [filemgmt 56-199] Attempt to get parsing info during refresh. "On-the-fly" syntax checking information may be incorrect. [/home/jsp/Storage/CFU_PYNQ_FIles/CFU_SRC/Top.v:]
WARNING: [filemgmt 56-199] Attempt to get parsing info during refresh. "On-the-fly" syntax checking information may be incorrect. [/home/jsp/Storage/CFU_PYNQ_FIles/CFU_SRC/pynq_z2/pynq_z2/arunQAFDHGDZXVNBDXG_gae.srcs/sources_1/new/Cfu.v:]
WARNING: [filemgmt 56-199] Attempt to get parsing info during refresh. "On-the-fly" syntax checking information may be incorrect. [/home/jsp/Storage/CFU_PYNQ_FIles/CFU_SRC/pynq_z2/pynq_z2/arunQAFDHGDZXVNBDXG_gae.gen/sources_1/bd/system/hdl/system_wrapper.v:]
WARNING: [filemgmt 56-199] Attempt to get parsing info during refresh. "On-the-fly" syntax checking information may be incorrect. [/home/jsp/Storage/CFU_PYNQ_FIles/CFU_SRC/pynq_z2/pynq_z2/arunQAFDHGDZXVNBDXG_gae.srcs/sources_1/new/tul_pynq_z2.v:]
WARNING: [filemgmt 56-199] Attempt to get parsing info during refresh. "On-the-fly" syntax checking information may be incorrect. [/home/jsp/Storage/CFU_PYNQ_FIles/CFU_SRC/pynq_z2/pynq_z2/arunQAFDHGDZXVNBDXG_gae.gen/sources_1/bd/system/hdl/system_wrapper.v:]
WARNING: [filemgmt 56-199] Attempt to get parsing info during refresh. "On-the-fly" syntax checking information may be incorrect. [/home/jsp/Storage/CFU_PYNQ_FIles/CFU_SRC/pynq_z2/pynq_z2/arunQAFDHGDZXVNBDXG_gae.gen/sources_1/bd/system/hdl/system_wrapper.v:]
WARNING: [filemgmt 56-199] Attempt to get parsing info during refresh. "On-the-fly" syntax checking information may be incorrect. [/home/jsp/Storage/CFU_PYNQ_FIles/CFU_SRC/donut-accel/cfu.v:]
WARNING: [filemgmt 56-199] Attempt to get parsing info during refresh. "On-the-fly" syntax checking information may be incorrect. [/home/jsp/Storage/CFU_PYNQ_FIles/CFU_SRC/Top.v:]
WARNING: [filemgmt 56-199] Attempt to get parsing info during refresh. "On-the-fly" syntax checking information may be incorrect. [/home/jsp/Storage/CFU_PYNQ_FIles/CFU_SRC/pynq_z2/pynq_z2/arunQAFDHGDZXVNBDXG_gae.srcs/sources_1/new/Cfu.v:]
WARNING: [filemgmt 56-199] Attempt to get parsing info during refresh. "On-the-fly" syntax checking information may be incorrect. [/home/jsp/Storage/CFU_PYNQ_FIles/CFU_SRC/pynq_z2/pynq_z2/arunQAFDHGDZXVNBDXG_gae.gen/sources_1/bd/system/hdl/system_wrapper.v:]
WARNING: [filemgmt 56-199] Attempt to get parsing info during refresh. "On-the-fly" syntax checking information may be incorrect. [/home/jsp/Storage/CFU_PYNQ_FIles/CFU_SRC/pynq_z2/pynq_z2/arunQAFDHGDZXVNBDXG_gae.srcs/sources_1/new/tul_pynq_z2.v:]
WARNING: [filemgmt 56-199] Attempt to get parsing info during refresh. "On-the-fly" syntax checking information may be incorrect. [/home/jsp/Storage/CFU_PYNQ_FIles/CFU_SRC/Top.v:]
WARNING: [filemgmt 56-199] Attempt to get parsing info during refresh. "On-the-fly" syntax checking information may be incorrect. [/home/jsp/Storage/CFU_PYNQ_FIles/CFU_SRC/Top.v:]
WARNING: [filemgmt 56-199] Attempt to get parsing info during refresh. "On-the-fly" syntax checking information may be incorrect. [/home/jsp/Storage/CFU_PYNQ_FIles/CFU_SRC/donut-accel/cfu.v:]
WARNING: [filemgmt 56-199] Attempt to get parsing info during refresh. "On-the-fly" syntax checking information may be incorrect. [/home/jsp/Storage/CFU_PYNQ_FIles/CFU_SRC/Top.v:]
WARNING: [filemgmt 56-199] Attempt to get parsing info during refresh. "On-the-fly" syntax checking information may be incorrect. [/home/jsp/Storage/CFU_PYNQ_FIles/CFU_SRC/pynq_z2/pynq_z2/arunQAFDHGDZXVNBDXG_gae.srcs/sources_1/new/Cfu.v:]
WARNING: [filemgmt 56-199] Attempt to get parsing info during refresh. "On-the-fly" syntax checking information may be incorrect. [/home/jsp/Storage/CFU_PYNQ_FIles/CFU_SRC/pynq_z2/pynq_z2/arunQAFDHGDZXVNBDXG_gae.gen/sources_1/bd/system/hdl/system_wrapper.v:]
WARNING: [filemgmt 56-199] Attempt to get parsing info during refresh. "On-the-fly" syntax checking information may be incorrect. [/home/jsp/Storage/CFU_PYNQ_FIles/CFU_SRC/pynq_z2/pynq_z2/arunQAFDHGDZXVNBDXG_gae.srcs/sources_1/new/tul_pynq_z2.v:]
WARNING: [filemgmt 56-199] Attempt to get parsing info during refresh. "On-the-fly" syntax checking information may be incorrect. [/home/jsp/Storage/CFU_PYNQ_FIles/CFU_SRC/donut-accel/cfu.v:]
WARNING: [filemgmt 56-199] Attempt to get parsing info during refresh. "On-the-fly" syntax checking information may be incorrect. [/home/jsp/Storage/CFU_PYNQ_FIles/CFU_SRC/donut-accel/cfu.v:]
create_pr_configuration -name config_1 -partitions [list cfu_system/Cfu/cfu_inst:example ]
set_property PR_CONFIGURATION config_1 [get_runs impl_1]
launch_runs synth_1 -jobs 12
[Sat Nov  8 01:16:35 2025] Launched example_synth_1...
Run output will be captured here: /home/jsp/Storage/CFU_PYNQ_FIles/CFU_SRC/pynq_z2/pynq_z2/arunQAFDHGDZXVNBDXG_gae.runs/example_synth_1/runme.log
[Sat Nov  8 01:16:35 2025] Launched synth_1...
Run output will be captured here: /home/jsp/Storage/CFU_PYNQ_FIles/CFU_SRC/pynq_z2/pynq_z2/arunQAFDHGDZXVNBDXG_gae.runs/synth_1/runme.log
open_run synth_1 -name synth_1 -pr_config [current_pr_configuration]
Design is defaulting to impl run constrset: constrs_1
Design is defaulting to synth run part: xc7z020clg400-1
INFO: [Project 1-454] Reading design checkpoint '/home/jsp/Storage/CFU_PYNQ_FIles/CFU_SRC/pynq_z2/pynq_z2/arunQAFDHGDZXVNBDXG_gae.gen/sources_1/ip/cfu_decoupler/cfu_decoupler.dcp' for cell 'cfu_system/Cfu/cfu_decoupler_inst'
INFO: [Project 1-454] Reading design checkpoint '/home/jsp/Storage/CFU_PYNQ_FIles/CFU_SRC/pynq_z2/pynq_z2/arunQAFDHGDZXVNBDXG_gae.runs/example_synth_1/cfu_compute.dcp' for cell 'cfu_system/Cfu/cfu_inst'
INFO: [Project 1-454] Reading design checkpoint '/home/jsp/Storage/CFU_PYNQ_FIles/CFU_SRC/pynq_z2/pynq_z2/arunQAFDHGDZXVNBDXG_gae.gen/sources_1/bd/system/ip/system_axi_gpio_decouple_status_0/system_axi_gpio_decouple_status_0.dcp' for cell 'system_unit/system_i/axi_gpio_config_to'
INFO: [Project 1-454] Reading design checkpoint '/home/jsp/Storage/CFU_PYNQ_FIles/CFU_SRC/pynq_z2/pynq_z2/arunQAFDHGDZXVNBDXG_gae.gen/sources_1/bd/system/ip/system_axi_gpio_0_0/system_axi_gpio_0_0.dcp' for cell 'system_unit/system_i/axi_gpio_decouple'
INFO: [Project 1-454] Reading design checkpoint '/home/jsp/Storage/CFU_PYNQ_FIles/CFU_SRC/pynq_z2/pynq_z2/arunQAFDHGDZXVNBDXG_gae.gen/sources_1/bd/system/ip/system_axi_gpio_to_reconfig_0/system_axi_gpio_to_reconfig_0.dcp' for cell 'system_unit/system_i/axi_gpio_decouple_status'
INFO: [Project 1-454] Reading design checkpoint '/home/jsp/Storage/CFU_PYNQ_FIles/CFU_SRC/pynq_z2/pynq_z2/arunQAFDHGDZXVNBDXG_gae.gen/sources_1/bd/system/ip/system_axi_gpio_0_1/system_axi_gpio_0_1.dcp' for cell 'system_unit/system_i/axi_gpio_to_reconfig'
INFO: [Project 1-454] Reading design checkpoint '/home/jsp/Storage/CFU_PYNQ_FIles/CFU_SRC/pynq_z2/pynq_z2/arunQAFDHGDZXVNBDXG_gae.gen/sources_1/bd/system/ip/system_processing_system7_0_0/system_processing_system7_0_0.dcp' for cell 'system_unit/system_i/processing_system7_0'
INFO: [Project 1-454] Reading design checkpoint '/home/jsp/Storage/CFU_PYNQ_FIles/CFU_SRC/pynq_z2/pynq_z2/arunQAFDHGDZXVNBDXG_gae.gen/sources_1/bd/system/ip/system_rst_ps7_0_100M_0/system_rst_ps7_0_100M_0.dcp' for cell 'system_unit/system_i/rst_ps7_0_100M'
INFO: [Project 1-454] Reading design checkpoint '/home/jsp/Storage/CFU_PYNQ_FIles/CFU_SRC/pynq_z2/pynq_z2/arunQAFDHGDZXVNBDXG_gae.gen/sources_1/bd/system/ip/system_xbar_0/system_xbar_0.dcp' for cell 'system_unit/system_i/ps7_0_axi_periph/xbar'
INFO: [Project 1-454] Reading design checkpoint '/home/jsp/Storage/CFU_PYNQ_FIles/CFU_SRC/pynq_z2/pynq_z2/arunQAFDHGDZXVNBDXG_gae.gen/sources_1/bd/system/ip/system_auto_pc_0/system_auto_pc_0.dcp' for cell 'system_unit/system_i/ps7_0_axi_periph/s00_couplers/auto_pc'
Netlist sorting complete. Time (s): cpu = 00:00:00.05 ; elapsed = 00:00:00.05 . Memory (MB): peak = 14720.812 ; gain = 0.000 ; free physical = 4216 ; free virtual = 17695
INFO: [Netlist 29-17] Analyzing 218 Unisim elements for replacement
INFO: [Netlist 29-28] Unisim Transformation completed in 0 CPU seconds
INFO: [Project 1-479] Netlist was created with Vivado 2024.1
INFO: [Project 1-570] Preparing netlist for logic optimization
Parsing XDC File [/home/jsp/Storage/CFU_PYNQ_FIles/CFU_SRC/pynq_z2/pynq_z2/arunQAFDHGDZXVNBDXG_gae.gen/sources_1/bd/system/ip/system_processing_system7_0_0/system_processing_system7_0_0.xdc] for cell 'system_unit/system_i/processing_system7_0/inst'
Finished Parsing XDC File [/home/jsp/Storage/CFU_PYNQ_FIles/CFU_SRC/pynq_z2/pynq_z2/arunQAFDHGDZXVNBDXG_gae.gen/sources_1/bd/system/ip/system_processing_system7_0_0/system_processing_system7_0_0.xdc] for cell 'system_unit/system_i/processing_system7_0/inst'
Parsing XDC File [/home/jsp/Storage/CFU_PYNQ_FIles/CFU_SRC/pynq_z2/pynq_z2/arunQAFDHGDZXVNBDXG_gae.gen/sources_1/bd/system/ip/system_axi_gpio_0_0/system_axi_gpio_0_0_board.xdc] for cell 'system_unit/system_i/axi_gpio_decouple/U0'
Finished Parsing XDC File [/home/jsp/Storage/CFU_PYNQ_FIles/CFU_SRC/pynq_z2/pynq_z2/arunQAFDHGDZXVNBDXG_gae.gen/sources_1/bd/system/ip/system_axi_gpio_0_0/system_axi_gpio_0_0_board.xdc] for cell 'system_unit/system_i/axi_gpio_decouple/U0'
Parsing XDC File [/home/jsp/Storage/CFU_PYNQ_FIles/CFU_SRC/pynq_z2/pynq_z2/arunQAFDHGDZXVNBDXG_gae.gen/sources_1/bd/system/ip/system_axi_gpio_0_0/system_axi_gpio_0_0.xdc] for cell 'system_unit/system_i/axi_gpio_decouple/U0'
Finished Parsing XDC File [/home/jsp/Storage/CFU_PYNQ_FIles/CFU_SRC/pynq_z2/pynq_z2/arunQAFDHGDZXVNBDXG_gae.gen/sources_1/bd/system/ip/system_axi_gpio_0_0/system_axi_gpio_0_0.xdc] for cell 'system_unit/system_i/axi_gpio_decouple/U0'
Parsing XDC File [/home/jsp/Storage/CFU_PYNQ_FIles/CFU_SRC/pynq_z2/pynq_z2/arunQAFDHGDZXVNBDXG_gae.gen/sources_1/bd/system/ip/system_axi_gpio_0_1/system_axi_gpio_0_1_board.xdc] for cell 'system_unit/system_i/axi_gpio_to_reconfig/U0'
Finished Parsing XDC File [/home/jsp/Storage/CFU_PYNQ_FIles/CFU_SRC/pynq_z2/pynq_z2/arunQAFDHGDZXVNBDXG_gae.gen/sources_1/bd/system/ip/system_axi_gpio_0_1/system_axi_gpio_0_1_board.xdc] for cell 'system_unit/system_i/axi_gpio_to_reconfig/U0'
Parsing XDC File [/home/jsp/Storage/CFU_PYNQ_FIles/CFU_SRC/pynq_z2/pynq_z2/arunQAFDHGDZXVNBDXG_gae.gen/sources_1/bd/system/ip/system_axi_gpio_0_1/system_axi_gpio_0_1.xdc] for cell 'system_unit/system_i/axi_gpio_to_reconfig/U0'
Finished Parsing XDC File [/home/jsp/Storage/CFU_PYNQ_FIles/CFU_SRC/pynq_z2/pynq_z2/arunQAFDHGDZXVNBDXG_gae.gen/sources_1/bd/system/ip/system_axi_gpio_0_1/system_axi_gpio_0_1.xdc] for cell 'system_unit/system_i/axi_gpio_to_reconfig/U0'
Parsing XDC File [/home/jsp/Storage/CFU_PYNQ_FIles/CFU_SRC/pynq_z2/pynq_z2/arunQAFDHGDZXVNBDXG_gae.gen/sources_1/bd/system/ip/system_axi_gpio_to_reconfig_0/system_axi_gpio_to_reconfig_0_board.xdc] for cell 'system_unit/system_i/axi_gpio_decouple_status/U0'
Finished Parsing XDC File [/home/jsp/Storage/CFU_PYNQ_FIles/CFU_SRC/pynq_z2/pynq_z2/arunQAFDHGDZXVNBDXG_gae.gen/sources_1/bd/system/ip/system_axi_gpio_to_reconfig_0/system_axi_gpio_to_reconfig_0_board.xdc] for cell 'system_unit/system_i/axi_gpio_decouple_status/U0'
Parsing XDC File [/home/jsp/Storage/CFU_PYNQ_FIles/CFU_SRC/pynq_z2/pynq_z2/arunQAFDHGDZXVNBDXG_gae.gen/sources_1/bd/system/ip/system_axi_gpio_to_reconfig_0/system_axi_gpio_to_reconfig_0.xdc] for cell 'system_unit/system_i/axi_gpio_decouple_status/U0'
Finished Parsing XDC File [/home/jsp/Storage/CFU_PYNQ_FIles/CFU_SRC/pynq_z2/pynq_z2/arunQAFDHGDZXVNBDXG_gae.gen/sources_1/bd/system/ip/system_axi_gpio_to_reconfig_0/system_axi_gpio_to_reconfig_0.xdc] for cell 'system_unit/system_i/axi_gpio_decouple_status/U0'
Parsing XDC File [/home/jsp/Storage/CFU_PYNQ_FIles/CFU_SRC/pynq_z2/pynq_z2/arunQAFDHGDZXVNBDXG_gae.gen/sources_1/bd/system/ip/system_axi_gpio_decouple_status_0/system_axi_gpio_decouple_status_0_board.xdc] for cell 'system_unit/system_i/axi_gpio_config_to/U0'
Finished Parsing XDC File [/home/jsp/Storage/CFU_PYNQ_FIles/CFU_SRC/pynq_z2/pynq_z2/arunQAFDHGDZXVNBDXG_gae.gen/sources_1/bd/system/ip/system_axi_gpio_decouple_status_0/system_axi_gpio_decouple_status_0_board.xdc] for cell 'system_unit/system_i/axi_gpio_config_to/U0'
Parsing XDC File [/home/jsp/Storage/CFU_PYNQ_FIles/CFU_SRC/pynq_z2/pynq_z2/arunQAFDHGDZXVNBDXG_gae.gen/sources_1/bd/system/ip/system_axi_gpio_decouple_status_0/system_axi_gpio_decouple_status_0.xdc] for cell 'system_unit/system_i/axi_gpio_config_to/U0'
Finished Parsing XDC File [/home/jsp/Storage/CFU_PYNQ_FIles/CFU_SRC/pynq_z2/pynq_z2/arunQAFDHGDZXVNBDXG_gae.gen/sources_1/bd/system/ip/system_axi_gpio_decouple_status_0/system_axi_gpio_decouple_status_0.xdc] for cell 'system_unit/system_i/axi_gpio_config_to/U0'
Parsing XDC File [/home/jsp/Storage/CFU_PYNQ_FIles/CFU_SRC/pynq_z2/pynq_z2/arunQAFDHGDZXVNBDXG_gae.gen/sources_1/bd/system/ip/system_rst_ps7_0_100M_0/system_rst_ps7_0_100M_0_board.xdc] for cell 'system_unit/system_i/rst_ps7_0_100M/U0'
Finished Parsing XDC File [/home/jsp/Storage/CFU_PYNQ_FIles/CFU_SRC/pynq_z2/pynq_z2/arunQAFDHGDZXVNBDXG_gae.gen/sources_1/bd/system/ip/system_rst_ps7_0_100M_0/system_rst_ps7_0_100M_0_board.xdc] for cell 'system_unit/system_i/rst_ps7_0_100M/U0'
Parsing XDC File [/home/jsp/Storage/CFU_PYNQ_FIles/CFU_SRC/pynq_z2/pynq_z2/arunQAFDHGDZXVNBDXG_gae.gen/sources_1/bd/system/ip/system_rst_ps7_0_100M_0/system_rst_ps7_0_100M_0.xdc] for cell 'system_unit/system_i/rst_ps7_0_100M/U0'
Finished Parsing XDC File [/home/jsp/Storage/CFU_PYNQ_FIles/CFU_SRC/pynq_z2/pynq_z2/arunQAFDHGDZXVNBDXG_gae.gen/sources_1/bd/system/ip/system_rst_ps7_0_100M_0/system_rst_ps7_0_100M_0.xdc] for cell 'system_unit/system_i/rst_ps7_0_100M/U0'
Parsing XDC File [/home/jsp/Storage/CFU_PYNQ_FIles/CFU_SRC/pynq_z2/pynq_z2/pynq_z2.srcs/sources_1/new/tul_pynq_z2.xdc]
WARNING: [Vivado 12-584] No ports matched 'sys_clock'. [/home/jsp/Storage/CFU_PYNQ_FIles/CFU_SRC/pynq_z2/pynq_z2/pynq_z2.srcs/sources_1/new/tul_pynq_z2.xdc:5]
CRITICAL WARNING: [Common 17-55] 'set_property' expects at least one object. [/home/jsp/Storage/CFU_PYNQ_FIles/CFU_SRC/pynq_z2/pynq_z2/pynq_z2.srcs/sources_1/new/tul_pynq_z2.xdc:5]
Resolution: If [get_<value>] was used to populate the object, check to make sure this command returns at least one valid object.
WARNING: [Vivado 12-584] No ports matched 'sys_clock'. [/home/jsp/Storage/CFU_PYNQ_FIles/CFU_SRC/pynq_z2/pynq_z2/pynq_z2.srcs/sources_1/new/tul_pynq_z2.xdc:6]
CRITICAL WARNING: [Common 17-55] 'set_property' expects at least one object. [/home/jsp/Storage/CFU_PYNQ_FIles/CFU_SRC/pynq_z2/pynq_z2/pynq_z2.srcs/sources_1/new/tul_pynq_z2.xdc:6]
Resolution: If [get_<value>] was used to populate the object, check to make sure this command returns at least one valid object.
WARNING: [Vivado 12-584] No ports matched 'clk125'. [/home/jsp/Storage/CFU_PYNQ_FIles/CFU_SRC/pynq_z2/pynq_z2/pynq_z2.srcs/sources_1/new/tul_pynq_z2.xdc:46]
CRITICAL WARNING: [Vivado 12-4739] create_clock:No valid object(s) found for '-objects [get_ports clk125]'. [/home/jsp/Storage/CFU_PYNQ_FIles/CFU_SRC/pynq_z2/pynq_z2/pynq_z2.srcs/sources_1/new/tul_pynq_z2.xdc:46]
Resolution: Check if the specified object(s) exists in the current design. If it does, ensure that the correct design hierarchy was specified for the object. If you are working with clocks, make sure create_clock was used to create the clock object before it is referenced.
WARNING: [Vivado 12-507] No nets matched 'sys_clk'. [/home/jsp/Storage/CFU_PYNQ_FIles/CFU_SRC/pynq_z2/pynq_z2/pynq_z2.srcs/sources_1/new/tul_pynq_z2.xdc:48]
INFO: [Timing 38-35] Done setting XDC timing constraints. [/home/jsp/Storage/CFU_PYNQ_FIles/CFU_SRC/pynq_z2/pynq_z2/pynq_z2.srcs/sources_1/new/tul_pynq_z2.xdc:48]
INFO: [Timing 38-2] Deriving generated clocks [/home/jsp/Storage/CFU_PYNQ_FIles/CFU_SRC/pynq_z2/pynq_z2/pynq_z2.srcs/sources_1/new/tul_pynq_z2.xdc:48]
WARNING: [Vivado 12-1008] No clocks found for command 'get_clocks -include_generated_clocks -of [get_nets sys_clk]'. [/home/jsp/Storage/CFU_PYNQ_FIles/CFU_SRC/pynq_z2/pynq_z2/pynq_z2.srcs/sources_1/new/tul_pynq_z2.xdc:48]
Resolution: Verify the create_clock command was called to create the clock object before it is referenced.
INFO: [Vivado 12-626] No clocks found. Please use 'create_clock' or 'create_generated_clock' command to create clocks. [/home/jsp/Storage/CFU_PYNQ_FIles/CFU_SRC/pynq_z2/pynq_z2/pynq_z2.srcs/sources_1/new/tul_pynq_z2.xdc:48]
WARNING: [Vivado 12-507] No nets matched 'soc_crg_clkin'. [/home/jsp/Storage/CFU_PYNQ_FIles/CFU_SRC/pynq_z2/pynq_z2/pynq_z2.srcs/sources_1/new/tul_pynq_z2.xdc:48]
WARNING: [Vivado 12-1008] No clocks found for command 'get_clocks -include_generated_clocks -of [get_nets soc_crg_clkin]'. [/home/jsp/Storage/CFU_PYNQ_FIles/CFU_SRC/pynq_z2/pynq_z2/pynq_z2.srcs/sources_1/new/tul_pynq_z2.xdc:48]
Resolution: Verify the create_clock command was called to create the clock object before it is referenced.
INFO: [Vivado 12-626] No clocks found. Please use 'create_clock' or 'create_generated_clock' command to create clocks. [/home/jsp/Storage/CFU_PYNQ_FIles/CFU_SRC/pynq_z2/pynq_z2/pynq_z2.srcs/sources_1/new/tul_pynq_z2.xdc:48]
CRITICAL WARNING: [Vivado 12-4739] set_clock_groups:No valid object(s) found for '-group [get_clocks -include_generated_clocks -of [get_nets sys_clk]]'. [/home/jsp/Storage/CFU_PYNQ_FIles/CFU_SRC/pynq_z2/pynq_z2/pynq_z2.srcs/sources_1/new/tul_pynq_z2.xdc:48]
Resolution: Check if the specified object(s) exists in the current design. If it does, ensure that the correct design hierarchy was specified for the object. If you are working with clocks, make sure create_clock was used to create the clock object before it is referenced.
CRITICAL WARNING: [Vivado 12-4739] set_clock_groups:No valid object(s) found for '-group '. [/home/jsp/Storage/CFU_PYNQ_FIles/CFU_SRC/pynq_z2/pynq_z2/pynq_z2.srcs/sources_1/new/tul_pynq_z2.xdc:48]
Resolution: Check if the specified object(s) exists in the current design. If it does, ensure that the correct design hierarchy was specified for the object. If you are working with clocks, make sure create_clock was used to create the clock object before it is referenced.
CRITICAL WARNING: [Vivado 12-4739] set_clock_groups:No valid object(s) found for '-group [get_clocks -include_generated_clocks -of [get_nets soc_crg_clkin]]'. [/home/jsp/Storage/CFU_PYNQ_FIles/CFU_SRC/pynq_z2/pynq_z2/pynq_z2.srcs/sources_1/new/tul_pynq_z2.xdc:48]
Resolution: Check if the specified object(s) exists in the current design. If it does, ensure that the correct design hierarchy was specified for the object. If you are working with clocks, make sure create_clock was used to create the clock object before it is referenced.
CRITICAL WARNING: [Vivado 12-4739] set_clock_groups:No valid object(s) found for '-group '. [/home/jsp/Storage/CFU_PYNQ_FIles/CFU_SRC/pynq_z2/pynq_z2/pynq_z2.srcs/sources_1/new/tul_pynq_z2.xdc:48]
Resolution: Check if the specified object(s) exists in the current design. If it does, ensure that the correct design hierarchy was specified for the object. If you are working with clocks, make sure create_clock was used to create the clock object before it is referenced.
CRITICAL WARNING: [Constraints 18-4644] set_clock_groups: All clock groups specified are empty. Please specify atleast one clock group which is not empty. [/home/jsp/Storage/CFU_PYNQ_FIles/CFU_SRC/pynq_z2/pynq_z2/pynq_z2.srcs/sources_1/new/tul_pynq_z2.xdc:48]
Finished Parsing XDC File [/home/jsp/Storage/CFU_PYNQ_FIles/CFU_SRC/pynq_z2/pynq_z2/pynq_z2.srcs/sources_1/new/tul_pynq_z2.xdc]
WARNING: [XPM_CDC_SINGLE: TCL-1000] The source and destination clocks are the same. 
     Instance: cfu_system/Cfu/cfu_decoupler_inst/U0/b_cfu_output.i_cdc 
  This will add unnecessary latency to the design. Please check the design for the following: 
 1) Manually instantiated XPM_CDC modules: AMD recommends that you remove these modules. 
 2) AMD IP that contains XPM_CDC modules: Verify the connections to the IP to determine whether you can safely ignore this message.
 [/home/jsp/Storage/Vivado/2024.1/data/ip/xpm/xpm_cdc/tcl/xpm_cdc_single.tcl:5]
INFO: [Project 1-1714] 2 XPM XDC files have been applied to the design.
INFO: [Opt 31-138] Pushed 0 inverter(s) to 0 load pin(s).
Netlist sorting complete. Time (s): cpu = 00:00:00 ; elapsed = 00:00:00 . Memory (MB): peak = 14720.812 ; gain = 0.000 ; free physical = 4211 ; free virtual = 17691
INFO: [Project 1-111] Unisim Transformation Summary:
  A total of 6 instances were transformed.
  RAM32M => RAM32M (RAMD32(x6), RAMS32(x2)): 2 instances
  RAM32X1D => RAM32X1D (RAMD32(x2)): 4 instances

open_run: Time (s): cpu = 00:00:10 ; elapsed = 00:00:06 . Memory (MB): peak = 14720.812 ; gain = 0.000 ; free physical = 4193 ; free virtual = 17673
startgroup
create_pblock pblock_cfu_inst
resize_pblock pblock_cfu_inst -add {SLICE_X34Y51:SLICE_X39Y100 DSP48_X2Y22:DSP48_X2Y39}
add_cells_to_pblock pblock_cfu_inst [get_cells [list cfu_system/Cfu/cfu_inst]] -clear_locs
endgroup
set_property RESET_AFTER_RECONFIG 1 [get_pblocks pblock_cfu_inst]
set_property SNAPPING_MODE OFF [get_pblocks pblock_cfu_inst]
set_property SNAPPING_MODE ON [get_pblocks pblock_cfu_inst]
resize_pblock pblock_cfu_inst -add {SLICE_X34Y51:SLICE_X39Y99 DSP48_X2Y22:DSP48_X2Y39} -remove {SLICE_X34Y51:SLICE_X39Y100 DSP48_X2Y22:DSP48_X2Y39} -locs keep_all
resize_pblock pblock_cfu_inst -add {SLICE_X34Y50:SLICE_X39Y99 DSP48_X2Y20:DSP48_X2Y39} -remove {SLICE_X34Y51:SLICE_X39Y99 DSP48_X2Y22:DSP48_X2Y39} -locs keep_all
file mkdir /home/jsp/Storage/CFU_PYNQ_FIles/CFU_SRC/pynq_z2/pynq_z2/arunQAFDHGDZXVNBDXG_gae.srcs/constrs_1/new
close [ open /home/jsp/Storage/CFU_PYNQ_FIles/CFU_SRC/pynq_z2/pynq_z2/arunQAFDHGDZXVNBDXG_gae.srcs/constrs_1/new/pblock.xdc w ]
add_files -fileset constrs_1 /home/jsp/Storage/CFU_PYNQ_FIles/CFU_SRC/pynq_z2/pynq_z2/arunQAFDHGDZXVNBDXG_gae.srcs/constrs_1/new/pblock.xdc
set_property target_constrs_file /home/jsp/Storage/CFU_PYNQ_FIles/CFU_SRC/pynq_z2/pynq_z2/arunQAFDHGDZXVNBDXG_gae.srcs/constrs_1/new/pblock.xdc [current_fileset -constrset]
save_constraints -force
WARNING: [filemgmt 56-199] Attempt to get parsing info during refresh. "On-the-fly" syntax checking information may be incorrect. [/home/jsp/Storage/CFU_PYNQ_FIles/CFU_SRC/donut-accel/cfu.v:]
WARNING: [filemgmt 56-199] Attempt to get parsing info during refresh. "On-the-fly" syntax checking information may be incorrect. [/home/jsp/Storage/CFU_PYNQ_FIles/CFU_SRC/Top.v:]
WARNING: [filemgmt 56-199] Attempt to get parsing info during refresh. "On-the-fly" syntax checking information may be incorrect. [/home/jsp/Storage/CFU_PYNQ_FIles/CFU_SRC/pynq_z2/pynq_z2/arunQAFDHGDZXVNBDXG_gae.srcs/sources_1/new/Cfu.v:]
WARNING: [filemgmt 56-199] Attempt to get parsing info during refresh. "On-the-fly" syntax checking information may be incorrect. [/home/jsp/Storage/CFU_PYNQ_FIles/CFU_SRC/pynq_z2/pynq_z2/arunQAFDHGDZXVNBDXG_gae.gen/sources_1/bd/system/hdl/system_wrapper.v:]
WARNING: [filemgmt 56-199] Attempt to get parsing info during refresh. "On-the-fly" syntax checking information may be incorrect. [/home/jsp/Storage/CFU_PYNQ_FIles/CFU_SRC/pynq_z2/pynq_z2/arunQAFDHGDZXVNBDXG_gae.srcs/sources_1/new/tul_pynq_z2.v:]
WARNING: [filemgmt 56-199] Attempt to get parsing info during refresh. "On-the-fly" syntax checking information may be incorrect. [/home/jsp/Storage/CFU_PYNQ_FIles/CFU_SRC/pynq_z2/pynq_z2/arunQAFDHGDZXVNBDXG_gae.srcs/sources_1/new/Cfu.v:]
WARNING: [filemgmt 56-199] Attempt to get parsing info during refresh. "On-the-fly" syntax checking information may be incorrect. [/home/jsp/Storage/CFU_PYNQ_FIles/CFU_SRC/pynq_z2/pynq_z2/arunQAFDHGDZXVNBDXG_gae.srcs/sources_1/new/Cfu.v:]
WARNING: [filemgmt 56-199] Attempt to get parsing info during refresh. "On-the-fly" syntax checking information may be incorrect. [/home/jsp/Storage/CFU_PYNQ_FIles/CFU_SRC/donut-accel/cfu.v:]
WARNING: [filemgmt 56-199] Attempt to get parsing info during refresh. "On-the-fly" syntax checking information may be incorrect. [/home/jsp/Storage/CFU_PYNQ_FIles/CFU_SRC/Top.v:]
WARNING: [filemgmt 56-199] Attempt to get parsing info during refresh. "On-the-fly" syntax checking information may be incorrect. [/home/jsp/Storage/CFU_PYNQ_FIles/CFU_SRC/pynq_z2/pynq_z2/arunQAFDHGDZXVNBDXG_gae.srcs/sources_1/new/Cfu.v:]
WARNING: [filemgmt 56-199] Attempt to get parsing info during refresh. "On-the-fly" syntax checking information may be incorrect. [/home/jsp/Storage/CFU_PYNQ_FIles/CFU_SRC/pynq_z2/pynq_z2/arunQAFDHGDZXVNBDXG_gae.gen/sources_1/bd/system/hdl/system_wrapper.v:]
WARNING: [filemgmt 56-199] Attempt to get parsing info during refresh. "On-the-fly" syntax checking information may be incorrect. [/home/jsp/Storage/CFU_PYNQ_FIles/CFU_SRC/pynq_z2/pynq_z2/arunQAFDHGDZXVNBDXG_gae.srcs/sources_1/new/tul_pynq_z2.v:]
WARNING: [filemgmt 56-199] Attempt to get parsing info during refresh. "On-the-fly" syntax checking information may be incorrect. [/home/jsp/Storage/CFU_PYNQ_FIles/CFU_SRC/pynq_z2/pynq_z2/arunQAFDHGDZXVNBDXG_gae.gen/sources_1/bd/system/hdl/system_wrapper.v:]
WARNING: [filemgmt 56-199] Attempt to get parsing info during refresh. "On-the-fly" syntax checking information may be incorrect. [/home/jsp/Storage/CFU_PYNQ_FIles/CFU_SRC/pynq_z2/pynq_z2/arunQAFDHGDZXVNBDXG_gae.gen/sources_1/bd/system/hdl/system_wrapper.v:]
WARNING: [filemgmt 56-199] Attempt to get parsing info during refresh. "On-the-fly" syntax checking information may be incorrect. [/home/jsp/Storage/CFU_PYNQ_FIles/CFU_SRC/donut-accel/cfu.v:]
WARNING: [filemgmt 56-199] Attempt to get parsing info during refresh. "On-the-fly" syntax checking information may be incorrect. [/home/jsp/Storage/CFU_PYNQ_FIles/CFU_SRC/Top.v:]
WARNING: [filemgmt 56-199] Attempt to get parsing info during refresh. "On-the-fly" syntax checking information may be incorrect. [/home/jsp/Storage/CFU_PYNQ_FIles/CFU_SRC/pynq_z2/pynq_z2/arunQAFDHGDZXVNBDXG_gae.srcs/sources_1/new/Cfu.v:]
WARNING: [filemgmt 56-199] Attempt to get parsing info during refresh. "On-the-fly" syntax checking information may be incorrect. [/home/jsp/Storage/CFU_PYNQ_FIles/CFU_SRC/pynq_z2/pynq_z2/arunQAFDHGDZXVNBDXG_gae.gen/sources_1/bd/system/hdl/system_wrapper.v:]
WARNING: [filemgmt 56-199] Attempt to get parsing info during refresh. "On-the-fly" syntax checking information may be incorrect. [/home/jsp/Storage/CFU_PYNQ_FIles/CFU_SRC/pynq_z2/pynq_z2/arunQAFDHGDZXVNBDXG_gae.srcs/sources_1/new/tul_pynq_z2.v:]
WARNING: [filemgmt 56-199] Attempt to get parsing info during refresh. "On-the-fly" syntax checking information may be incorrect. [/home/jsp/Storage/CFU_PYNQ_FIles/CFU_SRC/pynq_z2/pynq_z2/arunQAFDHGDZXVNBDXG_gae.gen/sources_1/bd/system/hdl/system_wrapper.v:]
WARNING: [filemgmt 56-199] Attempt to get parsing info during refresh. "On-the-fly" syntax checking information may be incorrect. [/home/jsp/Storage/CFU_PYNQ_FIles/CFU_SRC/pynq_z2/pynq_z2/arunQAFDHGDZXVNBDXG_gae.gen/sources_1/bd/system/hdl/system_wrapper.v:]
WARNING: [filemgmt 56-199] Attempt to get parsing info during refresh. "On-the-fly" syntax checking information may be incorrect. [/home/jsp/Storage/CFU_PYNQ_FIles/CFU_SRC/donut-accel/cfu.v:]
WARNING: [filemgmt 56-199] Attempt to get parsing info during refresh. "On-the-fly" syntax checking information may be incorrect. [/home/jsp/Storage/CFU_PYNQ_FIles/CFU_SRC/Top.v:]
WARNING: [filemgmt 56-199] Attempt to get parsing info during refresh. "On-the-fly" syntax checking information may be incorrect. [/home/jsp/Storage/CFU_PYNQ_FIles/CFU_SRC/pynq_z2/pynq_z2/arunQAFDHGDZXVNBDXG_gae.srcs/sources_1/new/Cfu.v:]
WARNING: [filemgmt 56-199] Attempt to get parsing info during refresh. "On-the-fly" syntax checking information may be incorrect. [/home/jsp/Storage/CFU_PYNQ_FIles/CFU_SRC/pynq_z2/pynq_z2/arunQAFDHGDZXVNBDXG_gae.gen/sources_1/bd/system/hdl/system_wrapper.v:]
WARNING: [filemgmt 56-199] Attempt to get parsing info during refresh. "On-the-fly" syntax checking information may be incorrect. [/home/jsp/Storage/CFU_PYNQ_FIles/CFU_SRC/pynq_z2/pynq_z2/arunQAFDHGDZXVNBDXG_gae.srcs/sources_1/new/tul_pynq_z2.v:]
WARNING: [filemgmt 56-199] Attempt to get parsing info during refresh. "On-the-fly" syntax checking information may be incorrect. [/home/jsp/Storage/CFU_PYNQ_FIles/CFU_SRC/Top.v:]
WARNING: [filemgmt 56-199] Attempt to get parsing info during refresh. "On-the-fly" syntax checking information may be incorrect. [/home/jsp/Storage/CFU_PYNQ_FIles/CFU_SRC/Top.v:]
WARNING: [filemgmt 56-199] Attempt to get parsing info during refresh. "On-the-fly" syntax checking information may be incorrect. [/home/jsp/Storage/CFU_PYNQ_FIles/CFU_SRC/donut-accel/cfu.v:]
WARNING: [filemgmt 56-199] Attempt to get parsing info during refresh. "On-the-fly" syntax checking information may be incorrect. [/home/jsp/Storage/CFU_PYNQ_FIles/CFU_SRC/Top.v:]
WARNING: [filemgmt 56-199] Attempt to get parsing info during refresh. "On-the-fly" syntax checking information may be incorrect. [/home/jsp/Storage/CFU_PYNQ_FIles/CFU_SRC/pynq_z2/pynq_z2/arunQAFDHGDZXVNBDXG_gae.srcs/sources_1/new/Cfu.v:]
WARNING: [filemgmt 56-199] Attempt to get parsing info during refresh. "On-the-fly" syntax checking information may be incorrect. [/home/jsp/Storage/CFU_PYNQ_FIles/CFU_SRC/pynq_z2/pynq_z2/arunQAFDHGDZXVNBDXG_gae.gen/sources_1/bd/system/hdl/system_wrapper.v:]
WARNING: [filemgmt 56-199] Attempt to get parsing info during refresh. "On-the-fly" syntax checking information may be incorrect. [/home/jsp/Storage/CFU_PYNQ_FIles/CFU_SRC/pynq_z2/pynq_z2/arunQAFDHGDZXVNBDXG_gae.srcs/sources_1/new/tul_pynq_z2.v:]
WARNING: [filemgmt 56-199] Attempt to get parsing info during refresh. "On-the-fly" syntax checking information may be incorrect. [/home/jsp/Storage/CFU_PYNQ_FIles/CFU_SRC/donut-accel/cfu.v:]
WARNING: [filemgmt 56-199] Attempt to get parsing info during refresh. "On-the-fly" syntax checking information may be incorrect. [/home/jsp/Storage/CFU_PYNQ_FIles/CFU_SRC/donut-accel/cfu.v:]
WARNING: [filemgmt 56-199] Attempt to get parsing info during refresh. "On-the-fly" syntax checking information may be incorrect. [/home/jsp/Storage/CFU_PYNQ_FIles/CFU_SRC/donut-accel/cfu.v:]
WARNING: [filemgmt 56-199] Attempt to get parsing info during refresh. "On-the-fly" syntax checking information may be incorrect. [/home/jsp/Storage/CFU_PYNQ_FIles/CFU_SRC/Top.v:]
WARNING: [filemgmt 56-199] Attempt to get parsing info during refresh. "On-the-fly" syntax checking information may be incorrect. [/home/jsp/Storage/CFU_PYNQ_FIles/CFU_SRC/pynq_z2/pynq_z2/arunQAFDHGDZXVNBDXG_gae.srcs/sources_1/new/Cfu.v:]
WARNING: [filemgmt 56-199] Attempt to get parsing info during refresh. "On-the-fly" syntax checking information may be incorrect. [/home/jsp/Storage/CFU_PYNQ_FIles/CFU_SRC/pynq_z2/pynq_z2/arunQAFDHGDZXVNBDXG_gae.gen/sources_1/bd/system/hdl/system_wrapper.v:]
WARNING: [filemgmt 56-199] Attempt to get parsing info during refresh. "On-the-fly" syntax checking information may be incorrect. [/home/jsp/Storage/CFU_PYNQ_FIles/CFU_SRC/pynq_z2/pynq_z2/arunQAFDHGDZXVNBDXG_gae.srcs/sources_1/new/tul_pynq_z2.v:]
WARNING: [filemgmt 56-199] Attempt to get parsing info during refresh. "On-the-fly" syntax checking information may be incorrect. [/home/jsp/Storage/CFU_PYNQ_FIles/CFU_SRC/pynq_z2/pynq_z2/arunQAFDHGDZXVNBDXG_gae.srcs/sources_1/new/Cfu.v:]
WARNING: [filemgmt 56-199] Attempt to get parsing info during refresh. "On-the-fly" syntax checking information may be incorrect. [/home/jsp/Storage/CFU_PYNQ_FIles/CFU_SRC/pynq_z2/pynq_z2/arunQAFDHGDZXVNBDXG_gae.srcs/sources_1/new/Cfu.v:]
WARNING: [filemgmt 56-199] Attempt to get parsing info during refresh. "On-the-fly" syntax checking information may be incorrect. [/home/jsp/Storage/CFU_PYNQ_FIles/CFU_SRC/donut-accel/cfu.v:]
WARNING: [filemgmt 56-199] Attempt to get parsing info during refresh. "On-the-fly" syntax checking information may be incorrect. [/home/jsp/Storage/CFU_PYNQ_FIles/CFU_SRC/Top.v:]
WARNING: [filemgmt 56-199] Attempt to get parsing info during refresh. "On-the-fly" syntax checking information may be incorrect. [/home/jsp/Storage/CFU_PYNQ_FIles/CFU_SRC/pynq_z2/pynq_z2/arunQAFDHGDZXVNBDXG_gae.srcs/sources_1/new/Cfu.v:]
WARNING: [filemgmt 56-199] Attempt to get parsing info during refresh. "On-the-fly" syntax checking information may be incorrect. [/home/jsp/Storage/CFU_PYNQ_FIles/CFU_SRC/pynq_z2/pynq_z2/arunQAFDHGDZXVNBDXG_gae.gen/sources_1/bd/system/hdl/system_wrapper.v:]
WARNING: [filemgmt 56-199] Attempt to get parsing info during refresh. "On-the-fly" syntax checking information may be incorrect. [/home/jsp/Storage/CFU_PYNQ_FIles/CFU_SRC/pynq_z2/pynq_z2/arunQAFDHGDZXVNBDXG_gae.srcs/sources_1/new/tul_pynq_z2.v:]
WARNING: [filemgmt 56-199] Attempt to get parsing info during refresh. "On-the-fly" syntax checking information may be incorrect. [/home/jsp/Storage/CFU_PYNQ_FIles/CFU_SRC/pynq_z2/pynq_z2/arunQAFDHGDZXVNBDXG_gae.gen/sources_1/bd/system/hdl/system_wrapper.v:]
WARNING: [filemgmt 56-199] Attempt to get parsing info during refresh. "On-the-fly" syntax checking information may be incorrect. [/home/jsp/Storage/CFU_PYNQ_FIles/CFU_SRC/pynq_z2/pynq_z2/arunQAFDHGDZXVNBDXG_gae.gen/sources_1/bd/system/hdl/system_wrapper.v:]
WARNING: [filemgmt 56-199] Attempt to get parsing info during refresh. "On-the-fly" syntax checking information may be incorrect. [/home/jsp/Storage/CFU_PYNQ_FIles/CFU_SRC/donut-accel/cfu.v:]
WARNING: [filemgmt 56-199] Attempt to get parsing info during refresh. "On-the-fly" syntax checking information may be incorrect. [/home/jsp/Storage/CFU_PYNQ_FIles/CFU_SRC/Top.v:]
WARNING: [filemgmt 56-199] Attempt to get parsing info during refresh. "On-the-fly" syntax checking information may be incorrect. [/home/jsp/Storage/CFU_PYNQ_FIles/CFU_SRC/pynq_z2/pynq_z2/arunQAFDHGDZXVNBDXG_gae.srcs/sources_1/new/Cfu.v:]
WARNING: [filemgmt 56-199] Attempt to get parsing info during refresh. "On-the-fly" syntax checking information may be incorrect. [/home/jsp/Storage/CFU_PYNQ_FIles/CFU_SRC/pynq_z2/pynq_z2/arunQAFDHGDZXVNBDXG_gae.gen/sources_1/bd/system/hdl/system_wrapper.v:]
WARNING: [filemgmt 56-199] Attempt to get parsing info during refresh. "On-the-fly" syntax checking information may be incorrect. [/home/jsp/Storage/CFU_PYNQ_FIles/CFU_SRC/pynq_z2/pynq_z2/arunQAFDHGDZXVNBDXG_gae.srcs/sources_1/new/tul_pynq_z2.v:]
WARNING: [filemgmt 56-199] Attempt to get parsing info during refresh. "On-the-fly" syntax checking information may be incorrect. [/home/jsp/Storage/CFU_PYNQ_FIles/CFU_SRC/Top.v:]
WARNING: [filemgmt 56-199] Attempt to get parsing info during refresh. "On-the-fly" syntax checking information may be incorrect. [/home/jsp/Storage/CFU_PYNQ_FIles/CFU_SRC/Top.v:]
WARNING: [filemgmt 56-199] Attempt to get parsing info during refresh. "On-the-fly" syntax checking information may be incorrect. [/home/jsp/Storage/CFU_PYNQ_FIles/CFU_SRC/donut-accel/cfu.v:]
WARNING: [filemgmt 56-199] Attempt to get parsing info during refresh. "On-the-fly" syntax checking information may be incorrect. [/home/jsp/Storage/CFU_PYNQ_FIles/CFU_SRC/Top.v:]
WARNING: [filemgmt 56-199] Attempt to get parsing info during refresh. "On-the-fly" syntax checking information may be incorrect. [/home/jsp/Storage/CFU_PYNQ_FIles/CFU_SRC/pynq_z2/pynq_z2/arunQAFDHGDZXVNBDXG_gae.srcs/sources_1/new/Cfu.v:]
WARNING: [filemgmt 56-199] Attempt to get parsing info during refresh. "On-the-fly" syntax checking information may be incorrect. [/home/jsp/Storage/CFU_PYNQ_FIles/CFU_SRC/pynq_z2/pynq_z2/arunQAFDHGDZXVNBDXG_gae.gen/sources_1/bd/system/hdl/system_wrapper.v:]
WARNING: [filemgmt 56-199] Attempt to get parsing info during refresh. "On-the-fly" syntax checking information may be incorrect. [/home/jsp/Storage/CFU_PYNQ_FIles/CFU_SRC/pynq_z2/pynq_z2/arunQAFDHGDZXVNBDXG_gae.srcs/sources_1/new/tul_pynq_z2.v:]
WARNING: [filemgmt 56-199] Attempt to get parsing info during refresh. "On-the-fly" syntax checking information may be incorrect. [/home/jsp/Storage/CFU_PYNQ_FIles/CFU_SRC/pynq_z2/pynq_z2/arunQAFDHGDZXVNBDXG_gae.gen/sources_1/bd/system/hdl/system_wrapper.v:]
WARNING: [filemgmt 56-199] Attempt to get parsing info during refresh. "On-the-fly" syntax checking information may be incorrect. [/home/jsp/Storage/CFU_PYNQ_FIles/CFU_SRC/pynq_z2/pynq_z2/arunQAFDHGDZXVNBDXG_gae.gen/sources_1/bd/system/hdl/system_wrapper.v:]
WARNING: [filemgmt 56-199] Attempt to get parsing info during refresh. "On-the-fly" syntax checking information may be incorrect. [/home/jsp/Storage/CFU_PYNQ_FIles/CFU_SRC/donut-accel/cfu.v:]
WARNING: [filemgmt 56-199] Attempt to get parsing info during refresh. "On-the-fly" syntax checking information may be incorrect. [/home/jsp/Storage/CFU_PYNQ_FIles/CFU_SRC/Top.v:]
WARNING: [filemgmt 56-199] Attempt to get parsing info during refresh. "On-the-fly" syntax checking information may be incorrect. [/home/jsp/Storage/CFU_PYNQ_FIles/CFU_SRC/pynq_z2/pynq_z2/arunQAFDHGDZXVNBDXG_gae.srcs/sources_1/new/Cfu.v:]
WARNING: [filemgmt 56-199] Attempt to get parsing info during refresh. "On-the-fly" syntax checking information may be incorrect. [/home/jsp/Storage/CFU_PYNQ_FIles/CFU_SRC/pynq_z2/pynq_z2/arunQAFDHGDZXVNBDXG_gae.gen/sources_1/bd/system/hdl/system_wrapper.v:]
WARNING: [filemgmt 56-199] Attempt to get parsing info during refresh. "On-the-fly" syntax checking information may be incorrect. [/home/jsp/Storage/CFU_PYNQ_FIles/CFU_SRC/pynq_z2/pynq_z2/arunQAFDHGDZXVNBDXG_gae.srcs/sources_1/new/tul_pynq_z2.v:]
WARNING: [filemgmt 56-199] Attempt to get parsing info during refresh. "On-the-fly" syntax checking information may be incorrect. [/home/jsp/Storage/CFU_PYNQ_FIles/CFU_SRC/donut-accel/cfu.v:]
WARNING: [filemgmt 56-199] Attempt to get parsing info during refresh. "On-the-fly" syntax checking information may be incorrect. [/home/jsp/Storage/CFU_PYNQ_FIles/CFU_SRC/donut-accel/cfu.v:]
create_ip_run [get_files -of_objects [get_fileset sources_1] /home/jsp/Storage/CFU_PYNQ_FIles/CFU_SRC/pynq_z2/pynq_z2/arunQAFDHGDZXVNBDXG_gae.srcs/sources_1/bd/system/system.bd]
refresh_design
INFO: [Project 1-570] Preparing netlist for logic optimization
Parsing XDC File [/home/jsp/Storage/CFU_PYNQ_FIles/CFU_SRC/pynq_z2/pynq_z2/arunQAFDHGDZXVNBDXG_gae.gen/sources_1/bd/system/ip/system_processing_system7_0_0/system_processing_system7_0_0.xdc] for cell 'system_unit/system_i/processing_system7_0/inst'
Finished Parsing XDC File [/home/jsp/Storage/CFU_PYNQ_FIles/CFU_SRC/pynq_z2/pynq_z2/arunQAFDHGDZXVNBDXG_gae.gen/sources_1/bd/system/ip/system_processing_system7_0_0/system_processing_system7_0_0.xdc] for cell 'system_unit/system_i/processing_system7_0/inst'
Parsing XDC File [/home/jsp/Storage/CFU_PYNQ_FIles/CFU_SRC/pynq_z2/pynq_z2/arunQAFDHGDZXVNBDXG_gae.gen/sources_1/bd/system/ip/system_axi_gpio_0_0/system_axi_gpio_0_0_board.xdc] for cell 'system_unit/system_i/axi_gpio_decouple/U0'
Finished Parsing XDC File [/home/jsp/Storage/CFU_PYNQ_FIles/CFU_SRC/pynq_z2/pynq_z2/arunQAFDHGDZXVNBDXG_gae.gen/sources_1/bd/system/ip/system_axi_gpio_0_0/system_axi_gpio_0_0_board.xdc] for cell 'system_unit/system_i/axi_gpio_decouple/U0'
Parsing XDC File [/home/jsp/Storage/CFU_PYNQ_FIles/CFU_SRC/pynq_z2/pynq_z2/arunQAFDHGDZXVNBDXG_gae.gen/sources_1/bd/system/ip/system_axi_gpio_0_0/system_axi_gpio_0_0.xdc] for cell 'system_unit/system_i/axi_gpio_decouple/U0'
Finished Parsing XDC File [/home/jsp/Storage/CFU_PYNQ_FIles/CFU_SRC/pynq_z2/pynq_z2/arunQAFDHGDZXVNBDXG_gae.gen/sources_1/bd/system/ip/system_axi_gpio_0_0/system_axi_gpio_0_0.xdc] for cell 'system_unit/system_i/axi_gpio_decouple/U0'
Parsing XDC File [/home/jsp/Storage/CFU_PYNQ_FIles/CFU_SRC/pynq_z2/pynq_z2/arunQAFDHGDZXVNBDXG_gae.gen/sources_1/bd/system/ip/system_axi_gpio_0_1/system_axi_gpio_0_1_board.xdc] for cell 'system_unit/system_i/axi_gpio_to_reconfig/U0'
Finished Parsing XDC File [/home/jsp/Storage/CFU_PYNQ_FIles/CFU_SRC/pynq_z2/pynq_z2/arunQAFDHGDZXVNBDXG_gae.gen/sources_1/bd/system/ip/system_axi_gpio_0_1/system_axi_gpio_0_1_board.xdc] for cell 'system_unit/system_i/axi_gpio_to_reconfig/U0'
Parsing XDC File [/home/jsp/Storage/CFU_PYNQ_FIles/CFU_SRC/pynq_z2/pynq_z2/arunQAFDHGDZXVNBDXG_gae.gen/sources_1/bd/system/ip/system_axi_gpio_0_1/system_axi_gpio_0_1.xdc] for cell 'system_unit/system_i/axi_gpio_to_reconfig/U0'
Finished Parsing XDC File [/home/jsp/Storage/CFU_PYNQ_FIles/CFU_SRC/pynq_z2/pynq_z2/arunQAFDHGDZXVNBDXG_gae.gen/sources_1/bd/system/ip/system_axi_gpio_0_1/system_axi_gpio_0_1.xdc] for cell 'system_unit/system_i/axi_gpio_to_reconfig/U0'
Parsing XDC File [/home/jsp/Storage/CFU_PYNQ_FIles/CFU_SRC/pynq_z2/pynq_z2/arunQAFDHGDZXVNBDXG_gae.gen/sources_1/bd/system/ip/system_axi_gpio_to_reconfig_0/system_axi_gpio_to_reconfig_0_board.xdc] for cell 'system_unit/system_i/axi_gpio_decouple_status/U0'
Finished Parsing XDC File [/home/jsp/Storage/CFU_PYNQ_FIles/CFU_SRC/pynq_z2/pynq_z2/arunQAFDHGDZXVNBDXG_gae.gen/sources_1/bd/system/ip/system_axi_gpio_to_reconfig_0/system_axi_gpio_to_reconfig_0_board.xdc] for cell 'system_unit/system_i/axi_gpio_decouple_status/U0'
Parsing XDC File [/home/jsp/Storage/CFU_PYNQ_FIles/CFU_SRC/pynq_z2/pynq_z2/arunQAFDHGDZXVNBDXG_gae.gen/sources_1/bd/system/ip/system_axi_gpio_to_reconfig_0/system_axi_gpio_to_reconfig_0.xdc] for cell 'system_unit/system_i/axi_gpio_decouple_status/U0'
Finished Parsing XDC File [/home/jsp/Storage/CFU_PYNQ_FIles/CFU_SRC/pynq_z2/pynq_z2/arunQAFDHGDZXVNBDXG_gae.gen/sources_1/bd/system/ip/system_axi_gpio_to_reconfig_0/system_axi_gpio_to_reconfig_0.xdc] for cell 'system_unit/system_i/axi_gpio_decouple_status/U0'
Parsing XDC File [/home/jsp/Storage/CFU_PYNQ_FIles/CFU_SRC/pynq_z2/pynq_z2/arunQAFDHGDZXVNBDXG_gae.gen/sources_1/bd/system/ip/system_axi_gpio_decouple_status_0/system_axi_gpio_decouple_status_0_board.xdc] for cell 'system_unit/system_i/axi_gpio_config_to/U0'
Finished Parsing XDC File [/home/jsp/Storage/CFU_PYNQ_FIles/CFU_SRC/pynq_z2/pynq_z2/arunQAFDHGDZXVNBDXG_gae.gen/sources_1/bd/system/ip/system_axi_gpio_decouple_status_0/system_axi_gpio_decouple_status_0_board.xdc] for cell 'system_unit/system_i/axi_gpio_config_to/U0'
Parsing XDC File [/home/jsp/Storage/CFU_PYNQ_FIles/CFU_SRC/pynq_z2/pynq_z2/arunQAFDHGDZXVNBDXG_gae.gen/sources_1/bd/system/ip/system_axi_gpio_decouple_status_0/system_axi_gpio_decouple_status_0.xdc] for cell 'system_unit/system_i/axi_gpio_config_to/U0'
Finished Parsing XDC File [/home/jsp/Storage/CFU_PYNQ_FIles/CFU_SRC/pynq_z2/pynq_z2/arunQAFDHGDZXVNBDXG_gae.gen/sources_1/bd/system/ip/system_axi_gpio_decouple_status_0/system_axi_gpio_decouple_status_0.xdc] for cell 'system_unit/system_i/axi_gpio_config_to/U0'
Parsing XDC File [/home/jsp/Storage/CFU_PYNQ_FIles/CFU_SRC/pynq_z2/pynq_z2/arunQAFDHGDZXVNBDXG_gae.gen/sources_1/bd/system/ip/system_rst_ps7_0_100M_0/system_rst_ps7_0_100M_0_board.xdc] for cell 'system_unit/system_i/rst_ps7_0_100M/U0'
Finished Parsing XDC File [/home/jsp/Storage/CFU_PYNQ_FIles/CFU_SRC/pynq_z2/pynq_z2/arunQAFDHGDZXVNBDXG_gae.gen/sources_1/bd/system/ip/system_rst_ps7_0_100M_0/system_rst_ps7_0_100M_0_board.xdc] for cell 'system_unit/system_i/rst_ps7_0_100M/U0'
Parsing XDC File [/home/jsp/Storage/CFU_PYNQ_FIles/CFU_SRC/pynq_z2/pynq_z2/arunQAFDHGDZXVNBDXG_gae.gen/sources_1/bd/system/ip/system_rst_ps7_0_100M_0/system_rst_ps7_0_100M_0.xdc] for cell 'system_unit/system_i/rst_ps7_0_100M/U0'
Finished Parsing XDC File [/home/jsp/Storage/CFU_PYNQ_FIles/CFU_SRC/pynq_z2/pynq_z2/arunQAFDHGDZXVNBDXG_gae.gen/sources_1/bd/system/ip/system_rst_ps7_0_100M_0/system_rst_ps7_0_100M_0.xdc] for cell 'system_unit/system_i/rst_ps7_0_100M/U0'
Parsing XDC File [/home/jsp/Storage/CFU_PYNQ_FIles/CFU_SRC/pynq_z2/pynq_z2/pynq_z2.srcs/sources_1/new/tul_pynq_z2.xdc]
Finished Parsing XDC File [/home/jsp/Storage/CFU_PYNQ_FIles/CFU_SRC/pynq_z2/pynq_z2/pynq_z2.srcs/sources_1/new/tul_pynq_z2.xdc]
Parsing XDC File [/home/jsp/Storage/CFU_PYNQ_FIles/CFU_SRC/pynq_z2/pynq_z2/arunQAFDHGDZXVNBDXG_gae.srcs/constrs_1/new/pblock.xdc]
Finished Parsing XDC File [/home/jsp/Storage/CFU_PYNQ_FIles/CFU_SRC/pynq_z2/pynq_z2/arunQAFDHGDZXVNBDXG_gae.srcs/constrs_1/new/pblock.xdc]
WARNING: [XPM_CDC_SINGLE: TCL-1000] The source and destination clocks are the same. 
     Instance: cfu_system/Cfu/cfu_decoupler_inst/U0/b_cfu_output.i_cdc 
  This will add unnecessary latency to the design. Please check the design for the following: 
 1) Manually instantiated XPM_CDC modules: AMD recommends that you remove these modules. 
 2) AMD IP that contains XPM_CDC modules: Verify the connections to the IP to determine whether you can safely ignore this message.
 [/home/jsp/Storage/Vivado/2024.1/data/ip/xpm/xpm_cdc/tcl/xpm_cdc_single.tcl:5]
INFO: [Project 1-1714] 2 XPM XDC files have been applied to the design.
INFO: [Opt 31-138] Pushed 0 inverter(s) to 0 load pin(s).
refresh_design: Time (s): cpu = 00:00:12 ; elapsed = 00:00:05 . Memory (MB): peak = 14720.812 ; gain = 0.000 ; free physical = 4230 ; free virtual = 17717
WARNING: [filemgmt 56-199] Attempt to get parsing info during refresh. "On-the-fly" syntax checking information may be incorrect. [/home/jsp/Storage/CFU_PYNQ_FIles/CFU_SRC/donut-accel/cfu.v:]
WARNING: [filemgmt 56-199] Attempt to get parsing info during refresh. "On-the-fly" syntax checking information may be incorrect. [/home/jsp/Storage/CFU_PYNQ_FIles/CFU_SRC/Top.v:]
WARNING: [filemgmt 56-199] Attempt to get parsing info during refresh. "On-the-fly" syntax checking information may be incorrect. [/home/jsp/Storage/CFU_PYNQ_FIles/CFU_SRC/pynq_z2/pynq_z2/arunQAFDHGDZXVNBDXG_gae.srcs/sources_1/new/Cfu.v:]
WARNING: [filemgmt 56-199] Attempt to get parsing info during refresh. "On-the-fly" syntax checking information may be incorrect. [/home/jsp/Storage/CFU_PYNQ_FIles/CFU_SRC/pynq_z2/pynq_z2/arunQAFDHGDZXVNBDXG_gae.gen/sources_1/bd/system/hdl/system_wrapper.v:]
WARNING: [filemgmt 56-199] Attempt to get parsing info during refresh. "On-the-fly" syntax checking information may be incorrect. [/home/jsp/Storage/CFU_PYNQ_FIles/CFU_SRC/pynq_z2/pynq_z2/arunQAFDHGDZXVNBDXG_gae.srcs/sources_1/new/tul_pynq_z2.v:]
WARNING: [filemgmt 56-199] Attempt to get parsing info during refresh. "On-the-fly" syntax checking information may be incorrect. [/home/jsp/Storage/CFU_PYNQ_FIles/CFU_SRC/pynq_z2/pynq_z2/arunQAFDHGDZXVNBDXG_gae.srcs/sources_1/new/Cfu.v:]
WARNING: [filemgmt 56-199] Attempt to get parsing info during refresh. "On-the-fly" syntax checking information may be incorrect. [/home/jsp/Storage/CFU_PYNQ_FIles/CFU_SRC/pynq_z2/pynq_z2/arunQAFDHGDZXVNBDXG_gae.srcs/sources_1/new/Cfu.v:]
CRITICAL WARNING: [filemgmt 56-176] Module references are not supported in manual compile order mode and will be ignored.
WARNING: [filemgmt 56-199] Attempt to get parsing info during refresh. "On-the-fly" syntax checking information may be incorrect. [/home/jsp/Storage/CFU_PYNQ_FIles/CFU_SRC/donut-accel/cfu.v:]
WARNING: [filemgmt 56-199] Attempt to get parsing info during refresh. "On-the-fly" syntax checking information may be incorrect. [/home/jsp/Storage/CFU_PYNQ_FIles/CFU_SRC/Top.v:]
WARNING: [filemgmt 56-199] Attempt to get parsing info during refresh. "On-the-fly" syntax checking information may be incorrect. [/home/jsp/Storage/CFU_PYNQ_FIles/CFU_SRC/pynq_z2/pynq_z2/arunQAFDHGDZXVNBDXG_gae.srcs/sources_1/new/Cfu.v:]
WARNING: [filemgmt 56-199] Attempt to get parsing info during refresh. "On-the-fly" syntax checking information may be incorrect. [/home/jsp/Storage/CFU_PYNQ_FIles/CFU_SRC/pynq_z2/pynq_z2/arunQAFDHGDZXVNBDXG_gae.gen/sources_1/bd/system/hdl/system_wrapper.v:]
WARNING: [filemgmt 56-199] Attempt to get parsing info during refresh. "On-the-fly" syntax checking information may be incorrect. [/home/jsp/Storage/CFU_PYNQ_FIles/CFU_SRC/pynq_z2/pynq_z2/arunQAFDHGDZXVNBDXG_gae.srcs/sources_1/new/tul_pynq_z2.v:]
WARNING: [filemgmt 56-199] Attempt to get parsing info during refresh. "On-the-fly" syntax checking information may be incorrect. [/home/jsp/Storage/CFU_PYNQ_FIles/CFU_SRC/pynq_z2/pynq_z2/arunQAFDHGDZXVNBDXG_gae.gen/sources_1/bd/system/hdl/system_wrapper.v:]
WARNING: [filemgmt 56-199] Attempt to get parsing info during refresh. "On-the-fly" syntax checking information may be incorrect. [/home/jsp/Storage/CFU_PYNQ_FIles/CFU_SRC/pynq_z2/pynq_z2/arunQAFDHGDZXVNBDXG_gae.gen/sources_1/bd/system/hdl/system_wrapper.v:]
WARNING: [filemgmt 56-199] Attempt to get parsing info during refresh. "On-the-fly" syntax checking information may be incorrect. [/home/jsp/Storage/CFU_PYNQ_FIles/CFU_SRC/donut-accel/cfu.v:]
WARNING: [filemgmt 56-199] Attempt to get parsing info during refresh. "On-the-fly" syntax checking information may be incorrect. [/home/jsp/Storage/CFU_PYNQ_FIles/CFU_SRC/Top.v:]
WARNING: [filemgmt 56-199] Attempt to get parsing info during refresh. "On-the-fly" syntax checking information may be incorrect. [/home/jsp/Storage/CFU_PYNQ_FIles/CFU_SRC/pynq_z2/pynq_z2/arunQAFDHGDZXVNBDXG_gae.srcs/sources_1/new/Cfu.v:]
WARNING: [filemgmt 56-199] Attempt to get parsing info during refresh. "On-the-fly" syntax checking information may be incorrect. [/home/jsp/Storage/CFU_PYNQ_FIles/CFU_SRC/pynq_z2/pynq_z2/arunQAFDHGDZXVNBDXG_gae.gen/sources_1/bd/system/hdl/system_wrapper.v:]
WARNING: [filemgmt 56-199] Attempt to get parsing info during refresh. "On-the-fly" syntax checking information may be incorrect. [/home/jsp/Storage/CFU_PYNQ_FIles/CFU_SRC/pynq_z2/pynq_z2/arunQAFDHGDZXVNBDXG_gae.srcs/sources_1/new/tul_pynq_z2.v:]
WARNING: [filemgmt 56-199] Attempt to get parsing info during refresh. "On-the-fly" syntax checking information may be incorrect. [/home/jsp/Storage/CFU_PYNQ_FIles/CFU_SRC/pynq_z2/pynq_z2/arunQAFDHGDZXVNBDXG_gae.gen/sources_1/bd/system/hdl/system_wrapper.v:]
WARNING: [filemgmt 56-199] Attempt to get parsing info during refresh. "On-the-fly" syntax checking information may be incorrect. [/home/jsp/Storage/CFU_PYNQ_FIles/CFU_SRC/pynq_z2/pynq_z2/arunQAFDHGDZXVNBDXG_gae.gen/sources_1/bd/system/hdl/system_wrapper.v:]
WARNING: [filemgmt 56-199] Attempt to get parsing info during refresh. "On-the-fly" syntax checking information may be incorrect. [/home/jsp/Storage/CFU_PYNQ_FIles/CFU_SRC/donut-accel/cfu.v:]
WARNING: [filemgmt 56-199] Attempt to get parsing info during refresh. "On-the-fly" syntax checking information may be incorrect. [/home/jsp/Storage/CFU_PYNQ_FIles/CFU_SRC/Top.v:]
WARNING: [filemgmt 56-199] Attempt to get parsing info during refresh. "On-the-fly" syntax checking information may be incorrect. [/home/jsp/Storage/CFU_PYNQ_FIles/CFU_SRC/pynq_z2/pynq_z2/arunQAFDHGDZXVNBDXG_gae.srcs/sources_1/new/Cfu.v:]
WARNING: [filemgmt 56-199] Attempt to get parsing info during refresh. "On-the-fly" syntax checking information may be incorrect. [/home/jsp/Storage/CFU_PYNQ_FIles/CFU_SRC/pynq_z2/pynq_z2/arunQAFDHGDZXVNBDXG_gae.gen/sources_1/bd/system/hdl/system_wrapper.v:]
WARNING: [filemgmt 56-199] Attempt to get parsing info during refresh. "On-the-fly" syntax checking information may be incorrect. [/home/jsp/Storage/CFU_PYNQ_FIles/CFU_SRC/pynq_z2/pynq_z2/arunQAFDHGDZXVNBDXG_gae.srcs/sources_1/new/tul_pynq_z2.v:]
WARNING: [filemgmt 56-199] Attempt to get parsing info during refresh. "On-the-fly" syntax checking information may be incorrect. [/home/jsp/Storage/CFU_PYNQ_FIles/CFU_SRC/Top.v:]
WARNING: [filemgmt 56-199] Attempt to get parsing info during refresh. "On-the-fly" syntax checking information may be incorrect. [/home/jsp/Storage/CFU_PYNQ_FIles/CFU_SRC/Top.v:]
WARNING: [filemgmt 56-199] Attempt to get parsing info during refresh. "On-the-fly" syntax checking information may be incorrect. [/home/jsp/Storage/CFU_PYNQ_FIles/CFU_SRC/donut-accel/cfu.v:]
WARNING: [filemgmt 56-199] Attempt to get parsing info during refresh. "On-the-fly" syntax checking information may be incorrect. [/home/jsp/Storage/CFU_PYNQ_FIles/CFU_SRC/Top.v:]
WARNING: [filemgmt 56-199] Attempt to get parsing info during refresh. "On-the-fly" syntax checking information may be incorrect. [/home/jsp/Storage/CFU_PYNQ_FIles/CFU_SRC/pynq_z2/pynq_z2/arunQAFDHGDZXVNBDXG_gae.srcs/sources_1/new/Cfu.v:]
WARNING: [filemgmt 56-199] Attempt to get parsing info during refresh. "On-the-fly" syntax checking information may be incorrect. [/home/jsp/Storage/CFU_PYNQ_FIles/CFU_SRC/pynq_z2/pynq_z2/arunQAFDHGDZXVNBDXG_gae.gen/sources_1/bd/system/hdl/system_wrapper.v:]
WARNING: [filemgmt 56-199] Attempt to get parsing info during refresh. "On-the-fly" syntax checking information may be incorrect. [/home/jsp/Storage/CFU_PYNQ_FIles/CFU_SRC/pynq_z2/pynq_z2/arunQAFDHGDZXVNBDXG_gae.srcs/sources_1/new/tul_pynq_z2.v:]
WARNING: [filemgmt 56-199] Attempt to get parsing info during refresh. "On-the-fly" syntax checking information may be incorrect. [/home/jsp/Storage/CFU_PYNQ_FIles/CFU_SRC/donut-accel/cfu.v:]
WARNING: [filemgmt 56-199] Attempt to get parsing info during refresh. "On-the-fly" syntax checking information may be incorrect. [/home/jsp/Storage/CFU_PYNQ_FIles/CFU_SRC/donut-accel/cfu.v:]
reset_run synth_1
INFO: [Project 1-1161] Replacing file /home/jsp/Storage/CFU_PYNQ_FIles/CFU_SRC/pynq_z2/pynq_z2/arunQAFDHGDZXVNBDXG_gae.srcs/utils_1/imports/synth_1/system_wrapper.dcp with file /home/jsp/Storage/CFU_PYNQ_FIles/CFU_SRC/pynq_z2/pynq_z2/arunQAFDHGDZXVNBDXG_gae.runs/synth_1/Top.dcp
WARNING: [filemgmt 56-199] Attempt to get parsing info during refresh. "On-the-fly" syntax checking information may be incorrect. [/home/jsp/Storage/CFU_PYNQ_FIles/CFU_SRC/donut-accel/cfu.v:]
WARNING: [filemgmt 56-199] Attempt to get parsing info during refresh. "On-the-fly" syntax checking information may be incorrect. [/home/jsp/Storage/CFU_PYNQ_FIles/CFU_SRC/Top.v:]
WARNING: [filemgmt 56-199] Attempt to get parsing info during refresh. "On-the-fly" syntax checking information may be incorrect. [/home/jsp/Storage/CFU_PYNQ_FIles/CFU_SRC/pynq_z2/pynq_z2/arunQAFDHGDZXVNBDXG_gae.srcs/sources_1/new/Cfu.v:]
WARNING: [filemgmt 56-199] Attempt to get parsing info during refresh. "On-the-fly" syntax checking information may be incorrect. [/home/jsp/Storage/CFU_PYNQ_FIles/CFU_SRC/pynq_z2/pynq_z2/arunQAFDHGDZXVNBDXG_gae.gen/sources_1/bd/system/hdl/system_wrapper.v:]
WARNING: [filemgmt 56-199] Attempt to get parsing info during refresh. "On-the-fly" syntax checking information may be incorrect. [/home/jsp/Storage/CFU_PYNQ_FIles/CFU_SRC/pynq_z2/pynq_z2/arunQAFDHGDZXVNBDXG_gae.srcs/sources_1/new/tul_pynq_z2.v:]
WARNING: [filemgmt 56-199] Attempt to get parsing info during refresh. "On-the-fly" syntax checking information may be incorrect. [/home/jsp/Storage/CFU_PYNQ_FIles/CFU_SRC/donut-accel/cfu.v:]
WARNING: [filemgmt 56-199] Attempt to get parsing info during refresh. "On-the-fly" syntax checking information may be incorrect. [/home/jsp/Storage/CFU_PYNQ_FIles/CFU_SRC/donut-accel/cfu.v:]
WARNING: [filemgmt 56-199] Attempt to get parsing info during refresh. "On-the-fly" syntax checking information may be incorrect. [/home/jsp/Storage/CFU_PYNQ_FIles/CFU_SRC/donut-accel/cfu.v:]
WARNING: [filemgmt 56-199] Attempt to get parsing info during refresh. "On-the-fly" syntax checking information may be incorrect. [/home/jsp/Storage/CFU_PYNQ_FIles/CFU_SRC/Top.v:]
WARNING: [filemgmt 56-199] Attempt to get parsing info during refresh. "On-the-fly" syntax checking information may be incorrect. [/home/jsp/Storage/CFU_PYNQ_FIles/CFU_SRC/pynq_z2/pynq_z2/arunQAFDHGDZXVNBDXG_gae.srcs/sources_1/new/Cfu.v:]
WARNING: [filemgmt 56-199] Attempt to get parsing info during refresh. "On-the-fly" syntax checking information may be incorrect. [/home/jsp/Storage/CFU_PYNQ_FIles/CFU_SRC/pynq_z2/pynq_z2/arunQAFDHGDZXVNBDXG_gae.gen/sources_1/bd/system/hdl/system_wrapper.v:]
WARNING: [filemgmt 56-199] Attempt to get parsing info during refresh. "On-the-fly" syntax checking information may be incorrect. [/home/jsp/Storage/CFU_PYNQ_FIles/CFU_SRC/pynq_z2/pynq_z2/arunQAFDHGDZXVNBDXG_gae.srcs/sources_1/new/tul_pynq_z2.v:]
WARNING: [filemgmt 56-199] Attempt to get parsing info during refresh. "On-the-fly" syntax checking information may be incorrect. [/home/jsp/Storage/CFU_PYNQ_FIles/CFU_SRC/pynq_z2/pynq_z2/arunQAFDHGDZXVNBDXG_gae.gen/sources_1/bd/system/hdl/system_wrapper.v:]
WARNING: [filemgmt 56-199] Attempt to get parsing info during refresh. "On-the-fly" syntax checking information may be incorrect. [/home/jsp/Storage/CFU_PYNQ_FIles/CFU_SRC/pynq_z2/pynq_z2/arunQAFDHGDZXVNBDXG_gae.gen/sources_1/bd/system/hdl/system_wrapper.v:]
launch_runs impl_1 -jobs 12
WARNING: [filemgmt 56-199] Attempt to get parsing info during refresh. "On-the-fly" syntax checking information may be incorrect. [/home/jsp/Storage/CFU_PYNQ_FIles/CFU_SRC/donut-accel/cfu.v:]
WARNING: [filemgmt 56-199] Attempt to get parsing info during refresh. "On-the-fly" syntax checking information may be incorrect. [/home/jsp/Storage/CFU_PYNQ_FIles/CFU_SRC/Top.v:]
WARNING: [filemgmt 56-199] Attempt to get parsing info during refresh. "On-the-fly" syntax checking information may be incorrect. [/home/jsp/Storage/CFU_PYNQ_FIles/CFU_SRC/pynq_z2/pynq_z2/arunQAFDHGDZXVNBDXG_gae.srcs/sources_1/new/Cfu.v:]
WARNING: [filemgmt 56-199] Attempt to get parsing info during refresh. "On-the-fly" syntax checking information may be incorrect. [/home/jsp/Storage/CFU_PYNQ_FIles/CFU_SRC/pynq_z2/pynq_z2/arunQAFDHGDZXVNBDXG_gae.gen/sources_1/bd/system/hdl/system_wrapper.v:]
WARNING: [filemgmt 56-199] Attempt to get parsing info during refresh. "On-the-fly" syntax checking information may be incorrect. [/home/jsp/Storage/CFU_PYNQ_FIles/CFU_SRC/pynq_z2/pynq_z2/arunQAFDHGDZXVNBDXG_gae.srcs/sources_1/new/tul_pynq_z2.v:]
WARNING: [filemgmt 56-199] Attempt to get parsing info during refresh. "On-the-fly" syntax checking information may be incorrect. [/home/jsp/Storage/CFU_PYNQ_FIles/CFU_SRC/pynq_z2/pynq_z2/arunQAFDHGDZXVNBDXG_gae.gen/sources_1/bd/system/hdl/system_wrapper.v:]
WARNING: [filemgmt 56-199] Attempt to get parsing info during refresh. "On-the-fly" syntax checking information may be incorrect. [/home/jsp/Storage/CFU_PYNQ_FIles/CFU_SRC/pynq_z2/pynq_z2/arunQAFDHGDZXVNBDXG_gae.gen/sources_1/bd/system/hdl/system_wrapper.v:]
WARNING: [filemgmt 56-199] Attempt to get parsing info during refresh. "On-the-fly" syntax checking information may be incorrect. [/home/jsp/Storage/CFU_PYNQ_FIles/CFU_SRC/donut-accel/cfu.v:]
WARNING: [filemgmt 56-199] Attempt to get parsing info during refresh. "On-the-fly" syntax checking information may be incorrect. [/home/jsp/Storage/CFU_PYNQ_FIles/CFU_SRC/Top.v:]
WARNING: [filemgmt 56-199] Attempt to get parsing info during refresh. "On-the-fly" syntax checking information may be incorrect. [/home/jsp/Storage/CFU_PYNQ_FIles/CFU_SRC/pynq_z2/pynq_z2/arunQAFDHGDZXVNBDXG_gae.srcs/sources_1/new/Cfu.v:]
WARNING: [filemgmt 56-199] Attempt to get parsing info during refresh. "On-the-fly" syntax checking information may be incorrect. [/home/jsp/Storage/CFU_PYNQ_FIles/CFU_SRC/pynq_z2/pynq_z2/arunQAFDHGDZXVNBDXG_gae.gen/sources_1/bd/system/hdl/system_wrapper.v:]
WARNING: [filemgmt 56-199] Attempt to get parsing info during refresh. "On-the-fly" syntax checking information may be incorrect. [/home/jsp/Storage/CFU_PYNQ_FIles/CFU_SRC/pynq_z2/pynq_z2/arunQAFDHGDZXVNBDXG_gae.srcs/sources_1/new/tul_pynq_z2.v:]
WARNING: [filemgmt 56-199] Attempt to get parsing info during refresh. "On-the-fly" syntax checking information may be incorrect. [/home/jsp/Storage/CFU_PYNQ_FIles/CFU_SRC/Top.v:]
WARNING: [filemgmt 56-199] Attempt to get parsing info during refresh. "On-the-fly" syntax checking information may be incorrect. [/home/jsp/Storage/CFU_PYNQ_FIles/CFU_SRC/Top.v:]
WARNING: [Project 1-478] Design 'synth_1' is stale and will not be used when launching 'impl_1'
WARNING: [filemgmt 56-199] Attempt to get parsing info during refresh. "On-the-fly" syntax checking information may be incorrect. [/home/jsp/Storage/CFU_PYNQ_FIles/CFU_SRC/donut-accel/cfu.v:]
WARNING: [filemgmt 56-199] Attempt to get parsing info during refresh. "On-the-fly" syntax checking information may be incorrect. [/home/jsp/Storage/CFU_PYNQ_FIles/CFU_SRC/Top.v:]
WARNING: [filemgmt 56-199] Attempt to get parsing info during refresh. "On-the-fly" syntax checking information may be incorrect. [/home/jsp/Storage/CFU_PYNQ_FIles/CFU_SRC/pynq_z2/pynq_z2/arunQAFDHGDZXVNBDXG_gae.srcs/sources_1/new/Cfu.v:]
WARNING: [filemgmt 56-199] Attempt to get parsing info during refresh. "On-the-fly" syntax checking information may be incorrect. [/home/jsp/Storage/CFU_PYNQ_FIles/CFU_SRC/pynq_z2/pynq_z2/arunQAFDHGDZXVNBDXG_gae.gen/sources_1/bd/system/hdl/system_wrapper.v:]
WARNING: [filemgmt 56-199] Attempt to get parsing info during refresh. "On-the-fly" syntax checking information may be incorrect. [/home/jsp/Storage/CFU_PYNQ_FIles/CFU_SRC/pynq_z2/pynq_z2/arunQAFDHGDZXVNBDXG_gae.srcs/sources_1/new/tul_pynq_z2.v:]
WARNING: [filemgmt 56-199] Attempt to get parsing info during refresh. "On-the-fly" syntax checking information may be incorrect. [/home/jsp/Storage/CFU_PYNQ_FIles/CFU_SRC/pynq_z2/pynq_z2/arunQAFDHGDZXVNBDXG_gae.srcs/sources_1/new/Cfu.v:]
WARNING: [filemgmt 56-199] Attempt to get parsing info during refresh. "On-the-fly" syntax checking information may be incorrect. [/home/jsp/Storage/CFU_PYNQ_FIles/CFU_SRC/pynq_z2/pynq_z2/arunQAFDHGDZXVNBDXG_gae.srcs/sources_1/new/Cfu.v:]
[Sat Nov  8 01:28:19 2025] Launched synth_1...
Run output will be captured here: /home/jsp/Storage/CFU_PYNQ_FIles/CFU_SRC/pynq_z2/pynq_z2/arunQAFDHGDZXVNBDXG_gae.runs/synth_1/runme.log
[Sat Nov  8 01:28:19 2025] Launched impl_1...
Run output will be captured here: /home/jsp/Storage/CFU_PYNQ_FIles/CFU_SRC/pynq_z2/pynq_z2/arunQAFDHGDZXVNBDXG_gae.runs/impl_1/runme.log
launch_runs impl_1 -to_step write_bitstream -jobs 12
[Sat Nov  8 01:32:23 2025] Launched impl_1...
Run output will be captured here: /home/jsp/Storage/CFU_PYNQ_FIles/CFU_SRC/pynq_z2/pynq_z2/arunQAFDHGDZXVNBDXG_gae.runs/impl_1/runme.log
reset_run impl_1 -prev_step 
WARNING: [Vivado 12-1017] Problems encountered:
1. Attempt to kill process failed

report_ip_status -name ip_status 
current_design impl_1
create_ip_run [get_files -of_objects [get_fileset sources_1] /home/jsp/Storage/CFU_PYNQ_FIles/CFU_SRC/pynq_z2/pynq_z2/arunQAFDHGDZXVNBDXG_gae.srcs/sources_1/bd/system/system.bd]
refresh_design
Netlist sorting complete. Time (s): cpu = 00:00:00.09 ; elapsed = 00:00:00.05 . Memory (MB): peak = 14813.480 ; gain = 0.000 ; free physical = 4125 ; free virtual = 17633
INFO: [Netlist 29-17] Analyzing 218 Unisim elements for replacement
INFO: [Netlist 29-28] Unisim Transformation completed in 0 CPU seconds
INFO: [Project 1-479] Netlist was created with Vivado 2024.1
INFO: [Project 1-570] Preparing netlist for logic optimization
Read ShapeDB Complete: Time (s): cpu = 00:00:00.02 ; elapsed = 00:00:00.02 . Memory (MB): peak = 14813.480 ; gain = 0.000 ; free physical = 4126 ; free virtual = 17634
INFO: [Timing 38-478] Restoring timing data from binary archive.
INFO: [Timing 38-479] Binary timing data restore complete.
INFO: [Project 1-856] Restoring constraints from binary archive.
INFO: [Project 1-853] Binary constraint restore complete.
INFO: [Designutils 20-5722] Start Reading Physical Databases.
Reading placement.
Read Netlist Cache: Time (s): cpu = 00:00:00 ; elapsed = 00:00:00.01 . Memory (MB): peak = 14813.480 ; gain = 0.000 ; free physical = 4125 ; free virtual = 17633
Reading placer database...
Read Device Cache: Time (s): cpu = 00:00:00.02 ; elapsed = 00:00:00.01 . Memory (MB): peak = 14813.480 ; gain = 0.000 ; free physical = 4125 ; free virtual = 17633
Read PlaceDB: Time (s): cpu = 00:00:00.26 ; elapsed = 00:00:00.26 . Memory (MB): peak = 14813.480 ; gain = 0.000 ; free physical = 4125 ; free virtual = 17633
Read PulsedLatchDB: Time (s): cpu = 00:00:00 ; elapsed = 00:00:00 . Memory (MB): peak = 14813.480 ; gain = 0.000 ; free physical = 4125 ; free virtual = 17633
Reading routing.
Read RouteStorage: Time (s): cpu = 00:00:00.1 ; elapsed = 00:00:00.09 . Memory (MB): peak = 14813.480 ; gain = 0.000 ; free physical = 4125 ; free virtual = 17633
Read Physdb Files: Time (s): cpu = 00:00:00.38 ; elapsed = 00:00:00.37 . Memory (MB): peak = 14813.480 ; gain = 0.000 ; free physical = 4125 ; free virtual = 17633
Restored from archive | CPU: 0.380000 secs | Memory: 7.840225 MB |
Finished XDEF File Restore: Time (s): cpu = 00:00:00.38 ; elapsed = 00:00:00.37 . Memory (MB): peak = 14813.480 ; gain = 0.000 ; free physical = 4125 ; free virtual = 17633
CRITICAL WARNING: [Timing 38-282] The design failed to meet the timing requirements. Please see the timing summary report for details on the timing violations.
open_bd_design {/home/jsp/Storage/CFU_PYNQ_FIles/CFU_SRC/pynq_z2/pynq_z2/arunQAFDHGDZXVNBDXG_gae.srcs/sources_1/bd/system/system.bd}
CRITICAL WARNING: [PSU-1]  Parameter : PCW_UIPARAM_DDR_DQS_TO_CLK_DELAY_0 has negative value -0.051 . PS DDR interfaces might fail when entering negative DQS skew values. 
CRITICAL WARNING: [PSU-2]  Parameter : PCW_UIPARAM_DDR_DQS_TO_CLK_DELAY_1 has negative value -0.006 . PS DDR interfaces might fail when entering negative DQS skew values. 
CRITICAL WARNING: [PSU-3]  Parameter : PCW_UIPARAM_DDR_DQS_TO_CLK_DELAY_2 has negative value -0.009 . PS DDR interfaces might fail when entering negative DQS skew values. 
CRITICAL WARNING: [PSU-4]  Parameter : PCW_UIPARAM_DDR_DQS_TO_CLK_DELAY_3 has negative value -0.033 . PS DDR interfaces might fail when entering negative DQS skew values. 
WARNING: [IP_Flow 19-474] Invalid Parameter 'Component_Name'
CRITICAL WARNING: [PSU-1]  Parameter : PCW_UIPARAM_DDR_DQS_TO_CLK_DELAY_0 has negative value -0.051 . PS DDR interfaces might fail when entering negative DQS skew values. 
CRITICAL WARNING: [PSU-2]  Parameter : PCW_UIPARAM_DDR_DQS_TO_CLK_DELAY_1 has negative value -0.006 . PS DDR interfaces might fail when entering negative DQS skew values. 
CRITICAL WARNING: [PSU-3]  Parameter : PCW_UIPARAM_DDR_DQS_TO_CLK_DELAY_2 has negative value -0.009 . PS DDR interfaces might fail when entering negative DQS skew values. 
CRITICAL WARNING: [PSU-4]  Parameter : PCW_UIPARAM_DDR_DQS_TO_CLK_DELAY_3 has negative value -0.033 . PS DDR interfaces might fail when entering negative DQS skew values. 
startgroup
set_property CONFIG.PCW_FPGA1_PERIPHERAL_FREQMHZ {100} [get_bd_cells processing_system7_0]
CRITICAL WARNING: [PSU-1]  Parameter : PCW_UIPARAM_DDR_DQS_TO_CLK_DELAY_0 has negative value -0.051 . PS DDR interfaces might fail when entering negative DQS skew values. 
CRITICAL WARNING: [PSU-2]  Parameter : PCW_UIPARAM_DDR_DQS_TO_CLK_DELAY_1 has negative value -0.006 . PS DDR interfaces might fail when entering negative DQS skew values. 
CRITICAL WARNING: [PSU-3]  Parameter : PCW_UIPARAM_DDR_DQS_TO_CLK_DELAY_2 has negative value -0.009 . PS DDR interfaces might fail when entering negative DQS skew values. 
CRITICAL WARNING: [PSU-4]  Parameter : PCW_UIPARAM_DDR_DQS_TO_CLK_DELAY_3 has negative value -0.033 . PS DDR interfaces might fail when entering negative DQS skew values. 
endgroup
CRITICAL WARNING: [filemgmt 56-176] Module references are not supported in manual compile order mode and will be ignored.
reset_run system_processing_system7_0_0_synth_1
reset_run synth_1
INFO: [Project 1-1161] Replacing file /home/jsp/Storage/CFU_PYNQ_FIles/CFU_SRC/pynq_z2/pynq_z2/arunQAFDHGDZXVNBDXG_gae.srcs/utils_1/imports/synth_1/system_wrapper.dcp with file /home/jsp/Storage/CFU_PYNQ_FIles/CFU_SRC/pynq_z2/pynq_z2/arunQAFDHGDZXVNBDXG_gae.runs/synth_1/Top.dcp
WARNING: [filemgmt 56-199] Attempt to get parsing info during refresh. "On-the-fly" syntax checking information may be incorrect. [/home/jsp/Storage/CFU_PYNQ_FIles/CFU_SRC/Top.v:]
WARNING: [filemgmt 56-199] Attempt to get parsing info during refresh. "On-the-fly" syntax checking information may be incorrect. [/home/jsp/Storage/CFU_PYNQ_FIles/CFU_SRC/pynq_z2/pynq_z2/arunQAFDHGDZXVNBDXG_gae.gen/sources_1/bd/system/hdl/system_wrapper.v:]
WARNING: [filemgmt 56-199] Attempt to get parsing info during refresh. "On-the-fly" syntax checking information may be incorrect. [/home/jsp/Storage/CFU_PYNQ_FIles/CFU_SRC/pynq_z2/pynq_z2/arunQAFDHGDZXVNBDXG_gae.srcs/sources_1/new/tul_pynq_z2.v:]
WARNING: [filemgmt 56-199] Attempt to get parsing info during refresh. "On-the-fly" syntax checking information may be incorrect. [/home/jsp/Storage/CFU_PYNQ_FIles/CFU_SRC/pynq_z2/pynq_z2/arunQAFDHGDZXVNBDXG_gae.srcs/sources_1/new/tul_pynq_z2.v:]
WARNING: [filemgmt 56-199] Attempt to get parsing info during refresh. "On-the-fly" syntax checking information may be incorrect. [/home/jsp/Storage/CFU_PYNQ_FIles/CFU_SRC/pynq_z2/pynq_z2/arunQAFDHGDZXVNBDXG_gae.srcs/sources_1/new/tul_pynq_z2.v:]
WARNING: [filemgmt 56-199] Attempt to get parsing info during refresh. "On-the-fly" syntax checking information may be incorrect. [/home/jsp/Storage/CFU_PYNQ_FIles/CFU_SRC/Top.v:]
WARNING: [filemgmt 56-199] Attempt to get parsing info during refresh. "On-the-fly" syntax checking information may be incorrect. [/home/jsp/Storage/CFU_PYNQ_FIles/CFU_SRC/pynq_z2/pynq_z2/arunQAFDHGDZXVNBDXG_gae.gen/sources_1/bd/system/hdl/system_wrapper.v:]
WARNING: [filemgmt 56-199] Attempt to get parsing info during refresh. "On-the-fly" syntax checking information may be incorrect. [/home/jsp/Storage/CFU_PYNQ_FIles/CFU_SRC/pynq_z2/pynq_z2/arunQAFDHGDZXVNBDXG_gae.srcs/sources_1/new/tul_pynq_z2.v:]
WARNING: [filemgmt 56-199] Attempt to get parsing info during refresh. "On-the-fly" syntax checking information may be incorrect. [/home/jsp/Storage/CFU_PYNQ_FIles/CFU_SRC/pynq_z2/pynq_z2/arunQAFDHGDZXVNBDXG_gae.gen/sources_1/bd/system/hdl/system_wrapper.v:]
WARNING: [filemgmt 56-199] Attempt to get parsing info during refresh. "On-the-fly" syntax checking information may be incorrect. [/home/jsp/Storage/CFU_PYNQ_FIles/CFU_SRC/pynq_z2/pynq_z2/arunQAFDHGDZXVNBDXG_gae.gen/sources_1/bd/system/hdl/system_wrapper.v:]
WARNING: [filemgmt 56-199] Attempt to get parsing info during refresh. "On-the-fly" syntax checking information may be incorrect. [/home/jsp/Storage/CFU_PYNQ_FIles/CFU_SRC/Top.v:]
WARNING: [filemgmt 56-199] Attempt to get parsing info during refresh. "On-the-fly" syntax checking information may be incorrect. [/home/jsp/Storage/CFU_PYNQ_FIles/CFU_SRC/pynq_z2/pynq_z2/arunQAFDHGDZXVNBDXG_gae.gen/sources_1/bd/system/hdl/system_wrapper.v:]
WARNING: [filemgmt 56-199] Attempt to get parsing info during refresh. "On-the-fly" syntax checking information may be incorrect. [/home/jsp/Storage/CFU_PYNQ_FIles/CFU_SRC/pynq_z2/pynq_z2/arunQAFDHGDZXVNBDXG_gae.srcs/sources_1/new/tul_pynq_z2.v:]
WARNING: [filemgmt 56-199] Attempt to get parsing info during refresh. "On-the-fly" syntax checking information may be incorrect. [/home/jsp/Storage/CFU_PYNQ_FIles/CFU_SRC/pynq_z2/pynq_z2/arunQAFDHGDZXVNBDXG_gae.gen/sources_1/bd/system/hdl/system_wrapper.v:]
WARNING: [filemgmt 56-199] Attempt to get parsing info during refresh. "On-the-fly" syntax checking information may be incorrect. [/home/jsp/Storage/CFU_PYNQ_FIles/CFU_SRC/pynq_z2/pynq_z2/arunQAFDHGDZXVNBDXG_gae.gen/sources_1/bd/system/hdl/system_wrapper.v:]
save_bd_design
Wrote  : </home/jsp/Storage/CFU_PYNQ_FIles/CFU_SRC/pynq_z2/pynq_z2/arunQAFDHGDZXVNBDXG_gae.srcs/sources_1/bd/system/system.bd> 
Wrote  : </home/jsp/Storage/CFU_PYNQ_FIles/CFU_SRC/pynq_z2/pynq_z2/arunQAFDHGDZXVNBDXG_gae.srcs/sources_1/bd/system/ui/bd_c954508f.ui> 
CRITICAL WARNING: [filemgmt 56-176] Module references are not supported in manual compile order mode and will be ignored.
launch_runs impl_1 -jobs 12
WARNING: [BD 41-702] Propagation TCL tries to overwrite USER strength parameter PCW_M_AXI_GP0_FREQMHZ(10) on '/processing_system7_0' with propagated value(100). Command ignored
Wrote  : </home/jsp/Storage/CFU_PYNQ_FIles/CFU_SRC/pynq_z2/pynq_z2/arunQAFDHGDZXVNBDXG_gae.srcs/sources_1/bd/system/system.bd> 
Verilog Output written to : /home/jsp/Storage/CFU_PYNQ_FIles/CFU_SRC/pynq_z2/pynq_z2/arunQAFDHGDZXVNBDXG_gae.gen/sources_1/bd/system/synth/system.v
Verilog Output written to : /home/jsp/Storage/CFU_PYNQ_FIles/CFU_SRC/pynq_z2/pynq_z2/arunQAFDHGDZXVNBDXG_gae.gen/sources_1/bd/system/sim/system.v
Verilog Output written to : /home/jsp/Storage/CFU_PYNQ_FIles/CFU_SRC/pynq_z2/pynq_z2/arunQAFDHGDZXVNBDXG_gae.gen/sources_1/bd/system/hdl/system_wrapper.v
INFO: [IP_Flow 19-5611] Unable to find an associated reset port for the interface 'M_AXI_GP0'. A default connection has been created.
INFO: [BD 41-1029] Generation completed for the IP Integrator block processing_system7_0 .
WARNING: [IP_Flow 19-4994] Overwriting existing constraint file '/home/jsp/Storage/CFU_PYNQ_FIles/CFU_SRC/pynq_z2/pynq_z2/arunQAFDHGDZXVNBDXG_gae.gen/sources_1/bd/system/ip/system_auto_pc_0/system_auto_pc_0_ooc.xdc'
INFO: [BD 41-1029] Generation completed for the IP Integrator block ps7_0_axi_periph/s00_couplers/auto_pc .
Exporting to file /home/jsp/Storage/CFU_PYNQ_FIles/CFU_SRC/pynq_z2/pynq_z2/arunQAFDHGDZXVNBDXG_gae.gen/sources_1/bd/system/hw_handoff/system.hwh
Generated Hardware Definition File /home/jsp/Storage/CFU_PYNQ_FIles/CFU_SRC/pynq_z2/pynq_z2/arunQAFDHGDZXVNBDXG_gae.gen/sources_1/bd/system/synth/system.hwdef
INFO: [IP_Flow 19-6924] IPCACHE: Running cache check for IP inst: system_auto_pc_0
INFO: [IP_Flow 19-6922] IPCACHE: Exporting cached entry 28dbe6f2fca8b92b to dir: /home/jsp/Storage/CFU_PYNQ_FIles/CFU_SRC/pynq_z2/pynq_z2/arunQAFDHGDZXVNBDXG_gae.gen/sources_1/bd/system/ip/system_auto_pc_0
INFO: [IP_Flow 19-6928] IPCACHE: copied cached file /home/jsp/Storage/CFU_PYNQ_FIles/CFU_SRC/pynq_z2/pynq_z2/arunQAFDHGDZXVNBDXG_gae.cache/ip/2024.1/2/8/28dbe6f2fca8b92b/system_auto_pc_0_sim_netlist.v to /home/jsp/Storage/CFU_PYNQ_FIles/CFU_SRC/pynq_z2/pynq_z2/arunQAFDHGDZXVNBDXG_gae.gen/sources_1/bd/system/ip/system_auto_pc_0/system_auto_pc_0_sim_netlist.v.
INFO: [IP_Flow 19-6926] IPCACHE: added file to list for BOM: /home/jsp/Storage/CFU_PYNQ_FIles/CFU_SRC/pynq_z2/pynq_z2/arunQAFDHGDZXVNBDXG_gae.gen/sources_1/bd/system/ip/system_auto_pc_0/system_auto_pc_0_sim_netlist.v
INFO: [IP_Flow 19-6928] IPCACHE: copied cached file /home/jsp/Storage/CFU_PYNQ_FIles/CFU_SRC/pynq_z2/pynq_z2/arunQAFDHGDZXVNBDXG_gae.cache/ip/2024.1/2/8/28dbe6f2fca8b92b/system_auto_pc_0_stub.v to /home/jsp/Storage/CFU_PYNQ_FIles/CFU_SRC/pynq_z2/pynq_z2/arunQAFDHGDZXVNBDXG_gae.gen/sources_1/bd/system/ip/system_auto_pc_0/system_auto_pc_0_stub.v.
INFO: [IP_Flow 19-6926] IPCACHE: added file to list for BOM: /home/jsp/Storage/CFU_PYNQ_FIles/CFU_SRC/pynq_z2/pynq_z2/arunQAFDHGDZXVNBDXG_gae.gen/sources_1/bd/system/ip/system_auto_pc_0/system_auto_pc_0_stub.v
INFO: [IP_Flow 19-6928] IPCACHE: copied cached file /home/jsp/Storage/CFU_PYNQ_FIles/CFU_SRC/pynq_z2/pynq_z2/arunQAFDHGDZXVNBDXG_gae.cache/ip/2024.1/2/8/28dbe6f2fca8b92b/system_auto_pc_0_sim_netlist.vhdl to /home/jsp/Storage/CFU_PYNQ_FIles/CFU_SRC/pynq_z2/pynq_z2/arunQAFDHGDZXVNBDXG_gae.gen/sources_1/bd/system/ip/system_auto_pc_0/system_auto_pc_0_sim_netlist.vhdl.
INFO: [IP_Flow 19-6926] IPCACHE: added file to list for BOM: /home/jsp/Storage/CFU_PYNQ_FIles/CFU_SRC/pynq_z2/pynq_z2/arunQAFDHGDZXVNBDXG_gae.gen/sources_1/bd/system/ip/system_auto_pc_0/system_auto_pc_0_sim_netlist.vhdl
INFO: [IP_Flow 19-6928] IPCACHE: copied cached file /home/jsp/Storage/CFU_PYNQ_FIles/CFU_SRC/pynq_z2/pynq_z2/arunQAFDHGDZXVNBDXG_gae.cache/ip/2024.1/2/8/28dbe6f2fca8b92b/system_auto_pc_0.dcp to /home/jsp/Storage/CFU_PYNQ_FIles/CFU_SRC/pynq_z2/pynq_z2/arunQAFDHGDZXVNBDXG_gae.gen/sources_1/bd/system/ip/system_auto_pc_0/system_auto_pc_0.dcp.
INFO: [IP_Flow 19-6926] IPCACHE: added file to list for BOM: /home/jsp/Storage/CFU_PYNQ_FIles/CFU_SRC/pynq_z2/pynq_z2/arunQAFDHGDZXVNBDXG_gae.gen/sources_1/bd/system/ip/system_auto_pc_0/system_auto_pc_0.dcp
INFO: [IP_Flow 19-6928] IPCACHE: copied cached file /home/jsp/Storage/CFU_PYNQ_FIles/CFU_SRC/pynq_z2/pynq_z2/arunQAFDHGDZXVNBDXG_gae.cache/ip/2024.1/2/8/28dbe6f2fca8b92b/system_auto_pc_0_stub.vhdl to /home/jsp/Storage/CFU_PYNQ_FIles/CFU_SRC/pynq_z2/pynq_z2/arunQAFDHGDZXVNBDXG_gae.gen/sources_1/bd/system/ip/system_auto_pc_0/system_auto_pc_0_stub.vhdl.
INFO: [IP_Flow 19-6926] IPCACHE: added file to list for BOM: /home/jsp/Storage/CFU_PYNQ_FIles/CFU_SRC/pynq_z2/pynq_z2/arunQAFDHGDZXVNBDXG_gae.gen/sources_1/bd/system/ip/system_auto_pc_0/system_auto_pc_0_stub.vhdl
INFO: [IP_Flow 19-4993] Using cached IP synthesis design for IP system_auto_pc_0, cache-ID = 28dbe6f2fca8b92b; cache size = 3.220 MB.
CRITICAL WARNING: [filemgmt 56-176] Module references are not supported in manual compile order mode and will be ignored.
WARNING: [Project 1-478] Design 'synth_1' is stale and will not be used when launching 'impl_1'
[Sat Nov  8 04:48:24 2025] Launched system_processing_system7_0_0_synth_1, synth_1...
Run output will be captured here:
system_processing_system7_0_0_synth_1: /home/jsp/Storage/CFU_PYNQ_FIles/CFU_SRC/pynq_z2/pynq_z2/arunQAFDHGDZXVNBDXG_gae.runs/system_processing_system7_0_0_synth_1/runme.log
synth_1: /home/jsp/Storage/CFU_PYNQ_FIles/CFU_SRC/pynq_z2/pynq_z2/arunQAFDHGDZXVNBDXG_gae.runs/synth_1/runme.log
[Sat Nov  8 04:48:24 2025] Launched impl_1...
Run output will be captured here: /home/jsp/Storage/CFU_PYNQ_FIles/CFU_SRC/pynq_z2/pynq_z2/arunQAFDHGDZXVNBDXG_gae.runs/impl_1/runme.log
launch_runs: Time (s): cpu = 00:00:35 ; elapsed = 00:00:26 . Memory (MB): peak = 15304.980 ; gain = 476.902 ; free physical = 3930 ; free virtual = 17423
WARNING: [filemgmt 56-199] Attempt to get parsing info during refresh. "On-the-fly" syntax checking information may be incorrect. [/home/jsp/Storage/CFU_PYNQ_FIles/CFU_SRC/Top.v:]
WARNING: [filemgmt 56-199] Attempt to get parsing info during refresh. "On-the-fly" syntax checking information may be incorrect. [/home/jsp/Storage/CFU_PYNQ_FIles/CFU_SRC/pynq_z2/pynq_z2/arunQAFDHGDZXVNBDXG_gae.gen/sources_1/bd/system/hdl/system_wrapper.v:]
WARNING: [filemgmt 56-199] Attempt to get parsing info during refresh. "On-the-fly" syntax checking information may be incorrect. [/home/jsp/Storage/CFU_PYNQ_FIles/CFU_SRC/pynq_z2/pynq_z2/arunQAFDHGDZXVNBDXG_gae.srcs/sources_1/new/tul_pynq_z2.v:]
WARNING: [filemgmt 56-199] Attempt to get parsing info during refresh. "On-the-fly" syntax checking information may be incorrect. [/home/jsp/Storage/CFU_PYNQ_FIles/CFU_SRC/pynq_z2/pynq_z2/arunQAFDHGDZXVNBDXG_gae.gen/sources_1/bd/system/hdl/system_wrapper.v:]
WARNING: [filemgmt 56-199] Attempt to get parsing info during refresh. "On-the-fly" syntax checking information may be incorrect. [/home/jsp/Storage/CFU_PYNQ_FIles/CFU_SRC/pynq_z2/pynq_z2/arunQAFDHGDZXVNBDXG_gae.gen/sources_1/bd/system/hdl/system_wrapper.v:]
WARNING: [filemgmt 56-199] Attempt to get parsing info during refresh. "On-the-fly" syntax checking information may be incorrect. [/home/jsp/Storage/CFU_PYNQ_FIles/CFU_SRC/Top.v:]
WARNING: [filemgmt 56-199] Attempt to get parsing info during refresh. "On-the-fly" syntax checking information may be incorrect. [/home/jsp/Storage/CFU_PYNQ_FIles/CFU_SRC/pynq_z2/pynq_z2/arunQAFDHGDZXVNBDXG_gae.gen/sources_1/bd/system/hdl/system_wrapper.v:]
WARNING: [filemgmt 56-199] Attempt to get parsing info during refresh. "On-the-fly" syntax checking information may be incorrect. [/home/jsp/Storage/CFU_PYNQ_FIles/CFU_SRC/pynq_z2/pynq_z2/arunQAFDHGDZXVNBDXG_gae.srcs/sources_1/new/tul_pynq_z2.v:]
WARNING: [filemgmt 56-199] Attempt to get parsing info during refresh. "On-the-fly" syntax checking information may be incorrect. [/home/jsp/Storage/CFU_PYNQ_FIles/CFU_SRC/pynq_z2/pynq_z2/arunQAFDHGDZXVNBDXG_gae.srcs/sources_1/new/tul_pynq_z2.v:]
WARNING: [filemgmt 56-199] Attempt to get parsing info during refresh. "On-the-fly" syntax checking information may be incorrect. [/home/jsp/Storage/CFU_PYNQ_FIles/CFU_SRC/pynq_z2/pynq_z2/arunQAFDHGDZXVNBDXG_gae.srcs/sources_1/new/tul_pynq_z2.v:]
WARNING: [filemgmt 56-199] Attempt to get parsing info during refresh. "On-the-fly" syntax checking information may be incorrect. [/home/jsp/Storage/CFU_PYNQ_FIles/CFU_SRC/Top.v:]
WARNING: [filemgmt 56-199] Attempt to get parsing info during refresh. "On-the-fly" syntax checking information may be incorrect. [/home/jsp/Storage/CFU_PYNQ_FIles/CFU_SRC/pynq_z2/pynq_z2/arunQAFDHGDZXVNBDXG_gae.gen/sources_1/bd/system/hdl/system_wrapper.v:]
WARNING: [filemgmt 56-199] Attempt to get parsing info during refresh. "On-the-fly" syntax checking information may be incorrect. [/home/jsp/Storage/CFU_PYNQ_FIles/CFU_SRC/pynq_z2/pynq_z2/arunQAFDHGDZXVNBDXG_gae.srcs/sources_1/new/tul_pynq_z2.v:]
WARNING: [filemgmt 56-199] Attempt to get parsing info during refresh. "On-the-fly" syntax checking information may be incorrect. [/home/jsp/Storage/CFU_PYNQ_FIles/CFU_SRC/pynq_z2/pynq_z2/arunQAFDHGDZXVNBDXG_gae.gen/sources_1/bd/system/hdl/system_wrapper.v:]
WARNING: [filemgmt 56-199] Attempt to get parsing info during refresh. "On-the-fly" syntax checking information may be incorrect. [/home/jsp/Storage/CFU_PYNQ_FIles/CFU_SRC/pynq_z2/pynq_z2/arunQAFDHGDZXVNBDXG_gae.gen/sources_1/bd/system/hdl/system_wrapper.v:]
create_ip_run [get_files -of_objects [get_fileset sources_1] /home/jsp/Storage/CFU_PYNQ_FIles/CFU_SRC/pynq_z2/pynq_z2/arunQAFDHGDZXVNBDXG_gae.srcs/sources_1/bd/system/system.bd]
refresh_design
Netlist sorting complete. Time (s): cpu = 00:00:00.1 ; elapsed = 00:00:00.05 . Memory (MB): peak = 15304.980 ; gain = 0.000 ; free physical = 1998 ; free virtual = 15513
INFO: [Netlist 29-17] Analyzing 218 Unisim elements for replacement
INFO: [Netlist 29-28] Unisim Transformation completed in 0 CPU seconds
INFO: [Project 1-479] Netlist was created with Vivado 2024.1
INFO: [Project 1-570] Preparing netlist for logic optimization
Read ShapeDB Complete: Time (s): cpu = 00:00:00.01 ; elapsed = 00:00:00.02 . Memory (MB): peak = 15304.980 ; gain = 0.000 ; free physical = 2001 ; free virtual = 15516
INFO: [Timing 38-478] Restoring timing data from binary archive.
INFO: [Timing 38-479] Binary timing data restore complete.
INFO: [Project 1-856] Restoring constraints from binary archive.
INFO: [Project 1-853] Binary constraint restore complete.
INFO: [Designutils 20-5722] Start Reading Physical Databases.
Reading placement.
Read Netlist Cache: Time (s): cpu = 00:00:00.01 ; elapsed = 00:00:00.01 . Memory (MB): peak = 15304.980 ; gain = 0.000 ; free physical = 2003 ; free virtual = 15518
Reading placer database...
Read Device Cache: Time (s): cpu = 00:00:00.01 ; elapsed = 00:00:00.01 . Memory (MB): peak = 15304.980 ; gain = 0.000 ; free physical = 2003 ; free virtual = 15518
Read PlaceDB: Time (s): cpu = 00:00:00.26 ; elapsed = 00:00:00.25 . Memory (MB): peak = 15304.980 ; gain = 0.000 ; free physical = 2003 ; free virtual = 15518
Read PulsedLatchDB: Time (s): cpu = 00:00:00 ; elapsed = 00:00:00 . Memory (MB): peak = 15304.980 ; gain = 0.000 ; free physical = 2003 ; free virtual = 15518
Reading routing.
Read RouteStorage: Time (s): cpu = 00:00:00.09 ; elapsed = 00:00:00.09 . Memory (MB): peak = 15304.980 ; gain = 0.000 ; free physical = 2003 ; free virtual = 15518
Read Physdb Files: Time (s): cpu = 00:00:00.39 ; elapsed = 00:00:00.37 . Memory (MB): peak = 15304.980 ; gain = 0.000 ; free physical = 2003 ; free virtual = 15518
Restored from archive | CPU: 0.390000 secs | Memory: 7.777077 MB |
Finished XDEF File Restore: Time (s): cpu = 00:00:00.39 ; elapsed = 00:00:00.37 . Memory (MB): peak = 15304.980 ; gain = 0.000 ; free physical = 2003 ; free virtual = 15518
WARNING: [filemgmt 56-199] Attempt to get parsing info during refresh. "On-the-fly" syntax checking information may be incorrect. [/home/jsp/Storage/CFU_PYNQ_FIles/CFU_SRC/Top.v:]
WARNING: [filemgmt 56-199] Attempt to get parsing info during refresh. "On-the-fly" syntax checking information may be incorrect. [/home/jsp/Storage/CFU_PYNQ_FIles/CFU_SRC/pynq_z2/pynq_z2/arunQAFDHGDZXVNBDXG_gae.gen/sources_1/bd/system/hdl/system_wrapper.v:]
WARNING: [filemgmt 56-199] Attempt to get parsing info during refresh. "On-the-fly" syntax checking information may be incorrect. [/home/jsp/Storage/CFU_PYNQ_FIles/CFU_SRC/pynq_z2/pynq_z2/arunQAFDHGDZXVNBDXG_gae.srcs/sources_1/new/tul_pynq_z2.v:]
WARNING: [filemgmt 56-199] Attempt to get parsing info during refresh. "On-the-fly" syntax checking information may be incorrect. [/home/jsp/Storage/CFU_PYNQ_FIles/CFU_SRC/pynq_z2/pynq_z2/arunQAFDHGDZXVNBDXG_gae.gen/sources_1/bd/system/hdl/system_wrapper.v:]
WARNING: [filemgmt 56-199] Attempt to get parsing info during refresh. "On-the-fly" syntax checking information may be incorrect. [/home/jsp/Storage/CFU_PYNQ_FIles/CFU_SRC/pynq_z2/pynq_z2/arunQAFDHGDZXVNBDXG_gae.gen/sources_1/bd/system/hdl/system_wrapper.v:]
CRITICAL WARNING: [Timing 38-282] The design failed to meet the timing requirements. Please see the timing summary report for details on the timing violations.
open_bd_design {/home/jsp/Storage/CFU_PYNQ_FIles/CFU_SRC/pynq_z2/pynq_z2/arunQAFDHGDZXVNBDXG_gae.srcs/sources_1/bd/system/system.bd}
CRITICAL WARNING: [PSU-1]  Parameter : PCW_UIPARAM_DDR_DQS_TO_CLK_DELAY_0 has negative value -0.051 . PS DDR interfaces might fail when entering negative DQS skew values. 
CRITICAL WARNING: [PSU-2]  Parameter : PCW_UIPARAM_DDR_DQS_TO_CLK_DELAY_1 has negative value -0.006 . PS DDR interfaces might fail when entering negative DQS skew values. 
CRITICAL WARNING: [PSU-3]  Parameter : PCW_UIPARAM_DDR_DQS_TO_CLK_DELAY_2 has negative value -0.009 . PS DDR interfaces might fail when entering negative DQS skew values. 
CRITICAL WARNING: [PSU-4]  Parameter : PCW_UIPARAM_DDR_DQS_TO_CLK_DELAY_3 has negative value -0.033 . PS DDR interfaces might fail when entering negative DQS skew values. 
WARNING: [IP_Flow 19-474] Invalid Parameter 'Component_Name'
CRITICAL WARNING: [PSU-1]  Parameter : PCW_UIPARAM_DDR_DQS_TO_CLK_DELAY_0 has negative value -0.051 . PS DDR interfaces might fail when entering negative DQS skew values. 
CRITICAL WARNING: [PSU-2]  Parameter : PCW_UIPARAM_DDR_DQS_TO_CLK_DELAY_1 has negative value -0.006 . PS DDR interfaces might fail when entering negative DQS skew values. 
CRITICAL WARNING: [PSU-3]  Parameter : PCW_UIPARAM_DDR_DQS_TO_CLK_DELAY_2 has negative value -0.009 . PS DDR interfaces might fail when entering negative DQS skew values. 
CRITICAL WARNING: [PSU-4]  Parameter : PCW_UIPARAM_DDR_DQS_TO_CLK_DELAY_3 has negative value -0.033 . PS DDR interfaces might fail when entering negative DQS skew values. 
startgroup
set_property CONFIG.PCW_FPGA1_PERIPHERAL_FREQMHZ {120} [get_bd_cells processing_system7_0]
CRITICAL WARNING: [PSU-1]  Parameter : PCW_UIPARAM_DDR_DQS_TO_CLK_DELAY_0 has negative value -0.051 . PS DDR interfaces might fail when entering negative DQS skew values. 
CRITICAL WARNING: [PSU-2]  Parameter : PCW_UIPARAM_DDR_DQS_TO_CLK_DELAY_1 has negative value -0.006 . PS DDR interfaces might fail when entering negative DQS skew values. 
CRITICAL WARNING: [PSU-3]  Parameter : PCW_UIPARAM_DDR_DQS_TO_CLK_DELAY_2 has negative value -0.009 . PS DDR interfaces might fail when entering negative DQS skew values. 
CRITICAL WARNING: [PSU-4]  Parameter : PCW_UIPARAM_DDR_DQS_TO_CLK_DELAY_3 has negative value -0.033 . PS DDR interfaces might fail when entering negative DQS skew values. 
endgroup
CRITICAL WARNING: [filemgmt 56-176] Module references are not supported in manual compile order mode and will be ignored.
reset_run system_processing_system7_0_0_synth_1
reset_run synth_1
INFO: [Project 1-1161] Replacing file /home/jsp/Storage/CFU_PYNQ_FIles/CFU_SRC/pynq_z2/pynq_z2/arunQAFDHGDZXVNBDXG_gae.srcs/utils_1/imports/synth_1/system_wrapper.dcp with file /home/jsp/Storage/CFU_PYNQ_FIles/CFU_SRC/pynq_z2/pynq_z2/arunQAFDHGDZXVNBDXG_gae.runs/synth_1/Top.dcp
WARNING: [filemgmt 56-199] Attempt to get parsing info during refresh. "On-the-fly" syntax checking information may be incorrect. [/home/jsp/Storage/CFU_PYNQ_FIles/CFU_SRC/Top.v:]
WARNING: [filemgmt 56-199] Attempt to get parsing info during refresh. "On-the-fly" syntax checking information may be incorrect. [/home/jsp/Storage/CFU_PYNQ_FIles/CFU_SRC/pynq_z2/pynq_z2/arunQAFDHGDZXVNBDXG_gae.gen/sources_1/bd/system/hdl/system_wrapper.v:]
WARNING: [filemgmt 56-199] Attempt to get parsing info during refresh. "On-the-fly" syntax checking information may be incorrect. [/home/jsp/Storage/CFU_PYNQ_FIles/CFU_SRC/pynq_z2/pynq_z2/arunQAFDHGDZXVNBDXG_gae.srcs/sources_1/new/tul_pynq_z2.v:]
WARNING: [filemgmt 56-199] Attempt to get parsing info during refresh. "On-the-fly" syntax checking information may be incorrect. [/home/jsp/Storage/CFU_PYNQ_FIles/CFU_SRC/pynq_z2/pynq_z2/arunQAFDHGDZXVNBDXG_gae.gen/sources_1/bd/system/hdl/system_wrapper.v:]
WARNING: [filemgmt 56-199] Attempt to get parsing info during refresh. "On-the-fly" syntax checking information may be incorrect. [/home/jsp/Storage/CFU_PYNQ_FIles/CFU_SRC/pynq_z2/pynq_z2/arunQAFDHGDZXVNBDXG_gae.gen/sources_1/bd/system/hdl/system_wrapper.v:]
WARNING: [filemgmt 56-199] Attempt to get parsing info during refresh. "On-the-fly" syntax checking information may be incorrect. [/home/jsp/Storage/CFU_PYNQ_FIles/CFU_SRC/Top.v:]
WARNING: [filemgmt 56-199] Attempt to get parsing info during refresh. "On-the-fly" syntax checking information may be incorrect. [/home/jsp/Storage/CFU_PYNQ_FIles/CFU_SRC/pynq_z2/pynq_z2/arunQAFDHGDZXVNBDXG_gae.gen/sources_1/bd/system/hdl/system_wrapper.v:]
WARNING: [filemgmt 56-199] Attempt to get parsing info during refresh. "On-the-fly" syntax checking information may be incorrect. [/home/jsp/Storage/CFU_PYNQ_FIles/CFU_SRC/pynq_z2/pynq_z2/arunQAFDHGDZXVNBDXG_gae.srcs/sources_1/new/tul_pynq_z2.v:]
WARNING: [filemgmt 56-199] Attempt to get parsing info during refresh. "On-the-fly" syntax checking information may be incorrect. [/home/jsp/Storage/CFU_PYNQ_FIles/CFU_SRC/Top.v:]
WARNING: [filemgmt 56-199] Attempt to get parsing info during refresh. "On-the-fly" syntax checking information may be incorrect. [/home/jsp/Storage/CFU_PYNQ_FIles/CFU_SRC/Top.v:]
WARNING: [filemgmt 56-199] Attempt to get parsing info during refresh. "On-the-fly" syntax checking information may be incorrect. [/home/jsp/Storage/CFU_PYNQ_FIles/CFU_SRC/Top.v:]
WARNING: [filemgmt 56-199] Attempt to get parsing info during refresh. "On-the-fly" syntax checking information may be incorrect. [/home/jsp/Storage/CFU_PYNQ_FIles/CFU_SRC/pynq_z2/pynq_z2/arunQAFDHGDZXVNBDXG_gae.gen/sources_1/bd/system/hdl/system_wrapper.v:]
WARNING: [filemgmt 56-199] Attempt to get parsing info during refresh. "On-the-fly" syntax checking information may be incorrect. [/home/jsp/Storage/CFU_PYNQ_FIles/CFU_SRC/pynq_z2/pynq_z2/arunQAFDHGDZXVNBDXG_gae.srcs/sources_1/new/tul_pynq_z2.v:]
WARNING: [filemgmt 56-199] Attempt to get parsing info during refresh. "On-the-fly" syntax checking information may be incorrect. [/home/jsp/Storage/CFU_PYNQ_FIles/CFU_SRC/pynq_z2/pynq_z2/arunQAFDHGDZXVNBDXG_gae.gen/sources_1/bd/system/hdl/system_wrapper.v:]
WARNING: [filemgmt 56-199] Attempt to get parsing info during refresh. "On-the-fly" syntax checking information may be incorrect. [/home/jsp/Storage/CFU_PYNQ_FIles/CFU_SRC/pynq_z2/pynq_z2/arunQAFDHGDZXVNBDXG_gae.gen/sources_1/bd/system/hdl/system_wrapper.v:]
save_bd_design
Wrote  : </home/jsp/Storage/CFU_PYNQ_FIles/CFU_SRC/pynq_z2/pynq_z2/arunQAFDHGDZXVNBDXG_gae.srcs/sources_1/bd/system/system.bd> 
CRITICAL WARNING: [filemgmt 56-176] Module references are not supported in manual compile order mode and will be ignored.
launch_runs impl_1 -jobs 12
WARNING: [BD 41-702] Propagation TCL tries to overwrite USER strength parameter PCW_M_AXI_GP0_FREQMHZ(10) on '/processing_system7_0' with propagated value(100). Command ignored
Wrote  : </home/jsp/Storage/CFU_PYNQ_FIles/CFU_SRC/pynq_z2/pynq_z2/arunQAFDHGDZXVNBDXG_gae.srcs/sources_1/bd/system/system.bd> 
Verilog Output written to : /home/jsp/Storage/CFU_PYNQ_FIles/CFU_SRC/pynq_z2/pynq_z2/arunQAFDHGDZXVNBDXG_gae.gen/sources_1/bd/system/synth/system.v
Verilog Output written to : /home/jsp/Storage/CFU_PYNQ_FIles/CFU_SRC/pynq_z2/pynq_z2/arunQAFDHGDZXVNBDXG_gae.gen/sources_1/bd/system/sim/system.v
Verilog Output written to : /home/jsp/Storage/CFU_PYNQ_FIles/CFU_SRC/pynq_z2/pynq_z2/arunQAFDHGDZXVNBDXG_gae.gen/sources_1/bd/system/hdl/system_wrapper.v
INFO: [IP_Flow 19-5611] Unable to find an associated reset port for the interface 'M_AXI_GP0'. A default connection has been created.
INFO: [BD 41-1029] Generation completed for the IP Integrator block processing_system7_0 .
WARNING: [IP_Flow 19-4994] Overwriting existing constraint file '/home/jsp/Storage/CFU_PYNQ_FIles/CFU_SRC/pynq_z2/pynq_z2/arunQAFDHGDZXVNBDXG_gae.gen/sources_1/bd/system/ip/system_auto_pc_0/system_auto_pc_0_ooc.xdc'
INFO: [BD 41-1029] Generation completed for the IP Integrator block ps7_0_axi_periph/s00_couplers/auto_pc .
Exporting to file /home/jsp/Storage/CFU_PYNQ_FIles/CFU_SRC/pynq_z2/pynq_z2/arunQAFDHGDZXVNBDXG_gae.gen/sources_1/bd/system/hw_handoff/system.hwh
Generated Hardware Definition File /home/jsp/Storage/CFU_PYNQ_FIles/CFU_SRC/pynq_z2/pynq_z2/arunQAFDHGDZXVNBDXG_gae.gen/sources_1/bd/system/synth/system.hwdef
INFO: [IP_Flow 19-6924] IPCACHE: Running cache check for IP inst: system_auto_pc_0
INFO: [IP_Flow 19-6922] IPCACHE: Exporting cached entry 28dbe6f2fca8b92b to dir: /home/jsp/Storage/CFU_PYNQ_FIles/CFU_SRC/pynq_z2/pynq_z2/arunQAFDHGDZXVNBDXG_gae.gen/sources_1/bd/system/ip/system_auto_pc_0
INFO: [IP_Flow 19-6928] IPCACHE: copied cached file /home/jsp/Storage/CFU_PYNQ_FIles/CFU_SRC/pynq_z2/pynq_z2/arunQAFDHGDZXVNBDXG_gae.cache/ip/2024.1/2/8/28dbe6f2fca8b92b/system_auto_pc_0_sim_netlist.v to /home/jsp/Storage/CFU_PYNQ_FIles/CFU_SRC/pynq_z2/pynq_z2/arunQAFDHGDZXVNBDXG_gae.gen/sources_1/bd/system/ip/system_auto_pc_0/system_auto_pc_0_sim_netlist.v.
INFO: [IP_Flow 19-6926] IPCACHE: added file to list for BOM: /home/jsp/Storage/CFU_PYNQ_FIles/CFU_SRC/pynq_z2/pynq_z2/arunQAFDHGDZXVNBDXG_gae.gen/sources_1/bd/system/ip/system_auto_pc_0/system_auto_pc_0_sim_netlist.v
INFO: [IP_Flow 19-6928] IPCACHE: copied cached file /home/jsp/Storage/CFU_PYNQ_FIles/CFU_SRC/pynq_z2/pynq_z2/arunQAFDHGDZXVNBDXG_gae.cache/ip/2024.1/2/8/28dbe6f2fca8b92b/system_auto_pc_0_stub.v to /home/jsp/Storage/CFU_PYNQ_FIles/CFU_SRC/pynq_z2/pynq_z2/arunQAFDHGDZXVNBDXG_gae.gen/sources_1/bd/system/ip/system_auto_pc_0/system_auto_pc_0_stub.v.
INFO: [IP_Flow 19-6926] IPCACHE: added file to list for BOM: /home/jsp/Storage/CFU_PYNQ_FIles/CFU_SRC/pynq_z2/pynq_z2/arunQAFDHGDZXVNBDXG_gae.gen/sources_1/bd/system/ip/system_auto_pc_0/system_auto_pc_0_stub.v
INFO: [IP_Flow 19-6928] IPCACHE: copied cached file /home/jsp/Storage/CFU_PYNQ_FIles/CFU_SRC/pynq_z2/pynq_z2/arunQAFDHGDZXVNBDXG_gae.cache/ip/2024.1/2/8/28dbe6f2fca8b92b/system_auto_pc_0_sim_netlist.vhdl to /home/jsp/Storage/CFU_PYNQ_FIles/CFU_SRC/pynq_z2/pynq_z2/arunQAFDHGDZXVNBDXG_gae.gen/sources_1/bd/system/ip/system_auto_pc_0/system_auto_pc_0_sim_netlist.vhdl.
INFO: [IP_Flow 19-6926] IPCACHE: added file to list for BOM: /home/jsp/Storage/CFU_PYNQ_FIles/CFU_SRC/pynq_z2/pynq_z2/arunQAFDHGDZXVNBDXG_gae.gen/sources_1/bd/system/ip/system_auto_pc_0/system_auto_pc_0_sim_netlist.vhdl
INFO: [IP_Flow 19-6928] IPCACHE: copied cached file /home/jsp/Storage/CFU_PYNQ_FIles/CFU_SRC/pynq_z2/pynq_z2/arunQAFDHGDZXVNBDXG_gae.cache/ip/2024.1/2/8/28dbe6f2fca8b92b/system_auto_pc_0.dcp to /home/jsp/Storage/CFU_PYNQ_FIles/CFU_SRC/pynq_z2/pynq_z2/arunQAFDHGDZXVNBDXG_gae.gen/sources_1/bd/system/ip/system_auto_pc_0/system_auto_pc_0.dcp.
INFO: [IP_Flow 19-6926] IPCACHE: added file to list for BOM: /home/jsp/Storage/CFU_PYNQ_FIles/CFU_SRC/pynq_z2/pynq_z2/arunQAFDHGDZXVNBDXG_gae.gen/sources_1/bd/system/ip/system_auto_pc_0/system_auto_pc_0.dcp
INFO: [IP_Flow 19-6928] IPCACHE: copied cached file /home/jsp/Storage/CFU_PYNQ_FIles/CFU_SRC/pynq_z2/pynq_z2/arunQAFDHGDZXVNBDXG_gae.cache/ip/2024.1/2/8/28dbe6f2fca8b92b/system_auto_pc_0_stub.vhdl to /home/jsp/Storage/CFU_PYNQ_FIles/CFU_SRC/pynq_z2/pynq_z2/arunQAFDHGDZXVNBDXG_gae.gen/sources_1/bd/system/ip/system_auto_pc_0/system_auto_pc_0_stub.vhdl.
INFO: [IP_Flow 19-6926] IPCACHE: added file to list for BOM: /home/jsp/Storage/CFU_PYNQ_FIles/CFU_SRC/pynq_z2/pynq_z2/arunQAFDHGDZXVNBDXG_gae.gen/sources_1/bd/system/ip/system_auto_pc_0/system_auto_pc_0_stub.vhdl
INFO: [IP_Flow 19-4993] Using cached IP synthesis design for IP system_auto_pc_0, cache-ID = 28dbe6f2fca8b92b; cache size = 3.220 MB.
CRITICAL WARNING: [filemgmt 56-176] Module references are not supported in manual compile order mode and will be ignored.
WARNING: [Project 1-478] Design 'synth_1' is stale and will not be used when launching 'impl_1'
[Sat Nov  8 04:54:00 2025] Launched system_processing_system7_0_0_synth_1, synth_1...
Run output will be captured here:
system_processing_system7_0_0_synth_1: /home/jsp/Storage/CFU_PYNQ_FIles/CFU_SRC/pynq_z2/pynq_z2/arunQAFDHGDZXVNBDXG_gae.runs/system_processing_system7_0_0_synth_1/runme.log
synth_1: /home/jsp/Storage/CFU_PYNQ_FIles/CFU_SRC/pynq_z2/pynq_z2/arunQAFDHGDZXVNBDXG_gae.runs/synth_1/runme.log
[Sat Nov  8 04:54:00 2025] Launched impl_1...
Run output will be captured here: /home/jsp/Storage/CFU_PYNQ_FIles/CFU_SRC/pynq_z2/pynq_z2/arunQAFDHGDZXVNBDXG_gae.runs/impl_1/runme.log
launch_runs: Time (s): cpu = 00:00:35 ; elapsed = 00:00:29 . Memory (MB): peak = 15522.977 ; gain = 217.996 ; free physical = 3855 ; free virtual = 17349
WARNING: [filemgmt 56-199] Attempt to get parsing info during refresh. "On-the-fly" syntax checking information may be incorrect. [/home/jsp/Storage/CFU_PYNQ_FIles/CFU_SRC/Top.v:]
WARNING: [filemgmt 56-199] Attempt to get parsing info during refresh. "On-the-fly" syntax checking information may be incorrect. [/home/jsp/Storage/CFU_PYNQ_FIles/CFU_SRC/pynq_z2/pynq_z2/arunQAFDHGDZXVNBDXG_gae.gen/sources_1/bd/system/hdl/system_wrapper.v:]
WARNING: [filemgmt 56-199] Attempt to get parsing info during refresh. "On-the-fly" syntax checking information may be incorrect. [/home/jsp/Storage/CFU_PYNQ_FIles/CFU_SRC/pynq_z2/pynq_z2/arunQAFDHGDZXVNBDXG_gae.srcs/sources_1/new/tul_pynq_z2.v:]
WARNING: [filemgmt 56-199] Attempt to get parsing info during refresh. "On-the-fly" syntax checking information may be incorrect. [/home/jsp/Storage/CFU_PYNQ_FIles/CFU_SRC/pynq_z2/pynq_z2/arunQAFDHGDZXVNBDXG_gae.gen/sources_1/bd/system/hdl/system_wrapper.v:]
WARNING: [filemgmt 56-199] Attempt to get parsing info during refresh. "On-the-fly" syntax checking information may be incorrect. [/home/jsp/Storage/CFU_PYNQ_FIles/CFU_SRC/pynq_z2/pynq_z2/arunQAFDHGDZXVNBDXG_gae.gen/sources_1/bd/system/hdl/system_wrapper.v:]
WARNING: [filemgmt 56-199] Attempt to get parsing info during refresh. "On-the-fly" syntax checking information may be incorrect. [/home/jsp/Storage/CFU_PYNQ_FIles/CFU_SRC/Top.v:]
WARNING: [filemgmt 56-199] Attempt to get parsing info during refresh. "On-the-fly" syntax checking information may be incorrect. [/home/jsp/Storage/CFU_PYNQ_FIles/CFU_SRC/pynq_z2/pynq_z2/arunQAFDHGDZXVNBDXG_gae.gen/sources_1/bd/system/hdl/system_wrapper.v:]
WARNING: [filemgmt 56-199] Attempt to get parsing info during refresh. "On-the-fly" syntax checking information may be incorrect. [/home/jsp/Storage/CFU_PYNQ_FIles/CFU_SRC/pynq_z2/pynq_z2/arunQAFDHGDZXVNBDXG_gae.srcs/sources_1/new/tul_pynq_z2.v:]
WARNING: [filemgmt 56-199] Attempt to get parsing info during refresh. "On-the-fly" syntax checking information may be incorrect. [/home/jsp/Storage/CFU_PYNQ_FIles/CFU_SRC/pynq_z2/pynq_z2/arunQAFDHGDZXVNBDXG_gae.srcs/sources_1/new/tul_pynq_z2.v:]
WARNING: [filemgmt 56-199] Attempt to get parsing info during refresh. "On-the-fly" syntax checking information may be incorrect. [/home/jsp/Storage/CFU_PYNQ_FIles/CFU_SRC/pynq_z2/pynq_z2/arunQAFDHGDZXVNBDXG_gae.srcs/sources_1/new/tul_pynq_z2.v:]
WARNING: [filemgmt 56-199] Attempt to get parsing info during refresh. "On-the-fly" syntax checking information may be incorrect. [/home/jsp/Storage/CFU_PYNQ_FIles/CFU_SRC/Top.v:]
WARNING: [filemgmt 56-199] Attempt to get parsing info during refresh. "On-the-fly" syntax checking information may be incorrect. [/home/jsp/Storage/CFU_PYNQ_FIles/CFU_SRC/pynq_z2/pynq_z2/arunQAFDHGDZXVNBDXG_gae.gen/sources_1/bd/system/hdl/system_wrapper.v:]
WARNING: [filemgmt 56-199] Attempt to get parsing info during refresh. "On-the-fly" syntax checking information may be incorrect. [/home/jsp/Storage/CFU_PYNQ_FIles/CFU_SRC/pynq_z2/pynq_z2/arunQAFDHGDZXVNBDXG_gae.srcs/sources_1/new/tul_pynq_z2.v:]
WARNING: [filemgmt 56-199] Attempt to get parsing info during refresh. "On-the-fly" syntax checking information may be incorrect. [/home/jsp/Storage/CFU_PYNQ_FIles/CFU_SRC/pynq_z2/pynq_z2/arunQAFDHGDZXVNBDXG_gae.gen/sources_1/bd/system/hdl/system_wrapper.v:]
WARNING: [filemgmt 56-199] Attempt to get parsing info during refresh. "On-the-fly" syntax checking information may be incorrect. [/home/jsp/Storage/CFU_PYNQ_FIles/CFU_SRC/pynq_z2/pynq_z2/arunQAFDHGDZXVNBDXG_gae.gen/sources_1/bd/system/hdl/system_wrapper.v:]
create_ip_run [get_files -of_objects [get_fileset sources_1] /home/jsp/Storage/CFU_PYNQ_FIles/CFU_SRC/pynq_z2/pynq_z2/arunQAFDHGDZXVNBDXG_gae.srcs/sources_1/bd/system/system.bd]
refresh_design
Netlist sorting complete. Time (s): cpu = 00:00:00.13 ; elapsed = 00:00:00.05 . Memory (MB): peak = 15522.977 ; gain = 0.000 ; free physical = 2002 ; free virtual = 15518
INFO: [Netlist 29-17] Analyzing 218 Unisim elements for replacement
INFO: [Netlist 29-28] Unisim Transformation completed in 0 CPU seconds
INFO: [Project 1-479] Netlist was created with Vivado 2024.1
INFO: [Project 1-570] Preparing netlist for logic optimization
Read ShapeDB Complete: Time (s): cpu = 00:00:00.01 ; elapsed = 00:00:00.01 . Memory (MB): peak = 15522.977 ; gain = 0.000 ; free physical = 2004 ; free virtual = 15519
INFO: [Timing 38-478] Restoring timing data from binary archive.
INFO: [Timing 38-479] Binary timing data restore complete.
INFO: [Project 1-856] Restoring constraints from binary archive.
INFO: [Project 1-853] Binary constraint restore complete.
INFO: [Designutils 20-5722] Start Reading Physical Databases.
Reading placement.
Read Netlist Cache: Time (s): cpu = 00:00:00 ; elapsed = 00:00:00 . Memory (MB): peak = 15522.977 ; gain = 0.000 ; free physical = 2005 ; free virtual = 15520
Reading placer database...
Read Device Cache: Time (s): cpu = 00:00:00.02 ; elapsed = 00:00:00.01 . Memory (MB): peak = 15522.977 ; gain = 0.000 ; free physical = 2005 ; free virtual = 15520
Read PlaceDB: Time (s): cpu = 00:00:00.27 ; elapsed = 00:00:00.24 . Memory (MB): peak = 15522.977 ; gain = 0.000 ; free physical = 4006 ; free virtual = 17522
Read PulsedLatchDB: Time (s): cpu = 00:00:00 ; elapsed = 00:00:00 . Memory (MB): peak = 15522.977 ; gain = 0.000 ; free physical = 4006 ; free virtual = 17522
Reading routing.
Read RouteStorage: Time (s): cpu = 00:00:00.12 ; elapsed = 00:00:00.08 . Memory (MB): peak = 15522.977 ; gain = 0.000 ; free physical = 4006 ; free virtual = 17522
Read Physdb Files: Time (s): cpu = 00:00:00.42 ; elapsed = 00:00:00.35 . Memory (MB): peak = 15522.977 ; gain = 0.000 ; free physical = 4006 ; free virtual = 17522
Restored from archive | CPU: 0.420000 secs | Memory: 7.849648 MB |
Finished XDEF File Restore: Time (s): cpu = 00:00:00.43 ; elapsed = 00:00:00.35 . Memory (MB): peak = 15522.977 ; gain = 0.000 ; free physical = 4006 ; free virtual = 17522
WARNING: [filemgmt 56-199] Attempt to get parsing info during refresh. "On-the-fly" syntax checking information may be incorrect. [/home/jsp/Storage/CFU_PYNQ_FIles/CFU_SRC/Top.v:]
WARNING: [filemgmt 56-199] Attempt to get parsing info during refresh. "On-the-fly" syntax checking information may be incorrect. [/home/jsp/Storage/CFU_PYNQ_FIles/CFU_SRC/pynq_z2/pynq_z2/arunQAFDHGDZXVNBDXG_gae.gen/sources_1/bd/system/hdl/system_wrapper.v:]
WARNING: [filemgmt 56-199] Attempt to get parsing info during refresh. "On-the-fly" syntax checking information may be incorrect. [/home/jsp/Storage/CFU_PYNQ_FIles/CFU_SRC/pynq_z2/pynq_z2/arunQAFDHGDZXVNBDXG_gae.srcs/sources_1/new/tul_pynq_z2.v:]
WARNING: [filemgmt 56-199] Attempt to get parsing info during refresh. "On-the-fly" syntax checking information may be incorrect. [/home/jsp/Storage/CFU_PYNQ_FIles/CFU_SRC/pynq_z2/pynq_z2/arunQAFDHGDZXVNBDXG_gae.gen/sources_1/bd/system/hdl/system_wrapper.v:]
WARNING: [filemgmt 56-199] Attempt to get parsing info during refresh. "On-the-fly" syntax checking information may be incorrect. [/home/jsp/Storage/CFU_PYNQ_FIles/CFU_SRC/pynq_z2/pynq_z2/arunQAFDHGDZXVNBDXG_gae.gen/sources_1/bd/system/hdl/system_wrapper.v:]
CRITICAL WARNING: [Timing 38-282] The design failed to meet the timing requirements. Please see the timing summary report for details on the timing violations.
open_bd_design {/home/jsp/Storage/CFU_PYNQ_FIles/CFU_SRC/pynq_z2/pynq_z2/arunQAFDHGDZXVNBDXG_gae.srcs/sources_1/bd/system/system.bd}
CRITICAL WARNING: [PSU-1]  Parameter : PCW_UIPARAM_DDR_DQS_TO_CLK_DELAY_0 has negative value -0.051 . PS DDR interfaces might fail when entering negative DQS skew values. 
CRITICAL WARNING: [PSU-2]  Parameter : PCW_UIPARAM_DDR_DQS_TO_CLK_DELAY_1 has negative value -0.006 . PS DDR interfaces might fail when entering negative DQS skew values. 
CRITICAL WARNING: [PSU-3]  Parameter : PCW_UIPARAM_DDR_DQS_TO_CLK_DELAY_2 has negative value -0.009 . PS DDR interfaces might fail when entering negative DQS skew values. 
CRITICAL WARNING: [PSU-4]  Parameter : PCW_UIPARAM_DDR_DQS_TO_CLK_DELAY_3 has negative value -0.033 . PS DDR interfaces might fail when entering negative DQS skew values. 
WARNING: [IP_Flow 19-474] Invalid Parameter 'Component_Name'
CRITICAL WARNING: [PSU-1]  Parameter : PCW_UIPARAM_DDR_DQS_TO_CLK_DELAY_0 has negative value -0.051 . PS DDR interfaces might fail when entering negative DQS skew values. 
CRITICAL WARNING: [PSU-2]  Parameter : PCW_UIPARAM_DDR_DQS_TO_CLK_DELAY_1 has negative value -0.006 . PS DDR interfaces might fail when entering negative DQS skew values. 
CRITICAL WARNING: [PSU-3]  Parameter : PCW_UIPARAM_DDR_DQS_TO_CLK_DELAY_2 has negative value -0.009 . PS DDR interfaces might fail when entering negative DQS skew values. 
CRITICAL WARNING: [PSU-4]  Parameter : PCW_UIPARAM_DDR_DQS_TO_CLK_DELAY_3 has negative value -0.033 . PS DDR interfaces might fail when entering negative DQS skew values. 
startgroup
set_property CONFIG.PCW_FPGA1_PERIPHERAL_FREQMHZ {100} [get_bd_cells processing_system7_0]
CRITICAL WARNING: [PSU-1]  Parameter : PCW_UIPARAM_DDR_DQS_TO_CLK_DELAY_0 has negative value -0.051 . PS DDR interfaces might fail when entering negative DQS skew values. 
CRITICAL WARNING: [PSU-2]  Parameter : PCW_UIPARAM_DDR_DQS_TO_CLK_DELAY_1 has negative value -0.006 . PS DDR interfaces might fail when entering negative DQS skew values. 
CRITICAL WARNING: [PSU-3]  Parameter : PCW_UIPARAM_DDR_DQS_TO_CLK_DELAY_2 has negative value -0.009 . PS DDR interfaces might fail when entering negative DQS skew values. 
CRITICAL WARNING: [PSU-4]  Parameter : PCW_UIPARAM_DDR_DQS_TO_CLK_DELAY_3 has negative value -0.033 . PS DDR interfaces might fail when entering negative DQS skew values. 
endgroup
CRITICAL WARNING: [filemgmt 56-176] Module references are not supported in manual compile order mode and will be ignored.
reset_run system_processing_system7_0_0_synth_1
reset_run synth_1
INFO: [Project 1-1161] Replacing file /home/jsp/Storage/CFU_PYNQ_FIles/CFU_SRC/pynq_z2/pynq_z2/arunQAFDHGDZXVNBDXG_gae.srcs/utils_1/imports/synth_1/system_wrapper.dcp with file /home/jsp/Storage/CFU_PYNQ_FIles/CFU_SRC/pynq_z2/pynq_z2/arunQAFDHGDZXVNBDXG_gae.runs/synth_1/Top.dcp
WARNING: [filemgmt 56-199] Attempt to get parsing info during refresh. "On-the-fly" syntax checking information may be incorrect. [/home/jsp/Storage/CFU_PYNQ_FIles/CFU_SRC/Top.v:]
WARNING: [filemgmt 56-199] Attempt to get parsing info during refresh. "On-the-fly" syntax checking information may be incorrect. [/home/jsp/Storage/CFU_PYNQ_FIles/CFU_SRC/pynq_z2/pynq_z2/arunQAFDHGDZXVNBDXG_gae.gen/sources_1/bd/system/hdl/system_wrapper.v:]
WARNING: [filemgmt 56-199] Attempt to get parsing info during refresh. "On-the-fly" syntax checking information may be incorrect. [/home/jsp/Storage/CFU_PYNQ_FIles/CFU_SRC/pynq_z2/pynq_z2/arunQAFDHGDZXVNBDXG_gae.srcs/sources_1/new/tul_pynq_z2.v:]
WARNING: [filemgmt 56-199] Attempt to get parsing info during refresh. "On-the-fly" syntax checking information may be incorrect. [/home/jsp/Storage/CFU_PYNQ_FIles/CFU_SRC/pynq_z2/pynq_z2/arunQAFDHGDZXVNBDXG_gae.gen/sources_1/bd/system/hdl/system_wrapper.v:]
WARNING: [filemgmt 56-199] Attempt to get parsing info during refresh. "On-the-fly" syntax checking information may be incorrect. [/home/jsp/Storage/CFU_PYNQ_FIles/CFU_SRC/pynq_z2/pynq_z2/arunQAFDHGDZXVNBDXG_gae.gen/sources_1/bd/system/hdl/system_wrapper.v:]
WARNING: [filemgmt 56-199] Attempt to get parsing info during refresh. "On-the-fly" syntax checking information may be incorrect. [/home/jsp/Storage/CFU_PYNQ_FIles/CFU_SRC/Top.v:]
WARNING: [filemgmt 56-199] Attempt to get parsing info during refresh. "On-the-fly" syntax checking information may be incorrect. [/home/jsp/Storage/CFU_PYNQ_FIles/CFU_SRC/pynq_z2/pynq_z2/arunQAFDHGDZXVNBDXG_gae.gen/sources_1/bd/system/hdl/system_wrapper.v:]
WARNING: [filemgmt 56-199] Attempt to get parsing info during refresh. "On-the-fly" syntax checking information may be incorrect. [/home/jsp/Storage/CFU_PYNQ_FIles/CFU_SRC/pynq_z2/pynq_z2/arunQAFDHGDZXVNBDXG_gae.srcs/sources_1/new/tul_pynq_z2.v:]
WARNING: [filemgmt 56-199] Attempt to get parsing info during refresh. "On-the-fly" syntax checking information may be incorrect. [/home/jsp/Storage/CFU_PYNQ_FIles/CFU_SRC/pynq_z2/pynq_z2/arunQAFDHGDZXVNBDXG_gae.gen/sources_1/bd/system/hdl/system_wrapper.v:]
WARNING: [filemgmt 56-199] Attempt to get parsing info during refresh. "On-the-fly" syntax checking information may be incorrect. [/home/jsp/Storage/CFU_PYNQ_FIles/CFU_SRC/pynq_z2/pynq_z2/arunQAFDHGDZXVNBDXG_gae.gen/sources_1/bd/system/hdl/system_wrapper.v:]
WARNING: [filemgmt 56-199] Attempt to get parsing info during refresh. "On-the-fly" syntax checking information may be incorrect. [/home/jsp/Storage/CFU_PYNQ_FIles/CFU_SRC/Top.v:]
WARNING: [filemgmt 56-199] Attempt to get parsing info during refresh. "On-the-fly" syntax checking information may be incorrect. [/home/jsp/Storage/CFU_PYNQ_FIles/CFU_SRC/pynq_z2/pynq_z2/arunQAFDHGDZXVNBDXG_gae.gen/sources_1/bd/system/hdl/system_wrapper.v:]
WARNING: [filemgmt 56-199] Attempt to get parsing info during refresh. "On-the-fly" syntax checking information may be incorrect. [/home/jsp/Storage/CFU_PYNQ_FIles/CFU_SRC/pynq_z2/pynq_z2/arunQAFDHGDZXVNBDXG_gae.srcs/sources_1/new/tul_pynq_z2.v:]
WARNING: [filemgmt 56-199] Attempt to get parsing info during refresh. "On-the-fly" syntax checking information may be incorrect. [/home/jsp/Storage/CFU_PYNQ_FIles/CFU_SRC/Top.v:]
WARNING: [filemgmt 56-199] Attempt to get parsing info during refresh. "On-the-fly" syntax checking information may be incorrect. [/home/jsp/Storage/CFU_PYNQ_FIles/CFU_SRC/Top.v:]
save_bd_design
Wrote  : </home/jsp/Storage/CFU_PYNQ_FIles/CFU_SRC/pynq_z2/pynq_z2/arunQAFDHGDZXVNBDXG_gae.srcs/sources_1/bd/system/system.bd> 
launch_runs impl_1 -jobs 12
CRITICAL WARNING: [filemgmt 56-176] Module references are not supported in manual compile order mode and will be ignored.
WARNING: [BD 41-702] Propagation TCL tries to overwrite USER strength parameter PCW_M_AXI_GP0_FREQMHZ(10) on '/processing_system7_0' with propagated value(100). Command ignored
Wrote  : </home/jsp/Storage/CFU_PYNQ_FIles/CFU_SRC/pynq_z2/pynq_z2/arunQAFDHGDZXVNBDXG_gae.srcs/sources_1/bd/system/system.bd> 
Verilog Output written to : /home/jsp/Storage/CFU_PYNQ_FIles/CFU_SRC/pynq_z2/pynq_z2/arunQAFDHGDZXVNBDXG_gae.gen/sources_1/bd/system/synth/system.v
Verilog Output written to : /home/jsp/Storage/CFU_PYNQ_FIles/CFU_SRC/pynq_z2/pynq_z2/arunQAFDHGDZXVNBDXG_gae.gen/sources_1/bd/system/sim/system.v
Verilog Output written to : /home/jsp/Storage/CFU_PYNQ_FIles/CFU_SRC/pynq_z2/pynq_z2/arunQAFDHGDZXVNBDXG_gae.gen/sources_1/bd/system/hdl/system_wrapper.v
INFO: [IP_Flow 19-5611] Unable to find an associated reset port for the interface 'M_AXI_GP0'. A default connection has been created.
INFO: [BD 41-1029] Generation completed for the IP Integrator block processing_system7_0 .
WARNING: [IP_Flow 19-4994] Overwriting existing constraint file '/home/jsp/Storage/CFU_PYNQ_FIles/CFU_SRC/pynq_z2/pynq_z2/arunQAFDHGDZXVNBDXG_gae.gen/sources_1/bd/system/ip/system_auto_pc_0/system_auto_pc_0_ooc.xdc'
INFO: [BD 41-1029] Generation completed for the IP Integrator block ps7_0_axi_periph/s00_couplers/auto_pc .
Exporting to file /home/jsp/Storage/CFU_PYNQ_FIles/CFU_SRC/pynq_z2/pynq_z2/arunQAFDHGDZXVNBDXG_gae.gen/sources_1/bd/system/hw_handoff/system.hwh
Generated Hardware Definition File /home/jsp/Storage/CFU_PYNQ_FIles/CFU_SRC/pynq_z2/pynq_z2/arunQAFDHGDZXVNBDXG_gae.gen/sources_1/bd/system/synth/system.hwdef
INFO: [IP_Flow 19-6924] IPCACHE: Running cache check for IP inst: system_auto_pc_0
INFO: [IP_Flow 19-6922] IPCACHE: Exporting cached entry 28dbe6f2fca8b92b to dir: /home/jsp/Storage/CFU_PYNQ_FIles/CFU_SRC/pynq_z2/pynq_z2/arunQAFDHGDZXVNBDXG_gae.gen/sources_1/bd/system/ip/system_auto_pc_0
INFO: [IP_Flow 19-6928] IPCACHE: copied cached file /home/jsp/Storage/CFU_PYNQ_FIles/CFU_SRC/pynq_z2/pynq_z2/arunQAFDHGDZXVNBDXG_gae.cache/ip/2024.1/2/8/28dbe6f2fca8b92b/system_auto_pc_0_sim_netlist.v to /home/jsp/Storage/CFU_PYNQ_FIles/CFU_SRC/pynq_z2/pynq_z2/arunQAFDHGDZXVNBDXG_gae.gen/sources_1/bd/system/ip/system_auto_pc_0/system_auto_pc_0_sim_netlist.v.
INFO: [IP_Flow 19-6926] IPCACHE: added file to list for BOM: /home/jsp/Storage/CFU_PYNQ_FIles/CFU_SRC/pynq_z2/pynq_z2/arunQAFDHGDZXVNBDXG_gae.gen/sources_1/bd/system/ip/system_auto_pc_0/system_auto_pc_0_sim_netlist.v
INFO: [IP_Flow 19-6928] IPCACHE: copied cached file /home/jsp/Storage/CFU_PYNQ_FIles/CFU_SRC/pynq_z2/pynq_z2/arunQAFDHGDZXVNBDXG_gae.cache/ip/2024.1/2/8/28dbe6f2fca8b92b/system_auto_pc_0_stub.v to /home/jsp/Storage/CFU_PYNQ_FIles/CFU_SRC/pynq_z2/pynq_z2/arunQAFDHGDZXVNBDXG_gae.gen/sources_1/bd/system/ip/system_auto_pc_0/system_auto_pc_0_stub.v.
INFO: [IP_Flow 19-6926] IPCACHE: added file to list for BOM: /home/jsp/Storage/CFU_PYNQ_FIles/CFU_SRC/pynq_z2/pynq_z2/arunQAFDHGDZXVNBDXG_gae.gen/sources_1/bd/system/ip/system_auto_pc_0/system_auto_pc_0_stub.v
INFO: [IP_Flow 19-6928] IPCACHE: copied cached file /home/jsp/Storage/CFU_PYNQ_FIles/CFU_SRC/pynq_z2/pynq_z2/arunQAFDHGDZXVNBDXG_gae.cache/ip/2024.1/2/8/28dbe6f2fca8b92b/system_auto_pc_0_sim_netlist.vhdl to /home/jsp/Storage/CFU_PYNQ_FIles/CFU_SRC/pynq_z2/pynq_z2/arunQAFDHGDZXVNBDXG_gae.gen/sources_1/bd/system/ip/system_auto_pc_0/system_auto_pc_0_sim_netlist.vhdl.
INFO: [IP_Flow 19-6926] IPCACHE: added file to list for BOM: /home/jsp/Storage/CFU_PYNQ_FIles/CFU_SRC/pynq_z2/pynq_z2/arunQAFDHGDZXVNBDXG_gae.gen/sources_1/bd/system/ip/system_auto_pc_0/system_auto_pc_0_sim_netlist.vhdl
INFO: [IP_Flow 19-6928] IPCACHE: copied cached file /home/jsp/Storage/CFU_PYNQ_FIles/CFU_SRC/pynq_z2/pynq_z2/arunQAFDHGDZXVNBDXG_gae.cache/ip/2024.1/2/8/28dbe6f2fca8b92b/system_auto_pc_0.dcp to /home/jsp/Storage/CFU_PYNQ_FIles/CFU_SRC/pynq_z2/pynq_z2/arunQAFDHGDZXVNBDXG_gae.gen/sources_1/bd/system/ip/system_auto_pc_0/system_auto_pc_0.dcp.
INFO: [IP_Flow 19-6926] IPCACHE: added file to list for BOM: /home/jsp/Storage/CFU_PYNQ_FIles/CFU_SRC/pynq_z2/pynq_z2/arunQAFDHGDZXVNBDXG_gae.gen/sources_1/bd/system/ip/system_auto_pc_0/system_auto_pc_0.dcp
INFO: [IP_Flow 19-6928] IPCACHE: copied cached file /home/jsp/Storage/CFU_PYNQ_FIles/CFU_SRC/pynq_z2/pynq_z2/arunQAFDHGDZXVNBDXG_gae.cache/ip/2024.1/2/8/28dbe6f2fca8b92b/system_auto_pc_0_stub.vhdl to /home/jsp/Storage/CFU_PYNQ_FIles/CFU_SRC/pynq_z2/pynq_z2/arunQAFDHGDZXVNBDXG_gae.gen/sources_1/bd/system/ip/system_auto_pc_0/system_auto_pc_0_stub.vhdl.
INFO: [IP_Flow 19-6926] IPCACHE: added file to list for BOM: /home/jsp/Storage/CFU_PYNQ_FIles/CFU_SRC/pynq_z2/pynq_z2/arunQAFDHGDZXVNBDXG_gae.gen/sources_1/bd/system/ip/system_auto_pc_0/system_auto_pc_0_stub.vhdl
INFO: [IP_Flow 19-4993] Using cached IP synthesis design for IP system_auto_pc_0, cache-ID = 28dbe6f2fca8b92b; cache size = 3.220 MB.
CRITICAL WARNING: [filemgmt 56-176] Module references are not supported in manual compile order mode and will be ignored.
WARNING: [Project 1-478] Design 'synth_1' is stale and will not be used when launching 'impl_1'
[Sat Nov  8 04:59:51 2025] Launched system_processing_system7_0_0_synth_1, synth_1...
Run output will be captured here:
system_processing_system7_0_0_synth_1: /home/jsp/Storage/CFU_PYNQ_FIles/CFU_SRC/pynq_z2/pynq_z2/arunQAFDHGDZXVNBDXG_gae.runs/system_processing_system7_0_0_synth_1/runme.log
synth_1: /home/jsp/Storage/CFU_PYNQ_FIles/CFU_SRC/pynq_z2/pynq_z2/arunQAFDHGDZXVNBDXG_gae.runs/synth_1/runme.log
[Sat Nov  8 04:59:51 2025] Launched impl_1...
Run output will be captured here: /home/jsp/Storage/CFU_PYNQ_FIles/CFU_SRC/pynq_z2/pynq_z2/arunQAFDHGDZXVNBDXG_gae.runs/impl_1/runme.log
launch_runs: Time (s): cpu = 00:00:36 ; elapsed = 00:00:28 . Memory (MB): peak = 15887.977 ; gain = 365.000 ; free physical = 3860 ; free virtual = 17354
WARNING: [filemgmt 56-199] Attempt to get parsing info during refresh. "On-the-fly" syntax checking information may be incorrect. [/home/jsp/Storage/CFU_PYNQ_FIles/CFU_SRC/Top.v:]
WARNING: [filemgmt 56-199] Attempt to get parsing info during refresh. "On-the-fly" syntax checking information may be incorrect. [/home/jsp/Storage/CFU_PYNQ_FIles/CFU_SRC/pynq_z2/pynq_z2/arunQAFDHGDZXVNBDXG_gae.gen/sources_1/bd/system/hdl/system_wrapper.v:]
WARNING: [filemgmt 56-199] Attempt to get parsing info during refresh. "On-the-fly" syntax checking information may be incorrect. [/home/jsp/Storage/CFU_PYNQ_FIles/CFU_SRC/pynq_z2/pynq_z2/arunQAFDHGDZXVNBDXG_gae.srcs/sources_1/new/tul_pynq_z2.v:]
WARNING: [filemgmt 56-199] Attempt to get parsing info during refresh. "On-the-fly" syntax checking information may be incorrect. [/home/jsp/Storage/CFU_PYNQ_FIles/CFU_SRC/pynq_z2/pynq_z2/arunQAFDHGDZXVNBDXG_gae.srcs/sources_1/new/tul_pynq_z2.v:]
WARNING: [filemgmt 56-199] Attempt to get parsing info during refresh. "On-the-fly" syntax checking information may be incorrect. [/home/jsp/Storage/CFU_PYNQ_FIles/CFU_SRC/pynq_z2/pynq_z2/arunQAFDHGDZXVNBDXG_gae.srcs/sources_1/new/tul_pynq_z2.v:]
WARNING: [filemgmt 56-199] Attempt to get parsing info during refresh. "On-the-fly" syntax checking information may be incorrect. [/home/jsp/Storage/CFU_PYNQ_FIles/CFU_SRC/Top.v:]
WARNING: [filemgmt 56-199] Attempt to get parsing info during refresh. "On-the-fly" syntax checking information may be incorrect. [/home/jsp/Storage/CFU_PYNQ_FIles/CFU_SRC/pynq_z2/pynq_z2/arunQAFDHGDZXVNBDXG_gae.gen/sources_1/bd/system/hdl/system_wrapper.v:]
WARNING: [filemgmt 56-199] Attempt to get parsing info during refresh. "On-the-fly" syntax checking information may be incorrect. [/home/jsp/Storage/CFU_PYNQ_FIles/CFU_SRC/pynq_z2/pynq_z2/arunQAFDHGDZXVNBDXG_gae.srcs/sources_1/new/tul_pynq_z2.v:]
WARNING: [filemgmt 56-199] Attempt to get parsing info during refresh. "On-the-fly" syntax checking information may be incorrect. [/home/jsp/Storage/CFU_PYNQ_FIles/CFU_SRC/Top.v:]
WARNING: [filemgmt 56-199] Attempt to get parsing info during refresh. "On-the-fly" syntax checking information may be incorrect. [/home/jsp/Storage/CFU_PYNQ_FIles/CFU_SRC/Top.v:]
WARNING: [filemgmt 56-199] Attempt to get parsing info during refresh. "On-the-fly" syntax checking information may be incorrect. [/home/jsp/Storage/CFU_PYNQ_FIles/CFU_SRC/Top.v:]
WARNING: [filemgmt 56-199] Attempt to get parsing info during refresh. "On-the-fly" syntax checking information may be incorrect. [/home/jsp/Storage/CFU_PYNQ_FIles/CFU_SRC/pynq_z2/pynq_z2/arunQAFDHGDZXVNBDXG_gae.gen/sources_1/bd/system/hdl/system_wrapper.v:]
WARNING: [filemgmt 56-199] Attempt to get parsing info during refresh. "On-the-fly" syntax checking information may be incorrect. [/home/jsp/Storage/CFU_PYNQ_FIles/CFU_SRC/pynq_z2/pynq_z2/arunQAFDHGDZXVNBDXG_gae.srcs/sources_1/new/tul_pynq_z2.v:]
WARNING: [filemgmt 56-199] Attempt to get parsing info during refresh. "On-the-fly" syntax checking information may be incorrect. [/home/jsp/Storage/CFU_PYNQ_FIles/CFU_SRC/pynq_z2/pynq_z2/arunQAFDHGDZXVNBDXG_gae.gen/sources_1/bd/system/hdl/system_wrapper.v:]
WARNING: [filemgmt 56-199] Attempt to get parsing info during refresh. "On-the-fly" syntax checking information may be incorrect. [/home/jsp/Storage/CFU_PYNQ_FIles/CFU_SRC/pynq_z2/pynq_z2/arunQAFDHGDZXVNBDXG_gae.gen/sources_1/bd/system/hdl/system_wrapper.v:]
create_ip_run [get_files -of_objects [get_fileset sources_1] /home/jsp/Storage/CFU_PYNQ_FIles/CFU_SRC/pynq_z2/pynq_z2/arunQAFDHGDZXVNBDXG_gae.srcs/sources_1/bd/system/system.bd]
refresh_design
Netlist sorting complete. Time (s): cpu = 00:00:00.06 ; elapsed = 00:00:00.05 . Memory (MB): peak = 15887.977 ; gain = 0.000 ; free physical = 3964 ; free virtual = 17481
INFO: [Netlist 29-17] Analyzing 218 Unisim elements for replacement
INFO: [Netlist 29-28] Unisim Transformation completed in 0 CPU seconds
INFO: [Project 1-479] Netlist was created with Vivado 2024.1
INFO: [Project 1-570] Preparing netlist for logic optimization
Read ShapeDB Complete: Time (s): cpu = 00:00:00.01 ; elapsed = 00:00:00.01 . Memory (MB): peak = 15887.977 ; gain = 0.000 ; free physical = 3964 ; free virtual = 17481
INFO: [Timing 38-478] Restoring timing data from binary archive.
INFO: [Timing 38-479] Binary timing data restore complete.
INFO: [Project 1-856] Restoring constraints from binary archive.
INFO: [Project 1-853] Binary constraint restore complete.
INFO: [Designutils 20-5722] Start Reading Physical Databases.
Reading placement.
Read Netlist Cache: Time (s): cpu = 00:00:00.01 ; elapsed = 00:00:00 . Memory (MB): peak = 15887.977 ; gain = 0.000 ; free physical = 3964 ; free virtual = 17482
Reading placer database...
Read Device Cache: Time (s): cpu = 00:00:00.01 ; elapsed = 00:00:00.01 . Memory (MB): peak = 15887.977 ; gain = 0.000 ; free physical = 3964 ; free virtual = 17482
Read PlaceDB: Time (s): cpu = 00:00:00.37 ; elapsed = 00:00:00.28 . Memory (MB): peak = 15887.977 ; gain = 0.000 ; free physical = 3964 ; free virtual = 17482
Read PulsedLatchDB: Time (s): cpu = 00:00:00 ; elapsed = 00:00:00 . Memory (MB): peak = 15887.977 ; gain = 0.000 ; free physical = 3964 ; free virtual = 17482
Reading routing.
Read RouteStorage: Time (s): cpu = 00:00:00.11 ; elapsed = 00:00:00.09 . Memory (MB): peak = 15887.977 ; gain = 0.000 ; free physical = 3964 ; free virtual = 17482
Read Physdb Files: Time (s): cpu = 00:00:00.51 ; elapsed = 00:00:00.39 . Memory (MB): peak = 15887.977 ; gain = 0.000 ; free physical = 3964 ; free virtual = 17482
Restored from archive | CPU: 0.610000 secs | Memory: 7.787880 MB |
Finished XDEF File Restore: Time (s): cpu = 00:00:00.51 ; elapsed = 00:00:00.4 . Memory (MB): peak = 15887.977 ; gain = 0.000 ; free physical = 3964 ; free virtual = 17482
WARNING: [filemgmt 56-199] Attempt to get parsing info during refresh. "On-the-fly" syntax checking information may be incorrect. [/home/jsp/Storage/CFU_PYNQ_FIles/CFU_SRC/Top.v:]
WARNING: [filemgmt 56-199] Attempt to get parsing info during refresh. "On-the-fly" syntax checking information may be incorrect. [/home/jsp/Storage/CFU_PYNQ_FIles/CFU_SRC/pynq_z2/pynq_z2/arunQAFDHGDZXVNBDXG_gae.gen/sources_1/bd/system/hdl/system_wrapper.v:]
WARNING: [filemgmt 56-199] Attempt to get parsing info during refresh. "On-the-fly" syntax checking information may be incorrect. [/home/jsp/Storage/CFU_PYNQ_FIles/CFU_SRC/pynq_z2/pynq_z2/arunQAFDHGDZXVNBDXG_gae.srcs/sources_1/new/tul_pynq_z2.v:]
WARNING: [filemgmt 56-199] Attempt to get parsing info during refresh. "On-the-fly" syntax checking information may be incorrect. [/home/jsp/Storage/CFU_PYNQ_FIles/CFU_SRC/pynq_z2/pynq_z2/arunQAFDHGDZXVNBDXG_gae.gen/sources_1/bd/system/hdl/system_wrapper.v:]
WARNING: [filemgmt 56-199] Attempt to get parsing info during refresh. "On-the-fly" syntax checking information may be incorrect. [/home/jsp/Storage/CFU_PYNQ_FIles/CFU_SRC/pynq_z2/pynq_z2/arunQAFDHGDZXVNBDXG_gae.gen/sources_1/bd/system/hdl/system_wrapper.v:]
CRITICAL WARNING: [Timing 38-282] The design failed to meet the timing requirements. Please see the timing summary report for details on the timing violations.
launch_runs impl_1 -to_step write_bitstream -jobs 12
[Sat Nov  8 05:14:44 2025] Launched impl_1...
Run output will be captured here: /home/jsp/Storage/CFU_PYNQ_FIles/CFU_SRC/pynq_z2/pynq_z2/arunQAFDHGDZXVNBDXG_gae.runs/impl_1/runme.log
WARNING: [filemgmt 56-199] Attempt to get parsing info during refresh. "On-the-fly" syntax checking information may be incorrect. [/home/jsp/Storage/CFU_PYNQ_FIles/CFU_SRC/pynq_z2/pynq_z2/arunQAFDHGDZXVNBDXG_gae.gen/sources_1/bd/system/hdl/system_wrapper.v:]
WARNING: [filemgmt 56-199] Attempt to get parsing info during refresh. "On-the-fly" syntax checking information may be incorrect. [/home/jsp/Storage/CFU_PYNQ_FIles/CFU_SRC/pynq_z2/pynq_z2/arunQAFDHGDZXVNBDXG_gae.srcs/sources_1/new/tul_pynq_z2.v:]
WARNING: [filemgmt 56-199] Attempt to get parsing info during refresh. "On-the-fly" syntax checking information may be incorrect. [/home/jsp/Storage/CFU_PYNQ_FIles/CFU_SRC/pynq_z2/pynq_z2/arunQAFDHGDZXVNBDXG_gae.gen/sources_1/bd/system/hdl/system_wrapper.v:]
WARNING: [filemgmt 56-199] Attempt to get parsing info during refresh. "On-the-fly" syntax checking information may be incorrect. [/home/jsp/Storage/CFU_PYNQ_FIles/CFU_SRC/pynq_z2/pynq_z2/arunQAFDHGDZXVNBDXG_gae.gen/sources_1/bd/system/hdl/system_wrapper.v:]
set_property name Donut [get_reconfig_modules example]
create_reconfig_module -name Shift_Mul -partition_def [get_partition_defs cfu_compute ]  -top cfu_compute
import_files -norecurse /home/jsp/Storage/CFU_PYNQ_FIles/CFU_SRC/cfu2.v  -of_objects [get_reconfig_modules Shift_Mul]
create_pr_configuration -name config_2 -partitions [list cfu_system/Cfu/cfu_inst:Shift_Mul ]
WARNING: [filemgmt 56-199] Attempt to get parsing info during refresh. "On-the-fly" syntax checking information may be incorrect. [/home/jsp/Storage/CFU_PYNQ_FIles/CFU_SRC/pynq_z2/pynq_z2/arunQAFDHGDZXVNBDXG_gae.gen/sources_1/bd/system/hdl/system_wrapper.v:]
WARNING: [filemgmt 56-199] Attempt to get parsing info during refresh. "On-the-fly" syntax checking information may be incorrect. [/home/jsp/Storage/CFU_PYNQ_FIles/CFU_SRC/pynq_z2/pynq_z2/arunQAFDHGDZXVNBDXG_gae.srcs/sources_1/new/tul_pynq_z2.v:]
WARNING: [filemgmt 56-199] Attempt to get parsing info during refresh. "On-the-fly" syntax checking information may be incorrect. [/home/jsp/Storage/CFU_PYNQ_FIles/CFU_SRC/pynq_z2/pynq_z2/arunQAFDHGDZXVNBDXG_gae.gen/sources_1/bd/system/hdl/system_wrapper.v:]
WARNING: [filemgmt 56-199] Attempt to get parsing info during refresh. "On-the-fly" syntax checking information may be incorrect. [/home/jsp/Storage/CFU_PYNQ_FIles/CFU_SRC/pynq_z2/pynq_z2/arunQAFDHGDZXVNBDXG_gae.gen/sources_1/bd/system/hdl/system_wrapper.v:]
create_run child_0_impl_1 -parent_run impl_1 -flow {Vivado Implementation 2024} -pr_config config_2
Run is defaulting to parent run srcset: sources_1
Run is defaulting to parent run constrset: constrs_1
Run is defaulting to parent run part: xc7z020clg400-1
reset_run Donut_synth_1
reset_run impl_1
launch_runs impl_1 child_0_impl_1 -jobs 12
WARNING: [Project 1-478] Design 'synth_1' is stale and will not be used when launching 'impl_1'
WARNING: [Project 1-478] Design 'synth_1' is stale and will not be used when launching 'impl_1'
[Sat Nov  8 05:29:03 2025] Launched Donut_synth_1, Shift_Mul_synth_1, impl_1...
Run output will be captured here:
Donut_synth_1: /home/jsp/Storage/CFU_PYNQ_FIles/CFU_SRC/pynq_z2/pynq_z2/arunQAFDHGDZXVNBDXG_gae.runs/Donut_synth_1/runme.log
Shift_Mul_synth_1: /home/jsp/Storage/CFU_PYNQ_FIles/CFU_SRC/pynq_z2/pynq_z2/arunQAFDHGDZXVNBDXG_gae.runs/Shift_Mul_synth_1/runme.log
impl_1: /home/jsp/Storage/CFU_PYNQ_FIles/CFU_SRC/pynq_z2/pynq_z2/arunQAFDHGDZXVNBDXG_gae.runs/impl_1/runme.log
[Sat Nov  8 05:29:03 2025] Launched impl_1, child_0_impl_1...
Run output will be captured here:
impl_1: /home/jsp/Storage/CFU_PYNQ_FIles/CFU_SRC/pynq_z2/pynq_z2/arunQAFDHGDZXVNBDXG_gae.runs/impl_1/runme.log
child_0_impl_1: /home/jsp/Storage/CFU_PYNQ_FIles/CFU_SRC/pynq_z2/pynq_z2/arunQAFDHGDZXVNBDXG_gae.runs/child_0_impl_1/runme.log
close_design
create_ip_run [get_files -of_objects [get_fileset sources_1] /home/jsp/Storage/CFU_PYNQ_FIles/CFU_SRC/pynq_z2/pynq_z2/arunQAFDHGDZXVNBDXG_gae.srcs/sources_1/bd/system/system.bd]
refresh_design
INFO: [Project 1-454] Reading design checkpoint '/home/jsp/Storage/CFU_PYNQ_FIles/CFU_SRC/pynq_z2/pynq_z2/arunQAFDHGDZXVNBDXG_gae.gen/sources_1/ip/cfu_decoupler/cfu_decoupler.dcp' for cell 'cfu_system/Cfu/cfu_decoupler_inst'
INFO: [Project 1-454] Reading design checkpoint '/home/jsp/Storage/CFU_PYNQ_FIles/CFU_SRC/pynq_z2/pynq_z2/arunQAFDHGDZXVNBDXG_gae.gen/sources_1/bd/system/ip/system_axi_gpio_decouple_status_0/system_axi_gpio_decouple_status_0.dcp' for cell 'system_unit/system_i/axi_gpio_config_to'
INFO: [Project 1-454] Reading design checkpoint '/home/jsp/Storage/CFU_PYNQ_FIles/CFU_SRC/pynq_z2/pynq_z2/arunQAFDHGDZXVNBDXG_gae.gen/sources_1/bd/system/ip/system_axi_gpio_0_0/system_axi_gpio_0_0.dcp' for cell 'system_unit/system_i/axi_gpio_decouple'
INFO: [Project 1-454] Reading design checkpoint '/home/jsp/Storage/CFU_PYNQ_FIles/CFU_SRC/pynq_z2/pynq_z2/arunQAFDHGDZXVNBDXG_gae.gen/sources_1/bd/system/ip/system_axi_gpio_to_reconfig_0/system_axi_gpio_to_reconfig_0.dcp' for cell 'system_unit/system_i/axi_gpio_decouple_status'
INFO: [Project 1-454] Reading design checkpoint '/home/jsp/Storage/CFU_PYNQ_FIles/CFU_SRC/pynq_z2/pynq_z2/arunQAFDHGDZXVNBDXG_gae.gen/sources_1/bd/system/ip/system_axi_gpio_0_1/system_axi_gpio_0_1.dcp' for cell 'system_unit/system_i/axi_gpio_to_reconfig'
INFO: [Project 1-454] Reading design checkpoint '/home/jsp/Storage/CFU_PYNQ_FIles/CFU_SRC/pynq_z2/pynq_z2/arunQAFDHGDZXVNBDXG_gae.gen/sources_1/bd/system/ip/system_processing_system7_0_0/system_processing_system7_0_0.dcp' for cell 'system_unit/system_i/processing_system7_0'
INFO: [Project 1-454] Reading design checkpoint '/home/jsp/Storage/CFU_PYNQ_FIles/CFU_SRC/pynq_z2/pynq_z2/arunQAFDHGDZXVNBDXG_gae.gen/sources_1/bd/system/ip/system_rst_ps7_0_100M_0/system_rst_ps7_0_100M_0.dcp' for cell 'system_unit/system_i/rst_ps7_0_100M'
INFO: [Project 1-454] Reading design checkpoint '/home/jsp/Storage/CFU_PYNQ_FIles/CFU_SRC/pynq_z2/pynq_z2/arunQAFDHGDZXVNBDXG_gae.gen/sources_1/bd/system/ip/system_xbar_0/system_xbar_0.dcp' for cell 'system_unit/system_i/ps7_0_axi_periph/xbar'
INFO: [Project 1-454] Reading design checkpoint '/home/jsp/Storage/CFU_PYNQ_FIles/CFU_SRC/pynq_z2/pynq_z2/arunQAFDHGDZXVNBDXG_gae.gen/sources_1/bd/system/ip/system_auto_pc_0/system_auto_pc_0.dcp' for cell 'system_unit/system_i/ps7_0_axi_periph/s00_couplers/auto_pc'
Netlist sorting complete. Time (s): cpu = 00:00:00.11 ; elapsed = 00:00:00.05 . Memory (MB): peak = 15887.977 ; gain = 0.000 ; free physical = 3844 ; free virtual = 17346
INFO: [Netlist 29-17] Analyzing 207 Unisim elements for replacement
INFO: [Netlist 29-28] Unisim Transformation completed in 0 CPU seconds
INFO: [Project 1-479] Netlist was created with Vivado 2024.1
INFO: [Project 1-570] Preparing netlist for logic optimization
Parsing XDC File [/home/jsp/Storage/CFU_PYNQ_FIles/CFU_SRC/pynq_z2/pynq_z2/arunQAFDHGDZXVNBDXG_gae.gen/sources_1/bd/system/ip/system_processing_system7_0_0/system_processing_system7_0_0.xdc] for cell 'system_unit/system_i/processing_system7_0/inst'
Finished Parsing XDC File [/home/jsp/Storage/CFU_PYNQ_FIles/CFU_SRC/pynq_z2/pynq_z2/arunQAFDHGDZXVNBDXG_gae.gen/sources_1/bd/system/ip/system_processing_system7_0_0/system_processing_system7_0_0.xdc] for cell 'system_unit/system_i/processing_system7_0/inst'
Parsing XDC File [/home/jsp/Storage/CFU_PYNQ_FIles/CFU_SRC/pynq_z2/pynq_z2/arunQAFDHGDZXVNBDXG_gae.gen/sources_1/bd/system/ip/system_axi_gpio_0_0/system_axi_gpio_0_0_board.xdc] for cell 'system_unit/system_i/axi_gpio_decouple/U0'
Finished Parsing XDC File [/home/jsp/Storage/CFU_PYNQ_FIles/CFU_SRC/pynq_z2/pynq_z2/arunQAFDHGDZXVNBDXG_gae.gen/sources_1/bd/system/ip/system_axi_gpio_0_0/system_axi_gpio_0_0_board.xdc] for cell 'system_unit/system_i/axi_gpio_decouple/U0'
Parsing XDC File [/home/jsp/Storage/CFU_PYNQ_FIles/CFU_SRC/pynq_z2/pynq_z2/arunQAFDHGDZXVNBDXG_gae.gen/sources_1/bd/system/ip/system_axi_gpio_0_0/system_axi_gpio_0_0.xdc] for cell 'system_unit/system_i/axi_gpio_decouple/U0'
Finished Parsing XDC File [/home/jsp/Storage/CFU_PYNQ_FIles/CFU_SRC/pynq_z2/pynq_z2/arunQAFDHGDZXVNBDXG_gae.gen/sources_1/bd/system/ip/system_axi_gpio_0_0/system_axi_gpio_0_0.xdc] for cell 'system_unit/system_i/axi_gpio_decouple/U0'
Parsing XDC File [/home/jsp/Storage/CFU_PYNQ_FIles/CFU_SRC/pynq_z2/pynq_z2/arunQAFDHGDZXVNBDXG_gae.gen/sources_1/bd/system/ip/system_axi_gpio_0_1/system_axi_gpio_0_1_board.xdc] for cell 'system_unit/system_i/axi_gpio_to_reconfig/U0'
Finished Parsing XDC File [/home/jsp/Storage/CFU_PYNQ_FIles/CFU_SRC/pynq_z2/pynq_z2/arunQAFDHGDZXVNBDXG_gae.gen/sources_1/bd/system/ip/system_axi_gpio_0_1/system_axi_gpio_0_1_board.xdc] for cell 'system_unit/system_i/axi_gpio_to_reconfig/U0'
Parsing XDC File [/home/jsp/Storage/CFU_PYNQ_FIles/CFU_SRC/pynq_z2/pynq_z2/arunQAFDHGDZXVNBDXG_gae.gen/sources_1/bd/system/ip/system_axi_gpio_0_1/system_axi_gpio_0_1.xdc] for cell 'system_unit/system_i/axi_gpio_to_reconfig/U0'
Finished Parsing XDC File [/home/jsp/Storage/CFU_PYNQ_FIles/CFU_SRC/pynq_z2/pynq_z2/arunQAFDHGDZXVNBDXG_gae.gen/sources_1/bd/system/ip/system_axi_gpio_0_1/system_axi_gpio_0_1.xdc] for cell 'system_unit/system_i/axi_gpio_to_reconfig/U0'
Parsing XDC File [/home/jsp/Storage/CFU_PYNQ_FIles/CFU_SRC/pynq_z2/pynq_z2/arunQAFDHGDZXVNBDXG_gae.gen/sources_1/bd/system/ip/system_axi_gpio_to_reconfig_0/system_axi_gpio_to_reconfig_0_board.xdc] for cell 'system_unit/system_i/axi_gpio_decouple_status/U0'
Finished Parsing XDC File [/home/jsp/Storage/CFU_PYNQ_FIles/CFU_SRC/pynq_z2/pynq_z2/arunQAFDHGDZXVNBDXG_gae.gen/sources_1/bd/system/ip/system_axi_gpio_to_reconfig_0/system_axi_gpio_to_reconfig_0_board.xdc] for cell 'system_unit/system_i/axi_gpio_decouple_status/U0'
Parsing XDC File [/home/jsp/Storage/CFU_PYNQ_FIles/CFU_SRC/pynq_z2/pynq_z2/arunQAFDHGDZXVNBDXG_gae.gen/sources_1/bd/system/ip/system_axi_gpio_to_reconfig_0/system_axi_gpio_to_reconfig_0.xdc] for cell 'system_unit/system_i/axi_gpio_decouple_status/U0'
Finished Parsing XDC File [/home/jsp/Storage/CFU_PYNQ_FIles/CFU_SRC/pynq_z2/pynq_z2/arunQAFDHGDZXVNBDXG_gae.gen/sources_1/bd/system/ip/system_axi_gpio_to_reconfig_0/system_axi_gpio_to_reconfig_0.xdc] for cell 'system_unit/system_i/axi_gpio_decouple_status/U0'
Parsing XDC File [/home/jsp/Storage/CFU_PYNQ_FIles/CFU_SRC/pynq_z2/pynq_z2/arunQAFDHGDZXVNBDXG_gae.gen/sources_1/bd/system/ip/system_axi_gpio_decouple_status_0/system_axi_gpio_decouple_status_0_board.xdc] for cell 'system_unit/system_i/axi_gpio_config_to/U0'
Finished Parsing XDC File [/home/jsp/Storage/CFU_PYNQ_FIles/CFU_SRC/pynq_z2/pynq_z2/arunQAFDHGDZXVNBDXG_gae.gen/sources_1/bd/system/ip/system_axi_gpio_decouple_status_0/system_axi_gpio_decouple_status_0_board.xdc] for cell 'system_unit/system_i/axi_gpio_config_to/U0'
Parsing XDC File [/home/jsp/Storage/CFU_PYNQ_FIles/CFU_SRC/pynq_z2/pynq_z2/arunQAFDHGDZXVNBDXG_gae.gen/sources_1/bd/system/ip/system_axi_gpio_decouple_status_0/system_axi_gpio_decouple_status_0.xdc] for cell 'system_unit/system_i/axi_gpio_config_to/U0'
Finished Parsing XDC File [/home/jsp/Storage/CFU_PYNQ_FIles/CFU_SRC/pynq_z2/pynq_z2/arunQAFDHGDZXVNBDXG_gae.gen/sources_1/bd/system/ip/system_axi_gpio_decouple_status_0/system_axi_gpio_decouple_status_0.xdc] for cell 'system_unit/system_i/axi_gpio_config_to/U0'
Parsing XDC File [/home/jsp/Storage/CFU_PYNQ_FIles/CFU_SRC/pynq_z2/pynq_z2/arunQAFDHGDZXVNBDXG_gae.gen/sources_1/bd/system/ip/system_rst_ps7_0_100M_0/system_rst_ps7_0_100M_0_board.xdc] for cell 'system_unit/system_i/rst_ps7_0_100M/U0'
Finished Parsing XDC File [/home/jsp/Storage/CFU_PYNQ_FIles/CFU_SRC/pynq_z2/pynq_z2/arunQAFDHGDZXVNBDXG_gae.gen/sources_1/bd/system/ip/system_rst_ps7_0_100M_0/system_rst_ps7_0_100M_0_board.xdc] for cell 'system_unit/system_i/rst_ps7_0_100M/U0'
Parsing XDC File [/home/jsp/Storage/CFU_PYNQ_FIles/CFU_SRC/pynq_z2/pynq_z2/arunQAFDHGDZXVNBDXG_gae.gen/sources_1/bd/system/ip/system_rst_ps7_0_100M_0/system_rst_ps7_0_100M_0.xdc] for cell 'system_unit/system_i/rst_ps7_0_100M/U0'
Finished Parsing XDC File [/home/jsp/Storage/CFU_PYNQ_FIles/CFU_SRC/pynq_z2/pynq_z2/arunQAFDHGDZXVNBDXG_gae.gen/sources_1/bd/system/ip/system_rst_ps7_0_100M_0/system_rst_ps7_0_100M_0.xdc] for cell 'system_unit/system_i/rst_ps7_0_100M/U0'
Parsing XDC File [/home/jsp/Storage/CFU_PYNQ_FIles/CFU_SRC/pynq_z2/pynq_z2/pynq_z2.srcs/sources_1/new/tul_pynq_z2.xdc]
Finished Parsing XDC File [/home/jsp/Storage/CFU_PYNQ_FIles/CFU_SRC/pynq_z2/pynq_z2/pynq_z2.srcs/sources_1/new/tul_pynq_z2.xdc]
Parsing XDC File [/home/jsp/Storage/CFU_PYNQ_FIles/CFU_SRC/pynq_z2/pynq_z2/arunQAFDHGDZXVNBDXG_gae.srcs/constrs_1/new/pblock.xdc]
Finished Parsing XDC File [/home/jsp/Storage/CFU_PYNQ_FIles/CFU_SRC/pynq_z2/pynq_z2/arunQAFDHGDZXVNBDXG_gae.srcs/constrs_1/new/pblock.xdc]
WARNING: [XPM_CDC_SINGLE: TCL-1000] The source and destination clocks are the same. 
     Instance: cfu_system/Cfu/cfu_decoupler_inst/U0/b_cfu_output.i_cdc 
  This will add unnecessary latency to the design. Please check the design for the following: 
 1) Manually instantiated XPM_CDC modules: AMD recommends that you remove these modules. 
 2) AMD IP that contains XPM_CDC modules: Verify the connections to the IP to determine whether you can safely ignore this message.
 [/home/jsp/Storage/Vivado/2024.1/data/ip/xpm/xpm_cdc/tcl/xpm_cdc_single.tcl:5]
WARNING: [XPM_CDC_SINGLE: TCL-1000] The source and destination clocks are the same. 
     Instance: cfu_system/Cfu/cfu_decoupler_inst/U0/b_cfu_inputs.i_cdc 
  This will add unnecessary latency to the design. Please check the design for the following: 
 1) Manually instantiated XPM_CDC modules: AMD recommends that you remove these modules. 
 2) AMD IP that contains XPM_CDC modules: Verify the connections to the IP to determine whether you can safely ignore this message.
 [/home/jsp/Storage/Vivado/2024.1/data/ip/xpm/xpm_cdc/tcl/xpm_cdc_single.tcl:5]
INFO: [Project 1-1714] 2 XPM XDC files have been applied to the design.
INFO: [Opt 31-138] Pushed 0 inverter(s) to 0 load pin(s).
INFO: [Project 1-486] Could not resolve non-primitive black box cell 'cfu_compute' instantiated as 'cfu_system/Cfu/cfu_inst' [/home/jsp/Storage/CFU_PYNQ_FIles/CFU_SRC/pynq_z2/pynq_z2/arunQAFDHGDZXVNBDXG_gae.srcs/sources_1/new/Cfu.v:78]
refresh_design: Time (s): cpu = 00:00:11 ; elapsed = 00:00:06 . Memory (MB): peak = 15887.977 ; gain = 0.000 ; free physical = 3828 ; free virtual = 17336
reset_run Donut_synth_1
reset_run Shift_Mul_synth_1
reset_run impl_1
launch_runs impl_1 child_0_impl_1 -jobs 12
WARNING: [Project 1-478] Design 'synth_1' is stale and will not be used when launching 'impl_1'
WARNING: [Project 1-478] Design 'synth_1' is stale and will not be used when launching 'impl_1'
[Sat Nov  8 05:30:33 2025] Launched Donut_synth_1, Shift_Mul_synth_1, impl_1...
Run output will be captured here:
Donut_synth_1: /home/jsp/Storage/CFU_PYNQ_FIles/CFU_SRC/pynq_z2/pynq_z2/arunQAFDHGDZXVNBDXG_gae.runs/Donut_synth_1/runme.log
Shift_Mul_synth_1: /home/jsp/Storage/CFU_PYNQ_FIles/CFU_SRC/pynq_z2/pynq_z2/arunQAFDHGDZXVNBDXG_gae.runs/Shift_Mul_synth_1/runme.log
impl_1: /home/jsp/Storage/CFU_PYNQ_FIles/CFU_SRC/pynq_z2/pynq_z2/arunQAFDHGDZXVNBDXG_gae.runs/impl_1/runme.log
[Sat Nov  8 05:30:33 2025] Launched impl_1, child_0_impl_1...
Run output will be captured here:
impl_1: /home/jsp/Storage/CFU_PYNQ_FIles/CFU_SRC/pynq_z2/pynq_z2/arunQAFDHGDZXVNBDXG_gae.runs/impl_1/runme.log
child_0_impl_1: /home/jsp/Storage/CFU_PYNQ_FIles/CFU_SRC/pynq_z2/pynq_z2/arunQAFDHGDZXVNBDXG_gae.runs/child_0_impl_1/runme.log
WARNING: [filemgmt 56-199] Attempt to get parsing info during refresh. "On-the-fly" syntax checking information may be incorrect. [/home/jsp/Storage/CFU_PYNQ_FIles/CFU_SRC/pynq_z2/pynq_z2/arunQAFDHGDZXVNBDXG_gae.srcs/Shift_Mul/imports/CFU_SRC/cfu2.v:]
WARNING: [filemgmt 56-199] Attempt to get parsing info during refresh. "On-the-fly" syntax checking information may be incorrect. [/home/jsp/Storage/CFU_PYNQ_FIles/CFU_SRC/pynq_z2/pynq_z2/arunQAFDHGDZXVNBDXG_gae.gen/sources_1/bd/system/hdl/system_wrapper.v:]
WARNING: [filemgmt 56-199] Attempt to get parsing info during refresh. "On-the-fly" syntax checking information may be incorrect. [/home/jsp/Storage/CFU_PYNQ_FIles/CFU_SRC/pynq_z2/pynq_z2/arunQAFDHGDZXVNBDXG_gae.srcs/sources_1/new/tul_pynq_z2.v:]
WARNING: [filemgmt 56-199] Attempt to get parsing info during refresh. "On-the-fly" syntax checking information may be incorrect. [/home/jsp/Storage/CFU_PYNQ_FIles/CFU_SRC/pynq_z2/pynq_z2/arunQAFDHGDZXVNBDXG_gae.srcs/sources_1/new/tul_pynq_z2.v:]
WARNING: [filemgmt 56-199] Attempt to get parsing info during refresh. "On-the-fly" syntax checking information may be incorrect. [/home/jsp/Storage/CFU_PYNQ_FIles/CFU_SRC/pynq_z2/pynq_z2/arunQAFDHGDZXVNBDXG_gae.srcs/sources_1/new/tul_pynq_z2.v:]
create_ip_run [get_files -of_objects [get_fileset sources_1] /home/jsp/Storage/CFU_PYNQ_FIles/CFU_SRC/pynq_z2/pynq_z2/arunQAFDHGDZXVNBDXG_gae.srcs/sources_1/bd/system/system.bd]
refresh_design
INFO: [Project 1-454] Reading design checkpoint '/home/jsp/Storage/CFU_PYNQ_FIles/CFU_SRC/pynq_z2/pynq_z2/arunQAFDHGDZXVNBDXG_gae.gen/sources_1/ip/cfu_decoupler/cfu_decoupler.dcp' for cell 'cfu_system/Cfu/cfu_decoupler_inst'
INFO: [Project 1-454] Reading design checkpoint '/home/jsp/Storage/CFU_PYNQ_FIles/CFU_SRC/pynq_z2/pynq_z2/arunQAFDHGDZXVNBDXG_gae.gen/sources_1/bd/system/ip/system_axi_gpio_decouple_status_0/system_axi_gpio_decouple_status_0.dcp' for cell 'system_unit/system_i/axi_gpio_config_to'
INFO: [Project 1-454] Reading design checkpoint '/home/jsp/Storage/CFU_PYNQ_FIles/CFU_SRC/pynq_z2/pynq_z2/arunQAFDHGDZXVNBDXG_gae.gen/sources_1/bd/system/ip/system_axi_gpio_0_0/system_axi_gpio_0_0.dcp' for cell 'system_unit/system_i/axi_gpio_decouple'
INFO: [Project 1-454] Reading design checkpoint '/home/jsp/Storage/CFU_PYNQ_FIles/CFU_SRC/pynq_z2/pynq_z2/arunQAFDHGDZXVNBDXG_gae.gen/sources_1/bd/system/ip/system_axi_gpio_to_reconfig_0/system_axi_gpio_to_reconfig_0.dcp' for cell 'system_unit/system_i/axi_gpio_decouple_status'
INFO: [Project 1-454] Reading design checkpoint '/home/jsp/Storage/CFU_PYNQ_FIles/CFU_SRC/pynq_z2/pynq_z2/arunQAFDHGDZXVNBDXG_gae.gen/sources_1/bd/system/ip/system_axi_gpio_0_1/system_axi_gpio_0_1.dcp' for cell 'system_unit/system_i/axi_gpio_to_reconfig'
INFO: [Project 1-454] Reading design checkpoint '/home/jsp/Storage/CFU_PYNQ_FIles/CFU_SRC/pynq_z2/pynq_z2/arunQAFDHGDZXVNBDXG_gae.gen/sources_1/bd/system/ip/system_processing_system7_0_0/system_processing_system7_0_0.dcp' for cell 'system_unit/system_i/processing_system7_0'
INFO: [Project 1-454] Reading design checkpoint '/home/jsp/Storage/CFU_PYNQ_FIles/CFU_SRC/pynq_z2/pynq_z2/arunQAFDHGDZXVNBDXG_gae.gen/sources_1/bd/system/ip/system_rst_ps7_0_100M_0/system_rst_ps7_0_100M_0.dcp' for cell 'system_unit/system_i/rst_ps7_0_100M'
INFO: [Project 1-454] Reading design checkpoint '/home/jsp/Storage/CFU_PYNQ_FIles/CFU_SRC/pynq_z2/pynq_z2/arunQAFDHGDZXVNBDXG_gae.gen/sources_1/bd/system/ip/system_xbar_0/system_xbar_0.dcp' for cell 'system_unit/system_i/ps7_0_axi_periph/xbar'
INFO: [Project 1-454] Reading design checkpoint '/home/jsp/Storage/CFU_PYNQ_FIles/CFU_SRC/pynq_z2/pynq_z2/arunQAFDHGDZXVNBDXG_gae.gen/sources_1/bd/system/ip/system_auto_pc_0/system_auto_pc_0.dcp' for cell 'system_unit/system_i/ps7_0_axi_periph/s00_couplers/auto_pc'
Netlist sorting complete. Time (s): cpu = 00:00:00.11 ; elapsed = 00:00:00.06 . Memory (MB): peak = 15887.977 ; gain = 0.000 ; free physical = 3826 ; free virtual = 17328
INFO: [Netlist 29-17] Analyzing 207 Unisim elements for replacement
INFO: [Netlist 29-28] Unisim Transformation completed in 0 CPU seconds
INFO: [Project 1-479] Netlist was created with Vivado 2024.1
INFO: [Project 1-570] Preparing netlist for logic optimization
Parsing XDC File [/home/jsp/Storage/CFU_PYNQ_FIles/CFU_SRC/pynq_z2/pynq_z2/arunQAFDHGDZXVNBDXG_gae.gen/sources_1/bd/system/ip/system_processing_system7_0_0/system_processing_system7_0_0.xdc] for cell 'system_unit/system_i/processing_system7_0/inst'
Finished Parsing XDC File [/home/jsp/Storage/CFU_PYNQ_FIles/CFU_SRC/pynq_z2/pynq_z2/arunQAFDHGDZXVNBDXG_gae.gen/sources_1/bd/system/ip/system_processing_system7_0_0/system_processing_system7_0_0.xdc] for cell 'system_unit/system_i/processing_system7_0/inst'
Parsing XDC File [/home/jsp/Storage/CFU_PYNQ_FIles/CFU_SRC/pynq_z2/pynq_z2/arunQAFDHGDZXVNBDXG_gae.gen/sources_1/bd/system/ip/system_axi_gpio_0_0/system_axi_gpio_0_0_board.xdc] for cell 'system_unit/system_i/axi_gpio_decouple/U0'
Finished Parsing XDC File [/home/jsp/Storage/CFU_PYNQ_FIles/CFU_SRC/pynq_z2/pynq_z2/arunQAFDHGDZXVNBDXG_gae.gen/sources_1/bd/system/ip/system_axi_gpio_0_0/system_axi_gpio_0_0_board.xdc] for cell 'system_unit/system_i/axi_gpio_decouple/U0'
Parsing XDC File [/home/jsp/Storage/CFU_PYNQ_FIles/CFU_SRC/pynq_z2/pynq_z2/arunQAFDHGDZXVNBDXG_gae.gen/sources_1/bd/system/ip/system_axi_gpio_0_0/system_axi_gpio_0_0.xdc] for cell 'system_unit/system_i/axi_gpio_decouple/U0'
Finished Parsing XDC File [/home/jsp/Storage/CFU_PYNQ_FIles/CFU_SRC/pynq_z2/pynq_z2/arunQAFDHGDZXVNBDXG_gae.gen/sources_1/bd/system/ip/system_axi_gpio_0_0/system_axi_gpio_0_0.xdc] for cell 'system_unit/system_i/axi_gpio_decouple/U0'
Parsing XDC File [/home/jsp/Storage/CFU_PYNQ_FIles/CFU_SRC/pynq_z2/pynq_z2/arunQAFDHGDZXVNBDXG_gae.gen/sources_1/bd/system/ip/system_axi_gpio_0_1/system_axi_gpio_0_1_board.xdc] for cell 'system_unit/system_i/axi_gpio_to_reconfig/U0'
Finished Parsing XDC File [/home/jsp/Storage/CFU_PYNQ_FIles/CFU_SRC/pynq_z2/pynq_z2/arunQAFDHGDZXVNBDXG_gae.gen/sources_1/bd/system/ip/system_axi_gpio_0_1/system_axi_gpio_0_1_board.xdc] for cell 'system_unit/system_i/axi_gpio_to_reconfig/U0'
Parsing XDC File [/home/jsp/Storage/CFU_PYNQ_FIles/CFU_SRC/pynq_z2/pynq_z2/arunQAFDHGDZXVNBDXG_gae.gen/sources_1/bd/system/ip/system_axi_gpio_0_1/system_axi_gpio_0_1.xdc] for cell 'system_unit/system_i/axi_gpio_to_reconfig/U0'
Finished Parsing XDC File [/home/jsp/Storage/CFU_PYNQ_FIles/CFU_SRC/pynq_z2/pynq_z2/arunQAFDHGDZXVNBDXG_gae.gen/sources_1/bd/system/ip/system_axi_gpio_0_1/system_axi_gpio_0_1.xdc] for cell 'system_unit/system_i/axi_gpio_to_reconfig/U0'
Parsing XDC File [/home/jsp/Storage/CFU_PYNQ_FIles/CFU_SRC/pynq_z2/pynq_z2/arunQAFDHGDZXVNBDXG_gae.gen/sources_1/bd/system/ip/system_axi_gpio_to_reconfig_0/system_axi_gpio_to_reconfig_0_board.xdc] for cell 'system_unit/system_i/axi_gpio_decouple_status/U0'
Finished Parsing XDC File [/home/jsp/Storage/CFU_PYNQ_FIles/CFU_SRC/pynq_z2/pynq_z2/arunQAFDHGDZXVNBDXG_gae.gen/sources_1/bd/system/ip/system_axi_gpio_to_reconfig_0/system_axi_gpio_to_reconfig_0_board.xdc] for cell 'system_unit/system_i/axi_gpio_decouple_status/U0'
Parsing XDC File [/home/jsp/Storage/CFU_PYNQ_FIles/CFU_SRC/pynq_z2/pynq_z2/arunQAFDHGDZXVNBDXG_gae.gen/sources_1/bd/system/ip/system_axi_gpio_to_reconfig_0/system_axi_gpio_to_reconfig_0.xdc] for cell 'system_unit/system_i/axi_gpio_decouple_status/U0'
Finished Parsing XDC File [/home/jsp/Storage/CFU_PYNQ_FIles/CFU_SRC/pynq_z2/pynq_z2/arunQAFDHGDZXVNBDXG_gae.gen/sources_1/bd/system/ip/system_axi_gpio_to_reconfig_0/system_axi_gpio_to_reconfig_0.xdc] for cell 'system_unit/system_i/axi_gpio_decouple_status/U0'
Parsing XDC File [/home/jsp/Storage/CFU_PYNQ_FIles/CFU_SRC/pynq_z2/pynq_z2/arunQAFDHGDZXVNBDXG_gae.gen/sources_1/bd/system/ip/system_axi_gpio_decouple_status_0/system_axi_gpio_decouple_status_0_board.xdc] for cell 'system_unit/system_i/axi_gpio_config_to/U0'
Finished Parsing XDC File [/home/jsp/Storage/CFU_PYNQ_FIles/CFU_SRC/pynq_z2/pynq_z2/arunQAFDHGDZXVNBDXG_gae.gen/sources_1/bd/system/ip/system_axi_gpio_decouple_status_0/system_axi_gpio_decouple_status_0_board.xdc] for cell 'system_unit/system_i/axi_gpio_config_to/U0'
Parsing XDC File [/home/jsp/Storage/CFU_PYNQ_FIles/CFU_SRC/pynq_z2/pynq_z2/arunQAFDHGDZXVNBDXG_gae.gen/sources_1/bd/system/ip/system_axi_gpio_decouple_status_0/system_axi_gpio_decouple_status_0.xdc] for cell 'system_unit/system_i/axi_gpio_config_to/U0'
Finished Parsing XDC File [/home/jsp/Storage/CFU_PYNQ_FIles/CFU_SRC/pynq_z2/pynq_z2/arunQAFDHGDZXVNBDXG_gae.gen/sources_1/bd/system/ip/system_axi_gpio_decouple_status_0/system_axi_gpio_decouple_status_0.xdc] for cell 'system_unit/system_i/axi_gpio_config_to/U0'
Parsing XDC File [/home/jsp/Storage/CFU_PYNQ_FIles/CFU_SRC/pynq_z2/pynq_z2/arunQAFDHGDZXVNBDXG_gae.gen/sources_1/bd/system/ip/system_rst_ps7_0_100M_0/system_rst_ps7_0_100M_0_board.xdc] for cell 'system_unit/system_i/rst_ps7_0_100M/U0'
Finished Parsing XDC File [/home/jsp/Storage/CFU_PYNQ_FIles/CFU_SRC/pynq_z2/pynq_z2/arunQAFDHGDZXVNBDXG_gae.gen/sources_1/bd/system/ip/system_rst_ps7_0_100M_0/system_rst_ps7_0_100M_0_board.xdc] for cell 'system_unit/system_i/rst_ps7_0_100M/U0'
Parsing XDC File [/home/jsp/Storage/CFU_PYNQ_FIles/CFU_SRC/pynq_z2/pynq_z2/arunQAFDHGDZXVNBDXG_gae.gen/sources_1/bd/system/ip/system_rst_ps7_0_100M_0/system_rst_ps7_0_100M_0.xdc] for cell 'system_unit/system_i/rst_ps7_0_100M/U0'
Finished Parsing XDC File [/home/jsp/Storage/CFU_PYNQ_FIles/CFU_SRC/pynq_z2/pynq_z2/arunQAFDHGDZXVNBDXG_gae.gen/sources_1/bd/system/ip/system_rst_ps7_0_100M_0/system_rst_ps7_0_100M_0.xdc] for cell 'system_unit/system_i/rst_ps7_0_100M/U0'
Parsing XDC File [/home/jsp/Storage/CFU_PYNQ_FIles/CFU_SRC/pynq_z2/pynq_z2/pynq_z2.srcs/sources_1/new/tul_pynq_z2.xdc]
Finished Parsing XDC File [/home/jsp/Storage/CFU_PYNQ_FIles/CFU_SRC/pynq_z2/pynq_z2/pynq_z2.srcs/sources_1/new/tul_pynq_z2.xdc]
Parsing XDC File [/home/jsp/Storage/CFU_PYNQ_FIles/CFU_SRC/pynq_z2/pynq_z2/arunQAFDHGDZXVNBDXG_gae.srcs/constrs_1/new/pblock.xdc]
Finished Parsing XDC File [/home/jsp/Storage/CFU_PYNQ_FIles/CFU_SRC/pynq_z2/pynq_z2/arunQAFDHGDZXVNBDXG_gae.srcs/constrs_1/new/pblock.xdc]
WARNING: [XPM_CDC_SINGLE: TCL-1000] The source and destination clocks are the same. 
     Instance: cfu_system/Cfu/cfu_decoupler_inst/U0/b_cfu_output.i_cdc 
  This will add unnecessary latency to the design. Please check the design for the following: 
 1) Manually instantiated XPM_CDC modules: AMD recommends that you remove these modules. 
 2) AMD IP that contains XPM_CDC modules: Verify the connections to the IP to determine whether you can safely ignore this message.
 [/home/jsp/Storage/Vivado/2024.1/data/ip/xpm/xpm_cdc/tcl/xpm_cdc_single.tcl:5]
WARNING: [XPM_CDC_SINGLE: TCL-1000] The source and destination clocks are the same. 
     Instance: cfu_system/Cfu/cfu_decoupler_inst/U0/b_cfu_inputs.i_cdc 
  This will add unnecessary latency to the design. Please check the design for the following: 
 1) Manually instantiated XPM_CDC modules: AMD recommends that you remove these modules. 
 2) AMD IP that contains XPM_CDC modules: Verify the connections to the IP to determine whether you can safely ignore this message.
 [/home/jsp/Storage/Vivado/2024.1/data/ip/xpm/xpm_cdc/tcl/xpm_cdc_single.tcl:5]
INFO: [Project 1-1714] 2 XPM XDC files have been applied to the design.
INFO: [Opt 31-138] Pushed 0 inverter(s) to 0 load pin(s).
INFO: [Project 1-486] Could not resolve non-primitive black box cell 'cfu_compute' instantiated as 'cfu_system/Cfu/cfu_inst' [/home/jsp/Storage/CFU_PYNQ_FIles/CFU_SRC/pynq_z2/pynq_z2/arunQAFDHGDZXVNBDXG_gae.srcs/sources_1/new/Cfu.v:78]
refresh_design: Time (s): cpu = 00:00:11 ; elapsed = 00:00:06 . Memory (MB): peak = 15887.977 ; gain = 0.000 ; free physical = 3811 ; free virtual = 17319
WARNING: [filemgmt 56-199] Attempt to get parsing info during refresh. "On-the-fly" syntax checking information may be incorrect. [/home/jsp/Storage/CFU_PYNQ_FIles/CFU_SRC/donut-accel/cfu.v:]
WARNING: [filemgmt 56-199] Attempt to get parsing info during refresh. "On-the-fly" syntax checking information may be incorrect. [/home/jsp/Storage/CFU_PYNQ_FIles/CFU_SRC/pynq_z2/pynq_z2/arunQAFDHGDZXVNBDXG_gae.srcs/Shift_Mul/imports/CFU_SRC/cfu2.v:]
WARNING: [filemgmt 56-199] Attempt to get parsing info during refresh. "On-the-fly" syntax checking information may be incorrect. [/home/jsp/Storage/CFU_PYNQ_FIles/CFU_SRC/pynq_z2/pynq_z2/arunQAFDHGDZXVNBDXG_gae.gen/sources_1/bd/system/hdl/system_wrapper.v:]
WARNING: [filemgmt 56-199] Attempt to get parsing info during refresh. "On-the-fly" syntax checking information may be incorrect. [/home/jsp/Storage/CFU_PYNQ_FIles/CFU_SRC/pynq_z2/pynq_z2/arunQAFDHGDZXVNBDXG_gae.srcs/sources_1/new/tul_pynq_z2.v:]
WARNING: [filemgmt 56-199] Attempt to get parsing info during refresh. "On-the-fly" syntax checking information may be incorrect. [/home/jsp/Storage/CFU_PYNQ_FIles/CFU_SRC/pynq_z2/pynq_z2/arunQAFDHGDZXVNBDXG_gae.srcs/sources_1/new/tul_pynq_z2.v:]
WARNING: [filemgmt 56-199] Attempt to get parsing info during refresh. "On-the-fly" syntax checking information may be incorrect. [/home/jsp/Storage/CFU_PYNQ_FIles/CFU_SRC/pynq_z2/pynq_z2/arunQAFDHGDZXVNBDXG_gae.srcs/sources_1/new/tul_pynq_z2.v:]
WARNING: [filemgmt 56-199] Attempt to get parsing info during refresh. "On-the-fly" syntax checking information may be incorrect. [/home/jsp/Storage/CFU_PYNQ_FIles/CFU_SRC/donut-accel/cfu.v:]
WARNING: [filemgmt 56-199] Attempt to get parsing info during refresh. "On-the-fly" syntax checking information may be incorrect. [/home/jsp/Storage/CFU_PYNQ_FIles/CFU_SRC/pynq_z2/pynq_z2/arunQAFDHGDZXVNBDXG_gae.srcs/Shift_Mul/imports/CFU_SRC/cfu2.v:]
WARNING: [filemgmt 56-199] Attempt to get parsing info during refresh. "On-the-fly" syntax checking information may be incorrect. [/home/jsp/Storage/CFU_PYNQ_FIles/CFU_SRC/pynq_z2/pynq_z2/arunQAFDHGDZXVNBDXG_gae.gen/sources_1/bd/system/hdl/system_wrapper.v:]
WARNING: [filemgmt 56-199] Attempt to get parsing info during refresh. "On-the-fly" syntax checking information may be incorrect. [/home/jsp/Storage/CFU_PYNQ_FIles/CFU_SRC/pynq_z2/pynq_z2/arunQAFDHGDZXVNBDXG_gae.srcs/sources_1/new/tul_pynq_z2.v:]
WARNING: [filemgmt 56-199] Attempt to get parsing info during refresh. "On-the-fly" syntax checking information may be incorrect. [/home/jsp/Storage/CFU_PYNQ_FIles/CFU_SRC/donut-accel/cfu.v:]
WARNING: [filemgmt 56-199] Attempt to get parsing info during refresh. "On-the-fly" syntax checking information may be incorrect. [/home/jsp/Storage/CFU_PYNQ_FIles/CFU_SRC/donut-accel/cfu.v:]
WARNING: [filemgmt 56-199] Attempt to get parsing info during refresh. "On-the-fly" syntax checking information may be incorrect. [/home/jsp/Storage/CFU_PYNQ_FIles/CFU_SRC/donut-accel/cfu.v:]
WARNING: [filemgmt 56-199] Attempt to get parsing info during refresh. "On-the-fly" syntax checking information may be incorrect. [/home/jsp/Storage/CFU_PYNQ_FIles/CFU_SRC/pynq_z2/pynq_z2/arunQAFDHGDZXVNBDXG_gae.srcs/Shift_Mul/imports/CFU_SRC/cfu2.v:]
WARNING: [filemgmt 56-199] Attempt to get parsing info during refresh. "On-the-fly" syntax checking information may be incorrect. [/home/jsp/Storage/CFU_PYNQ_FIles/CFU_SRC/pynq_z2/pynq_z2/arunQAFDHGDZXVNBDXG_gae.gen/sources_1/bd/system/hdl/system_wrapper.v:]
WARNING: [filemgmt 56-199] Attempt to get parsing info during refresh. "On-the-fly" syntax checking information may be incorrect. [/home/jsp/Storage/CFU_PYNQ_FIles/CFU_SRC/pynq_z2/pynq_z2/arunQAFDHGDZXVNBDXG_gae.srcs/sources_1/new/tul_pynq_z2.v:]
WARNING: [filemgmt 56-199] Attempt to get parsing info during refresh. "On-the-fly" syntax checking information may be incorrect. [/home/jsp/Storage/CFU_PYNQ_FIles/CFU_SRC/pynq_z2/pynq_z2/arunQAFDHGDZXVNBDXG_gae.gen/sources_1/bd/system/hdl/system_wrapper.v:]
WARNING: [filemgmt 56-199] Attempt to get parsing info during refresh. "On-the-fly" syntax checking information may be incorrect. [/home/jsp/Storage/CFU_PYNQ_FIles/CFU_SRC/pynq_z2/pynq_z2/arunQAFDHGDZXVNBDXG_gae.gen/sources_1/bd/system/hdl/system_wrapper.v:]
WARNING: [filemgmt 56-199] Attempt to get parsing info during refresh. "On-the-fly" syntax checking information may be incorrect. [/home/jsp/Storage/CFU_PYNQ_FIles/CFU_SRC/donut-accel/cfu.v:]
WARNING: [filemgmt 56-199] Attempt to get parsing info during refresh. "On-the-fly" syntax checking information may be incorrect. [/home/jsp/Storage/CFU_PYNQ_FIles/CFU_SRC/pynq_z2/pynq_z2/arunQAFDHGDZXVNBDXG_gae.srcs/Shift_Mul/imports/CFU_SRC/cfu2.v:]
WARNING: [filemgmt 56-199] Attempt to get parsing info during refresh. "On-the-fly" syntax checking information may be incorrect. [/home/jsp/Storage/CFU_PYNQ_FIles/CFU_SRC/pynq_z2/pynq_z2/arunQAFDHGDZXVNBDXG_gae.gen/sources_1/bd/system/hdl/system_wrapper.v:]
WARNING: [filemgmt 56-199] Attempt to get parsing info during refresh. "On-the-fly" syntax checking information may be incorrect. [/home/jsp/Storage/CFU_PYNQ_FIles/CFU_SRC/pynq_z2/pynq_z2/arunQAFDHGDZXVNBDXG_gae.srcs/sources_1/new/tul_pynq_z2.v:]
WARNING: [filemgmt 56-199] Attempt to get parsing info during refresh. "On-the-fly" syntax checking information may be incorrect. [/home/jsp/Storage/CFU_PYNQ_FIles/CFU_SRC/pynq_z2/pynq_z2/arunQAFDHGDZXVNBDXG_gae.srcs/sources_1/new/tul_pynq_z2.v:]
WARNING: [filemgmt 56-199] Attempt to get parsing info during refresh. "On-the-fly" syntax checking information may be incorrect. [/home/jsp/Storage/CFU_PYNQ_FIles/CFU_SRC/pynq_z2/pynq_z2/arunQAFDHGDZXVNBDXG_gae.srcs/sources_1/new/tul_pynq_z2.v:]
WARNING: [filemgmt 56-199] Attempt to get parsing info during refresh. "On-the-fly" syntax checking information may be incorrect. [/home/jsp/Storage/CFU_PYNQ_FIles/CFU_SRC/donut-accel/cfu.v:]
WARNING: [filemgmt 56-199] Attempt to get parsing info during refresh. "On-the-fly" syntax checking information may be incorrect. [/home/jsp/Storage/CFU_PYNQ_FIles/CFU_SRC/pynq_z2/pynq_z2/arunQAFDHGDZXVNBDXG_gae.srcs/Shift_Mul/imports/CFU_SRC/cfu2.v:]
WARNING: [filemgmt 56-199] Attempt to get parsing info during refresh. "On-the-fly" syntax checking information may be incorrect. [/home/jsp/Storage/CFU_PYNQ_FIles/CFU_SRC/pynq_z2/pynq_z2/arunQAFDHGDZXVNBDXG_gae.gen/sources_1/bd/system/hdl/system_wrapper.v:]
WARNING: [filemgmt 56-199] Attempt to get parsing info during refresh. "On-the-fly" syntax checking information may be incorrect. [/home/jsp/Storage/CFU_PYNQ_FIles/CFU_SRC/pynq_z2/pynq_z2/arunQAFDHGDZXVNBDXG_gae.srcs/sources_1/new/tul_pynq_z2.v:]
WARNING: [filemgmt 56-199] Attempt to get parsing info during refresh. "On-the-fly" syntax checking information may be incorrect. [/home/jsp/Storage/CFU_PYNQ_FIles/CFU_SRC/donut-accel/cfu.v:]
WARNING: [filemgmt 56-199] Attempt to get parsing info during refresh. "On-the-fly" syntax checking information may be incorrect. [/home/jsp/Storage/CFU_PYNQ_FIles/CFU_SRC/donut-accel/cfu.v:]
reset_run Donut_synth_1
WARNING: [filemgmt 56-199] Attempt to get parsing info during refresh. "On-the-fly" syntax checking information may be incorrect. [/home/jsp/Storage/CFU_PYNQ_FIles/CFU_SRC/donut-accel/cfu.v:]
WARNING: [filemgmt 56-199] Attempt to get parsing info during refresh. "On-the-fly" syntax checking information may be incorrect. [/home/jsp/Storage/CFU_PYNQ_FIles/CFU_SRC/pynq_z2/pynq_z2/arunQAFDHGDZXVNBDXG_gae.srcs/Shift_Mul/imports/CFU_SRC/cfu2.v:]
WARNING: [filemgmt 56-199] Attempt to get parsing info during refresh. "On-the-fly" syntax checking information may be incorrect. [/home/jsp/Storage/CFU_PYNQ_FIles/CFU_SRC/pynq_z2/pynq_z2/arunQAFDHGDZXVNBDXG_gae.gen/sources_1/bd/system/hdl/system_wrapper.v:]
WARNING: [filemgmt 56-199] Attempt to get parsing info during refresh. "On-the-fly" syntax checking information may be incorrect. [/home/jsp/Storage/CFU_PYNQ_FIles/CFU_SRC/pynq_z2/pynq_z2/arunQAFDHGDZXVNBDXG_gae.srcs/sources_1/new/tul_pynq_z2.v:]
WARNING: [filemgmt 56-199] Attempt to get parsing info during refresh. "On-the-fly" syntax checking information may be incorrect. [/home/jsp/Storage/CFU_PYNQ_FIles/CFU_SRC/pynq_z2/pynq_z2/arunQAFDHGDZXVNBDXG_gae.gen/sources_1/bd/system/hdl/system_wrapper.v:]
WARNING: [filemgmt 56-199] Attempt to get parsing info during refresh. "On-the-fly" syntax checking information may be incorrect. [/home/jsp/Storage/CFU_PYNQ_FIles/CFU_SRC/pynq_z2/pynq_z2/arunQAFDHGDZXVNBDXG_gae.gen/sources_1/bd/system/hdl/system_wrapper.v:]
reset_run Shift_Mul_synth_1
reset_run synth_1
INFO: [Project 1-1161] Replacing file /home/jsp/Storage/CFU_PYNQ_FIles/CFU_SRC/pynq_z2/pynq_z2/arunQAFDHGDZXVNBDXG_gae.srcs/utils_1/imports/synth_1/system_wrapper.dcp with file /home/jsp/Storage/CFU_PYNQ_FIles/CFU_SRC/pynq_z2/pynq_z2/arunQAFDHGDZXVNBDXG_gae.runs/synth_1/Top.dcp
WARNING: [filemgmt 56-199] Attempt to get parsing info during refresh. "On-the-fly" syntax checking information may be incorrect. [/home/jsp/Storage/CFU_PYNQ_FIles/CFU_SRC/donut-accel/cfu.v:]
WARNING: [filemgmt 56-199] Attempt to get parsing info during refresh. "On-the-fly" syntax checking information may be incorrect. [/home/jsp/Storage/CFU_PYNQ_FIles/CFU_SRC/pynq_z2/pynq_z2/arunQAFDHGDZXVNBDXG_gae.srcs/Shift_Mul/imports/CFU_SRC/cfu2.v:]
WARNING: [filemgmt 56-199] Attempt to get parsing info during refresh. "On-the-fly" syntax checking information may be incorrect. [/home/jsp/Storage/CFU_PYNQ_FIles/CFU_SRC/pynq_z2/pynq_z2/arunQAFDHGDZXVNBDXG_gae.gen/sources_1/bd/system/hdl/system_wrapper.v:]
WARNING: [filemgmt 56-199] Attempt to get parsing info during refresh. "On-the-fly" syntax checking information may be incorrect. [/home/jsp/Storage/CFU_PYNQ_FIles/CFU_SRC/pynq_z2/pynq_z2/arunQAFDHGDZXVNBDXG_gae.srcs/sources_1/new/tul_pynq_z2.v:]
WARNING: [filemgmt 56-199] Attempt to get parsing info during refresh. "On-the-fly" syntax checking information may be incorrect. [/home/jsp/Storage/CFU_PYNQ_FIles/CFU_SRC/pynq_z2/pynq_z2/arunQAFDHGDZXVNBDXG_gae.gen/sources_1/bd/system/hdl/system_wrapper.v:]
WARNING: [filemgmt 56-199] Attempt to get parsing info during refresh. "On-the-fly" syntax checking information may be incorrect. [/home/jsp/Storage/CFU_PYNQ_FIles/CFU_SRC/pynq_z2/pynq_z2/arunQAFDHGDZXVNBDXG_gae.gen/sources_1/bd/system/hdl/system_wrapper.v:]
WARNING: [filemgmt 56-199] Attempt to get parsing info during refresh. "On-the-fly" syntax checking information may be incorrect. [/home/jsp/Storage/CFU_PYNQ_FIles/CFU_SRC/donut-accel/cfu.v:]
WARNING: [filemgmt 56-199] Attempt to get parsing info during refresh. "On-the-fly" syntax checking information may be incorrect. [/home/jsp/Storage/CFU_PYNQ_FIles/CFU_SRC/pynq_z2/pynq_z2/arunQAFDHGDZXVNBDXG_gae.srcs/Shift_Mul/imports/CFU_SRC/cfu2.v:]
WARNING: [filemgmt 56-199] Attempt to get parsing info during refresh. "On-the-fly" syntax checking information may be incorrect. [/home/jsp/Storage/CFU_PYNQ_FIles/CFU_SRC/pynq_z2/pynq_z2/arunQAFDHGDZXVNBDXG_gae.gen/sources_1/bd/system/hdl/system_wrapper.v:]
WARNING: [filemgmt 56-199] Attempt to get parsing info during refresh. "On-the-fly" syntax checking information may be incorrect. [/home/jsp/Storage/CFU_PYNQ_FIles/CFU_SRC/pynq_z2/pynq_z2/arunQAFDHGDZXVNBDXG_gae.srcs/sources_1/new/tul_pynq_z2.v:]
WARNING: [filemgmt 56-199] Attempt to get parsing info during refresh. "On-the-fly" syntax checking information may be incorrect. [/home/jsp/Storage/CFU_PYNQ_FIles/CFU_SRC/pynq_z2/pynq_z2/arunQAFDHGDZXVNBDXG_gae.srcs/Shift_Mul/imports/CFU_SRC/cfu2.v:]
WARNING: [filemgmt 56-199] Attempt to get parsing info during refresh. "On-the-fly" syntax checking information may be incorrect. [/home/jsp/Storage/CFU_PYNQ_FIles/CFU_SRC/pynq_z2/pynq_z2/arunQAFDHGDZXVNBDXG_gae.srcs/Shift_Mul/imports/CFU_SRC/cfu2.v:]
WARNING: [filemgmt 56-199] Attempt to get parsing info during refresh. "On-the-fly" syntax checking information may be incorrect. [/home/jsp/Storage/CFU_PYNQ_FIles/CFU_SRC/donut-accel/cfu.v:]
WARNING: [filemgmt 56-199] Attempt to get parsing info during refresh. "On-the-fly" syntax checking information may be incorrect. [/home/jsp/Storage/CFU_PYNQ_FIles/CFU_SRC/pynq_z2/pynq_z2/arunQAFDHGDZXVNBDXG_gae.srcs/Shift_Mul/imports/CFU_SRC/cfu2.v:]
WARNING: [filemgmt 56-199] Attempt to get parsing info during refresh. "On-the-fly" syntax checking information may be incorrect. [/home/jsp/Storage/CFU_PYNQ_FIles/CFU_SRC/pynq_z2/pynq_z2/arunQAFDHGDZXVNBDXG_gae.gen/sources_1/bd/system/hdl/system_wrapper.v:]
WARNING: [filemgmt 56-199] Attempt to get parsing info during refresh. "On-the-fly" syntax checking information may be incorrect. [/home/jsp/Storage/CFU_PYNQ_FIles/CFU_SRC/pynq_z2/pynq_z2/arunQAFDHGDZXVNBDXG_gae.srcs/sources_1/new/tul_pynq_z2.v:]
WARNING: [filemgmt 56-199] Attempt to get parsing info during refresh. "On-the-fly" syntax checking information may be incorrect. [/home/jsp/Storage/CFU_PYNQ_FIles/CFU_SRC/pynq_z2/pynq_z2/arunQAFDHGDZXVNBDXG_gae.srcs/sources_1/new/tul_pynq_z2.v:]
WARNING: [filemgmt 56-199] Attempt to get parsing info during refresh. "On-the-fly" syntax checking information may be incorrect. [/home/jsp/Storage/CFU_PYNQ_FIles/CFU_SRC/pynq_z2/pynq_z2/arunQAFDHGDZXVNBDXG_gae.srcs/sources_1/new/tul_pynq_z2.v:]
launch_runs synth_1 -jobs 12
[Sat Nov  8 05:33:19 2025] Launched Donut_synth_1, Shift_Mul_synth_1...
Run output will be captured here:
Donut_synth_1: /home/jsp/Storage/CFU_PYNQ_FIles/CFU_SRC/pynq_z2/pynq_z2/arunQAFDHGDZXVNBDXG_gae.runs/Donut_synth_1/runme.log
Shift_Mul_synth_1: /home/jsp/Storage/CFU_PYNQ_FIles/CFU_SRC/pynq_z2/pynq_z2/arunQAFDHGDZXVNBDXG_gae.runs/Shift_Mul_synth_1/runme.log
[Sat Nov  8 05:33:19 2025] Launched synth_1...
Run output will be captured here: /home/jsp/Storage/CFU_PYNQ_FIles/CFU_SRC/pynq_z2/pynq_z2/arunQAFDHGDZXVNBDXG_gae.runs/synth_1/runme.log
launch_runs impl_1 child_0_impl_1 -jobs 12
WARNING: [Project 1-478] Design 'synth_1' is stale and will not be used when launching 'impl_1'
WARNING: [Project 1-478] Design 'synth_1' is stale and will not be used when launching 'impl_1'
[Sat Nov  8 05:35:30 2025] Launched impl_1...
Run output will be captured here: /home/jsp/Storage/CFU_PYNQ_FIles/CFU_SRC/pynq_z2/pynq_z2/arunQAFDHGDZXVNBDXG_gae.runs/impl_1/runme.log
[Sat Nov  8 05:35:30 2025] Launched impl_1, child_0_impl_1...
Run output will be captured here:
impl_1: /home/jsp/Storage/CFU_PYNQ_FIles/CFU_SRC/pynq_z2/pynq_z2/arunQAFDHGDZXVNBDXG_gae.runs/impl_1/runme.log
child_0_impl_1: /home/jsp/Storage/CFU_PYNQ_FIles/CFU_SRC/pynq_z2/pynq_z2/arunQAFDHGDZXVNBDXG_gae.runs/child_0_impl_1/runme.log
check_timing -verbose -name timing_1
INFO: [Timing 38-35] Done setting XDC timing constraints.
launch_runs impl_1 child_0_impl_1 -to_step write_bitstream -jobs 12
[Sat Nov  8 05:38:25 2025] Launched impl_1, child_0_impl_1...
Run output will be captured here:
impl_1: /home/jsp/Storage/CFU_PYNQ_FIles/CFU_SRC/pynq_z2/pynq_z2/arunQAFDHGDZXVNBDXG_gae.runs/impl_1/runme.log
child_0_impl_1: /home/jsp/Storage/CFU_PYNQ_FIles/CFU_SRC/pynq_z2/pynq_z2/arunQAFDHGDZXVNBDXG_gae.runs/child_0_impl_1/runme.log
create_ip_run [get_files -of_objects [get_fileset sources_1] /home/jsp/Storage/CFU_PYNQ_FIles/CFU_SRC/pynq_z2/pynq_z2/arunQAFDHGDZXVNBDXG_gae.srcs/sources_1/bd/system/system.bd]
refresh_design
INFO: [Project 1-454] Reading design checkpoint '/home/jsp/Storage/CFU_PYNQ_FIles/CFU_SRC/pynq_z2/pynq_z2/arunQAFDHGDZXVNBDXG_gae.gen/sources_1/ip/cfu_decoupler/cfu_decoupler.dcp' for cell 'cfu_system/Cfu/cfu_decoupler_inst'
INFO: [Project 1-454] Reading design checkpoint '/home/jsp/Storage/CFU_PYNQ_FIles/CFU_SRC/pynq_z2/pynq_z2/arunQAFDHGDZXVNBDXG_gae.runs/Donut_synth_1/cfu_compute.dcp' for cell 'cfu_system/Cfu/cfu_inst'
INFO: [Project 1-454] Reading design checkpoint '/home/jsp/Storage/CFU_PYNQ_FIles/CFU_SRC/pynq_z2/pynq_z2/arunQAFDHGDZXVNBDXG_gae.gen/sources_1/bd/system/ip/system_axi_gpio_decouple_status_0/system_axi_gpio_decouple_status_0.dcp' for cell 'system_unit/system_i/axi_gpio_config_to'
INFO: [Project 1-454] Reading design checkpoint '/home/jsp/Storage/CFU_PYNQ_FIles/CFU_SRC/pynq_z2/pynq_z2/arunQAFDHGDZXVNBDXG_gae.gen/sources_1/bd/system/ip/system_axi_gpio_0_0/system_axi_gpio_0_0.dcp' for cell 'system_unit/system_i/axi_gpio_decouple'
INFO: [Project 1-454] Reading design checkpoint '/home/jsp/Storage/CFU_PYNQ_FIles/CFU_SRC/pynq_z2/pynq_z2/arunQAFDHGDZXVNBDXG_gae.gen/sources_1/bd/system/ip/system_axi_gpio_to_reconfig_0/system_axi_gpio_to_reconfig_0.dcp' for cell 'system_unit/system_i/axi_gpio_decouple_status'
INFO: [Project 1-454] Reading design checkpoint '/home/jsp/Storage/CFU_PYNQ_FIles/CFU_SRC/pynq_z2/pynq_z2/arunQAFDHGDZXVNBDXG_gae.gen/sources_1/bd/system/ip/system_axi_gpio_0_1/system_axi_gpio_0_1.dcp' for cell 'system_unit/system_i/axi_gpio_to_reconfig'
INFO: [Project 1-454] Reading design checkpoint '/home/jsp/Storage/CFU_PYNQ_FIles/CFU_SRC/pynq_z2/pynq_z2/arunQAFDHGDZXVNBDXG_gae.gen/sources_1/bd/system/ip/system_processing_system7_0_0/system_processing_system7_0_0.dcp' for cell 'system_unit/system_i/processing_system7_0'
INFO: [Project 1-454] Reading design checkpoint '/home/jsp/Storage/CFU_PYNQ_FIles/CFU_SRC/pynq_z2/pynq_z2/arunQAFDHGDZXVNBDXG_gae.gen/sources_1/bd/system/ip/system_rst_ps7_0_100M_0/system_rst_ps7_0_100M_0.dcp' for cell 'system_unit/system_i/rst_ps7_0_100M'
INFO: [Project 1-454] Reading design checkpoint '/home/jsp/Storage/CFU_PYNQ_FIles/CFU_SRC/pynq_z2/pynq_z2/arunQAFDHGDZXVNBDXG_gae.gen/sources_1/bd/system/ip/system_xbar_0/system_xbar_0.dcp' for cell 'system_unit/system_i/ps7_0_axi_periph/xbar'
INFO: [Project 1-454] Reading design checkpoint '/home/jsp/Storage/CFU_PYNQ_FIles/CFU_SRC/pynq_z2/pynq_z2/arunQAFDHGDZXVNBDXG_gae.gen/sources_1/bd/system/ip/system_auto_pc_0/system_auto_pc_0.dcp' for cell 'system_unit/system_i/ps7_0_axi_periph/s00_couplers/auto_pc'
Netlist sorting complete. Time (s): cpu = 00:00:00.11 ; elapsed = 00:00:00.06 . Memory (MB): peak = 15887.977 ; gain = 0.000 ; free physical = 4214 ; free virtual = 17343
INFO: [Netlist 29-17] Analyzing 218 Unisim elements for replacement
INFO: [Netlist 29-28] Unisim Transformation completed in 0 CPU seconds
INFO: [Project 1-479] Netlist was created with Vivado 2024.1
INFO: [Project 1-570] Preparing netlist for logic optimization
Parsing XDC File [/home/jsp/Storage/CFU_PYNQ_FIles/CFU_SRC/pynq_z2/pynq_z2/arunQAFDHGDZXVNBDXG_gae.gen/sources_1/bd/system/ip/system_processing_system7_0_0/system_processing_system7_0_0.xdc] for cell 'system_unit/system_i/processing_system7_0/inst'
Finished Parsing XDC File [/home/jsp/Storage/CFU_PYNQ_FIles/CFU_SRC/pynq_z2/pynq_z2/arunQAFDHGDZXVNBDXG_gae.gen/sources_1/bd/system/ip/system_processing_system7_0_0/system_processing_system7_0_0.xdc] for cell 'system_unit/system_i/processing_system7_0/inst'
Parsing XDC File [/home/jsp/Storage/CFU_PYNQ_FIles/CFU_SRC/pynq_z2/pynq_z2/arunQAFDHGDZXVNBDXG_gae.gen/sources_1/bd/system/ip/system_axi_gpio_0_0/system_axi_gpio_0_0_board.xdc] for cell 'system_unit/system_i/axi_gpio_decouple/U0'
Finished Parsing XDC File [/home/jsp/Storage/CFU_PYNQ_FIles/CFU_SRC/pynq_z2/pynq_z2/arunQAFDHGDZXVNBDXG_gae.gen/sources_1/bd/system/ip/system_axi_gpio_0_0/system_axi_gpio_0_0_board.xdc] for cell 'system_unit/system_i/axi_gpio_decouple/U0'
Parsing XDC File [/home/jsp/Storage/CFU_PYNQ_FIles/CFU_SRC/pynq_z2/pynq_z2/arunQAFDHGDZXVNBDXG_gae.gen/sources_1/bd/system/ip/system_axi_gpio_0_0/system_axi_gpio_0_0.xdc] for cell 'system_unit/system_i/axi_gpio_decouple/U0'
Finished Parsing XDC File [/home/jsp/Storage/CFU_PYNQ_FIles/CFU_SRC/pynq_z2/pynq_z2/arunQAFDHGDZXVNBDXG_gae.gen/sources_1/bd/system/ip/system_axi_gpio_0_0/system_axi_gpio_0_0.xdc] for cell 'system_unit/system_i/axi_gpio_decouple/U0'
Parsing XDC File [/home/jsp/Storage/CFU_PYNQ_FIles/CFU_SRC/pynq_z2/pynq_z2/arunQAFDHGDZXVNBDXG_gae.gen/sources_1/bd/system/ip/system_axi_gpio_0_1/system_axi_gpio_0_1_board.xdc] for cell 'system_unit/system_i/axi_gpio_to_reconfig/U0'
Finished Parsing XDC File [/home/jsp/Storage/CFU_PYNQ_FIles/CFU_SRC/pynq_z2/pynq_z2/arunQAFDHGDZXVNBDXG_gae.gen/sources_1/bd/system/ip/system_axi_gpio_0_1/system_axi_gpio_0_1_board.xdc] for cell 'system_unit/system_i/axi_gpio_to_reconfig/U0'
Parsing XDC File [/home/jsp/Storage/CFU_PYNQ_FIles/CFU_SRC/pynq_z2/pynq_z2/arunQAFDHGDZXVNBDXG_gae.gen/sources_1/bd/system/ip/system_axi_gpio_0_1/system_axi_gpio_0_1.xdc] for cell 'system_unit/system_i/axi_gpio_to_reconfig/U0'
Finished Parsing XDC File [/home/jsp/Storage/CFU_PYNQ_FIles/CFU_SRC/pynq_z2/pynq_z2/arunQAFDHGDZXVNBDXG_gae.gen/sources_1/bd/system/ip/system_axi_gpio_0_1/system_axi_gpio_0_1.xdc] for cell 'system_unit/system_i/axi_gpio_to_reconfig/U0'
Parsing XDC File [/home/jsp/Storage/CFU_PYNQ_FIles/CFU_SRC/pynq_z2/pynq_z2/arunQAFDHGDZXVNBDXG_gae.gen/sources_1/bd/system/ip/system_axi_gpio_to_reconfig_0/system_axi_gpio_to_reconfig_0_board.xdc] for cell 'system_unit/system_i/axi_gpio_decouple_status/U0'
Finished Parsing XDC File [/home/jsp/Storage/CFU_PYNQ_FIles/CFU_SRC/pynq_z2/pynq_z2/arunQAFDHGDZXVNBDXG_gae.gen/sources_1/bd/system/ip/system_axi_gpio_to_reconfig_0/system_axi_gpio_to_reconfig_0_board.xdc] for cell 'system_unit/system_i/axi_gpio_decouple_status/U0'
Parsing XDC File [/home/jsp/Storage/CFU_PYNQ_FIles/CFU_SRC/pynq_z2/pynq_z2/arunQAFDHGDZXVNBDXG_gae.gen/sources_1/bd/system/ip/system_axi_gpio_to_reconfig_0/system_axi_gpio_to_reconfig_0.xdc] for cell 'system_unit/system_i/axi_gpio_decouple_status/U0'
Finished Parsing XDC File [/home/jsp/Storage/CFU_PYNQ_FIles/CFU_SRC/pynq_z2/pynq_z2/arunQAFDHGDZXVNBDXG_gae.gen/sources_1/bd/system/ip/system_axi_gpio_to_reconfig_0/system_axi_gpio_to_reconfig_0.xdc] for cell 'system_unit/system_i/axi_gpio_decouple_status/U0'
Parsing XDC File [/home/jsp/Storage/CFU_PYNQ_FIles/CFU_SRC/pynq_z2/pynq_z2/arunQAFDHGDZXVNBDXG_gae.gen/sources_1/bd/system/ip/system_axi_gpio_decouple_status_0/system_axi_gpio_decouple_status_0_board.xdc] for cell 'system_unit/system_i/axi_gpio_config_to/U0'
Finished Parsing XDC File [/home/jsp/Storage/CFU_PYNQ_FIles/CFU_SRC/pynq_z2/pynq_z2/arunQAFDHGDZXVNBDXG_gae.gen/sources_1/bd/system/ip/system_axi_gpio_decouple_status_0/system_axi_gpio_decouple_status_0_board.xdc] for cell 'system_unit/system_i/axi_gpio_config_to/U0'
Parsing XDC File [/home/jsp/Storage/CFU_PYNQ_FIles/CFU_SRC/pynq_z2/pynq_z2/arunQAFDHGDZXVNBDXG_gae.gen/sources_1/bd/system/ip/system_axi_gpio_decouple_status_0/system_axi_gpio_decouple_status_0.xdc] for cell 'system_unit/system_i/axi_gpio_config_to/U0'
Finished Parsing XDC File [/home/jsp/Storage/CFU_PYNQ_FIles/CFU_SRC/pynq_z2/pynq_z2/arunQAFDHGDZXVNBDXG_gae.gen/sources_1/bd/system/ip/system_axi_gpio_decouple_status_0/system_axi_gpio_decouple_status_0.xdc] for cell 'system_unit/system_i/axi_gpio_config_to/U0'
Parsing XDC File [/home/jsp/Storage/CFU_PYNQ_FIles/CFU_SRC/pynq_z2/pynq_z2/arunQAFDHGDZXVNBDXG_gae.gen/sources_1/bd/system/ip/system_rst_ps7_0_100M_0/system_rst_ps7_0_100M_0_board.xdc] for cell 'system_unit/system_i/rst_ps7_0_100M/U0'
Finished Parsing XDC File [/home/jsp/Storage/CFU_PYNQ_FIles/CFU_SRC/pynq_z2/pynq_z2/arunQAFDHGDZXVNBDXG_gae.gen/sources_1/bd/system/ip/system_rst_ps7_0_100M_0/system_rst_ps7_0_100M_0_board.xdc] for cell 'system_unit/system_i/rst_ps7_0_100M/U0'
Parsing XDC File [/home/jsp/Storage/CFU_PYNQ_FIles/CFU_SRC/pynq_z2/pynq_z2/arunQAFDHGDZXVNBDXG_gae.gen/sources_1/bd/system/ip/system_rst_ps7_0_100M_0/system_rst_ps7_0_100M_0.xdc] for cell 'system_unit/system_i/rst_ps7_0_100M/U0'
Finished Parsing XDC File [/home/jsp/Storage/CFU_PYNQ_FIles/CFU_SRC/pynq_z2/pynq_z2/arunQAFDHGDZXVNBDXG_gae.gen/sources_1/bd/system/ip/system_rst_ps7_0_100M_0/system_rst_ps7_0_100M_0.xdc] for cell 'system_unit/system_i/rst_ps7_0_100M/U0'
Parsing XDC File [/home/jsp/Storage/CFU_PYNQ_FIles/CFU_SRC/pynq_z2/pynq_z2/pynq_z2.srcs/sources_1/new/tul_pynq_z2.xdc]
Finished Parsing XDC File [/home/jsp/Storage/CFU_PYNQ_FIles/CFU_SRC/pynq_z2/pynq_z2/pynq_z2.srcs/sources_1/new/tul_pynq_z2.xdc]
Parsing XDC File [/home/jsp/Storage/CFU_PYNQ_FIles/CFU_SRC/pynq_z2/pynq_z2/arunQAFDHGDZXVNBDXG_gae.srcs/constrs_1/new/pblock.xdc]
Finished Parsing XDC File [/home/jsp/Storage/CFU_PYNQ_FIles/CFU_SRC/pynq_z2/pynq_z2/arunQAFDHGDZXVNBDXG_gae.srcs/constrs_1/new/pblock.xdc]
WARNING: [XPM_CDC_SINGLE: TCL-1000] The source and destination clocks are the same. 
     Instance: cfu_system/Cfu/cfu_decoupler_inst/U0/b_cfu_output.i_cdc 
  This will add unnecessary latency to the design. Please check the design for the following: 
 1) Manually instantiated XPM_CDC modules: AMD recommends that you remove these modules. 
 2) AMD IP that contains XPM_CDC modules: Verify the connections to the IP to determine whether you can safely ignore this message.
 [/home/jsp/Storage/Vivado/2024.1/data/ip/xpm/xpm_cdc/tcl/xpm_cdc_single.tcl:5]
WARNING: [XPM_CDC_SINGLE: TCL-1000] The source and destination clocks are the same. 
     Instance: cfu_system/Cfu/cfu_decoupler_inst/U0/b_cfu_inputs.i_cdc 
  This will add unnecessary latency to the design. Please check the design for the following: 
 1) Manually instantiated XPM_CDC modules: AMD recommends that you remove these modules. 
 2) AMD IP that contains XPM_CDC modules: Verify the connections to the IP to determine whether you can safely ignore this message.
 [/home/jsp/Storage/Vivado/2024.1/data/ip/xpm/xpm_cdc/tcl/xpm_cdc_single.tcl:5]
INFO: [Project 1-1714] 2 XPM XDC files have been applied to the design.
INFO: [Opt 31-138] Pushed 0 inverter(s) to 0 load pin(s).
refresh_design: Time (s): cpu = 00:00:11 ; elapsed = 00:00:06 . Memory (MB): peak = 15887.977 ; gain = 0.000 ; free physical = 4199 ; free virtual = 17333
open_bd_design {/home/jsp/Storage/CFU_PYNQ_FIles/CFU_SRC/pynq_z2/pynq_z2/arunQAFDHGDZXVNBDXG_gae.srcs/sources_1/bd/system/system.bd}
CRITICAL WARNING: [PSU-1]  Parameter : PCW_UIPARAM_DDR_DQS_TO_CLK_DELAY_0 has negative value -0.051 . PS DDR interfaces might fail when entering negative DQS skew values. 
CRITICAL WARNING: [PSU-2]  Parameter : PCW_UIPARAM_DDR_DQS_TO_CLK_DELAY_1 has negative value -0.006 . PS DDR interfaces might fail when entering negative DQS skew values. 
CRITICAL WARNING: [PSU-3]  Parameter : PCW_UIPARAM_DDR_DQS_TO_CLK_DELAY_2 has negative value -0.009 . PS DDR interfaces might fail when entering negative DQS skew values. 
CRITICAL WARNING: [PSU-4]  Parameter : PCW_UIPARAM_DDR_DQS_TO_CLK_DELAY_3 has negative value -0.033 . PS DDR interfaces might fail when entering negative DQS skew values. 
WARNING: [IP_Flow 19-474] Invalid Parameter 'Component_Name'
CRITICAL WARNING: [PSU-1]  Parameter : PCW_UIPARAM_DDR_DQS_TO_CLK_DELAY_0 has negative value -0.051 . PS DDR interfaces might fail when entering negative DQS skew values. 
CRITICAL WARNING: [PSU-2]  Parameter : PCW_UIPARAM_DDR_DQS_TO_CLK_DELAY_1 has negative value -0.006 . PS DDR interfaces might fail when entering negative DQS skew values. 
CRITICAL WARNING: [PSU-3]  Parameter : PCW_UIPARAM_DDR_DQS_TO_CLK_DELAY_2 has negative value -0.009 . PS DDR interfaces might fail when entering negative DQS skew values. 
CRITICAL WARNING: [PSU-4]  Parameter : PCW_UIPARAM_DDR_DQS_TO_CLK_DELAY_3 has negative value -0.033 . PS DDR interfaces might fail when entering negative DQS skew values. 
startgroup
set_property CONFIG.PCW_FPGA1_PERIPHERAL_FREQMHZ {125} [get_bd_cells processing_system7_0]
CRITICAL WARNING: [PSU-1]  Parameter : PCW_UIPARAM_DDR_DQS_TO_CLK_DELAY_0 has negative value -0.051 . PS DDR interfaces might fail when entering negative DQS skew values. 
CRITICAL WARNING: [PSU-2]  Parameter : PCW_UIPARAM_DDR_DQS_TO_CLK_DELAY_1 has negative value -0.006 . PS DDR interfaces might fail when entering negative DQS skew values. 
CRITICAL WARNING: [PSU-3]  Parameter : PCW_UIPARAM_DDR_DQS_TO_CLK_DELAY_2 has negative value -0.009 . PS DDR interfaces might fail when entering negative DQS skew values. 
CRITICAL WARNING: [PSU-4]  Parameter : PCW_UIPARAM_DDR_DQS_TO_CLK_DELAY_3 has negative value -0.033 . PS DDR interfaces might fail when entering negative DQS skew values. 
endgroup
CRITICAL WARNING: [filemgmt 56-176] Module references are not supported in manual compile order mode and will be ignored.
save_bd_design
Wrote  : </home/jsp/Storage/CFU_PYNQ_FIles/CFU_SRC/pynq_z2/pynq_z2/arunQAFDHGDZXVNBDXG_gae.srcs/sources_1/bd/system/system.bd> 
reset_run synth_1
INFO: [Project 1-1161] Replacing file /home/jsp/Storage/CFU_PYNQ_FIles/CFU_SRC/pynq_z2/pynq_z2/arunQAFDHGDZXVNBDXG_gae.srcs/utils_1/imports/synth_1/system_wrapper.dcp with file /home/jsp/Storage/CFU_PYNQ_FIles/CFU_SRC/pynq_z2/pynq_z2/arunQAFDHGDZXVNBDXG_gae.runs/synth_1/Top.dcp
reset_run system_processing_system7_0_0_synth_1
WARNING: [filemgmt 56-199] Attempt to get parsing info during refresh. "On-the-fly" syntax checking information may be incorrect. [/home/jsp/Storage/CFU_PYNQ_FIles/CFU_SRC/donut-accel/cfu.v:]
WARNING: [filemgmt 56-199] Attempt to get parsing info during refresh. "On-the-fly" syntax checking information may be incorrect. [/home/jsp/Storage/CFU_PYNQ_FIles/CFU_SRC/pynq_z2/pynq_z2/arunQAFDHGDZXVNBDXG_gae.srcs/Shift_Mul/imports/CFU_SRC/cfu2.v:]
WARNING: [filemgmt 56-199] Attempt to get parsing info during refresh. "On-the-fly" syntax checking information may be incorrect. [/home/jsp/Storage/CFU_PYNQ_FIles/CFU_SRC/pynq_z2/pynq_z2/arunQAFDHGDZXVNBDXG_gae.gen/sources_1/bd/system/hdl/system_wrapper.v:]
WARNING: [filemgmt 56-199] Attempt to get parsing info during refresh. "On-the-fly" syntax checking information may be incorrect. [/home/jsp/Storage/CFU_PYNQ_FIles/CFU_SRC/pynq_z2/pynq_z2/arunQAFDHGDZXVNBDXG_gae.srcs/sources_1/new/tul_pynq_z2.v:]
WARNING: [filemgmt 56-199] Attempt to get parsing info during refresh. "On-the-fly" syntax checking information may be incorrect. [/home/jsp/Storage/CFU_PYNQ_FIles/CFU_SRC/pynq_z2/pynq_z2/arunQAFDHGDZXVNBDXG_gae.gen/sources_1/bd/system/hdl/system_wrapper.v:]
WARNING: [filemgmt 56-199] Attempt to get parsing info during refresh. "On-the-fly" syntax checking information may be incorrect. [/home/jsp/Storage/CFU_PYNQ_FIles/CFU_SRC/pynq_z2/pynq_z2/arunQAFDHGDZXVNBDXG_gae.gen/sources_1/bd/system/hdl/system_wrapper.v:]
WARNING: [filemgmt 56-199] Attempt to get parsing info during refresh. "On-the-fly" syntax checking information may be incorrect. [/home/jsp/Storage/CFU_PYNQ_FIles/CFU_SRC/donut-accel/cfu.v:]
WARNING: [filemgmt 56-199] Attempt to get parsing info during refresh. "On-the-fly" syntax checking information may be incorrect. [/home/jsp/Storage/CFU_PYNQ_FIles/CFU_SRC/pynq_z2/pynq_z2/arunQAFDHGDZXVNBDXG_gae.srcs/Shift_Mul/imports/CFU_SRC/cfu2.v:]
WARNING: [filemgmt 56-199] Attempt to get parsing info during refresh. "On-the-fly" syntax checking information may be incorrect. [/home/jsp/Storage/CFU_PYNQ_FIles/CFU_SRC/pynq_z2/pynq_z2/arunQAFDHGDZXVNBDXG_gae.gen/sources_1/bd/system/hdl/system_wrapper.v:]
WARNING: [filemgmt 56-199] Attempt to get parsing info during refresh. "On-the-fly" syntax checking information may be incorrect. [/home/jsp/Storage/CFU_PYNQ_FIles/CFU_SRC/pynq_z2/pynq_z2/arunQAFDHGDZXVNBDXG_gae.srcs/sources_1/new/tul_pynq_z2.v:]
WARNING: [filemgmt 56-199] Attempt to get parsing info during refresh. "On-the-fly" syntax checking information may be incorrect. [/home/jsp/Storage/CFU_PYNQ_FIles/CFU_SRC/donut-accel/cfu.v:]
WARNING: [filemgmt 56-199] Attempt to get parsing info during refresh. "On-the-fly" syntax checking information may be incorrect. [/home/jsp/Storage/CFU_PYNQ_FIles/CFU_SRC/donut-accel/cfu.v:]
WARNING: [filemgmt 56-199] Attempt to get parsing info during refresh. "On-the-fly" syntax checking information may be incorrect. [/home/jsp/Storage/CFU_PYNQ_FIles/CFU_SRC/donut-accel/cfu.v:]
WARNING: [filemgmt 56-199] Attempt to get parsing info during refresh. "On-the-fly" syntax checking information may be incorrect. [/home/jsp/Storage/CFU_PYNQ_FIles/CFU_SRC/pynq_z2/pynq_z2/arunQAFDHGDZXVNBDXG_gae.srcs/Shift_Mul/imports/CFU_SRC/cfu2.v:]
WARNING: [filemgmt 56-199] Attempt to get parsing info during refresh. "On-the-fly" syntax checking information may be incorrect. [/home/jsp/Storage/CFU_PYNQ_FIles/CFU_SRC/pynq_z2/pynq_z2/arunQAFDHGDZXVNBDXG_gae.gen/sources_1/bd/system/hdl/system_wrapper.v:]
WARNING: [filemgmt 56-199] Attempt to get parsing info during refresh. "On-the-fly" syntax checking information may be incorrect. [/home/jsp/Storage/CFU_PYNQ_FIles/CFU_SRC/pynq_z2/pynq_z2/arunQAFDHGDZXVNBDXG_gae.srcs/sources_1/new/tul_pynq_z2.v:]
WARNING: [filemgmt 56-199] Attempt to get parsing info during refresh. "On-the-fly" syntax checking information may be incorrect. [/home/jsp/Storage/CFU_PYNQ_FIles/CFU_SRC/pynq_z2/pynq_z2/arunQAFDHGDZXVNBDXG_gae.srcs/Shift_Mul/imports/CFU_SRC/cfu2.v:]
WARNING: [filemgmt 56-199] Attempt to get parsing info during refresh. "On-the-fly" syntax checking information may be incorrect. [/home/jsp/Storage/CFU_PYNQ_FIles/CFU_SRC/pynq_z2/pynq_z2/arunQAFDHGDZXVNBDXG_gae.srcs/Shift_Mul/imports/CFU_SRC/cfu2.v:]
CRITICAL WARNING: [filemgmt 56-176] Module references are not supported in manual compile order mode and will be ignored.
launch_runs impl_1 child_0_impl_1 -to_step write_bitstream -jobs 12
WARNING: [BD 41-702] Propagation TCL tries to overwrite USER strength parameter PCW_M_AXI_GP0_FREQMHZ(10) on '/processing_system7_0' with propagated value(100). Command ignored
Wrote  : </home/jsp/Storage/CFU_PYNQ_FIles/CFU_SRC/pynq_z2/pynq_z2/arunQAFDHGDZXVNBDXG_gae.srcs/sources_1/bd/system/system.bd> 
Verilog Output written to : /home/jsp/Storage/CFU_PYNQ_FIles/CFU_SRC/pynq_z2/pynq_z2/arunQAFDHGDZXVNBDXG_gae.gen/sources_1/bd/system/synth/system.v
Verilog Output written to : /home/jsp/Storage/CFU_PYNQ_FIles/CFU_SRC/pynq_z2/pynq_z2/arunQAFDHGDZXVNBDXG_gae.gen/sources_1/bd/system/sim/system.v
Verilog Output written to : /home/jsp/Storage/CFU_PYNQ_FIles/CFU_SRC/pynq_z2/pynq_z2/arunQAFDHGDZXVNBDXG_gae.gen/sources_1/bd/system/hdl/system_wrapper.v
INFO: [IP_Flow 19-5611] Unable to find an associated reset port for the interface 'M_AXI_GP0'. A default connection has been created.
INFO: [BD 41-1029] Generation completed for the IP Integrator block processing_system7_0 .
WARNING: [IP_Flow 19-4994] Overwriting existing constraint file '/home/jsp/Storage/CFU_PYNQ_FIles/CFU_SRC/pynq_z2/pynq_z2/arunQAFDHGDZXVNBDXG_gae.gen/sources_1/bd/system/ip/system_auto_pc_0/system_auto_pc_0_ooc.xdc'
INFO: [BD 41-1029] Generation completed for the IP Integrator block ps7_0_axi_periph/s00_couplers/auto_pc .
Exporting to file /home/jsp/Storage/CFU_PYNQ_FIles/CFU_SRC/pynq_z2/pynq_z2/arunQAFDHGDZXVNBDXG_gae.gen/sources_1/bd/system/hw_handoff/system.hwh
Generated Hardware Definition File /home/jsp/Storage/CFU_PYNQ_FIles/CFU_SRC/pynq_z2/pynq_z2/arunQAFDHGDZXVNBDXG_gae.gen/sources_1/bd/system/synth/system.hwdef
INFO: [IP_Flow 19-6924] IPCACHE: Running cache check for IP inst: system_auto_pc_0
INFO: [IP_Flow 19-6922] IPCACHE: Exporting cached entry 28dbe6f2fca8b92b to dir: /home/jsp/Storage/CFU_PYNQ_FIles/CFU_SRC/pynq_z2/pynq_z2/arunQAFDHGDZXVNBDXG_gae.gen/sources_1/bd/system/ip/system_auto_pc_0
INFO: [IP_Flow 19-6928] IPCACHE: copied cached file /home/jsp/Storage/CFU_PYNQ_FIles/CFU_SRC/pynq_z2/pynq_z2/arunQAFDHGDZXVNBDXG_gae.cache/ip/2024.1/2/8/28dbe6f2fca8b92b/system_auto_pc_0_sim_netlist.v to /home/jsp/Storage/CFU_PYNQ_FIles/CFU_SRC/pynq_z2/pynq_z2/arunQAFDHGDZXVNBDXG_gae.gen/sources_1/bd/system/ip/system_auto_pc_0/system_auto_pc_0_sim_netlist.v.
INFO: [IP_Flow 19-6926] IPCACHE: added file to list for BOM: /home/jsp/Storage/CFU_PYNQ_FIles/CFU_SRC/pynq_z2/pynq_z2/arunQAFDHGDZXVNBDXG_gae.gen/sources_1/bd/system/ip/system_auto_pc_0/system_auto_pc_0_sim_netlist.v
INFO: [IP_Flow 19-6928] IPCACHE: copied cached file /home/jsp/Storage/CFU_PYNQ_FIles/CFU_SRC/pynq_z2/pynq_z2/arunQAFDHGDZXVNBDXG_gae.cache/ip/2024.1/2/8/28dbe6f2fca8b92b/system_auto_pc_0_stub.v to /home/jsp/Storage/CFU_PYNQ_FIles/CFU_SRC/pynq_z2/pynq_z2/arunQAFDHGDZXVNBDXG_gae.gen/sources_1/bd/system/ip/system_auto_pc_0/system_auto_pc_0_stub.v.
INFO: [IP_Flow 19-6926] IPCACHE: added file to list for BOM: /home/jsp/Storage/CFU_PYNQ_FIles/CFU_SRC/pynq_z2/pynq_z2/arunQAFDHGDZXVNBDXG_gae.gen/sources_1/bd/system/ip/system_auto_pc_0/system_auto_pc_0_stub.v
INFO: [IP_Flow 19-6928] IPCACHE: copied cached file /home/jsp/Storage/CFU_PYNQ_FIles/CFU_SRC/pynq_z2/pynq_z2/arunQAFDHGDZXVNBDXG_gae.cache/ip/2024.1/2/8/28dbe6f2fca8b92b/system_auto_pc_0_sim_netlist.vhdl to /home/jsp/Storage/CFU_PYNQ_FIles/CFU_SRC/pynq_z2/pynq_z2/arunQAFDHGDZXVNBDXG_gae.gen/sources_1/bd/system/ip/system_auto_pc_0/system_auto_pc_0_sim_netlist.vhdl.
INFO: [IP_Flow 19-6926] IPCACHE: added file to list for BOM: /home/jsp/Storage/CFU_PYNQ_FIles/CFU_SRC/pynq_z2/pynq_z2/arunQAFDHGDZXVNBDXG_gae.gen/sources_1/bd/system/ip/system_auto_pc_0/system_auto_pc_0_sim_netlist.vhdl
INFO: [IP_Flow 19-6928] IPCACHE: copied cached file /home/jsp/Storage/CFU_PYNQ_FIles/CFU_SRC/pynq_z2/pynq_z2/arunQAFDHGDZXVNBDXG_gae.cache/ip/2024.1/2/8/28dbe6f2fca8b92b/system_auto_pc_0.dcp to /home/jsp/Storage/CFU_PYNQ_FIles/CFU_SRC/pynq_z2/pynq_z2/arunQAFDHGDZXVNBDXG_gae.gen/sources_1/bd/system/ip/system_auto_pc_0/system_auto_pc_0.dcp.
INFO: [IP_Flow 19-6926] IPCACHE: added file to list for BOM: /home/jsp/Storage/CFU_PYNQ_FIles/CFU_SRC/pynq_z2/pynq_z2/arunQAFDHGDZXVNBDXG_gae.gen/sources_1/bd/system/ip/system_auto_pc_0/system_auto_pc_0.dcp
INFO: [IP_Flow 19-6928] IPCACHE: copied cached file /home/jsp/Storage/CFU_PYNQ_FIles/CFU_SRC/pynq_z2/pynq_z2/arunQAFDHGDZXVNBDXG_gae.cache/ip/2024.1/2/8/28dbe6f2fca8b92b/system_auto_pc_0_stub.vhdl to /home/jsp/Storage/CFU_PYNQ_FIles/CFU_SRC/pynq_z2/pynq_z2/arunQAFDHGDZXVNBDXG_gae.gen/sources_1/bd/system/ip/system_auto_pc_0/system_auto_pc_0_stub.vhdl.
INFO: [IP_Flow 19-6926] IPCACHE: added file to list for BOM: /home/jsp/Storage/CFU_PYNQ_FIles/CFU_SRC/pynq_z2/pynq_z2/arunQAFDHGDZXVNBDXG_gae.gen/sources_1/bd/system/ip/system_auto_pc_0/system_auto_pc_0_stub.vhdl
INFO: [IP_Flow 19-4993] Using cached IP synthesis design for IP system_auto_pc_0, cache-ID = 28dbe6f2fca8b92b; cache size = 3.220 MB.
CRITICAL WARNING: [filemgmt 56-176] Module references are not supported in manual compile order mode and will be ignored.
WARNING: [Project 1-478] Design 'synth_1' is stale and will not be used when launching 'impl_1'
WARNING: [Project 1-478] Design 'synth_1' is stale and will not be used when launching 'impl_1'
[Tue Nov 11 12:56:43 2025] Launched system_processing_system7_0_0_synth_1, synth_1, impl_1...
Run output will be captured here:
system_processing_system7_0_0_synth_1: /home/jsp/Storage/CFU_PYNQ_FIles/CFU_SRC/pynq_z2/pynq_z2/arunQAFDHGDZXVNBDXG_gae.runs/system_processing_system7_0_0_synth_1/runme.log
synth_1: /home/jsp/Storage/CFU_PYNQ_FIles/CFU_SRC/pynq_z2/pynq_z2/arunQAFDHGDZXVNBDXG_gae.runs/synth_1/runme.log
impl_1: /home/jsp/Storage/CFU_PYNQ_FIles/CFU_SRC/pynq_z2/pynq_z2/arunQAFDHGDZXVNBDXG_gae.runs/impl_1/runme.log
[Tue Nov 11 12:56:44 2025] Launched impl_1, child_0_impl_1...
Run output will be captured here:
impl_1: /home/jsp/Storage/CFU_PYNQ_FIles/CFU_SRC/pynq_z2/pynq_z2/arunQAFDHGDZXVNBDXG_gae.runs/impl_1/runme.log
child_0_impl_1: /home/jsp/Storage/CFU_PYNQ_FIles/CFU_SRC/pynq_z2/pynq_z2/arunQAFDHGDZXVNBDXG_gae.runs/child_0_impl_1/runme.log
launch_runs: Time (s): cpu = 00:00:38 ; elapsed = 00:00:28 . Memory (MB): peak = 16356.184 ; gain = 432.996 ; free physical = 3711 ; free virtual = 17108
WARNING: [filemgmt 56-199] Attempt to get parsing info during refresh. "On-the-fly" syntax checking information may be incorrect. [/home/jsp/Storage/CFU_PYNQ_FIles/CFU_SRC/donut-accel/cfu.v:]
WARNING: [filemgmt 56-199] Attempt to get parsing info during refresh. "On-the-fly" syntax checking information may be incorrect. [/home/jsp/Storage/CFU_PYNQ_FIles/CFU_SRC/pynq_z2/pynq_z2/arunQAFDHGDZXVNBDXG_gae.srcs/Shift_Mul/imports/CFU_SRC/cfu2.v:]
WARNING: [filemgmt 56-199] Attempt to get parsing info during refresh. "On-the-fly" syntax checking information may be incorrect. [/home/jsp/Storage/CFU_PYNQ_FIles/CFU_SRC/pynq_z2/pynq_z2/arunQAFDHGDZXVNBDXG_gae.gen/sources_1/bd/system/hdl/system_wrapper.v:]
WARNING: [filemgmt 56-199] Attempt to get parsing info during refresh. "On-the-fly" syntax checking information may be incorrect. [/home/jsp/Storage/CFU_PYNQ_FIles/CFU_SRC/pynq_z2/pynq_z2/arunQAFDHGDZXVNBDXG_gae.srcs/sources_1/new/tul_pynq_z2.v:]
WARNING: [filemgmt 56-199] Attempt to get parsing info during refresh. "On-the-fly" syntax checking information may be incorrect. [/home/jsp/Storage/CFU_PYNQ_FIles/CFU_SRC/pynq_z2/pynq_z2/arunQAFDHGDZXVNBDXG_gae.gen/sources_1/bd/system/hdl/system_wrapper.v:]
WARNING: [filemgmt 56-199] Attempt to get parsing info during refresh. "On-the-fly" syntax checking information may be incorrect. [/home/jsp/Storage/CFU_PYNQ_FIles/CFU_SRC/pynq_z2/pynq_z2/arunQAFDHGDZXVNBDXG_gae.gen/sources_1/bd/system/hdl/system_wrapper.v:]
WARNING: [filemgmt 56-199] Attempt to get parsing info during refresh. "On-the-fly" syntax checking information may be incorrect. [/home/jsp/Storage/CFU_PYNQ_FIles/CFU_SRC/donut-accel/cfu.v:]
WARNING: [filemgmt 56-199] Attempt to get parsing info during refresh. "On-the-fly" syntax checking information may be incorrect. [/home/jsp/Storage/CFU_PYNQ_FIles/CFU_SRC/pynq_z2/pynq_z2/arunQAFDHGDZXVNBDXG_gae.srcs/Shift_Mul/imports/CFU_SRC/cfu2.v:]
WARNING: [filemgmt 56-199] Attempt to get parsing info during refresh. "On-the-fly" syntax checking information may be incorrect. [/home/jsp/Storage/CFU_PYNQ_FIles/CFU_SRC/pynq_z2/pynq_z2/arunQAFDHGDZXVNBDXG_gae.gen/sources_1/bd/system/hdl/system_wrapper.v:]
WARNING: [filemgmt 56-199] Attempt to get parsing info during refresh. "On-the-fly" syntax checking information may be incorrect. [/home/jsp/Storage/CFU_PYNQ_FIles/CFU_SRC/pynq_z2/pynq_z2/arunQAFDHGDZXVNBDXG_gae.srcs/sources_1/new/tul_pynq_z2.v:]
WARNING: [filemgmt 56-199] Attempt to get parsing info during refresh. "On-the-fly" syntax checking information may be incorrect. [/home/jsp/Storage/CFU_PYNQ_FIles/CFU_SRC/donut-accel/cfu.v:]
WARNING: [filemgmt 56-199] Attempt to get parsing info during refresh. "On-the-fly" syntax checking information may be incorrect. [/home/jsp/Storage/CFU_PYNQ_FIles/CFU_SRC/donut-accel/cfu.v:]
WARNING: [filemgmt 56-199] Attempt to get parsing info during refresh. "On-the-fly" syntax checking information may be incorrect. [/home/jsp/Storage/CFU_PYNQ_FIles/CFU_SRC/donut-accel/cfu.v:]
WARNING: [filemgmt 56-199] Attempt to get parsing info during refresh. "On-the-fly" syntax checking information may be incorrect. [/home/jsp/Storage/CFU_PYNQ_FIles/CFU_SRC/pynq_z2/pynq_z2/arunQAFDHGDZXVNBDXG_gae.srcs/Shift_Mul/imports/CFU_SRC/cfu2.v:]
WARNING: [filemgmt 56-199] Attempt to get parsing info during refresh. "On-the-fly" syntax checking information may be incorrect. [/home/jsp/Storage/CFU_PYNQ_FIles/CFU_SRC/pynq_z2/pynq_z2/arunQAFDHGDZXVNBDXG_gae.gen/sources_1/bd/system/hdl/system_wrapper.v:]
WARNING: [filemgmt 56-199] Attempt to get parsing info during refresh. "On-the-fly" syntax checking information may be incorrect. [/home/jsp/Storage/CFU_PYNQ_FIles/CFU_SRC/pynq_z2/pynq_z2/arunQAFDHGDZXVNBDXG_gae.srcs/sources_1/new/tul_pynq_z2.v:]
WARNING: [filemgmt 56-199] Attempt to get parsing info during refresh. "On-the-fly" syntax checking information may be incorrect. [/home/jsp/Storage/CFU_PYNQ_FIles/CFU_SRC/pynq_z2/pynq_z2/arunQAFDHGDZXVNBDXG_gae.srcs/Shift_Mul/imports/CFU_SRC/cfu2.v:]
WARNING: [filemgmt 56-199] Attempt to get parsing info during refresh. "On-the-fly" syntax checking information may be incorrect. [/home/jsp/Storage/CFU_PYNQ_FIles/CFU_SRC/pynq_z2/pynq_z2/arunQAFDHGDZXVNBDXG_gae.srcs/Shift_Mul/imports/CFU_SRC/cfu2.v:]
WARNING: [filemgmt 56-199] Attempt to get parsing info during refresh. "On-the-fly" syntax checking information may be incorrect. [/home/jsp/Storage/CFU_PYNQ_FIles/CFU_SRC/donut-accel/cfu.v:]
WARNING: [filemgmt 56-199] Attempt to get parsing info during refresh. "On-the-fly" syntax checking information may be incorrect. [/home/jsp/Storage/CFU_PYNQ_FIles/CFU_SRC/pynq_z2/pynq_z2/arunQAFDHGDZXVNBDXG_gae.srcs/Shift_Mul/imports/CFU_SRC/cfu2.v:]
WARNING: [filemgmt 56-199] Attempt to get parsing info during refresh. "On-the-fly" syntax checking information may be incorrect. [/home/jsp/Storage/CFU_PYNQ_FIles/CFU_SRC/pynq_z2/pynq_z2/arunQAFDHGDZXVNBDXG_gae.gen/sources_1/bd/system/hdl/system_wrapper.v:]
WARNING: [filemgmt 56-199] Attempt to get parsing info during refresh. "On-the-fly" syntax checking information may be incorrect. [/home/jsp/Storage/CFU_PYNQ_FIles/CFU_SRC/pynq_z2/pynq_z2/arunQAFDHGDZXVNBDXG_gae.srcs/sources_1/new/tul_pynq_z2.v:]
WARNING: [filemgmt 56-199] Attempt to get parsing info during refresh. "On-the-fly" syntax checking information may be incorrect. [/home/jsp/Storage/CFU_PYNQ_FIles/CFU_SRC/pynq_z2/pynq_z2/arunQAFDHGDZXVNBDXG_gae.srcs/sources_1/new/tul_pynq_z2.v:]
WARNING: [filemgmt 56-199] Attempt to get parsing info during refresh. "On-the-fly" syntax checking information may be incorrect. [/home/jsp/Storage/CFU_PYNQ_FIles/CFU_SRC/pynq_z2/pynq_z2/arunQAFDHGDZXVNBDXG_gae.srcs/sources_1/new/tul_pynq_z2.v:]
WARNING: [filemgmt 56-199] Attempt to get parsing info during refresh. "On-the-fly" syntax checking information may be incorrect. [/home/jsp/Storage/CFU_PYNQ_FIles/CFU_SRC/donut-accel/cfu.v:]
WARNING: [filemgmt 56-199] Attempt to get parsing info during refresh. "On-the-fly" syntax checking information may be incorrect. [/home/jsp/Storage/CFU_PYNQ_FIles/CFU_SRC/pynq_z2/pynq_z2/arunQAFDHGDZXVNBDXG_gae.srcs/Shift_Mul/imports/CFU_SRC/cfu2.v:]
WARNING: [filemgmt 56-199] Attempt to get parsing info during refresh. "On-the-fly" syntax checking information may be incorrect. [/home/jsp/Storage/CFU_PYNQ_FIles/CFU_SRC/pynq_z2/pynq_z2/arunQAFDHGDZXVNBDXG_gae.gen/sources_1/bd/system/hdl/system_wrapper.v:]
WARNING: [filemgmt 56-199] Attempt to get parsing info during refresh. "On-the-fly" syntax checking information may be incorrect. [/home/jsp/Storage/CFU_PYNQ_FIles/CFU_SRC/pynq_z2/pynq_z2/arunQAFDHGDZXVNBDXG_gae.srcs/sources_1/new/tul_pynq_z2.v:]
WARNING: [filemgmt 56-199] Attempt to get parsing info during refresh. "On-the-fly" syntax checking information may be incorrect. [/home/jsp/Storage/CFU_PYNQ_FIles/CFU_SRC/donut-accel/cfu.v:]
WARNING: [filemgmt 56-199] Attempt to get parsing info during refresh. "On-the-fly" syntax checking information may be incorrect. [/home/jsp/Storage/CFU_PYNQ_FIles/CFU_SRC/donut-accel/cfu.v:]
WARNING: [filemgmt 56-199] Attempt to get parsing info during refresh. "On-the-fly" syntax checking information may be incorrect. [/home/jsp/Storage/CFU_PYNQ_FIles/CFU_SRC/donut-accel/cfu.v:]
WARNING: [filemgmt 56-199] Attempt to get parsing info during refresh. "On-the-fly" syntax checking information may be incorrect. [/home/jsp/Storage/CFU_PYNQ_FIles/CFU_SRC/pynq_z2/pynq_z2/arunQAFDHGDZXVNBDXG_gae.srcs/Shift_Mul/imports/CFU_SRC/cfu2.v:]
WARNING: [filemgmt 56-199] Attempt to get parsing info during refresh. "On-the-fly" syntax checking information may be incorrect. [/home/jsp/Storage/CFU_PYNQ_FIles/CFU_SRC/pynq_z2/pynq_z2/arunQAFDHGDZXVNBDXG_gae.gen/sources_1/bd/system/hdl/system_wrapper.v:]
WARNING: [filemgmt 56-199] Attempt to get parsing info during refresh. "On-the-fly" syntax checking information may be incorrect. [/home/jsp/Storage/CFU_PYNQ_FIles/CFU_SRC/pynq_z2/pynq_z2/arunQAFDHGDZXVNBDXG_gae.srcs/sources_1/new/tul_pynq_z2.v:]
WARNING: [filemgmt 56-199] Attempt to get parsing info during refresh. "On-the-fly" syntax checking information may be incorrect. [/home/jsp/Storage/CFU_PYNQ_FIles/CFU_SRC/pynq_z2/pynq_z2/arunQAFDHGDZXVNBDXG_gae.gen/sources_1/bd/system/hdl/system_wrapper.v:]
WARNING: [filemgmt 56-199] Attempt to get parsing info during refresh. "On-the-fly" syntax checking information may be incorrect. [/home/jsp/Storage/CFU_PYNQ_FIles/CFU_SRC/pynq_z2/pynq_z2/arunQAFDHGDZXVNBDXG_gae.gen/sources_1/bd/system/hdl/system_wrapper.v:]
open_hw_manager
connect_hw_server -allow_non_jtag
INFO: [Labtools 27-2285] Connecting to hw_server url TCP:localhost:3121
INFO: [Labtools 27-2222] Launching hw_server...
INFO: [Labtools 27-2221] Launch Output:

****** Xilinx hw_server v2024.1
  **** Build date : May 22 2024 at 19:19:01
    ** Copyright 1986-2022 Xilinx, Inc. All Rights Reserved.


INFO: [Labtools 27-3415] Connecting to cs_server url TCP:localhost:0
INFO: [Labtools 27-3417] Launching cs_server...
INFO: [Labtools 27-2221] Launch Output:


******** Xilinx cs_server v2024.1.0
  ****** Build date   : Apr 27 2024-07:10:49
    **** Build number : 2024.1.1714182049
      ** Copyright 2017-2022 Xilinx, Inc. All Rights Reserved.
      ** Copyright 2022-2025 Advanced Micro Devices, Inc. All Rights Reserved.



open_hw_target
INFO: [Labtoolstcl 44-466] Opening hw_target localhost:3121/xilinx_tcf/Xilinx/1234-tulA
set_property PROGRAM.FILE {/home/jsp/Storage/CFU_PYNQ_FIles/CFU_SRC/pynq_z2/pynq_z2/arunQAFDHGDZXVNBDXG_gae.runs/impl_1/Top.bit} [get_hw_devices xc7z020_0]
current_hw_device [get_hw_devices xc7z020_0]
refresh_hw_device -update_hw_probes false [lindex [get_hw_devices xc7z020_0] 0]
INFO: [Labtools 27-1434] Device xc7z020 (JTAG device index = 0) is programmed with a design that has no supported debug core(s) in it.
set_property PROBES.FILE {} [get_hw_devices xc7z020_0]
set_property FULL_PROBES.FILE {} [get_hw_devices xc7z020_0]
set_property PROGRAM.FILE {/home/jsp/Storage/CFU_PYNQ_FIles/CFU_SRC/pynq_z2/pynq_z2/arunQAFDHGDZXVNBDXG_gae.runs/impl_1/Top.bit} [get_hw_devices xc7z020_0]
program_hw_devices [get_hw_devices xc7z020_0]
INFO: [Labtools 27-3164] End of startup status: HIGH
refresh_hw_device [lindex [get_hw_devices xc7z020_0] 0]
INFO: [Labtools 27-1434] Device xc7z020 (JTAG device index = 0) is programmed with a design that has no supported debug core(s) in it.
set_property PROBES.FILE {} [get_hw_devices xc7z020_0]
set_property FULL_PROBES.FILE {} [get_hw_devices xc7z020_0]
set_property PROGRAM.FILE {/home/jsp/Storage/CFU_PYNQ_FIles/CFU_SRC/pynq_z2/pynq_z2/arunQAFDHGDZXVNBDXG_gae.runs/impl_1/cfu_system_Cfu_cfu_inst_Donut_partial.bit} [get_hw_devices xc7z020_0]
program_hw_devices [get_hw_devices xc7z020_0]
INFO: [Labtools 27-3164] End of startup status: HIGH
refresh_hw_device [lindex [get_hw_devices xc7z020_0] 0]
INFO: [Labtools 27-1434] Device xc7z020 (JTAG device index = 0) is programmed with a design that has no supported debug core(s) in it.
set_property PROBES.FILE {} [get_hw_devices xc7z020_0]
set_property FULL_PROBES.FILE {} [get_hw_devices xc7z020_0]
set_property PROGRAM.FILE {/home/jsp/Storage/CFU_PYNQ_FIles/CFU_SRC/pynq_z2/pynq_z2/arunQAFDHGDZXVNBDXG_gae.runs/child_0_impl_1/cfu_system_Cfu_cfu_inst_Shift_Mul_partial.bit} [get_hw_devices xc7z020_0]
program_hw_devices [get_hw_devices xc7z020_0]
INFO: [Labtools 27-3164] End of startup status: HIGH
refresh_hw_device [lindex [get_hw_devices xc7z020_0] 0]
INFO: [Labtools 27-1434] Device xc7z020 (JTAG device index = 0) is programmed with a design that has no supported debug core(s) in it.
ERROR: [Labtoolstcl 44-513] HW Target shutdown. Closing target: localhost:3121/xilinx_tcf/Xilinx/1234-tulA
INFO: [Labtoolstcl 44-466] Opening hw_target localhost:3121/xilinx_tcf/Xilinx/1234-tulA
INFO: [Labtools 27-1435] Device xc7z020 (JTAG device index = 0) is not programmed (DONE status = 0).
WARNING: [Labtoolstcl 44-129] No matching hw_ila_data was found.
WARNING: [Labtoolstcl 44-129] No matching hw_ila_data was found.
ERROR: [Labtoolstcl 44-513] HW Target shutdown. Closing target: localhost:3121/xilinx_tcf/Xilinx/1234-tulA
INFO: [Labtoolstcl 44-466] Opening hw_target localhost:3121/xilinx_tcf/Xilinx/1234-tulA
INFO: [Labtools 27-1435] Device xc7z020 (JTAG device index = 0) is not programmed (DONE status = 0).
WARNING: [Labtoolstcl 44-129] No matching hw_ila_data was found.
WARNING: [Labtoolstcl 44-129] No matching hw_ila_data was found.
ERROR: [Labtoolstcl 44-513] HW Target shutdown. Closing target: localhost:3121/xilinx_tcf/Xilinx/1234-tulA
INFO: [Labtoolstcl 44-466] Opening hw_target localhost:3121/xilinx_tcf/Xilinx/1234-tulA
INFO: [Labtools 27-1435] Device xc7z020 (JTAG device index = 0) is not programmed (DONE status = 0).
WARNING: [Labtoolstcl 44-129] No matching hw_ila_data was found.
WARNING: [Labtoolstcl 44-129] No matching hw_ila_data was found.
ERROR: [Labtoolstcl 44-513] HW Target shutdown. Closing target: localhost:3121/xilinx_tcf/Xilinx/1234-tulA
INFO: [Labtoolstcl 44-466] Opening hw_target localhost:3121/xilinx_tcf/Xilinx/1234-tulA
INFO: [Labtools 27-1435] Device xc7z020 (JTAG device index = 0) is not programmed (DONE status = 0).
WARNING: [Labtoolstcl 44-129] No matching hw_ila_data was found.
WARNING: [Labtoolstcl 44-129] No matching hw_ila_data was found.
exit
INFO: [Common 17-206] Exiting Vivado at Wed Nov 12 09:22:41 2025...
