#-----------------------------------------------------------
# Vivado v2024.1 (64-bit)
# SW Build 5076996 on Wed May 22 18:36:09 MDT 2024
# IP Build 5075265 on Wed May 22 21:45:21 MDT 2024
# SharedData Build 5076995 on Wed May 22 18:29:18 MDT 2024
# Start of session at: Tue Nov  4 14:20:34 2025
# Process ID: 54352
# Current directory: /home/jsp/Storage/CFU_PYNQ_FIles/CFU_SRC/pynq_z2/pynq_z2
# Command line: vivado pynq_z2.xpr
# Log file: /home/jsp/Storage/CFU_PYNQ_FIles/CFU_SRC/pynq_z2/pynq_z2/vivado.log
# Journal file: /home/jsp/Storage/CFU_PYNQ_FIles/CFU_SRC/pynq_z2/pynq_z2/vivado.jou
# Running On        :jsp-H370M-D3H
# Platform          :Ubuntu
# Operating System  :Ubuntu 24.04.3 LTS
# Processor Detail  :Intel(R) Core(TM) i7-8700 CPU @ 3.20GHz
# CPU Frequency     :4300.399 MHz
# CPU Physical cores:6
# CPU Logical cores :12
# Host memory       :16696 MB
# Swap memory       :8589 MB
# Total Virtual     :25285 MB
# Available Virtual :21491 MB
#-----------------------------------------------------------
start_gui
WARNING: [Board 49-26] cannot add Board Part xilinx.com:kc705:part0:1.6 available at /home/jsp/Storage/Vivado/2024.1/data/xhub/boards/XilinxBoardStore/boards/Xilinx/kc705/1.6/board.xml as part xc7k325tffg900-2 specified in board_part file is either invalid or not available
WARNING: [Board 49-26] cannot add Board Part xilinx.com:kcu105:part0:1.6 available at /home/jsp/Storage/Vivado/2024.1/data/xhub/boards/XilinxBoardStore/boards/Xilinx/kcu105/1.6/board.xml as part xcku040-ffva1156-2-e specified in board_part file is either invalid or not available
WARNING: [Board 49-26] cannot add Board Part xilinx.com:kcu105:part0:1.7 available at /home/jsp/Storage/Vivado/2024.1/data/xhub/boards/XilinxBoardStore/boards/Xilinx/kcu105/1.7/board.xml as part xcku040-ffva1156-2-e specified in board_part file is either invalid or not available
WARNING: [Board 49-26] cannot add Board Part xilinx.com:kcu116:part0:1.4 available at /home/jsp/Storage/Vivado/2024.1/data/xhub/boards/XilinxBoardStore/boards/Xilinx/kcu116/1.4/board.xml as part xcku5p-ffvb676-2-e specified in board_part file is either invalid or not available
WARNING: [Board 49-26] cannot add Board Part xilinx.com:kcu116:part0:1.5 available at /home/jsp/Storage/Vivado/2024.1/data/xhub/boards/XilinxBoardStore/boards/Xilinx/kcu116/1.5/board.xml as part xcku5p-ffvb676-2-e specified in board_part file is either invalid or not available
WARNING: [Board 49-26] cannot add Board Part xilinx.com:kcu1500:part0:1.2 available at /home/jsp/Storage/Vivado/2024.1/data/xhub/boards/XilinxBoardStore/boards/Xilinx/kcu1500/1.2/board.xml as part xcku115-flvb2104-2-e specified in board_part file is either invalid or not available
WARNING: [Board 49-26] cannot add Board Part xilinx.com:sp701:part0:1.0 available at /home/jsp/Storage/Vivado/2024.1/data/xhub/boards/XilinxBoardStore/boards/Xilinx/sp701/1.0/board.xml as part xc7s100fgga676-2 specified in board_part file is either invalid or not available
WARNING: [Board 49-26] cannot add Board Part xilinx.com:sp701:part0:1.1 available at /home/jsp/Storage/Vivado/2024.1/data/xhub/boards/XilinxBoardStore/boards/Xilinx/sp701/1.1/board.xml as part xc7s100fgga676-2 specified in board_part file is either invalid or not available
WARNING: [Board 49-26] cannot add Board Part xilinx.com:vc707:part0:1.4 available at /home/jsp/Storage/Vivado/2024.1/data/xhub/boards/XilinxBoardStore/boards/Xilinx/vc707/1.4/board.xml as part xc7vx485tffg1761-2 specified in board_part file is either invalid or not available
WARNING: [Board 49-26] cannot add Board Part xilinx.com:vc709:part0:1.8 available at /home/jsp/Storage/Vivado/2024.1/data/xhub/boards/XilinxBoardStore/boards/Xilinx/vc709/1.8/board.xml as part xc7vx690tffg1761-2 specified in board_part file is either invalid or not available
WARNING: [Board 49-26] cannot add Board Part xilinx.com:vck190:part0:2.2 available at /home/jsp/Storage/Vivado/2024.1/data/xhub/boards/XilinxBoardStore/boards/Xilinx/vck190/production/2.2/board.xml as part xcvc1902-vsva2197-2mp-e-s specified in board_part file is either invalid or not available
WARNING: [Board 49-26] cannot add Board Part xilinx.com:vck190:part0:3.0 available at /home/jsp/Storage/Vivado/2024.1/data/xhub/boards/XilinxBoardStore/boards/Xilinx/vck190/production/3.0/board.xml as part xcvc1902-vsva2197-2mp-e-s specified in board_part file is either invalid or not available
WARNING: [Board 49-26] cannot add Board Part xilinx.com:vck190:part0:3.1 available at /home/jsp/Storage/Vivado/2024.1/data/xhub/boards/XilinxBoardStore/boards/Xilinx/vck190/production/3.1/board.xml as part xcvc1902-vsva2197-2mp-e-s specified in board_part file is either invalid or not available
WARNING: [Board 49-26] cannot add Board Part xilinx.com:vck190:part0:3.2 available at /home/jsp/Storage/Vivado/2024.1/data/xhub/boards/XilinxBoardStore/boards/Xilinx/vck190/production/3.2/board.xml as part xcvc1902-vsva2197-2mp-e-s specified in board_part file is either invalid or not available
WARNING: [Board 49-26] cannot add Board Part xilinx.com:vck190:part0:3.3 available at /home/jsp/Storage/Vivado/2024.1/data/xhub/boards/XilinxBoardStore/boards/Xilinx/vck190/production/3.3/board.xml as part xcvc1902-vsva2197-2mp-e-s specified in board_part file is either invalid or not available
WARNING: [Board 49-26] cannot add Board Part xilinx.com:vck190_newl:part0:1.0 available at /home/jsp/Storage/Vivado/2024.1/data/xhub/boards/XilinxBoardStore/boards/Xilinx/vck190_newl/production/1.0/board.xml as part xcvc1902-vsva2197-2mp-e-s specified in board_part file is either invalid or not available
WARNING: [Board 49-26] cannot add Board Part xilinx.com:vck190_newl:part0:1.1 available at /home/jsp/Storage/Vivado/2024.1/data/xhub/boards/XilinxBoardStore/boards/Xilinx/vck190_newl/production/1.1/board.xml as part xcvc1902-vsva2197-2mp-e-s specified in board_part file is either invalid or not available
WARNING: [Board 49-26] cannot add Board Part xilinx.com:vck190_newl:part0:1.2 available at /home/jsp/Storage/Vivado/2024.1/data/xhub/boards/XilinxBoardStore/boards/Xilinx/vck190_newl/production/1.2/board.xml as part xcvc1902-vsva2197-2mp-e-s specified in board_part file is either invalid or not available
WARNING: [Board 49-26] cannot add Board Part xilinx.com:vcu108:part0:1.6 available at /home/jsp/Storage/Vivado/2024.1/data/xhub/boards/XilinxBoardStore/boards/Xilinx/vcu108/1.6/board.xml as part xcvu095-ffva2104-2-e specified in board_part file is either invalid or not available
WARNING: [Board 49-26] cannot add Board Part xilinx.com:vcu108:part0:1.7 available at /home/jsp/Storage/Vivado/2024.1/data/xhub/boards/XilinxBoardStore/boards/Xilinx/vcu108/1.7/board.xml as part xcvu095-ffva2104-2-e specified in board_part file is either invalid or not available
WARNING: [Board 49-26] cannot add Board Part xilinx.com:vcu110:part0:1.4 available at /home/jsp/Storage/Vivado/2024.1/data/xhub/boards/XilinxBoardStore/boards/Xilinx/vcu110/1.4/board.xml as part xcvu190-flgc2104-2-e specified in board_part file is either invalid or not available
WARNING: [Board 49-26] cannot add Board Part xilinx.com:vcu118:part0:2.0 available at /home/jsp/Storage/Vivado/2024.1/data/xhub/boards/XilinxBoardStore/boards/Xilinx/vcu118/2.0/board.xml as part xcvu9p-flga2104-2l-e specified in board_part file is either invalid or not available
WARNING: [Board 49-26] cannot add Board Part xilinx.com:vcu118:part0:2.3 available at /home/jsp/Storage/Vivado/2024.1/data/xhub/boards/XilinxBoardStore/boards/Xilinx/vcu118/2.3/board.xml as part xcvu9p-flga2104-2l-e specified in board_part file is either invalid or not available
WARNING: [Board 49-26] cannot add Board Part xilinx.com:vcu118:part0:2.4 available at /home/jsp/Storage/Vivado/2024.1/data/xhub/boards/XilinxBoardStore/boards/Xilinx/vcu118/2.4/board.xml as part xcvu9p-flga2104-2l-e specified in board_part file is either invalid or not available
WARNING: [Board 49-26] cannot add Board Part xilinx.com:vcu128:part0:1.0 available at /home/jsp/Storage/Vivado/2024.1/data/xhub/boards/XilinxBoardStore/boards/Xilinx/vcu128/production/1.0/board.xml as part xcvu37p-fsvh2892-2l-e specified in board_part file is either invalid or not available
WARNING: [Board 49-26] cannot add Board Part xilinx.com:vcu129:part0:1.0 available at /home/jsp/Storage/Vivado/2024.1/data/xhub/boards/XilinxBoardStore/boards/Xilinx/vcu129/production/1.0/board.xml as part xcvu29p-fsga2577-2l-e specified in board_part file is either invalid or not available
WARNING: [Board 49-26] cannot add Board Part xilinx.com:vcu1525:part0:1.3 available at /home/jsp/Storage/Vivado/2024.1/data/xhub/boards/XilinxBoardStore/boards/Xilinx/vcu1525/1.3/board.xml as part xcvu9p-fsgd2104-2l-e specified in board_part file is either invalid or not available
WARNING: [Board 49-26] cannot add Board Part xilinx.com:vek280:part0:1.0 available at /home/jsp/Storage/Vivado/2024.1/data/xhub/boards/XilinxBoardStore/boards/Xilinx/vek280/production/1.0/board.xml as part xcve2802-vsvh1760-2mp-e-s specified in board_part file is either invalid or not available
WARNING: [Board 49-26] cannot add Board Part xilinx.com:vek280:part0:1.1 available at /home/jsp/Storage/Vivado/2024.1/data/xhub/boards/XilinxBoardStore/boards/Xilinx/vek280/production/1.1/board.xml as part xcve2802-vsvh1760-2mp-e-s specified in board_part file is either invalid or not available
WARNING: [Board 49-26] cannot add Board Part xilinx.com:vek280:part0:1.2 available at /home/jsp/Storage/Vivado/2024.1/data/xhub/boards/XilinxBoardStore/boards/Xilinx/vek280/production/1.2/board.xml as part xcve2802-vsvh1760-2mp-e-s specified in board_part file is either invalid or not available
WARNING: [Board 49-26] cannot add Board Part xilinx.com:vek280_es:part0:1.0 available at /home/jsp/Storage/Vivado/2024.1/data/xhub/boards/XilinxBoardStore/boards/Xilinx/vek280/es/rev_a/1.0/board.xml as part xcve2802-vsvh1760-2lp-e-s-es1 specified in board_part file is either invalid or not available
WARNING: [Board 49-26] cannot add Board Part xilinx.com:vek280_es:part0:1.1 available at /home/jsp/Storage/Vivado/2024.1/data/xhub/boards/XilinxBoardStore/boards/Xilinx/vek280/es/rev_a/1.1/board.xml as part xcve2802-vsvh1760-2lp-e-s-es1 specified in board_part file is either invalid or not available
WARNING: [Board 49-26] cannot add Board Part xilinx.com:vek280_es_revb:part0:1.0 available at /home/jsp/Storage/Vivado/2024.1/data/xhub/boards/XilinxBoardStore/boards/Xilinx/vek280/es/rev_b/1.0/board.xml as part xcve2802-vsvh1760-2mp-e-s-es1 specified in board_part file is either invalid or not available
WARNING: [Board 49-26] cannot add Board Part xilinx.com:vek280_es_revb:part0:1.1 available at /home/jsp/Storage/Vivado/2024.1/data/xhub/boards/XilinxBoardStore/boards/Xilinx/vek280/es/rev_b/1.1/board.xml as part xcve2802-vsvh1760-2mp-e-s-es1 specified in board_part file is either invalid or not available
WARNING: [Board 49-26] cannot add Board Part xilinx.com:vermeo_t1_rfsoc:part0:1.0 available at /home/jsp/Storage/Vivado/2024.1/data/xhub/boards/XilinxBoardStore/boards/Xilinx/vermeo_t1_rfsoc/1.0/board.xml as part xczu21dr-ffvd1156-2l-e specified in board_part file is either invalid or not available
WARNING: [Board 49-26] cannot add Board Part xilinx.com:vhk158:part0:1.0 available at /home/jsp/Storage/Vivado/2024.1/data/xhub/boards/XilinxBoardStore/boards/Xilinx/vhk158/production/1.0/board.xml as part xcvh1582-vsva3697-2mp-e-s specified in board_part file is either invalid or not available
WARNING: [Board 49-26] cannot add Board Part xilinx.com:vhk158:part0:1.1 available at /home/jsp/Storage/Vivado/2024.1/data/xhub/boards/XilinxBoardStore/boards/Xilinx/vhk158/production/1.1/board.xml as part xcvh1582-vsva3697-2mp-e-s specified in board_part file is either invalid or not available
WARNING: [Board 49-26] cannot add Board Part xilinx.com:vhk158_es:part0:1.0 available at /home/jsp/Storage/Vivado/2024.1/data/xhub/boards/XilinxBoardStore/boards/Xilinx/vhk158/es/1.0/board.xml as part xcvh1582-vsva3697-2mp-e-s-es1 specified in board_part file is either invalid or not available
WARNING: [Board 49-26] cannot add Board Part xilinx.com:vhk158_es:part0:1.1 available at /home/jsp/Storage/Vivado/2024.1/data/xhub/boards/XilinxBoardStore/boards/Xilinx/vhk158/es/1.1/board.xml as part xcvh1582-vsva3697-2mp-e-s-es1 specified in board_part file is either invalid or not available
WARNING: [Board 49-26] cannot add Board Part xilinx.com:vmk180:part0:2.2 available at /home/jsp/Storage/Vivado/2024.1/data/xhub/boards/XilinxBoardStore/boards/Xilinx/vmk180/production/2.2/board.xml as part xcvm1802-vsva2197-2mp-e-s specified in board_part file is either invalid or not available
WARNING: [Board 49-26] cannot add Board Part xilinx.com:vmk180:part0:3.0 available at /home/jsp/Storage/Vivado/2024.1/data/xhub/boards/XilinxBoardStore/boards/Xilinx/vmk180/production/3.0/board.xml as part xcvm1802-vsva2197-2mp-e-s specified in board_part file is either invalid or not available
WARNING: [Board 49-26] cannot add Board Part xilinx.com:vmk180:part0:3.1 available at /home/jsp/Storage/Vivado/2024.1/data/xhub/boards/XilinxBoardStore/boards/Xilinx/vmk180/production/3.1/board.xml as part xcvm1802-vsva2197-2mp-e-s specified in board_part file is either invalid or not available
WARNING: [Board 49-26] cannot add Board Part xilinx.com:vmk180:part0:3.2 available at /home/jsp/Storage/Vivado/2024.1/data/xhub/boards/XilinxBoardStore/boards/Xilinx/vmk180/production/3.2/board.xml as part xcvm1802-vsva2197-2mp-e-s specified in board_part file is either invalid or not available
WARNING: [Board 49-26] cannot add Board Part xilinx.com:vmk180_newl:part0:1.0 available at /home/jsp/Storage/Vivado/2024.1/data/xhub/boards/XilinxBoardStore/boards/Xilinx/vmk180_newl/production/1.0/board.xml as part xcvm1802-vsva2197-2mp-e-s specified in board_part file is either invalid or not available
WARNING: [Board 49-26] cannot add Board Part xilinx.com:vmk180_newl:part0:1.1 available at /home/jsp/Storage/Vivado/2024.1/data/xhub/boards/XilinxBoardStore/boards/Xilinx/vmk180_newl/production/1.1/board.xml as part xcvm1802-vsva2197-2mp-e-s specified in board_part file is either invalid or not available
WARNING: [Board 49-26] cannot add Board Part xilinx.com:vpk120:part0:1.0 available at /home/jsp/Storage/Vivado/2024.1/data/xhub/boards/XilinxBoardStore/boards/Xilinx/vpk120/production/1.0/board.xml as part xcvp1202-vsva2785-2mp-e-s specified in board_part file is either invalid or not available
WARNING: [Board 49-26] cannot add Board Part xilinx.com:vpk120:part0:1.1 available at /home/jsp/Storage/Vivado/2024.1/data/xhub/boards/XilinxBoardStore/boards/Xilinx/vpk120/production/1.1/board.xml as part xcvp1202-vsva2785-2mp-e-s specified in board_part file is either invalid or not available
WARNING: [Board 49-26] cannot add Board Part xilinx.com:vpk120:part0:1.2 available at /home/jsp/Storage/Vivado/2024.1/data/xhub/boards/XilinxBoardStore/boards/Xilinx/vpk120/production/1.2/board.xml as part xcvp1202-vsva2785-2mp-e-s specified in board_part file is either invalid or not available
WARNING: [Board 49-26] cannot add Board Part xilinx.com:vpk180:part0:1.0 available at /home/jsp/Storage/Vivado/2024.1/data/xhub/boards/XilinxBoardStore/boards/Xilinx/vpk180/production/1.0/board.xml as part xcvp1802-lsvc4072-2mp-e-s specified in board_part file is either invalid or not available
WARNING: [Board 49-26] cannot add Board Part xilinx.com:vpk180:part0:1.1 available at /home/jsp/Storage/Vivado/2024.1/data/xhub/boards/XilinxBoardStore/boards/Xilinx/vpk180/production/1.1/board.xml as part xcvp1802-lsvc4072-2mp-e-s specified in board_part file is either invalid or not available
WARNING: [Board 49-26] cannot add Board Part xilinx.com:vpk180:part0:1.2 available at /home/jsp/Storage/Vivado/2024.1/data/xhub/boards/XilinxBoardStore/boards/Xilinx/vpk180/production/1.2/board.xml as part xcvp1802-lsvc4072-2mp-e-s specified in board_part file is either invalid or not available
WARNING: [Board 49-26] cannot add Board Part xilinx.com:zcu111:part0:1.2 available at /home/jsp/Storage/Vivado/2024.1/data/xhub/boards/XilinxBoardStore/boards/Xilinx/zcu111/1.2/board.xml as part xczu28dr-ffvg1517-2-e specified in board_part file is either invalid or not available
WARNING: [Board 49-26] cannot add Board Part xilinx.com:zcu111:part0:1.3 available at /home/jsp/Storage/Vivado/2024.1/data/xhub/boards/XilinxBoardStore/boards/Xilinx/zcu111/1.3/board.xml as part xczu28dr-ffvg1517-2-e specified in board_part file is either invalid or not available
WARNING: [Board 49-26] cannot add Board Part xilinx.com:zcu111:part0:1.4 available at /home/jsp/Storage/Vivado/2024.1/data/xhub/boards/XilinxBoardStore/boards/Xilinx/zcu111/1.4/board.xml as part xczu28dr-ffvg1517-2-e specified in board_part file is either invalid or not available
WARNING: [Board 49-26] cannot add Board Part xilinx.com:zcu1275:part0:1.0 available at /home/jsp/Storage/Vivado/2024.1/data/xhub/boards/XilinxBoardStore/boards/Xilinx/zcu1275/1.0/board.xml as part xczu29dr-ffvf1760-2-e specified in board_part file is either invalid or not available
WARNING: [Board 49-26] cannot add Board Part xilinx.com:zcu1285:part0:1.0 available at /home/jsp/Storage/Vivado/2024.1/data/xhub/boards/XilinxBoardStore/boards/Xilinx/zcu1285/1.0/board.xml as part xczu39dr-ffvf1760-2-i specified in board_part file is either invalid or not available
WARNING: [Board 49-26] cannot add Board Part xilinx.com:zcu208:part0:2.0 available at /home/jsp/Storage/Vivado/2024.1/data/xhub/boards/XilinxBoardStore/boards/Xilinx/zcu208/production/2.0/board.xml as part xczu48dr-fsvg1517-2-e specified in board_part file is either invalid or not available
WARNING: [Board 49-26] cannot add Board Part xilinx.com:zcu208ld:part0:2.0 available at /home/jsp/Storage/Vivado/2024.1/data/xhub/boards/XilinxBoardStore/boards/Xilinx/zcu208ld/production/2.0/board.xml as part xczu58dr-fsvg1517-2-i specified in board_part file is either invalid or not available
WARNING: [Board 49-26] cannot add Board Part xilinx.com:zcu216:part0:2.0 available at /home/jsp/Storage/Vivado/2024.1/data/xhub/boards/XilinxBoardStore/boards/Xilinx/zcu216/production/2.0/board.xml as part xczu49dr-ffvf1760-2-e specified in board_part file is either invalid or not available
WARNING: [Board 49-26] cannot add Board Part xilinx.com:zcu216ld:part0:2.0 available at /home/jsp/Storage/Vivado/2024.1/data/xhub/boards/XilinxBoardStore/boards/Xilinx/zcu216ld/production/2.0/board.xml as part xczu59dr-ffvf1760-2-i specified in board_part file is either invalid or not available
WARNING: [Board 49-26] cannot add Board Part xilinx.com:zcu670:part0:2.0 available at /home/jsp/Storage/Vivado/2024.1/data/xhub/boards/XilinxBoardStore/boards/Xilinx/zcu670/2.0/board.xml as part xczu67dr-fsve1156-2-i specified in board_part file is either invalid or not available
WARNING: [Board 49-26] cannot add Board Part xilinx.com:zcu670ld:part0:1.0 available at /home/jsp/Storage/Vivado/2024.1/data/xhub/boards/XilinxBoardStore/boards/Xilinx/zcu670ld/1.0/board.xml as part xczu57dr-fsve1156-2-i specified in board_part file is either invalid or not available
open_project pynq_z2.xpr
INFO: [Project 1-313] Project file moved from '/home/arix8/Desktop/CFU_SRC/pynq_z2/pynq_z2' since last save.
WARNING: [filemgmt 56-2] Board Part Repository Path: Could not find the directory '/home/work/Vivado/2024.2/data/xhub/boards/XilinxBoardStore/board_store/xilinx_board_store', nor could it be found using path '/work/Vivado/2024.2/data/xhub/boards/XilinxBoardStore/board_store/xilinx_board_store'.
WARNING: [filemgmt 56-2] Board Part Repository Path: Could not find the directory '/home/work/Vivado/2024.2/data/xhub/boards', nor could it be found using path '/work/Vivado/2024.2/data/xhub/boards'.
WARNING: [filemgmt 56-2] IP Repository Path: Could not find the directory '/home/work/Xilinx/Vivado/2024.2/data/ip', nor could it be found using path '/work/Xilinx/Vivado/2024.2/data/ip'.
WARNING: [filemgmt 56-2] IP Repository Path: Could not find the directory '/home/primary/vivado-library/ip', nor could it be found using path '/primary/vivado-library/ip'.
CRITICAL WARNING: [Project 1-505] Unrecognized Option Name UseInlineHdlIP
ERROR: [Project 1-4421] No val for DA Elab Attr 'CosimPdi'
ERROR: [Project 1-4421] No val for DA Elab Attr 'CosimPlatform'
ERROR: [Project 1-4421] No val for DA Elab Attr 'CosimElf'
Scanning sources...
Finished scanning sources
INFO: [IP_Flow 19-234] Refreshing IP repositories
WARNING: [IP_Flow 19-2248] Failed to load user IP repository '/home/work/Xilinx/Vivado/2024.2/data/ip'; Can't find the specified path.
If this directory should no longer be in your list of user repositories, go to the IP Settings dialog and remove it.
WARNING: [IP_Flow 19-2248] Failed to load user IP repository '/home/primary/vivado-library/ip'; Can't find the specified path.
If this directory should no longer be in your list of user repositories, go to the IP Settings dialog and remove it.
INFO: [IP_Flow 19-2313] Loaded Vivado IP repository '/home/jsp/Storage/Vivado/2024.1/data/ip'.
WARNING: [IP_Flow 19-2162] IP 'cfu_decoupler' is locked:
* Project containing IP 'cfu_decoupler' is read-only. * IP definition 'DFX Decoupler (1.0)' for IP 'cfu_decoupler' (customized with software release 2024.2) has a different revision in the IP Catalog.
WARNING: [Project 1-231] Project 'pynq_z2.xpr' was created with a future version and may or may not perform reliably with this version of Vivado. It has been opened in read-only mode for the protection of unrecognized data. Use 'File | Save Project As...' if you wish to alter a copy of the project.
ERROR: [Common 17-39] 'open_project' failed due to earlier errors.
update_compile_order -fileset sources_1
save_project_as arunQAFDHGDZXVNBDXG_gae /home/jsp/Storage/CFU_PYNQ_FIles/CFU_SRC/pynq_z2/pynq_z2 -force
WARNING: [IP_Flow 19-2162] IP 'cfu_decoupler' is locked:
* IP definition 'DFX Decoupler (1.0)' for IP 'cfu_decoupler' (customized with software release 2024.2) has a different revision in the IP Catalog.
WARNING: [IP_Flow 19-2162] IP 'cfu_decoupler' is locked:
* IP definition 'DFX Decoupler (1.0)' for IP 'cfu_decoupler' (customized with software release 2024.2) has a different revision in the IP Catalog.
upgrade_ip -srcset cfu_decoupler -vlnv xilinx.com:ip:dfx_decoupler:1.0 [get_ips  cfu_decoupler] -log ip_upgrade.log
Upgrading 'cfu_decoupler'
INFO: [Project 1-386] Moving file '/home/jsp/Storage/CFU_PYNQ_FIles/CFU_SRC/pynq_z2/pynq_z2/arunQAFDHGDZXVNBDXG_gae.srcs/sources_1/ip/cfu_decoupler/cfu_decoupler.xci' from fileset 'cfu_decoupler' to fileset 'sources_1'.
WARNING: [filemgmt 56-199] Attempt to get parsing info during refresh. "On-the-fly" syntax checking information may be incorrect. [/home/jsp/Storage/CFU_PYNQ_FIles/CFU_SRC/pynq_z2/pynq_z2/arunQAFDHGDZXVNBDXG_gae.srcs/sources_1/new/Cfu.v:]
WARNING: [filemgmt 56-199] Attempt to get parsing info during refresh. "On-the-fly" syntax checking information may be incorrect. [/home/jsp/Storage/CFU_PYNQ_FIles/CFU_SRC/pynq_z2/pynq_z2/arunQAFDHGDZXVNBDXG_gae.srcs/sources_1/new/tul_pynq_z2.v:]
WARNING: [filemgmt 56-199] Attempt to get parsing info during refresh. "On-the-fly" syntax checking information may be incorrect. [/home/jsp/Storage/CFU_PYNQ_FIles/CFU_SRC/pynq_z2/pynq_z2/arunQAFDHGDZXVNBDXG_gae.srcs/sources_1/new/tul_pynq_z2.v:]
WARNING: [filemgmt 56-199] Attempt to get parsing info during refresh. "On-the-fly" syntax checking information may be incorrect. [/home/jsp/Storage/CFU_PYNQ_FIles/CFU_SRC/pynq_z2/pynq_z2/arunQAFDHGDZXVNBDXG_gae.srcs/sources_1/new/tul_pynq_z2.v:]
INFO: [IP_Flow 19-3422] Upgraded cfu_decoupler (DFX Decoupler 1.0) from revision 11 to revision 9
INFO: [IP_Flow 19-1686] Generating 'Instantiation Template' target for IP 'cfu_decoupler'...
INFO: [Coretcl 2-1525] Wrote upgrade log to '/home/jsp/Storage/CFU_PYNQ_FIles/CFU_SRC/pynq_z2/pynq_z2/ip_upgrade.log'.
export_ip_user_files -of_objects [get_ips cfu_decoupler] -no_script -sync -force -quiet
WARNING: [filemgmt 56-199] Attempt to get parsing info during refresh. "On-the-fly" syntax checking information may be incorrect. [/home/jsp/Storage/CFU_PYNQ_FIles/CFU_SRC/pynq_z2/pynq_z2/arunQAFDHGDZXVNBDXG_gae.srcs/sources_1/new/Cfu.v:]
WARNING: [filemgmt 56-199] Attempt to get parsing info during refresh. "On-the-fly" syntax checking information may be incorrect. [/home/jsp/Storage/CFU_PYNQ_FIles/CFU_SRC/pynq_z2/pynq_z2/arunQAFDHGDZXVNBDXG_gae.srcs/sources_1/new/tul_pynq_z2.v:]
WARNING: [filemgmt 56-199] Attempt to get parsing info during refresh. "On-the-fly" syntax checking information may be incorrect. [/home/jsp/Storage/CFU_PYNQ_FIles/CFU_SRC/pynq_z2/pynq_z2/arunQAFDHGDZXVNBDXG_gae.srcs/sources_1/new/tul_pynq_z2.v:]
WARNING: [filemgmt 56-199] Attempt to get parsing info during refresh. "On-the-fly" syntax checking information may be incorrect. [/home/jsp/Storage/CFU_PYNQ_FIles/CFU_SRC/pynq_z2/pynq_z2/arunQAFDHGDZXVNBDXG_gae.srcs/sources_1/new/tul_pynq_z2.v:]
update_compile_order -fileset sources_1
WARNING: [filemgmt 56-199] Attempt to get parsing info during refresh. "On-the-fly" syntax checking information may be incorrect. [/home/jsp/Storage/CFU_PYNQ_FIles/CFU_SRC/pynq_z2/pynq_z2/arunQAFDHGDZXVNBDXG_gae.srcs/sources_1/new/Cfu.v:]
WARNING: [filemgmt 56-199] Attempt to get parsing info during refresh. "On-the-fly" syntax checking information may be incorrect. [/home/jsp/Storage/CFU_PYNQ_FIles/CFU_SRC/pynq_z2/pynq_z2/arunQAFDHGDZXVNBDXG_gae.srcs/sources_1/new/tul_pynq_z2.v:]
WARNING: [filemgmt 56-199] Attempt to get parsing info during refresh. "On-the-fly" syntax checking information may be incorrect. [/home/jsp/Storage/CFU_PYNQ_FIles/CFU_SRC/pynq_z2/pynq_z2/arunQAFDHGDZXVNBDXG_gae.srcs/sources_1/new/tul_pynq_z2.v:]
WARNING: [filemgmt 56-199] Attempt to get parsing info during refresh. "On-the-fly" syntax checking information may be incorrect. [/home/jsp/Storage/CFU_PYNQ_FIles/CFU_SRC/pynq_z2/pynq_z2/arunQAFDHGDZXVNBDXG_gae.srcs/sources_1/new/tul_pynq_z2.v:]
generate_target all [get_files /home/jsp/Storage/CFU_PYNQ_FIles/CFU_SRC/pynq_z2/pynq_z2/arunQAFDHGDZXVNBDXG_gae.srcs/sources_1/ip/cfu_decoupler/cfu_decoupler.xci]
INFO: [IP_Flow 19-1686] Generating 'Synthesis' target for IP 'cfu_decoupler'...
CONFIG.HAS_AXI_LITE                                                    0
CONFIG.HAS_AXIS_CONTROL                                                0
CONFIG.HAS_AXIS_STATUS                                                 0
CONFIG.HAS_SIGNAL_CONTROL                                              1
CONFIG.HAS_SIGNAL_STATUS                                               1
CONFIG.ALWAYS_HAVE_AXI_CLK                                             0
CONFIG.INTF.cfu_inputs.VLNV                                            undef
CONFIG.INTF.cfu_inputs.MODE                                            slave
CONFIG.INTF.cfu_inputs.CDC_STAGES                                      0
CONFIG.INTF.cfu_inputs.REGISTER                                        0
CONFIG.INTF.cfu_inputs.SIGNAL.cmd_valid.PRESENT                        1
CONFIG.INTF.cfu_inputs.SIGNAL.cmd_valid.DECOUPLED                      1
CONFIG.INTF.cfu_inputs.SIGNAL.cmd_valid.DECOUPLED_VALUE                0x0
CONFIG.INTF.cfu_inputs.SIGNAL.cmd_valid.WIDTH                          1
CONFIG.INTF.cfu_inputs.SIGNAL.cmd_valid.DIRECTION                      s
CONFIG.INTF.cfu_inputs.SIGNAL.cmd_valid.RESOURCE                       infer
CONFIG.INTF.cfu_inputs.SIGNAL.cmd_valid.MANAGEMENT                     auto
CONFIG.INTF.cfu_inputs.SIGNAL.cmd_payload_function_id.PRESENT          1
CONFIG.INTF.cfu_inputs.SIGNAL.cmd_payload_function_id.DECOUPLED        1
CONFIG.INTF.cfu_inputs.SIGNAL.cmd_payload_function_id.DECOUPLED_VALUE  0x0
CONFIG.INTF.cfu_inputs.SIGNAL.cmd_payload_function_id.WIDTH            1
CONFIG.INTF.cfu_inputs.SIGNAL.cmd_payload_function_id.DIRECTION        s
CONFIG.INTF.cfu_inputs.SIGNAL.cmd_payload_function_id.RESOURCE         infer
CONFIG.INTF.cfu_inputs.SIGNAL.cmd_payload_function_id.MANAGEMENT       auto
CONFIG.INTF.cfu_inputs.SIGNAL.cmd_payload_inputs_0.PRESENT             1
CONFIG.INTF.cfu_inputs.SIGNAL.cmd_payload_inputs_0.DECOUPLED           1
CONFIG.INTF.cfu_inputs.SIGNAL.cmd_payload_inputs_0.DECOUPLED_VALUE     0x0
CONFIG.INTF.cfu_inputs.SIGNAL.cmd_payload_inputs_0.WIDTH               10
CONFIG.INTF.cfu_inputs.SIGNAL.cmd_payload_inputs_0.DIRECTION           s
CONFIG.INTF.cfu_inputs.SIGNAL.cmd_payload_inputs_0.RESOURCE            infer
CONFIG.INTF.cfu_inputs.SIGNAL.cmd_payload_inputs_0.MANAGEMENT          auto
CONFIG.INTF.cfu_inputs.SIGNAL.cmd_payload_inputs_1.PRESENT             1
CONFIG.INTF.cfu_inputs.SIGNAL.cmd_payload_inputs_1.DECOUPLED           1
CONFIG.INTF.cfu_inputs.SIGNAL.cmd_payload_inputs_1.DECOUPLED_VALUE     0x0
CONFIG.INTF.cfu_inputs.SIGNAL.cmd_payload_inputs_1.WIDTH               32
CONFIG.INTF.cfu_inputs.SIGNAL.cmd_payload_inputs_1.DIRECTION           s
CONFIG.INTF.cfu_inputs.SIGNAL.cmd_payload_inputs_1.RESOURCE            infer
CONFIG.INTF.cfu_inputs.SIGNAL.cmd_payload_inputs_1.MANAGEMENT          auto
CONFIG.INTF.cfu_inputs.SIGNAL.rsp_ready.PRESENT                        1
CONFIG.INTF.cfu_inputs.SIGNAL.rsp_ready.DECOUPLED                      1
CONFIG.INTF.cfu_inputs.SIGNAL.rsp_ready.DECOUPLED_VALUE                0x0
CONFIG.INTF.cfu_inputs.SIGNAL.rsp_ready.WIDTH                          32
CONFIG.INTF.cfu_inputs.SIGNAL.rsp_ready.DIRECTION                      s
CONFIG.INTF.cfu_inputs.SIGNAL.rsp_ready.RESOURCE                       infer
CONFIG.INTF.cfu_inputs.SIGNAL.rsp_ready.MANAGEMENT                     auto
CONFIG.INTF.cfu_inputs.SIGNAL.reset.PRESENT                            1
CONFIG.INTF.cfu_inputs.SIGNAL.reset.DECOUPLED                          1
CONFIG.INTF.cfu_inputs.SIGNAL.reset.DECOUPLED_VALUE                    0x0
CONFIG.INTF.cfu_inputs.SIGNAL.reset.WIDTH                              1
CONFIG.INTF.cfu_inputs.SIGNAL.reset.DIRECTION                          s
CONFIG.INTF.cfu_inputs.SIGNAL.reset.RESOURCE                           infer
CONFIG.INTF.cfu_inputs.SIGNAL.reset.MANAGEMENT                         auto
CONFIG.INTF.cfu_inputs.SIGNAL.clk.PRESENT                              1
CONFIG.INTF.cfu_inputs.SIGNAL.clk.DECOUPLED                            1
CONFIG.INTF.cfu_inputs.SIGNAL.clk.DECOUPLED_VALUE                      0x0
CONFIG.INTF.cfu_inputs.SIGNAL.clk.WIDTH                                1
CONFIG.INTF.cfu_inputs.SIGNAL.clk.DIRECTION                            s
CONFIG.INTF.cfu_inputs.SIGNAL.clk.RESOURCE                             infer
CONFIG.INTF.cfu_inputs.SIGNAL.clk.MANAGEMENT                           auto
CONFIG.INTF.cfu_output.VLNV                                            undef
CONFIG.INTF.cfu_output.MODE                                            master
CONFIG.INTF.cfu_output.CDC_STAGES                                      0
CONFIG.INTF.cfu_output.REGISTER                                        0
CONFIG.INTF.cfu_output.SIGNAL.cmd_ready.PRESENT                        1
CONFIG.INTF.cfu_output.SIGNAL.cmd_ready.DECOUPLED                      1
CONFIG.INTF.cfu_output.SIGNAL.cmd_ready.DECOUPLED_VALUE                0x0
CONFIG.INTF.cfu_output.SIGNAL.cmd_ready.WIDTH                          1
CONFIG.INTF.cfu_output.SIGNAL.cmd_ready.DIRECTION                      s
CONFIG.INTF.cfu_output.SIGNAL.cmd_ready.RESOURCE                       infer
CONFIG.INTF.cfu_output.SIGNAL.cmd_ready.MANAGEMENT                     auto
CONFIG.INTF.cfu_output.SIGNAL.rsp_valid.PRESENT                        1
CONFIG.INTF.cfu_output.SIGNAL.rsp_valid.DECOUPLED                      1
CONFIG.INTF.cfu_output.SIGNAL.rsp_valid.DECOUPLED_VALUE                0x0
CONFIG.INTF.cfu_output.SIGNAL.rsp_valid.WIDTH                          1
CONFIG.INTF.cfu_output.SIGNAL.rsp_valid.DIRECTION                      s
CONFIG.INTF.cfu_output.SIGNAL.rsp_valid.RESOURCE                       infer
CONFIG.INTF.cfu_output.SIGNAL.rsp_valid.MANAGEMENT                     auto
CONFIG.INTF.cfu_output.SIGNAL.rsp_payload_outputs_0.PRESENT            1
CONFIG.INTF.cfu_output.SIGNAL.rsp_payload_outputs_0.DECOUPLED          1
CONFIG.INTF.cfu_output.SIGNAL.rsp_payload_outputs_0.DECOUPLED_VALUE    0x0
CONFIG.INTF.cfu_output.SIGNAL.rsp_payload_outputs_0.WIDTH              32
CONFIG.INTF.cfu_output.SIGNAL.rsp_payload_outputs_0.DIRECTION          s
CONFIG.INTF.cfu_output.SIGNAL.rsp_payload_outputs_0.RESOURCE           infer
CONFIG.INTF.cfu_output.SIGNAL.rsp_payload_outputs_0.MANAGEMENT         auto
CONFIG.INTF.cfu_output.SIGNAL.cfu_id.PRESENT                           1
CONFIG.INTF.cfu_output.SIGNAL.cfu_id.DECOUPLED                         1
CONFIG.INTF.cfu_output.SIGNAL.cfu_id.DECOUPLED_VALUE                   0x0
CONFIG.INTF.cfu_output.SIGNAL.cfu_id.WIDTH                             3
CONFIG.INTF.cfu_output.SIGNAL.cfu_id.DIRECTION                         s
CONFIG.INTF.cfu_output.SIGNAL.cfu_id.RESOURCE                          infer
CONFIG.INTF.cfu_output.SIGNAL.cfu_id.MANAGEMENT                        auto

INFO: [IP_Flow 19-1686] Generating 'Simulation' target for IP 'cfu_decoupler'...
INFO: [IP_Flow 19-1686] Generating 'Test Bench' target for IP 'cfu_decoupler'...
INFO: [IP_Flow 19-1686] Generating 'Change Log' target for IP 'cfu_decoupler'...
create_ip_run [get_files -of_objects [get_fileset sources_1] /home/jsp/Storage/CFU_PYNQ_FIles/CFU_SRC/pynq_z2/pynq_z2/arunQAFDHGDZXVNBDXG_gae.srcs/sources_1/ip/cfu_decoupler/cfu_decoupler.xci]
launch_runs cfu_decoupler_synth_1 -jobs 12
INFO: [IP_Flow 19-6924] IPCACHE: Running cache check for IP inst: cfu_decoupler
[Tue Nov  4 14:23:19 2025] Launched cfu_decoupler_synth_1...
Run output will be captured here: /home/jsp/Storage/CFU_PYNQ_FIles/CFU_SRC/pynq_z2/pynq_z2/arunQAFDHGDZXVNBDXG_gae.runs/cfu_decoupler_synth_1/runme.log
wait_on_run cfu_decoupler_synth_1
[Tue Nov  4 14:23:19 2025] Waiting for cfu_decoupler_synth_1 to finish...
WARNING: [filemgmt 56-199] Attempt to get parsing info during refresh. "On-the-fly" syntax checking information may be incorrect. [/home/jsp/Storage/CFU_PYNQ_FIles/CFU_SRC/donut-accel/cfu.v:]
WARNING: [filemgmt 56-199] Attempt to get parsing info during refresh. "On-the-fly" syntax checking information may be incorrect. [/home/jsp/Storage/CFU_PYNQ_FIles/CFU_SRC/pynq_z2/pynq_z2/arunQAFDHGDZXVNBDXG_gae.srcs/sources_1/new/Cfu.v:]
WARNING: [filemgmt 56-199] Attempt to get parsing info during refresh. "On-the-fly" syntax checking information may be incorrect. [/home/jsp/Storage/CFU_PYNQ_FIles/CFU_SRC/pynq_z2/pynq_z2/arunQAFDHGDZXVNBDXG_gae.srcs/sources_1/new/tul_pynq_z2.v:]
WARNING: [filemgmt 56-199] Attempt to get parsing info during refresh. "On-the-fly" syntax checking information may be incorrect. [/home/jsp/Storage/CFU_PYNQ_FIles/CFU_SRC/pynq_z2/pynq_z2/arunQAFDHGDZXVNBDXG_gae.srcs/sources_1/new/tul_pynq_z2.v:]
WARNING: [filemgmt 56-199] Attempt to get parsing info during refresh. "On-the-fly" syntax checking information may be incorrect. [/home/jsp/Storage/CFU_PYNQ_FIles/CFU_SRC/pynq_z2/pynq_z2/arunQAFDHGDZXVNBDXG_gae.srcs/sources_1/new/tul_pynq_z2.v:]
WARNING: [filemgmt 56-199] Attempt to get parsing info during refresh. "On-the-fly" syntax checking information may be incorrect. [/home/jsp/Storage/CFU_PYNQ_FIles/CFU_SRC/donut-accel/cfu.v:]
WARNING: [filemgmt 56-199] Attempt to get parsing info during refresh. "On-the-fly" syntax checking information may be incorrect. [/home/jsp/Storage/CFU_PYNQ_FIles/CFU_SRC/pynq_z2/pynq_z2/arunQAFDHGDZXVNBDXG_gae.srcs/sources_1/new/Cfu.v:]
WARNING: [filemgmt 56-199] Attempt to get parsing info during refresh. "On-the-fly" syntax checking information may be incorrect. [/home/jsp/Storage/CFU_PYNQ_FIles/CFU_SRC/pynq_z2/pynq_z2/arunQAFDHGDZXVNBDXG_gae.srcs/sources_1/new/tul_pynq_z2.v:]
WARNING: [filemgmt 56-199] Attempt to get parsing info during refresh. "On-the-fly" syntax checking information may be incorrect. [/home/jsp/Storage/CFU_PYNQ_FIles/CFU_SRC/pynq_z2/pynq_z2/arunQAFDHGDZXVNBDXG_gae.srcs/sources_1/new/Cfu.v:]
WARNING: [filemgmt 56-199] Attempt to get parsing info during refresh. "On-the-fly" syntax checking information may be incorrect. [/home/jsp/Storage/CFU_PYNQ_FIles/CFU_SRC/pynq_z2/pynq_z2/arunQAFDHGDZXVNBDXG_gae.srcs/sources_1/new/Cfu.v:]
[Tue Nov  4 14:23:24 2025] Waiting for cfu_decoupler_synth_1 to finish...
[Tue Nov  4 14:23:29 2025] Waiting for cfu_decoupler_synth_1 to finish...
[Tue Nov  4 14:23:34 2025] Waiting for cfu_decoupler_synth_1 to finish...
[Tue Nov  4 14:23:44 2025] Waiting for cfu_decoupler_synth_1 to finish...
[Tue Nov  4 14:23:54 2025] Waiting for cfu_decoupler_synth_1 to finish...
[Tue Nov  4 14:24:04 2025] Waiting for cfu_decoupler_synth_1 to finish...

*** Running vivado
    with args -log cfu_decoupler.vds -m64 -product Vivado -mode batch -messageDb vivado.pb -notrace -source cfu_decoupler.tcl


****** Vivado v2024.1 (64-bit)
  **** SW Build 5076996 on Wed May 22 18:36:09 MDT 2024
  **** IP Build 5075265 on Wed May 22 21:45:21 MDT 2024
  **** SharedData Build 5076995 on Wed May 22 18:29:18 MDT 2024
  **** Start of session at: Tue Nov  4 14:23:21 2025
    ** Copyright 1986-2022 Xilinx, Inc. All Rights Reserved.
    ** Copyright 2022-2024 Advanced Micro Devices, Inc. All Rights Reserved.

source cfu_decoupler.tcl -notrace
create_project: Time (s): cpu = 00:00:06 ; elapsed = 00:00:06 . Memory (MB): peak = 1362.395 ; gain = 5.965 ; free physical = 7202 ; free virtual = 19193
INFO: [IP_Flow 19-234] Refreshing IP repositories
WARNING: [IP_Flow 19-2248] Failed to load user IP repository '/home/work/Xilinx/Vivado/2024.2/data/ip'; Can't find the specified path.
If this directory should no longer be in your list of user repositories, go to the IP Settings dialog and remove it.
WARNING: [IP_Flow 19-2248] Failed to load user IP repository '/home/primary/vivado-library/ip'; Can't find the specified path.
If this directory should no longer be in your list of user repositories, go to the IP Settings dialog and remove it.
INFO: [IP_Flow 19-2313] Loaded Vivado IP repository '/home/jsp/Storage/Vivado/2024.1/data/ip'.
INFO: [IP_Flow 19-6924] IPCACHE: Running cache check for IP inst: cfu_decoupler
Command: synth_design -top cfu_decoupler -part xc7z020clg400-1 -incremental_mode off -mode out_of_context
Starting synth_design
Attempting to get a license for feature 'Synthesis' and/or device 'xc7z020'
INFO: [Common 17-349] Got license for feature 'Synthesis' and/or device 'xc7z020'
INFO: [Device 21-403] Loading part xc7z020clg400-1
INFO: [Device 21-9227] Part: xc7z020clg400-1 does not have CEAM library.
INFO: [Synth 8-7079] Multithreading enabled for synth_design using a maximum of 4 processes.
INFO: [Synth 8-7078] Launching helper process for spawning children vivado processes
INFO: [Synth 8-7075] Helper process launched with PID 55151
---------------------------------------------------------------------------------
Starting RTL Elaboration : Time (s): cpu = 00:00:03 ; elapsed = 00:00:04 . Memory (MB): peak = 2152.508 ; gain = 412.832 ; free physical = 6110 ; free virtual = 18102
---------------------------------------------------------------------------------
INFO: [Synth 8-638] synthesizing module 'cfu_decoupler' [/home/jsp/Storage/CFU_PYNQ_FIles/CFU_SRC/pynq_z2/pynq_z2/arunQAFDHGDZXVNBDXG_gae.gen/sources_1/ip/cfu_decoupler/synth/cfu_decoupler.vhd:85]
	Parameter C_XDEVICEFAMILY bound to: zynq - type: string 
INFO: [Synth 8-3491] module 'dfx_decoupler_cfu_decoupler' declared at '/home/jsp/Storage/CFU_PYNQ_FIles/CFU_SRC/pynq_z2/pynq_z2/arunQAFDHGDZXVNBDXG_gae.gen/sources_1/ip/cfu_decoupler/dfx_decoupler_cfu_decoupler.vhd:68' bound to instance 'U0' of component 'dfx_decoupler_cfu_decoupler' [/home/jsp/Storage/CFU_PYNQ_FIles/CFU_SRC/pynq_z2/pynq_z2/arunQAFDHGDZXVNBDXG_gae.gen/sources_1/ip/cfu_decoupler/synth/cfu_decoupler.vhd:126]
INFO: [Synth 8-256] done synthesizing module 'cfu_decoupler' (0#1) [/home/jsp/Storage/CFU_PYNQ_FIles/CFU_SRC/pynq_z2/pynq_z2/arunQAFDHGDZXVNBDXG_gae.gen/sources_1/ip/cfu_decoupler/synth/cfu_decoupler.vhd:85]
---------------------------------------------------------------------------------
Finished RTL Elaboration : Time (s): cpu = 00:00:05 ; elapsed = 00:00:05 . Memory (MB): peak = 2236.477 ; gain = 496.801 ; free physical = 6007 ; free virtual = 18001
---------------------------------------------------------------------------------
---------------------------------------------------------------------------------
Start Handling Custom Attributes
---------------------------------------------------------------------------------
---------------------------------------------------------------------------------
Finished Handling Custom Attributes : Time (s): cpu = 00:00:05 ; elapsed = 00:00:05 . Memory (MB): peak = 2251.320 ; gain = 511.645 ; free physical = 6008 ; free virtual = 18001
---------------------------------------------------------------------------------
---------------------------------------------------------------------------------
Finished RTL Optimization Phase 1 : Time (s): cpu = 00:00:05 ; elapsed = 00:00:05 . Memory (MB): peak = 2251.320 ; gain = 511.645 ; free physical = 6008 ; free virtual = 18001
---------------------------------------------------------------------------------
Netlist sorting complete. Time (s): cpu = 00:00:00 ; elapsed = 00:00:00 . Memory (MB): peak = 2251.320 ; gain = 0.000 ; free physical = 6008 ; free virtual = 18001
INFO: [Project 1-570] Preparing netlist for logic optimization

Processing XDC Constraints
Initializing timing engine
Parsing XDC File [/home/jsp/Storage/CFU_PYNQ_FIles/CFU_SRC/pynq_z2/pynq_z2/arunQAFDHGDZXVNBDXG_gae.gen/sources_1/ip/cfu_decoupler/cfu_decoupler_ooc.xdc] for cell 'U0'
Finished Parsing XDC File [/home/jsp/Storage/CFU_PYNQ_FIles/CFU_SRC/pynq_z2/pynq_z2/arunQAFDHGDZXVNBDXG_gae.gen/sources_1/ip/cfu_decoupler/cfu_decoupler_ooc.xdc] for cell 'U0'
Parsing XDC File [/home/jsp/Storage/CFU_PYNQ_FIles/CFU_SRC/pynq_z2/pynq_z2/arunQAFDHGDZXVNBDXG_gae.runs/cfu_decoupler_synth_1/dont_touch.xdc]
Finished Parsing XDC File [/home/jsp/Storage/CFU_PYNQ_FIles/CFU_SRC/pynq_z2/pynq_z2/arunQAFDHGDZXVNBDXG_gae.runs/cfu_decoupler_synth_1/dont_touch.xdc]
Completed Processing XDC Constraints

Netlist sorting complete. Time (s): cpu = 00:00:00 ; elapsed = 00:00:00 . Memory (MB): peak = 2343.102 ; gain = 0.000 ; free physical = 5996 ; free virtual = 17989
INFO: [Project 1-111] Unisim Transformation Summary:
No Unisim elements were transformed.

Constraint Validation Runtime : Time (s): cpu = 00:00:00.02 ; elapsed = 00:00:00.04 . Memory (MB): peak = 2343.102 ; gain = 0.000 ; free physical = 5996 ; free virtual = 17989
INFO: [Designutils 20-5008] Incremental synthesis strategy off
---------------------------------------------------------------------------------
Finished Constraint Validation : Time (s): cpu = 00:00:10 ; elapsed = 00:00:10 . Memory (MB): peak = 2343.102 ; gain = 603.426 ; free physical = 5998 ; free virtual = 17991
---------------------------------------------------------------------------------
---------------------------------------------------------------------------------
Start Loading Part and Timing Information
---------------------------------------------------------------------------------
Loading part: xc7z020clg400-1
---------------------------------------------------------------------------------
Finished Loading Part and Timing Information : Time (s): cpu = 00:00:10 ; elapsed = 00:00:10 . Memory (MB): peak = 2351.105 ; gain = 611.430 ; free physical = 5998 ; free virtual = 17991
---------------------------------------------------------------------------------
---------------------------------------------------------------------------------
Start Applying 'set_property' XDC Constraints
---------------------------------------------------------------------------------
Applied set_property KEEP_HIERARCHY = SOFT for U0. (constraint file  /home/jsp/Storage/CFU_PYNQ_FIles/CFU_SRC/pynq_z2/pynq_z2/arunQAFDHGDZXVNBDXG_gae.runs/cfu_decoupler_synth_1/dont_touch.xdc, line 9).
---------------------------------------------------------------------------------
Finished applying 'set_property' XDC Constraints : Time (s): cpu = 00:00:10 ; elapsed = 00:00:10 . Memory (MB): peak = 2351.105 ; gain = 611.430 ; free physical = 5998 ; free virtual = 17991
---------------------------------------------------------------------------------
---------------------------------------------------------------------------------
Finished RTL Optimization Phase 2 : Time (s): cpu = 00:00:10 ; elapsed = 00:00:10 . Memory (MB): peak = 2351.105 ; gain = 611.430 ; free physical = 5996 ; free virtual = 17990
---------------------------------------------------------------------------------
---------------------------------------------------------------------------------
Start RTL Component Statistics 
---------------------------------------------------------------------------------
Detailed RTL Component Info : 
+---Muxes : 
	   2 Input   32 Bit        Muxes := 3     
	   2 Input   10 Bit        Muxes := 1     
	   2 Input    3 Bit        Muxes := 1     
---------------------------------------------------------------------------------
Finished RTL Component Statistics 
---------------------------------------------------------------------------------
---------------------------------------------------------------------------------
Start Part Resource Summary
---------------------------------------------------------------------------------
Part Resources:
DSPs: 220 (col length:60)
BRAMs: 280 (col length: RAMB18 60 RAMB36 30)
---------------------------------------------------------------------------------
Finished Part Resource Summary
---------------------------------------------------------------------------------
---------------------------------------------------------------------------------
Start Cross Boundary and Area Optimization
---------------------------------------------------------------------------------
WARNING: [Synth 8-7080] Parallel synthesis criteria is not met
---------------------------------------------------------------------------------
Finished Cross Boundary and Area Optimization : Time (s): cpu = 00:00:11 ; elapsed = 00:00:11 . Memory (MB): peak = 2351.105 ; gain = 611.430 ; free physical = 5994 ; free virtual = 17988
---------------------------------------------------------------------------------
---------------------------------------------------------------------------------
Start Applying XDC Timing Constraints
---------------------------------------------------------------------------------
---------------------------------------------------------------------------------
Finished Applying XDC Timing Constraints : Time (s): cpu = 00:00:16 ; elapsed = 00:00:16 . Memory (MB): peak = 2351.105 ; gain = 611.430 ; free physical = 5994 ; free virtual = 17987
---------------------------------------------------------------------------------
---------------------------------------------------------------------------------
Start Timing Optimization
---------------------------------------------------------------------------------
---------------------------------------------------------------------------------
Finished Timing Optimization : Time (s): cpu = 00:00:16 ; elapsed = 00:00:16 . Memory (MB): peak = 2351.105 ; gain = 611.430 ; free physical = 5994 ; free virtual = 17987
---------------------------------------------------------------------------------
---------------------------------------------------------------------------------
Start Technology Mapping
---------------------------------------------------------------------------------
---------------------------------------------------------------------------------
Finished Technology Mapping : Time (s): cpu = 00:00:16 ; elapsed = 00:00:16 . Memory (MB): peak = 2351.105 ; gain = 611.430 ; free physical = 5994 ; free virtual = 17987
---------------------------------------------------------------------------------
---------------------------------------------------------------------------------
Start IO Insertion
---------------------------------------------------------------------------------
---------------------------------------------------------------------------------
Start Flattening Before IO Insertion
---------------------------------------------------------------------------------
---------------------------------------------------------------------------------
Finished Flattening Before IO Insertion
---------------------------------------------------------------------------------
---------------------------------------------------------------------------------
Start Final Netlist Cleanup
---------------------------------------------------------------------------------
---------------------------------------------------------------------------------
Finished Final Netlist Cleanup
---------------------------------------------------------------------------------
---------------------------------------------------------------------------------
Finished IO Insertion : Time (s): cpu = 00:00:19 ; elapsed = 00:00:19 . Memory (MB): peak = 2351.105 ; gain = 611.430 ; free physical = 5996 ; free virtual = 17990
---------------------------------------------------------------------------------
---------------------------------------------------------------------------------
Start Renaming Generated Instances
---------------------------------------------------------------------------------
---------------------------------------------------------------------------------
Finished Renaming Generated Instances : Time (s): cpu = 00:00:19 ; elapsed = 00:00:19 . Memory (MB): peak = 2351.105 ; gain = 611.430 ; free physical = 5996 ; free virtual = 17990
---------------------------------------------------------------------------------
---------------------------------------------------------------------------------
Start Rebuilding User Hierarchy
---------------------------------------------------------------------------------
---------------------------------------------------------------------------------
Finished Rebuilding User Hierarchy : Time (s): cpu = 00:00:19 ; elapsed = 00:00:19 . Memory (MB): peak = 2351.105 ; gain = 611.430 ; free physical = 5996 ; free virtual = 17990
---------------------------------------------------------------------------------
---------------------------------------------------------------------------------
Start Renaming Generated Ports
---------------------------------------------------------------------------------
---------------------------------------------------------------------------------
Finished Renaming Generated Ports : Time (s): cpu = 00:00:19 ; elapsed = 00:00:19 . Memory (MB): peak = 2351.105 ; gain = 611.430 ; free physical = 5996 ; free virtual = 17990
---------------------------------------------------------------------------------
---------------------------------------------------------------------------------
Start Handling Custom Attributes
---------------------------------------------------------------------------------
---------------------------------------------------------------------------------
Finished Handling Custom Attributes : Time (s): cpu = 00:00:19 ; elapsed = 00:00:19 . Memory (MB): peak = 2351.105 ; gain = 611.430 ; free physical = 5996 ; free virtual = 17990
---------------------------------------------------------------------------------
---------------------------------------------------------------------------------
Start Renaming Generated Nets
---------------------------------------------------------------------------------
---------------------------------------------------------------------------------
Finished Renaming Generated Nets : Time (s): cpu = 00:00:19 ; elapsed = 00:00:19 . Memory (MB): peak = 2351.105 ; gain = 611.430 ; free physical = 5996 ; free virtual = 17990
---------------------------------------------------------------------------------
---------------------------------------------------------------------------------
Start Writing Synthesis Report
---------------------------------------------------------------------------------

Report BlackBoxes: 
+-+--------------+----------+
| |BlackBox name |Instances |
+-+--------------+----------+
+-+--------------+----------+

Report Cell Usage: 
+------+-----+------+
|      |Cell |Count |
+------+-----+------+
|1     |LUT2 |   115|
+------+-----+------+
---------------------------------------------------------------------------------
Finished Writing Synthesis Report : Time (s): cpu = 00:00:19 ; elapsed = 00:00:19 . Memory (MB): peak = 2351.105 ; gain = 611.430 ; free physical = 5996 ; free virtual = 17990
---------------------------------------------------------------------------------
Synthesis finished with 0 errors, 0 critical warnings and 1 warnings.
Synthesis Optimization Runtime : Time (s): cpu = 00:00:18 ; elapsed = 00:00:18 . Memory (MB): peak = 2351.105 ; gain = 519.648 ; free physical = 5996 ; free virtual = 17990
Synthesis Optimization Complete : Time (s): cpu = 00:00:19 ; elapsed = 00:00:19 . Memory (MB): peak = 2351.113 ; gain = 611.430 ; free physical = 5996 ; free virtual = 17990
INFO: [Project 1-571] Translating synthesized netlist
Netlist sorting complete. Time (s): cpu = 00:00:00 ; elapsed = 00:00:00.01 . Memory (MB): peak = 2351.113 ; gain = 0.000 ; free physical = 5997 ; free virtual = 17991
INFO: [Project 1-570] Preparing netlist for logic optimization
INFO: [Opt 31-138] Pushed 0 inverter(s) to 0 load pin(s).
Netlist sorting complete. Time (s): cpu = 00:00:00 ; elapsed = 00:00:00 . Memory (MB): peak = 2407.133 ; gain = 0.000 ; free physical = 6293 ; free virtual = 18287
INFO: [Project 1-111] Unisim Transformation Summary:
No Unisim elements were transformed.

Synth Design complete | Checksum: 764cdf78
INFO: [Common 17-83] Releasing license: Synthesis
20 Infos, 3 Warnings, 0 Critical Warnings and 0 Errors encountered.
synth_design completed successfully
synth_design: Time (s): cpu = 00:00:26 ; elapsed = 00:00:24 . Memory (MB): peak = 2407.133 ; gain = 1023.926 ; free physical = 6301 ; free virtual = 18294
INFO: [Common 17-2834] synth_design peak Physical Memory [PSS] (MB): overall = 1833.031; main = 1499.431; forked = 368.367
INFO: [Common 17-2834] synth_design peak Virtual Memory [VSS] (MB): overall = 3384.605; main = 2407.137; forked = 1033.496
Write ShapeDB Complete: Time (s): cpu = 00:00:00.01 ; elapsed = 00:00:00 . Memory (MB): peak = 2431.145 ; gain = 0.000 ; free physical = 6301 ; free virtual = 18294
INFO: [Common 17-1381] The checkpoint '/home/jsp/Storage/CFU_PYNQ_FIles/CFU_SRC/pynq_z2/pynq_z2/arunQAFDHGDZXVNBDXG_gae.runs/cfu_decoupler_synth_1/cfu_decoupler.dcp' has been generated.
INFO: [Coretcl 2-1648] Added synthesis output to IP cache for IP cfu_decoupler, cache-ID = 88cad9a8a230e1f8
Write ShapeDB Complete: Time (s): cpu = 00:00:00.01 ; elapsed = 00:00:00.01 . Memory (MB): peak = 2431.145 ; gain = 0.000 ; free physical = 6284 ; free virtual = 18278
INFO: [Common 17-1381] The checkpoint '/home/jsp/Storage/CFU_PYNQ_FIles/CFU_SRC/pynq_z2/pynq_z2/arunQAFDHGDZXVNBDXG_gae.runs/cfu_decoupler_synth_1/cfu_decoupler.dcp' has been generated.
INFO: [Vivado 12-24828] Executing command : report_utilization -file cfu_decoupler_utilization_synth.rpt -pb cfu_decoupler_utilization_synth.pb
INFO: [Common 17-206] Exiting Vivado at Tue Nov  4 14:23:54 2025...
[Tue Nov  4 14:24:05 2025] cfu_decoupler_synth_1 finished
wait_on_runs: Time (s): cpu = 00:00:42 ; elapsed = 00:00:46 . Memory (MB): peak = 8079.578 ; gain = 34.000 ; free physical = 7651 ; free virtual = 19644
synth_design -rtl -rtl_skip_mlo -name rtl_1
Command: synth_design -rtl -rtl_skip_mlo -name rtl_1
Starting synth_design
Using part: xc7z020clg400-1
Top: tul_pynq_z2
INFO: [Device 21-403] Loading part xc7z020clg400-1
INFO: [Device 21-9227] Part: xc7z020clg400-1 does not have CEAM library.
INFO: [Synth 8-7079] Multithreading enabled for synth_design using a maximum of 4 processes.
INFO: [Synth 8-7078] Launching helper process for spawning children vivado processes
INFO: [Synth 8-7075] Helper process launched with PID 55492
---------------------------------------------------------------------------------
Starting RTL Elaboration : Time (s): cpu = 00:00:04 ; elapsed = 00:00:03 . Memory (MB): peak = 8828.906 ; gain = 406.859 ; free physical = 6553 ; free virtual = 18546
---------------------------------------------------------------------------------
INFO: [Synth 8-11241] undeclared symbol 'dec_zz_cmd_valid', assumed default net type 'wire' [/home/jsp/Storage/CFU_PYNQ_FIles/CFU_SRC/pynq_z2/pynq_z2/arunQAFDHGDZXVNBDXG_gae.srcs/sources_1/new/Cfu.v:78]
INFO: [Synth 8-11241] undeclared symbol 'dec_zz_cmd_ready', assumed default net type 'wire' [/home/jsp/Storage/CFU_PYNQ_FIles/CFU_SRC/pynq_z2/pynq_z2/arunQAFDHGDZXVNBDXG_gae.srcs/sources_1/new/Cfu.v:78]
INFO: [Synth 8-11241] undeclared symbol 'dec_zz_cmd_payload_function_id', assumed default net type 'wire' [/home/jsp/Storage/CFU_PYNQ_FIles/CFU_SRC/pynq_z2/pynq_z2/arunQAFDHGDZXVNBDXG_gae.srcs/sources_1/new/Cfu.v:79]
INFO: [Synth 8-11241] undeclared symbol 'dec_zz_cmd_payload_inputs_0', assumed default net type 'wire' [/home/jsp/Storage/CFU_PYNQ_FIles/CFU_SRC/pynq_z2/pynq_z2/arunQAFDHGDZXVNBDXG_gae.srcs/sources_1/new/Cfu.v:80]
INFO: [Synth 8-11241] undeclared symbol 'dec_zz_cmd_payload_inputs_1', assumed default net type 'wire' [/home/jsp/Storage/CFU_PYNQ_FIles/CFU_SRC/pynq_z2/pynq_z2/arunQAFDHGDZXVNBDXG_gae.srcs/sources_1/new/Cfu.v:80]
INFO: [Synth 8-11241] undeclared symbol 'dec_zz_rsp_valid', assumed default net type 'wire' [/home/jsp/Storage/CFU_PYNQ_FIles/CFU_SRC/pynq_z2/pynq_z2/arunQAFDHGDZXVNBDXG_gae.srcs/sources_1/new/Cfu.v:81]
INFO: [Synth 8-11241] undeclared symbol 'dec_rsp_ready', assumed default net type 'wire' [/home/jsp/Storage/CFU_PYNQ_FIles/CFU_SRC/pynq_z2/pynq_z2/arunQAFDHGDZXVNBDXG_gae.srcs/sources_1/new/Cfu.v:81]
INFO: [Synth 8-11241] undeclared symbol 'dec_zz_rsp_payload_outputs_0', assumed default net type 'wire' [/home/jsp/Storage/CFU_PYNQ_FIles/CFU_SRC/pynq_z2/pynq_z2/arunQAFDHGDZXVNBDXG_gae.srcs/sources_1/new/Cfu.v:81]
INFO: [Synth 8-11241] undeclared symbol 'dec_reset', assumed default net type 'wire' [/home/jsp/Storage/CFU_PYNQ_FIles/CFU_SRC/pynq_z2/pynq_z2/arunQAFDHGDZXVNBDXG_gae.srcs/sources_1/new/Cfu.v:82]
INFO: [Synth 8-11241] undeclared symbol 'dec_clk', assumed default net type 'wire' [/home/jsp/Storage/CFU_PYNQ_FIles/CFU_SRC/pynq_z2/pynq_z2/arunQAFDHGDZXVNBDXG_gae.srcs/sources_1/new/Cfu.v:82]
INFO: [Synth 8-11241] undeclared symbol 'dec_cfu_id', assumed default net type 'wire' [/home/jsp/Storage/CFU_PYNQ_FIles/CFU_SRC/pynq_z2/pynq_z2/arunQAFDHGDZXVNBDXG_gae.srcs/sources_1/new/Cfu.v:82]
INFO: [Synth 8-6157] synthesizing module 'tul_pynq_z2' [/home/jsp/Storage/CFU_PYNQ_FIles/CFU_SRC/pynq_z2/pynq_z2/arunQAFDHGDZXVNBDXG_gae.srcs/sources_1/new/tul_pynq_z2.v:20]
CRITICAL WARNING: [Synth 8-4445] could not open $readmem data file 'tul_pynq_z2_rom.init'; please make sure the file is added to project and has read permission, ignoring [/home/jsp/Storage/CFU_PYNQ_FIles/CFU_SRC/pynq_z2/pynq_z2/arunQAFDHGDZXVNBDXG_gae.srcs/sources_1/new/tul_pynq_z2.v:1544]
CRITICAL WARNING: [Synth 8-4445] could not open $readmem data file 'tul_pynq_z2_sram.init'; please make sure the file is added to project and has read permission, ignoring [/home/jsp/Storage/CFU_PYNQ_FIles/CFU_SRC/pynq_z2/pynq_z2/arunQAFDHGDZXVNBDXG_gae.srcs/sources_1/new/tul_pynq_z2.v:1559]
CRITICAL WARNING: [Synth 8-4445] could not open $readmem data file 'tul_pynq_z2_mem.init'; please make sure the file is added to project and has read permission, ignoring [/home/jsp/Storage/CFU_PYNQ_FIles/CFU_SRC/pynq_z2/pynq_z2/arunQAFDHGDZXVNBDXG_gae.srcs/sources_1/new/tul_pynq_z2.v:1582]
INFO: [Synth 8-155] case statement is not full and has no default [/home/jsp/Storage/CFU_PYNQ_FIles/CFU_SRC/pynq_z2/pynq_z2/arunQAFDHGDZXVNBDXG_gae.srcs/sources_1/new/tul_pynq_z2.v:1328]
INFO: [Synth 8-155] case statement is not full and has no default [/home/jsp/Storage/CFU_PYNQ_FIles/CFU_SRC/pynq_z2/pynq_z2/arunQAFDHGDZXVNBDXG_gae.srcs/sources_1/new/tul_pynq_z2.v:1352]
INFO: [Synth 8-155] case statement is not full and has no default [/home/jsp/Storage/CFU_PYNQ_FIles/CFU_SRC/pynq_z2/pynq_z2/arunQAFDHGDZXVNBDXG_gae.srcs/sources_1/new/tul_pynq_z2.v:1364]
INFO: [Synth 8-155] case statement is not full and has no default [/home/jsp/Storage/CFU_PYNQ_FIles/CFU_SRC/pynq_z2/pynq_z2/arunQAFDHGDZXVNBDXG_gae.srcs/sources_1/new/tul_pynq_z2.v:1419]
INFO: [Synth 8-6157] synthesizing module 'BUFG' [/home/jsp/Storage/Vivado/2024.1/scripts/rt/data/unisim_comp.v:1951]
INFO: [Synth 8-6155] done synthesizing module 'BUFG' (0#1) [/home/jsp/Storage/Vivado/2024.1/scripts/rt/data/unisim_comp.v:1951]
INFO: [Synth 8-6157] synthesizing module 'FDCE' [/home/jsp/Storage/Vivado/2024.1/scripts/rt/data/unisim_comp.v:40798]
INFO: [Synth 8-6155] done synthesizing module 'FDCE' (0#1) [/home/jsp/Storage/Vivado/2024.1/scripts/rt/data/unisim_comp.v:40798]
INFO: [Synth 8-6157] synthesizing module 'PLLE2_ADV' [/home/jsp/Storage/Vivado/2024.1/scripts/rt/data/unisim_comp.v:114750]
	Parameter CLKFBOUT_MULT bound to: 12 - type: integer 
	Parameter CLKIN1_PERIOD bound to: 8.000000 - type: double 
	Parameter CLKOUT0_DIVIDE bound to: 15 - type: integer 
	Parameter CLKOUT0_PHASE bound to: 0.000000 - type: double 
	Parameter DIVCLK_DIVIDE bound to: 1 - type: integer 
	Parameter REF_JITTER1 bound to: 0.010000 - type: double 
	Parameter STARTUP_WAIT bound to: FALSE - type: string 
INFO: [Synth 8-6155] done synthesizing module 'PLLE2_ADV' (0#1) [/home/jsp/Storage/Vivado/2024.1/scripts/rt/data/unisim_comp.v:114750]
WARNING: [Synth 8-7071] port 'CLKOUT1' of module 'PLLE2_ADV' is unconnected for instance 'PLLE2_ADV' [/home/jsp/Storage/CFU_PYNQ_FIles/CFU_SRC/pynq_z2/pynq_z2/arunQAFDHGDZXVNBDXG_gae.srcs/sources_1/new/tul_pynq_z2.v:1705]
WARNING: [Synth 8-7071] port 'CLKOUT2' of module 'PLLE2_ADV' is unconnected for instance 'PLLE2_ADV' [/home/jsp/Storage/CFU_PYNQ_FIles/CFU_SRC/pynq_z2/pynq_z2/arunQAFDHGDZXVNBDXG_gae.srcs/sources_1/new/tul_pynq_z2.v:1705]
WARNING: [Synth 8-7071] port 'CLKOUT3' of module 'PLLE2_ADV' is unconnected for instance 'PLLE2_ADV' [/home/jsp/Storage/CFU_PYNQ_FIles/CFU_SRC/pynq_z2/pynq_z2/arunQAFDHGDZXVNBDXG_gae.srcs/sources_1/new/tul_pynq_z2.v:1705]
WARNING: [Synth 8-7071] port 'CLKOUT4' of module 'PLLE2_ADV' is unconnected for instance 'PLLE2_ADV' [/home/jsp/Storage/CFU_PYNQ_FIles/CFU_SRC/pynq_z2/pynq_z2/arunQAFDHGDZXVNBDXG_gae.srcs/sources_1/new/tul_pynq_z2.v:1705]
WARNING: [Synth 8-7071] port 'CLKOUT5' of module 'PLLE2_ADV' is unconnected for instance 'PLLE2_ADV' [/home/jsp/Storage/CFU_PYNQ_FIles/CFU_SRC/pynq_z2/pynq_z2/arunQAFDHGDZXVNBDXG_gae.srcs/sources_1/new/tul_pynq_z2.v:1705]
WARNING: [Synth 8-7071] port 'DO' of module 'PLLE2_ADV' is unconnected for instance 'PLLE2_ADV' [/home/jsp/Storage/CFU_PYNQ_FIles/CFU_SRC/pynq_z2/pynq_z2/arunQAFDHGDZXVNBDXG_gae.srcs/sources_1/new/tul_pynq_z2.v:1705]
WARNING: [Synth 8-7071] port 'DRDY' of module 'PLLE2_ADV' is unconnected for instance 'PLLE2_ADV' [/home/jsp/Storage/CFU_PYNQ_FIles/CFU_SRC/pynq_z2/pynq_z2/arunQAFDHGDZXVNBDXG_gae.srcs/sources_1/new/tul_pynq_z2.v:1705]
WARNING: [Synth 8-7071] port 'CLKIN2' of module 'PLLE2_ADV' is unconnected for instance 'PLLE2_ADV' [/home/jsp/Storage/CFU_PYNQ_FIles/CFU_SRC/pynq_z2/pynq_z2/arunQAFDHGDZXVNBDXG_gae.srcs/sources_1/new/tul_pynq_z2.v:1705]
WARNING: [Synth 8-7071] port 'CLKINSEL' of module 'PLLE2_ADV' is unconnected for instance 'PLLE2_ADV' [/home/jsp/Storage/CFU_PYNQ_FIles/CFU_SRC/pynq_z2/pynq_z2/arunQAFDHGDZXVNBDXG_gae.srcs/sources_1/new/tul_pynq_z2.v:1705]
WARNING: [Synth 8-7071] port 'DADDR' of module 'PLLE2_ADV' is unconnected for instance 'PLLE2_ADV' [/home/jsp/Storage/CFU_PYNQ_FIles/CFU_SRC/pynq_z2/pynq_z2/arunQAFDHGDZXVNBDXG_gae.srcs/sources_1/new/tul_pynq_z2.v:1705]
WARNING: [Synth 8-7071] port 'DCLK' of module 'PLLE2_ADV' is unconnected for instance 'PLLE2_ADV' [/home/jsp/Storage/CFU_PYNQ_FIles/CFU_SRC/pynq_z2/pynq_z2/arunQAFDHGDZXVNBDXG_gae.srcs/sources_1/new/tul_pynq_z2.v:1705]
WARNING: [Synth 8-7071] port 'DEN' of module 'PLLE2_ADV' is unconnected for instance 'PLLE2_ADV' [/home/jsp/Storage/CFU_PYNQ_FIles/CFU_SRC/pynq_z2/pynq_z2/arunQAFDHGDZXVNBDXG_gae.srcs/sources_1/new/tul_pynq_z2.v:1705]
WARNING: [Synth 8-7071] port 'DI' of module 'PLLE2_ADV' is unconnected for instance 'PLLE2_ADV' [/home/jsp/Storage/CFU_PYNQ_FIles/CFU_SRC/pynq_z2/pynq_z2/arunQAFDHGDZXVNBDXG_gae.srcs/sources_1/new/tul_pynq_z2.v:1705]
WARNING: [Synth 8-7071] port 'DWE' of module 'PLLE2_ADV' is unconnected for instance 'PLLE2_ADV' [/home/jsp/Storage/CFU_PYNQ_FIles/CFU_SRC/pynq_z2/pynq_z2/arunQAFDHGDZXVNBDXG_gae.srcs/sources_1/new/tul_pynq_z2.v:1705]
WARNING: [Synth 8-7023] instance 'PLLE2_ADV' of module 'PLLE2_ADV' has 21 connections declared, but only 7 given [/home/jsp/Storage/CFU_PYNQ_FIles/CFU_SRC/pynq_z2/pynq_z2/arunQAFDHGDZXVNBDXG_gae.srcs/sources_1/new/tul_pynq_z2.v:1705]
INFO: [Synth 8-6157] synthesizing module 'VexRiscv' [/home/jsp/Storage/CFU_PYNQ_FIles/CFU_SRC/verilog/VexRiscv_FullCfu.v:7]
INFO: [Synth 8-6157] synthesizing module 'InstructionCache' [/home/jsp/Storage/CFU_PYNQ_FIles/CFU_SRC/verilog/VexRiscv_FullCfu.v:6648]
INFO: [Synth 8-6155] done synthesizing module 'InstructionCache' (0#1) [/home/jsp/Storage/CFU_PYNQ_FIles/CFU_SRC/verilog/VexRiscv_FullCfu.v:6648]
INFO: [Synth 8-6157] synthesizing module 'DataCache' [/home/jsp/Storage/CFU_PYNQ_FIles/CFU_SRC/verilog/VexRiscv_FullCfu.v:5807]
INFO: [Synth 8-6155] done synthesizing module 'DataCache' (0#1) [/home/jsp/Storage/CFU_PYNQ_FIles/CFU_SRC/verilog/VexRiscv_FullCfu.v:5807]
INFO: [Synth 8-6155] done synthesizing module 'VexRiscv' (0#1) [/home/jsp/Storage/CFU_PYNQ_FIles/CFU_SRC/verilog/VexRiscv_FullCfu.v:7]
INFO: [Synth 8-6157] synthesizing module 'Cfu' [/home/jsp/Storage/CFU_PYNQ_FIles/CFU_SRC/pynq_z2/pynq_z2/arunQAFDHGDZXVNBDXG_gae.srcs/sources_1/new/Cfu.v:23]
INFO: [Synth 8-6157] synthesizing module 'cfu_comp' [/home/jsp/Storage/CFU_PYNQ_FIles/CFU_SRC/donut-accel/cfu.v:17]
INFO: [Synth 8-6155] done synthesizing module 'cfu_comp' (0#1) [/home/jsp/Storage/CFU_PYNQ_FIles/CFU_SRC/donut-accel/cfu.v:17]
WARNING: [Synth 8-689] width (1) of port connection 'cmd_payload_function_id' does not match port width (10) of module 'cfu_comp' [/home/jsp/Storage/CFU_PYNQ_FIles/CFU_SRC/pynq_z2/pynq_z2/arunQAFDHGDZXVNBDXG_gae.srcs/sources_1/new/Cfu.v:79]
WARNING: [Synth 8-689] width (1) of port connection 'cmd_payload_inputs_0' does not match port width (32) of module 'cfu_comp' [/home/jsp/Storage/CFU_PYNQ_FIles/CFU_SRC/pynq_z2/pynq_z2/arunQAFDHGDZXVNBDXG_gae.srcs/sources_1/new/Cfu.v:80]
WARNING: [Synth 8-689] width (1) of port connection 'cmd_payload_inputs_1' does not match port width (32) of module 'cfu_comp' [/home/jsp/Storage/CFU_PYNQ_FIles/CFU_SRC/pynq_z2/pynq_z2/arunQAFDHGDZXVNBDXG_gae.srcs/sources_1/new/Cfu.v:80]
WARNING: [Synth 8-689] width (1) of port connection 'rsp_payload_outputs_0' does not match port width (32) of module 'cfu_comp' [/home/jsp/Storage/CFU_PYNQ_FIles/CFU_SRC/pynq_z2/pynq_z2/arunQAFDHGDZXVNBDXG_gae.srcs/sources_1/new/Cfu.v:81]
WARNING: [Synth 8-689] width (1) of port connection 'cfu_id' does not match port width (3) of module 'cfu_comp' [/home/jsp/Storage/CFU_PYNQ_FIles/CFU_SRC/pynq_z2/pynq_z2/arunQAFDHGDZXVNBDXG_gae.srcs/sources_1/new/Cfu.v:82]
INFO: [Synth 8-6157] synthesizing module 'cfu_decoupler' [/home/jsp/Storage/CFU_PYNQ_FIles/CFU_SRC/pynq_z2/pynq_z2/.Xil/Vivado-54352-jsp-H370M-D3H/realtime/cfu_decoupler_stub.v:6]
INFO: [Synth 8-6155] done synthesizing module 'cfu_decoupler' (0#1) [/home/jsp/Storage/CFU_PYNQ_FIles/CFU_SRC/pynq_z2/pynq_z2/.Xil/Vivado-54352-jsp-H370M-D3H/realtime/cfu_decoupler_stub.v:6]
WARNING: [Synth 8-689] width (10) of port connection 's_cfu_inputs_cmd_payload_function_id' does not match port width (1) of module 'cfu_decoupler' [/home/jsp/Storage/CFU_PYNQ_FIles/CFU_SRC/pynq_z2/pynq_z2/arunQAFDHGDZXVNBDXG_gae.srcs/sources_1/new/Cfu.v:86]
WARNING: [Synth 8-689] width (32) of port connection 's_cfu_inputs_cmd_payload_inputs_0' does not match port width (10) of module 'cfu_decoupler' [/home/jsp/Storage/CFU_PYNQ_FIles/CFU_SRC/pynq_z2/pynq_z2/arunQAFDHGDZXVNBDXG_gae.srcs/sources_1/new/Cfu.v:87]
WARNING: [Synth 8-689] width (1) of port connection 's_cfu_inputs_rsp_ready' does not match port width (32) of module 'cfu_decoupler' [/home/jsp/Storage/CFU_PYNQ_FIles/CFU_SRC/pynq_z2/pynq_z2/arunQAFDHGDZXVNBDXG_gae.srcs/sources_1/new/Cfu.v:89]
WARNING: [Synth 8-689] width (1) of port connection 'rp_cfu_inputs_cmd_payload_inputs_0' does not match port width (10) of module 'cfu_decoupler' [/home/jsp/Storage/CFU_PYNQ_FIles/CFU_SRC/pynq_z2/pynq_z2/arunQAFDHGDZXVNBDXG_gae.srcs/sources_1/new/Cfu.v:102]
WARNING: [Synth 8-689] width (1) of port connection 'rp_cfu_inputs_cmd_payload_inputs_1' does not match port width (32) of module 'cfu_decoupler' [/home/jsp/Storage/CFU_PYNQ_FIles/CFU_SRC/pynq_z2/pynq_z2/arunQAFDHGDZXVNBDXG_gae.srcs/sources_1/new/Cfu.v:103]
WARNING: [Synth 8-689] width (1) of port connection 'rp_cfu_inputs_rsp_ready' does not match port width (32) of module 'cfu_decoupler' [/home/jsp/Storage/CFU_PYNQ_FIles/CFU_SRC/pynq_z2/pynq_z2/arunQAFDHGDZXVNBDXG_gae.srcs/sources_1/new/Cfu.v:104]
WARNING: [Synth 8-689] width (1) of port connection 'rp_cfu_output_rsp_payload_outputs_0' does not match port width (32) of module 'cfu_decoupler' [/home/jsp/Storage/CFU_PYNQ_FIles/CFU_SRC/pynq_z2/pynq_z2/arunQAFDHGDZXVNBDXG_gae.srcs/sources_1/new/Cfu.v:110]
WARNING: [Synth 8-689] width (1) of port connection 'rp_cfu_output_cfu_id' does not match port width (3) of module 'cfu_decoupler' [/home/jsp/Storage/CFU_PYNQ_FIles/CFU_SRC/pynq_z2/pynq_z2/arunQAFDHGDZXVNBDXG_gae.srcs/sources_1/new/Cfu.v:111]
INFO: [Synth 8-6155] done synthesizing module 'Cfu' (0#1) [/home/jsp/Storage/CFU_PYNQ_FIles/CFU_SRC/pynq_z2/pynq_z2/arunQAFDHGDZXVNBDXG_gae.srcs/sources_1/new/Cfu.v:23]
INFO: [Synth 8-6157] synthesizing module 'FDPE' [/home/jsp/Storage/Vivado/2024.1/scripts/rt/data/unisim_comp.v:40954]
	Parameter INIT bound to: 1'b1 
INFO: [Synth 8-6155] done synthesizing module 'FDPE' (0#1) [/home/jsp/Storage/Vivado/2024.1/scripts/rt/data/unisim_comp.v:40954]
INFO: [Synth 8-6155] done synthesizing module 'tul_pynq_z2' (0#1) [/home/jsp/Storage/CFU_PYNQ_FIles/CFU_SRC/pynq_z2/pynq_z2/arunQAFDHGDZXVNBDXG_gae.srcs/sources_1/new/tul_pynq_z2.v:20]
WARNING: [Synth 8-6014] Unused sequential element decodeStage_mmuRsp_isIoAccess_reg was removed.  [/home/jsp/Storage/CFU_PYNQ_FIles/CFU_SRC/verilog/VexRiscv_FullCfu.v:6926]
WARNING: [Synth 8-6014] Unused sequential element decodeStage_mmuRsp_allowRead_reg was removed.  [/home/jsp/Storage/CFU_PYNQ_FIles/CFU_SRC/verilog/VexRiscv_FullCfu.v:6928]
WARNING: [Synth 8-6014] Unused sequential element decodeStage_mmuRsp_allowWrite_reg was removed.  [/home/jsp/Storage/CFU_PYNQ_FIles/CFU_SRC/verilog/VexRiscv_FullCfu.v:6929]
WARNING: [Synth 8-6014] Unused sequential element decodeStage_mmuRsp_bypassTranslation_reg was removed.  [/home/jsp/Storage/CFU_PYNQ_FIles/CFU_SRC/verilog/VexRiscv_FullCfu.v:6933]
WARNING: [Synth 8-6014] Unused sequential element tagsWriteLastCmd_valid_reg was removed.  [/home/jsp/Storage/CFU_PYNQ_FIles/CFU_SRC/verilog/VexRiscv_FullCfu.v:6516]
WARNING: [Synth 8-6014] Unused sequential element tagsWriteLastCmd_payload_way_reg was removed.  [/home/jsp/Storage/CFU_PYNQ_FIles/CFU_SRC/verilog/VexRiscv_FullCfu.v:6517]
WARNING: [Synth 8-6014] Unused sequential element tagsWriteLastCmd_payload_address_reg was removed.  [/home/jsp/Storage/CFU_PYNQ_FIles/CFU_SRC/verilog/VexRiscv_FullCfu.v:6518]
WARNING: [Synth 8-6014] Unused sequential element tagsWriteLastCmd_payload_data_valid_reg was removed.  [/home/jsp/Storage/CFU_PYNQ_FIles/CFU_SRC/verilog/VexRiscv_FullCfu.v:6519]
WARNING: [Synth 8-6014] Unused sequential element tagsWriteLastCmd_payload_data_error_reg was removed.  [/home/jsp/Storage/CFU_PYNQ_FIles/CFU_SRC/verilog/VexRiscv_FullCfu.v:6520]
WARNING: [Synth 8-6014] Unused sequential element tagsWriteLastCmd_payload_data_address_reg was removed.  [/home/jsp/Storage/CFU_PYNQ_FIles/CFU_SRC/verilog/VexRiscv_FullCfu.v:6521]
WARNING: [Synth 8-6014] Unused sequential element stageA_request_totalyConsistent_reg was removed.  [/home/jsp/Storage/CFU_PYNQ_FIles/CFU_SRC/verilog/VexRiscv_FullCfu.v:6525]
WARNING: [Synth 8-6014] Unused sequential element stageB_request_totalyConsistent_reg was removed.  [/home/jsp/Storage/CFU_PYNQ_FIles/CFU_SRC/verilog/VexRiscv_FullCfu.v:6539]
WARNING: [Synth 8-6014] Unused sequential element stageB_mmuRsp_allowExecute_reg was removed.  [/home/jsp/Storage/CFU_PYNQ_FIles/CFU_SRC/verilog/VexRiscv_FullCfu.v:6547]
WARNING: [Synth 8-6014] Unused sequential element stageB_mmuRsp_bypassTranslation_reg was removed.  [/home/jsp/Storage/CFU_PYNQ_FIles/CFU_SRC/verilog/VexRiscv_FullCfu.v:6550]
WARNING: [Synth 8-6014] Unused sequential element stageB_tagsReadRsp_0_valid_reg was removed.  [/home/jsp/Storage/CFU_PYNQ_FIles/CFU_SRC/verilog/VexRiscv_FullCfu.v:6553]
WARNING: [Synth 8-6014] Unused sequential element stageB_tagsReadRsp_0_address_reg was removed.  [/home/jsp/Storage/CFU_PYNQ_FIles/CFU_SRC/verilog/VexRiscv_FullCfu.v:6555]
WARNING: [Synth 8-3848] Net io_cpu_writeBack_exclusiveOk in module/entity DataCache does not have driver. [/home/jsp/Storage/CFU_PYNQ_FIles/CFU_SRC/verilog/VexRiscv_FullCfu.v:5850]
WARNING: [Synth 8-6014] Unused sequential element IBusCachedPlugin_fetchPc_correctionReg_reg was removed.  [/home/jsp/Storage/CFU_PYNQ_FIles/CFU_SRC/verilog/VexRiscv_FullCfu.v:3175]
WARNING: [Synth 8-6014] Unused sequential element IBusCachedPlugin_injector_nextPcCalc_valids_2_reg was removed.  [/home/jsp/Storage/CFU_PYNQ_FIles/CFU_SRC/verilog/VexRiscv_FullCfu.v:3283]
WARNING: [Synth 8-6014] Unused sequential element IBusCachedPlugin_injector_nextPcCalc_valids_3_reg was removed.  [/home/jsp/Storage/CFU_PYNQ_FIles/CFU_SRC/verilog/VexRiscv_FullCfu.v:3284]
WARNING: [Synth 8-6014] Unused sequential element IBusCachedPlugin_injector_nextPcCalc_valids_4_reg was removed.  [/home/jsp/Storage/CFU_PYNQ_FIles/CFU_SRC/verilog/VexRiscv_FullCfu.v:3285]
WARNING: [Synth 8-6014] Unused sequential element IBusCachedPlugin_rspCounter_reg was removed.  [/home/jsp/Storage/CFU_PYNQ_FIles/CFU_SRC/verilog/VexRiscv_FullCfu.v:5082]
WARNING: [Synth 8-6014] Unused sequential element DBusCachedPlugin_rspCounter_reg was removed.  [/home/jsp/Storage/CFU_PYNQ_FIles/CFU_SRC/verilog/VexRiscv_FullCfu.v:5085]
WARNING: [Synth 8-6014] Unused sequential element CsrPlugin_lastStageWasWfi_reg was removed.  [/home/jsp/Storage/CFU_PYNQ_FIles/CFU_SRC/verilog/VexRiscv_FullCfu.v:5103]
WARNING: [Synth 8-6014] Unused sequential element dataCache_1_io_mem_cmd_rData_uncached_reg was removed.  [/home/jsp/Storage/CFU_PYNQ_FIles/CFU_SRC/verilog/VexRiscv_FullCfu.v:3485]
WARNING: [Synth 8-6014] Unused sequential element dataCache_1_io_mem_cmd_rData_last_reg was removed.  [/home/jsp/Storage/CFU_PYNQ_FIles/CFU_SRC/verilog/VexRiscv_FullCfu.v:3490]
WARNING: [Synth 8-6014] Unused sequential element dataCache_1_io_mem_cmd_s2mPipe_rData_uncached_reg was removed.  [/home/jsp/Storage/CFU_PYNQ_FIles/CFU_SRC/verilog/VexRiscv_FullCfu.v:3501]
WARNING: [Synth 8-6014] Unused sequential element dataCache_1_io_mem_cmd_s2mPipe_rData_last_reg was removed.  [/home/jsp/Storage/CFU_PYNQ_FIles/CFU_SRC/verilog/VexRiscv_FullCfu.v:3506]
WARNING: [Synth 8-6014] Unused sequential element decode_to_execute_FORMAL_PC_NEXT_reg was removed.  [/home/jsp/Storage/CFU_PYNQ_FIles/CFU_SRC/verilog/VexRiscv_FullCfu.v:2677]
WARNING: [Synth 8-6014] Unused sequential element execute_to_memory_FORMAL_PC_NEXT_reg was removed.  [/home/jsp/Storage/CFU_PYNQ_FIles/CFU_SRC/verilog/VexRiscv_FullCfu.v:2676]
WARNING: [Synth 8-6014] Unused sequential element memory_to_writeBack_FORMAL_PC_NEXT_reg was removed.  [/home/jsp/Storage/CFU_PYNQ_FIles/CFU_SRC/verilog/VexRiscv_FullCfu.v:2675]
WARNING: [Synth 8-6014] Unused sequential element memory_to_writeBack_CfuPlugin_CFU_IN_FLIGHT_reg was removed.  [/home/jsp/Storage/CFU_PYNQ_FIles/CFU_SRC/verilog/VexRiscv_FullCfu.v:2624]
WARNING: [Synth 8-3848] Net IBusCachedPlugin_cache_io_cpu_fetch_isRemoved in module/entity VexRiscv does not have driver. [/home/jsp/Storage/CFU_PYNQ_FIles/CFU_SRC/verilog/VexRiscv_FullCfu.v:78]
WARNING: [Synth 8-3848] Net IBusCachedPlugin_mmuBus_rsp_bypassTranslation in module/entity VexRiscv does not have driver. [/home/jsp/Storage/CFU_PYNQ_FIles/CFU_SRC/verilog/VexRiscv_FullCfu.v:664]
WARNING: [Synth 8-3848] Net DBusCachedPlugin_mmuBus_rsp_bypassTranslation in module/entity VexRiscv does not have driver. [/home/jsp/Storage/CFU_PYNQ_FIles/CFU_SRC/verilog/VexRiscv_FullCfu.v:692]
WARNING: [Synth 8-3848] Net dataCache_1_io_cpu_writeBack_fence_SW in module/entity VexRiscv does not have driver. [/home/jsp/Storage/CFU_PYNQ_FIles/CFU_SRC/verilog/VexRiscv_FullCfu.v:92]
WARNING: [Synth 8-3848] Net dataCache_1_io_cpu_writeBack_fence_SR in module/entity VexRiscv does not have driver. [/home/jsp/Storage/CFU_PYNQ_FIles/CFU_SRC/verilog/VexRiscv_FullCfu.v:93]
WARNING: [Synth 8-3848] Net dataCache_1_io_cpu_writeBack_fence_SO in module/entity VexRiscv does not have driver. [/home/jsp/Storage/CFU_PYNQ_FIles/CFU_SRC/verilog/VexRiscv_FullCfu.v:94]
WARNING: [Synth 8-3848] Net dataCache_1_io_cpu_writeBack_fence_SI in module/entity VexRiscv does not have driver. [/home/jsp/Storage/CFU_PYNQ_FIles/CFU_SRC/verilog/VexRiscv_FullCfu.v:95]
WARNING: [Synth 8-3848] Net dataCache_1_io_cpu_writeBack_fence_PW in module/entity VexRiscv does not have driver. [/home/jsp/Storage/CFU_PYNQ_FIles/CFU_SRC/verilog/VexRiscv_FullCfu.v:96]
WARNING: [Synth 8-3848] Net dataCache_1_io_cpu_writeBack_fence_PR in module/entity VexRiscv does not have driver. [/home/jsp/Storage/CFU_PYNQ_FIles/CFU_SRC/verilog/VexRiscv_FullCfu.v:97]
WARNING: [Synth 8-3848] Net dataCache_1_io_cpu_writeBack_fence_PO in module/entity VexRiscv does not have driver. [/home/jsp/Storage/CFU_PYNQ_FIles/CFU_SRC/verilog/VexRiscv_FullCfu.v:98]
WARNING: [Synth 8-3848] Net dataCache_1_io_cpu_writeBack_fence_PI in module/entity VexRiscv does not have driver. [/home/jsp/Storage/CFU_PYNQ_FIles/CFU_SRC/verilog/VexRiscv_FullCfu.v:99]
WARNING: [Synth 8-3848] Net dataCache_1_io_cpu_writeBack_fence_FM in module/entity VexRiscv does not have driver. [/home/jsp/Storage/CFU_PYNQ_FIles/CFU_SRC/verilog/VexRiscv_FullCfu.v:100]
WARNING: [Synth 8-3848] Net dBus_rsp_payload_last in module/entity VexRiscv does not have driver. [/home/jsp/Storage/CFU_PYNQ_FIles/CFU_SRC/verilog/VexRiscv_FullCfu.v:677]
WARNING: [Synth 8-6014] Unused sequential element soc_basesoc_scratch_re_reg was removed.  [/home/jsp/Storage/CFU_PYNQ_FIles/CFU_SRC/pynq_z2/pynq_z2/arunQAFDHGDZXVNBDXG_gae.srcs/sources_1/new/tul_pynq_z2.v:1347]
WARNING: [Synth 8-6014] Unused sequential element soc_basesoc_bus_errors_re_reg was removed.  [/home/jsp/Storage/CFU_PYNQ_FIles/CFU_SRC/pynq_z2/pynq_z2/arunQAFDHGDZXVNBDXG_gae.srcs/sources_1/new/tul_pynq_z2.v:1348]
WARNING: [Synth 8-6014] Unused sequential element soc_basesoc_timer_load_re_reg was removed.  [/home/jsp/Storage/CFU_PYNQ_FIles/CFU_SRC/pynq_z2/pynq_z2/arunQAFDHGDZXVNBDXG_gae.srcs/sources_1/new/tul_pynq_z2.v:1394]
WARNING: [Synth 8-6014] Unused sequential element soc_basesoc_timer_reload_re_reg was removed.  [/home/jsp/Storage/CFU_PYNQ_FIles/CFU_SRC/pynq_z2/pynq_z2/arunQAFDHGDZXVNBDXG_gae.srcs/sources_1/new/tul_pynq_z2.v:1398]
WARNING: [Synth 8-6014] Unused sequential element soc_basesoc_timer_en_re_reg was removed.  [/home/jsp/Storage/CFU_PYNQ_FIles/CFU_SRC/pynq_z2/pynq_z2/arunQAFDHGDZXVNBDXG_gae.srcs/sources_1/new/tul_pynq_z2.v:1402]
WARNING: [Synth 8-6014] Unused sequential element soc_basesoc_timer_value_re_reg was removed.  [/home/jsp/Storage/CFU_PYNQ_FIles/CFU_SRC/pynq_z2/pynq_z2/arunQAFDHGDZXVNBDXG_gae.srcs/sources_1/new/tul_pynq_z2.v:1407]
WARNING: [Synth 8-6014] Unused sequential element soc_basesoc_timer_status_re_reg was removed.  [/home/jsp/Storage/CFU_PYNQ_FIles/CFU_SRC/pynq_z2/pynq_z2/arunQAFDHGDZXVNBDXG_gae.srcs/sources_1/new/tul_pynq_z2.v:1408]
WARNING: [Synth 8-6014] Unused sequential element soc_basesoc_timer_enable_re_reg was removed.  [/home/jsp/Storage/CFU_PYNQ_FIles/CFU_SRC/pynq_z2/pynq_z2/arunQAFDHGDZXVNBDXG_gae.srcs/sources_1/new/tul_pynq_z2.v:1416]
WARNING: [Synth 8-6014] Unused sequential element soc_basesoc_uart_txfull_re_reg was removed.  [/home/jsp/Storage/CFU_PYNQ_FIles/CFU_SRC/pynq_z2/pynq_z2/arunQAFDHGDZXVNBDXG_gae.srcs/sources_1/new/tul_pynq_z2.v:1446]
WARNING: [Synth 8-6014] Unused sequential element soc_basesoc_uart_rxempty_re_reg was removed.  [/home/jsp/Storage/CFU_PYNQ_FIles/CFU_SRC/pynq_z2/pynq_z2/arunQAFDHGDZXVNBDXG_gae.srcs/sources_1/new/tul_pynq_z2.v:1447]
WARNING: [Synth 8-6014] Unused sequential element soc_basesoc_uart_status_re_reg was removed.  [/home/jsp/Storage/CFU_PYNQ_FIles/CFU_SRC/pynq_z2/pynq_z2/arunQAFDHGDZXVNBDXG_gae.srcs/sources_1/new/tul_pynq_z2.v:1448]
WARNING: [Synth 8-6014] Unused sequential element soc_basesoc_uart_enable_re_reg was removed.  [/home/jsp/Storage/CFU_PYNQ_FIles/CFU_SRC/pynq_z2/pynq_z2/arunQAFDHGDZXVNBDXG_gae.srcs/sources_1/new/tul_pynq_z2.v:1456]
WARNING: [Synth 8-6014] Unused sequential element soc_basesoc_uart_txempty_re_reg was removed.  [/home/jsp/Storage/CFU_PYNQ_FIles/CFU_SRC/pynq_z2/pynq_z2/arunQAFDHGDZXVNBDXG_gae.srcs/sources_1/new/tul_pynq_z2.v:1457]
WARNING: [Synth 8-6014] Unused sequential element soc_basesoc_uart_rxfull_re_reg was removed.  [/home/jsp/Storage/CFU_PYNQ_FIles/CFU_SRC/pynq_z2/pynq_z2/arunQAFDHGDZXVNBDXG_gae.srcs/sources_1/new/tul_pynq_z2.v:1458]
WARNING: [Synth 8-6014] Unused sequential element storage_dat0_reg was removed.  [/home/jsp/Storage/CFU_PYNQ_FIles/CFU_SRC/pynq_z2/pynq_z2/arunQAFDHGDZXVNBDXG_gae.srcs/sources_1/new/tul_pynq_z2.v:1602]
WARNING: [Synth 8-6014] Unused sequential element storage_1_dat0_reg was removed.  [/home/jsp/Storage/CFU_PYNQ_FIles/CFU_SRC/pynq_z2/pynq_z2/arunQAFDHGDZXVNBDXG_gae.srcs/sources_1/new/tul_pynq_z2.v:1623]
WARNING: [Synth 8-6014] Unused sequential element mem_adr0_reg was removed.  [/home/jsp/Storage/CFU_PYNQ_FIles/CFU_SRC/pynq_z2/pynq_z2/arunQAFDHGDZXVNBDXG_gae.srcs/sources_1/new/tul_pynq_z2.v:1586]
WARNING: [Synth 8-7129] Port cmd_payload_function_id[9] in module cfu_comp is either unconnected or has no load
WARNING: [Synth 8-7129] Port cmd_payload_function_id[8] in module cfu_comp is either unconnected or has no load
WARNING: [Synth 8-7129] Port cmd_payload_function_id[7] in module cfu_comp is either unconnected or has no load
WARNING: [Synth 8-7129] Port cmd_payload_function_id[6] in module cfu_comp is either unconnected or has no load
WARNING: [Synth 8-7129] Port cmd_payload_function_id[5] in module cfu_comp is either unconnected or has no load
WARNING: [Synth 8-7129] Port cmd_payload_function_id[4] in module cfu_comp is either unconnected or has no load
WARNING: [Synth 8-7129] Port cmd_payload_function_id[3] in module cfu_comp is either unconnected or has no load
WARNING: [Synth 8-7129] Port cmd_payload_function_id[2] in module cfu_comp is either unconnected or has no load
WARNING: [Synth 8-7129] Port cmd_payload_function_id[1] in module cfu_comp is either unconnected or has no load
WARNING: [Synth 8-7129] Port reset in module cfu_comp is either unconnected or has no load
WARNING: [Synth 8-7129] Port clk in module cfu_comp is either unconnected or has no load
WARNING: [Synth 8-7129] Port rsp_ready in module Cfu is either unconnected or has no load
WARNING: [Synth 8-7129] Port io_cpu_writeBack_exclusiveOk in module DataCache is either unconnected or has no load
WARNING: [Synth 8-7129] Port io_cpu_execute_address[31] in module DataCache is either unconnected or has no load
WARNING: [Synth 8-7129] Port io_cpu_execute_address[30] in module DataCache is either unconnected or has no load
WARNING: [Synth 8-7129] Port io_cpu_execute_address[29] in module DataCache is either unconnected or has no load
WARNING: [Synth 8-7129] Port io_cpu_execute_address[28] in module DataCache is either unconnected or has no load
WARNING: [Synth 8-7129] Port io_cpu_execute_address[27] in module DataCache is either unconnected or has no load
WARNING: [Synth 8-7129] Port io_cpu_execute_address[26] in module DataCache is either unconnected or has no load
WARNING: [Synth 8-7129] Port io_cpu_execute_address[25] in module DataCache is either unconnected or has no load
WARNING: [Synth 8-7129] Port io_cpu_execute_address[24] in module DataCache is either unconnected or has no load
WARNING: [Synth 8-7129] Port io_cpu_execute_address[23] in module DataCache is either unconnected or has no load
WARNING: [Synth 8-7129] Port io_cpu_execute_address[22] in module DataCache is either unconnected or has no load
WARNING: [Synth 8-7129] Port io_cpu_execute_address[21] in module DataCache is either unconnected or has no load
WARNING: [Synth 8-7129] Port io_cpu_execute_address[20] in module DataCache is either unconnected or has no load
WARNING: [Synth 8-7129] Port io_cpu_execute_address[19] in module DataCache is either unconnected or has no load
WARNING: [Synth 8-7129] Port io_cpu_execute_address[18] in module DataCache is either unconnected or has no load
WARNING: [Synth 8-7129] Port io_cpu_execute_address[17] in module DataCache is either unconnected or has no load
WARNING: [Synth 8-7129] Port io_cpu_execute_address[16] in module DataCache is either unconnected or has no load
WARNING: [Synth 8-7129] Port io_cpu_execute_address[15] in module DataCache is either unconnected or has no load
WARNING: [Synth 8-7129] Port io_cpu_execute_address[14] in module DataCache is either unconnected or has no load
WARNING: [Synth 8-7129] Port io_cpu_execute_address[13] in module DataCache is either unconnected or has no load
WARNING: [Synth 8-7129] Port io_cpu_execute_address[12] in module DataCache is either unconnected or has no load
WARNING: [Synth 8-7129] Port io_cpu_execute_args_totalyConsistent in module DataCache is either unconnected or has no load
WARNING: [Synth 8-7129] Port io_cpu_memory_address[31] in module DataCache is either unconnected or has no load
WARNING: [Synth 8-7129] Port io_cpu_memory_address[30] in module DataCache is either unconnected or has no load
WARNING: [Synth 8-7129] Port io_cpu_memory_address[29] in module DataCache is either unconnected or has no load
WARNING: [Synth 8-7129] Port io_cpu_memory_address[28] in module DataCache is either unconnected or has no load
WARNING: [Synth 8-7129] Port io_cpu_memory_address[27] in module DataCache is either unconnected or has no load
WARNING: [Synth 8-7129] Port io_cpu_memory_address[26] in module DataCache is either unconnected or has no load
WARNING: [Synth 8-7129] Port io_cpu_memory_address[25] in module DataCache is either unconnected or has no load
WARNING: [Synth 8-7129] Port io_cpu_memory_address[24] in module DataCache is either unconnected or has no load
WARNING: [Synth 8-7129] Port io_cpu_memory_address[23] in module DataCache is either unconnected or has no load
WARNING: [Synth 8-7129] Port io_cpu_memory_address[22] in module DataCache is either unconnected or has no load
WARNING: [Synth 8-7129] Port io_cpu_memory_address[21] in module DataCache is either unconnected or has no load
WARNING: [Synth 8-7129] Port io_cpu_memory_address[20] in module DataCache is either unconnected or has no load
WARNING: [Synth 8-7129] Port io_cpu_memory_address[19] in module DataCache is either unconnected or has no load
WARNING: [Synth 8-7129] Port io_cpu_memory_address[18] in module DataCache is either unconnected or has no load
WARNING: [Synth 8-7129] Port io_cpu_memory_address[17] in module DataCache is either unconnected or has no load
WARNING: [Synth 8-7129] Port io_cpu_memory_address[16] in module DataCache is either unconnected or has no load
WARNING: [Synth 8-7129] Port io_cpu_memory_address[15] in module DataCache is either unconnected or has no load
WARNING: [Synth 8-7129] Port io_cpu_memory_address[14] in module DataCache is either unconnected or has no load
WARNING: [Synth 8-7129] Port io_cpu_memory_address[13] in module DataCache is either unconnected or has no load
WARNING: [Synth 8-7129] Port io_cpu_memory_address[12] in module DataCache is either unconnected or has no load
WARNING: [Synth 8-7129] Port io_cpu_memory_mmuRsp_allowExecute in module DataCache is either unconnected or has no load
WARNING: [Synth 8-7129] Port io_cpu_memory_mmuRsp_bypassTranslation in module DataCache is either unconnected or has no load
WARNING: [Synth 8-7129] Port io_cpu_writeBack_isFiring in module DataCache is either unconnected or has no load
WARNING: [Synth 8-7129] Port io_cpu_writeBack_isUser in module DataCache is either unconnected or has no load
WARNING: [Synth 8-7129] Port io_cpu_writeBack_address[31] in module DataCache is either unconnected or has no load
WARNING: [Synth 8-7129] Port io_cpu_writeBack_address[30] in module DataCache is either unconnected or has no load
WARNING: [Synth 8-7129] Port io_cpu_writeBack_address[29] in module DataCache is either unconnected or has no load
WARNING: [Synth 8-7129] Port io_cpu_writeBack_address[28] in module DataCache is either unconnected or has no load
WARNING: [Synth 8-7129] Port io_cpu_writeBack_address[27] in module DataCache is either unconnected or has no load
WARNING: [Synth 8-7129] Port io_cpu_writeBack_address[26] in module DataCache is either unconnected or has no load
WARNING: [Synth 8-7129] Port io_cpu_writeBack_address[25] in module DataCache is either unconnected or has no load
WARNING: [Synth 8-7129] Port io_cpu_writeBack_address[24] in module DataCache is either unconnected or has no load
WARNING: [Synth 8-7129] Port io_cpu_writeBack_address[23] in module DataCache is either unconnected or has no load
WARNING: [Synth 8-7129] Port io_cpu_writeBack_address[22] in module DataCache is either unconnected or has no load
WARNING: [Synth 8-7129] Port io_cpu_writeBack_address[21] in module DataCache is either unconnected or has no load
WARNING: [Synth 8-7129] Port io_cpu_writeBack_address[20] in module DataCache is either unconnected or has no load
WARNING: [Synth 8-7129] Port io_cpu_writeBack_address[19] in module DataCache is either unconnected or has no load
WARNING: [Synth 8-7129] Port io_cpu_writeBack_address[18] in module DataCache is either unconnected or has no load
WARNING: [Synth 8-7129] Port io_cpu_writeBack_address[17] in module DataCache is either unconnected or has no load
WARNING: [Synth 8-7129] Port io_cpu_writeBack_address[16] in module DataCache is either unconnected or has no load
WARNING: [Synth 8-7129] Port io_cpu_writeBack_address[15] in module DataCache is either unconnected or has no load
WARNING: [Synth 8-7129] Port io_cpu_writeBack_address[14] in module DataCache is either unconnected or has no load
WARNING: [Synth 8-7129] Port io_cpu_writeBack_address[13] in module DataCache is either unconnected or has no load
WARNING: [Synth 8-7129] Port io_cpu_writeBack_address[12] in module DataCache is either unconnected or has no load
WARNING: [Synth 8-7129] Port io_cpu_writeBack_address[11] in module DataCache is either unconnected or has no load
WARNING: [Synth 8-7129] Port io_cpu_writeBack_address[10] in module DataCache is either unconnected or has no load
WARNING: [Synth 8-7129] Port io_cpu_writeBack_address[9] in module DataCache is either unconnected or has no load
WARNING: [Synth 8-7129] Port io_cpu_writeBack_address[8] in module DataCache is either unconnected or has no load
WARNING: [Synth 8-7129] Port io_cpu_writeBack_address[7] in module DataCache is either unconnected or has no load
WARNING: [Synth 8-7129] Port io_cpu_writeBack_address[6] in module DataCache is either unconnected or has no load
WARNING: [Synth 8-7129] Port io_cpu_writeBack_address[5] in module DataCache is either unconnected or has no load
WARNING: [Synth 8-7129] Port io_cpu_writeBack_address[4] in module DataCache is either unconnected or has no load
WARNING: [Synth 8-7129] Port io_cpu_writeBack_address[3] in module DataCache is either unconnected or has no load
WARNING: [Synth 8-7129] Port io_cpu_writeBack_address[2] in module DataCache is either unconnected or has no load
WARNING: [Synth 8-7129] Port io_cpu_writeBack_address[1] in module DataCache is either unconnected or has no load
WARNING: [Synth 8-7129] Port io_cpu_writeBack_address[0] in module DataCache is either unconnected or has no load
WARNING: [Synth 8-7129] Port io_cpu_writeBack_fence_SW in module DataCache is either unconnected or has no load
WARNING: [Synth 8-7129] Port io_cpu_writeBack_fence_SR in module DataCache is either unconnected or has no load
WARNING: [Synth 8-7129] Port io_cpu_writeBack_fence_SO in module DataCache is either unconnected or has no load
WARNING: [Synth 8-7129] Port io_cpu_writeBack_fence_SI in module DataCache is either unconnected or has no load
WARNING: [Synth 8-7129] Port io_cpu_writeBack_fence_PW in module DataCache is either unconnected or has no load
WARNING: [Synth 8-7129] Port io_cpu_writeBack_fence_PR in module DataCache is either unconnected or has no load
WARNING: [Synth 8-7129] Port io_cpu_writeBack_fence_PO in module DataCache is either unconnected or has no load
WARNING: [Synth 8-7129] Port io_cpu_writeBack_fence_PI in module DataCache is either unconnected or has no load
WARNING: [Synth 8-7129] Port io_cpu_writeBack_fence_FM[3] in module DataCache is either unconnected or has no load
WARNING: [Synth 8-7129] Port io_cpu_writeBack_fence_FM[2] in module DataCache is either unconnected or has no load
INFO: [Common 17-14] Message 'Synth 8-7129' appears 100 times and further instances of the messages will be disabled. Use the Tcl command set_msg_config to change the current settings.
---------------------------------------------------------------------------------
Finished RTL Elaboration : Time (s): cpu = 00:00:06 ; elapsed = 00:00:05 . Memory (MB): peak = 8937.906 ; gain = 515.859 ; free physical = 6431 ; free virtual = 18425
---------------------------------------------------------------------------------
---------------------------------------------------------------------------------
Start Handling Custom Attributes
---------------------------------------------------------------------------------
---------------------------------------------------------------------------------
Finished Handling Custom Attributes : Time (s): cpu = 00:00:06 ; elapsed = 00:00:06 . Memory (MB): peak = 8952.750 ; gain = 530.703 ; free physical = 6431 ; free virtual = 18425
---------------------------------------------------------------------------------
---------------------------------------------------------------------------------
Finished RTL Optimization Phase 1 : Time (s): cpu = 00:00:06 ; elapsed = 00:00:06 . Memory (MB): peak = 8952.750 ; gain = 530.703 ; free physical = 6431 ; free virtual = 18425
---------------------------------------------------------------------------------
INFO: [Project 1-454] Reading design checkpoint '/home/jsp/Storage/CFU_PYNQ_FIles/CFU_SRC/pynq_z2/pynq_z2/arunQAFDHGDZXVNBDXG_gae.gen/sources_1/ip/cfu_decoupler/cfu_decoupler.dcp' for cell 'Cfu/cfu_decoupler_inst'
Netlist sorting complete. Time (s): cpu = 00:00:00.05 ; elapsed = 00:00:00.04 . Memory (MB): peak = 8971.195 ; gain = 0.000 ; free physical = 6729 ; free virtual = 18724
INFO: [Netlist 29-17] Analyzing 1 Unisim elements for replacement
INFO: [Netlist 29-28] Unisim Transformation completed in 0 CPU seconds
INFO: [Project 1-479] Netlist was created with Vivado 2024.1
INFO: [Project 1-570] Preparing netlist for logic optimization

Processing XDC Constraints
Initializing timing engine
Parsing XDC File [/home/jsp/Storage/CFU_PYNQ_FIles/CFU_SRC/pynq_z2/pynq_z2/pynq_z2.srcs/sources_1/new/tul_pynq_z2.xdc]
INFO: [Timing 38-2] Deriving generated clocks [/home/jsp/Storage/CFU_PYNQ_FIles/CFU_SRC/pynq_z2/pynq_z2/pynq_z2.srcs/sources_1/new/tul_pynq_z2.xdc:43]
WARNING: [Vivado 12-3521] Clock specified in more than one group: soc_crg_clkout [/home/jsp/Storage/CFU_PYNQ_FIles/CFU_SRC/pynq_z2/pynq_z2/pynq_z2.srcs/sources_1/new/tul_pynq_z2.xdc:43]
Finished Parsing XDC File [/home/jsp/Storage/CFU_PYNQ_FIles/CFU_SRC/pynq_z2/pynq_z2/pynq_z2.srcs/sources_1/new/tul_pynq_z2.xdc]
Completed Processing XDC Constraints

Netlist sorting complete. Time (s): cpu = 00:00:00 ; elapsed = 00:00:00 . Memory (MB): peak = 9139.055 ; gain = 0.000 ; free physical = 6718 ; free virtual = 18712
INFO: [Project 1-111] Unisim Transformation Summary:
No Unisim elements were transformed.

RTL Elaboration Complete:  : Time (s): cpu = 00:00:19 ; elapsed = 00:00:11 . Memory (MB): peak = 9254.094 ; gain = 832.047 ; free physical = 6675 ; free virtual = 18677
50 Infos, 191 Warnings, 3 Critical Warnings and 0 Errors encountered.
synth_design completed successfully
synth_design: Time (s): cpu = 00:00:24 ; elapsed = 00:00:14 . Memory (MB): peak = 9254.094 ; gain = 1174.516 ; free physical = 6675 ; free virtual = 18677
INFO: [Common 17-2834] synth_design peak Physical Memory [PSS] (MB): overall = 2197.053; main = 2197.053; forked = 0.000
INFO: [Common 17-2834] synth_design peak Virtual Memory [VSS] (MB): overall = 9192.820; main = 9192.820; forked = 0.000
WARNING: [filemgmt 56-199] Attempt to get parsing info during refresh. "On-the-fly" syntax checking information may be incorrect. [/home/jsp/Storage/CFU_PYNQ_FIles/CFU_SRC/donut-accel/cfu.v:]
WARNING: [filemgmt 56-199] Attempt to get parsing info during refresh. "On-the-fly" syntax checking information may be incorrect. [/home/jsp/Storage/CFU_PYNQ_FIles/CFU_SRC/pynq_z2/pynq_z2/arunQAFDHGDZXVNBDXG_gae.srcs/sources_1/new/Cfu.v:]
WARNING: [filemgmt 56-199] Attempt to get parsing info during refresh. "On-the-fly" syntax checking information may be incorrect. [/home/jsp/Storage/CFU_PYNQ_FIles/CFU_SRC/pynq_z2/pynq_z2/arunQAFDHGDZXVNBDXG_gae.srcs/sources_1/new/tul_pynq_z2.v:]
WARNING: [filemgmt 56-199] Attempt to get parsing info during refresh. "On-the-fly" syntax checking information may be incorrect. [/home/jsp/Storage/CFU_PYNQ_FIles/CFU_SRC/pynq_z2/pynq_z2/arunQAFDHGDZXVNBDXG_gae.srcs/sources_1/new/tul_pynq_z2.v:]
WARNING: [filemgmt 56-199] Attempt to get parsing info during refresh. "On-the-fly" syntax checking information may be incorrect. [/home/jsp/Storage/CFU_PYNQ_FIles/CFU_SRC/pynq_z2/pynq_z2/arunQAFDHGDZXVNBDXG_gae.srcs/sources_1/new/tul_pynq_z2.v:]
WARNING: [filemgmt 56-199] Attempt to get parsing info during refresh. "On-the-fly" syntax checking information may be incorrect. [/home/jsp/Storage/CFU_PYNQ_FIles/CFU_SRC/donut-accel/cfu.v:]
WARNING: [filemgmt 56-199] Attempt to get parsing info during refresh. "On-the-fly" syntax checking information may be incorrect. [/home/jsp/Storage/CFU_PYNQ_FIles/CFU_SRC/pynq_z2/pynq_z2/arunQAFDHGDZXVNBDXG_gae.srcs/sources_1/new/Cfu.v:]
WARNING: [filemgmt 56-199] Attempt to get parsing info during refresh. "On-the-fly" syntax checking information may be incorrect. [/home/jsp/Storage/CFU_PYNQ_FIles/CFU_SRC/pynq_z2/pynq_z2/arunQAFDHGDZXVNBDXG_gae.srcs/sources_1/new/tul_pynq_z2.v:]
WARNING: [filemgmt 56-199] Attempt to get parsing info during refresh. "On-the-fly" syntax checking information may be incorrect. [/home/jsp/Storage/CFU_PYNQ_FIles/CFU_SRC/pynq_z2/pynq_z2/arunQAFDHGDZXVNBDXG_gae.srcs/sources_1/new/Cfu.v:]
WARNING: [filemgmt 56-199] Attempt to get parsing info during refresh. "On-the-fly" syntax checking information may be incorrect. [/home/jsp/Storage/CFU_PYNQ_FIles/CFU_SRC/pynq_z2/pynq_z2/arunQAFDHGDZXVNBDXG_gae.srcs/sources_1/new/Cfu.v:]
create_bd_design "system"
Wrote  : </home/jsp/Storage/CFU_PYNQ_FIles/CFU_SRC/pynq_z2/pynq_z2/arunQAFDHGDZXVNBDXG_gae.srcs/sources_1/bd/system/system.bd> 
WARNING: [filemgmt 56-199] Attempt to get parsing info during refresh. "On-the-fly" syntax checking information may be incorrect. [/home/jsp/Storage/CFU_PYNQ_FIles/CFU_SRC/donut-accel/cfu.v:]
WARNING: [filemgmt 56-199] Attempt to get parsing info during refresh. "On-the-fly" syntax checking information may be incorrect. [/home/jsp/Storage/CFU_PYNQ_FIles/CFU_SRC/pynq_z2/pynq_z2/arunQAFDHGDZXVNBDXG_gae.srcs/sources_1/new/Cfu.v:]
WARNING: [filemgmt 56-199] Attempt to get parsing info during refresh. "On-the-fly" syntax checking information may be incorrect. [/home/jsp/Storage/CFU_PYNQ_FIles/CFU_SRC/pynq_z2/pynq_z2/arunQAFDHGDZXVNBDXG_gae.srcs/sources_1/new/tul_pynq_z2.v:]
WARNING: [filemgmt 56-199] Attempt to get parsing info during refresh. "On-the-fly" syntax checking information may be incorrect. [/home/jsp/Storage/CFU_PYNQ_FIles/CFU_SRC/pynq_z2/pynq_z2/arunQAFDHGDZXVNBDXG_gae.srcs/sources_1/new/tul_pynq_z2.v:]
WARNING: [filemgmt 56-199] Attempt to get parsing info during refresh. "On-the-fly" syntax checking information may be incorrect. [/home/jsp/Storage/CFU_PYNQ_FIles/CFU_SRC/pynq_z2/pynq_z2/arunQAFDHGDZXVNBDXG_gae.srcs/sources_1/new/tul_pynq_z2.v:]
WARNING: [filemgmt 56-199] Attempt to get parsing info during refresh. "On-the-fly" syntax checking information may be incorrect. [/home/jsp/Storage/CFU_PYNQ_FIles/CFU_SRC/donut-accel/cfu.v:]
WARNING: [filemgmt 56-199] Attempt to get parsing info during refresh. "On-the-fly" syntax checking information may be incorrect. [/home/jsp/Storage/CFU_PYNQ_FIles/CFU_SRC/pynq_z2/pynq_z2/arunQAFDHGDZXVNBDXG_gae.srcs/sources_1/new/Cfu.v:]
WARNING: [filemgmt 56-199] Attempt to get parsing info during refresh. "On-the-fly" syntax checking information may be incorrect. [/home/jsp/Storage/CFU_PYNQ_FIles/CFU_SRC/pynq_z2/pynq_z2/arunQAFDHGDZXVNBDXG_gae.srcs/sources_1/new/tul_pynq_z2.v:]
WARNING: [filemgmt 56-199] Attempt to get parsing info during refresh. "On-the-fly" syntax checking information may be incorrect. [/home/jsp/Storage/CFU_PYNQ_FIles/CFU_SRC/pynq_z2/pynq_z2/arunQAFDHGDZXVNBDXG_gae.srcs/sources_1/new/Cfu.v:]
WARNING: [filemgmt 56-199] Attempt to get parsing info during refresh. "On-the-fly" syntax checking information may be incorrect. [/home/jsp/Storage/CFU_PYNQ_FIles/CFU_SRC/pynq_z2/pynq_z2/arunQAFDHGDZXVNBDXG_gae.srcs/sources_1/new/Cfu.v:]
create_bd_design: Time (s): cpu = 00:00:06 ; elapsed = 00:00:06 . Memory (MB): peak = 9258.527 ; gain = 0.000 ; free physical = 6493 ; free virtual = 18567
update_compile_order -fileset sources_1
WARNING: [filemgmt 56-199] Attempt to get parsing info during refresh. "On-the-fly" syntax checking information may be incorrect. [/home/jsp/Storage/CFU_PYNQ_FIles/CFU_SRC/donut-accel/cfu.v:]
WARNING: [filemgmt 56-199] Attempt to get parsing info during refresh. "On-the-fly" syntax checking information may be incorrect. [/home/jsp/Storage/CFU_PYNQ_FIles/CFU_SRC/pynq_z2/pynq_z2/arunQAFDHGDZXVNBDXG_gae.srcs/sources_1/new/Cfu.v:]
WARNING: [filemgmt 56-199] Attempt to get parsing info during refresh. "On-the-fly" syntax checking information may be incorrect. [/home/jsp/Storage/CFU_PYNQ_FIles/CFU_SRC/pynq_z2/pynq_z2/arunQAFDHGDZXVNBDXG_gae.srcs/sources_1/new/tul_pynq_z2.v:]
WARNING: [filemgmt 56-199] Attempt to get parsing info during refresh. "On-the-fly" syntax checking information may be incorrect. [/home/jsp/Storage/CFU_PYNQ_FIles/CFU_SRC/pynq_z2/pynq_z2/arunQAFDHGDZXVNBDXG_gae.srcs/sources_1/new/tul_pynq_z2.v:]
WARNING: [filemgmt 56-199] Attempt to get parsing info during refresh. "On-the-fly" syntax checking information may be incorrect. [/home/jsp/Storage/CFU_PYNQ_FIles/CFU_SRC/pynq_z2/pynq_z2/arunQAFDHGDZXVNBDXG_gae.srcs/sources_1/new/tul_pynq_z2.v:]
WARNING: [filemgmt 56-199] Attempt to get parsing info during refresh. "On-the-fly" syntax checking information may be incorrect. [/home/jsp/Storage/CFU_PYNQ_FIles/CFU_SRC/donut-accel/cfu.v:]
WARNING: [filemgmt 56-199] Attempt to get parsing info during refresh. "On-the-fly" syntax checking information may be incorrect. [/home/jsp/Storage/CFU_PYNQ_FIles/CFU_SRC/pynq_z2/pynq_z2/arunQAFDHGDZXVNBDXG_gae.srcs/sources_1/new/Cfu.v:]
WARNING: [filemgmt 56-199] Attempt to get parsing info during refresh. "On-the-fly" syntax checking information may be incorrect. [/home/jsp/Storage/CFU_PYNQ_FIles/CFU_SRC/pynq_z2/pynq_z2/arunQAFDHGDZXVNBDXG_gae.srcs/sources_1/new/tul_pynq_z2.v:]
WARNING: [filemgmt 56-199] Attempt to get parsing info during refresh. "On-the-fly" syntax checking information may be incorrect. [/home/jsp/Storage/CFU_PYNQ_FIles/CFU_SRC/pynq_z2/pynq_z2/arunQAFDHGDZXVNBDXG_gae.srcs/sources_1/new/Cfu.v:]
WARNING: [filemgmt 56-199] Attempt to get parsing info during refresh. "On-the-fly" syntax checking information may be incorrect. [/home/jsp/Storage/CFU_PYNQ_FIles/CFU_SRC/pynq_z2/pynq_z2/arunQAFDHGDZXVNBDXG_gae.srcs/sources_1/new/Cfu.v:]
startgroup
create_bd_cell -type ip -vlnv xilinx.com:ip:processing_system7:5.5 processing_system7_0
endgroup
create_bd_cell -type module -reference tul_pynq_z2 tul_pynq_z2_0
set_property location {2 344 197} [get_bd_cells tul_pynq_z2_0]
set_property location {0.5 53 -136} [get_bd_cells processing_system7_0]
set_property location {1 83 253} [get_bd_cells tul_pynq_z2_0]
startgroup
create_bd_cell -type ip -vlnv xilinx.com:ip:clk_wiz:6.0 clk_wiz_0
endgroup
set_property -dict [list CONFIG.PRIM_IN_FREQ.VALUE_SRC PROPAGATED] [get_bd_cells clk_wiz_0]
set_property -dict [list \
  CONFIG.CLKOUT1_JITTER {125.247} \
  CONFIG.CLKOUT1_REQUESTED_OUT_FREQ {125.000} \
  CONFIG.MMCM_CLKOUT0_DIVIDE_F {8.000} \
] [get_bd_cells clk_wiz_0]
set_property location {0.5 -230 85} [get_bd_cells clk_wiz_0]
connect_bd_net [get_bd_pins clk_wiz_0/clk_out1] [get_bd_pins tul_pynq_z2_0/clk125]
apply_bd_automation -rule xilinx.com:bd_rule:processing_system7 -config {make_external "FIXED_IO, DDR" apply_board_preset "1" Master "Disable" Slave "Disable" }  [get_bd_cells processing_system7_0]
startgroup
apply_bd_automation -rule xilinx.com:bd_rule:board -config { Board_Interface {sys_clock ( System Clock ) } Manual_Source {Auto}}  [get_bd_pins clk_wiz_0/clk_in1]
INFO: [board_rule 100-100] set_property CONFIG.USE_BOARD_FLOW true [get_bd_cells /clk_wiz_0]
INFO: [board_rule 100-100] set_property CONFIG.CLK_IN1_BOARD_INTERFACE sys_clock [get_bd_cells /clk_wiz_0]
WARNING: [BD 5-670] It is required to provide a frequency value for a user created input clock port. Please use the <-freq_hz $freq_val> argument of the create_bd_port command. ie create_bd_port -dir I -type clk -freq_hz 100000000 clkin
INFO: [BoardRule 102-10] create_bd_port -dir I sys_clock -type clk
INFO: [BoardRule 102-5] set_property CONFIG.FREQ_HZ 100000000 /sys_clock
INFO: [BoardRule 102-6] set_property CONFIG.PHASE 0.0 /sys_clock
INFO: [BoardRule 102-15] connect_bd_net /sys_clock /clk_wiz_0/clk_in1
INFO: [BoardRule 102-17] set_property CONFIG.FREQ_HZ 125000000 /sys_clock
apply_bd_automation -rule xilinx.com:bd_rule:board -config { Manual_Source {New External Port (ACTIVE_HIGH)}}  [get_bd_pins clk_wiz_0/reset]
INFO: [BoardRule 102-10] create_bd_port -dir I reset_rtl -type rst
INFO: [BoardRule 102-7] set_property CONFIG.POLARITY ACTIVE_HIGH /reset_rtl
INFO: [BoardRule 102-15] connect_bd_net /reset_rtl /clk_wiz_0/reset
INFO: [BoardRule 102-19] set_property CONFIG.POLARITY ACTIVE_HIGH /reset_rtl
WARNING: [BoardRule 102-1] Board automation did not generate location constraint for /clk_wiz_0/reset. Users may need to specify the location constraint manually.
endgroup
startgroup
create_bd_port -dir I usb_uart_rx
connect_bd_net [get_bd_pins /tul_pynq_z2_0/usb_uart_rx] [get_bd_ports usb_uart_rx]
endgroup
startgroup
make_bd_pins_external  [get_bd_pins tul_pynq_z2_0/usb_uart_tx]
endgroup
startgroup
make_bd_pins_external  [get_bd_pins tul_pynq_z2_0/user_led0]
endgroup
startgroup
make_bd_pins_external  [get_bd_pins tul_pynq_z2_0/user_led1]
endgroup
startgroup
make_bd_pins_external  [get_bd_pins tul_pynq_z2_0/user_led2]
endgroup
startgroup
make_bd_pins_external  [get_bd_pins tul_pynq_z2_0/user_led3]
endgroup
startgroup
create_bd_cell -type ip -vlnv xilinx.com:ip:axi_gpio:2.0 axi_gpio_0
endgroup
set_property location {2 114 642} [get_bd_cells axi_gpio_0]
set_property name axi_gpio_decouple [get_bd_cells axi_gpio_0]
set_property -dict [list \
  CONFIG.C_ALL_OUTPUTS {1} \
  CONFIG.C_GPIO_WIDTH {1} \
] [get_bd_cells axi_gpio_decouple]
set_property location {1 -247 476} [get_bd_cells axi_gpio_decouple]
connect_bd_net [get_bd_pins axi_gpio_decouple/gpio_io_o] [get_bd_pins tul_pynq_z2_0/decouple]
WARNING: [BD 41-1306] The connection to interface pin </axi_gpio_decouple/gpio_io_o> is being overridden by the user with net <axi_gpio_decouple_gpio_io_o>. This pin will not be connected as a part of interface connection <GPIO>.
startgroup
create_bd_cell -type ip -vlnv xilinx.com:ip:axi_gpio:2.0 axi_gpio_0
endgroup
set_property -dict [list \
  CONFIG.C_ALL_INPUTS {1} \
  CONFIG.C_GPIO_WIDTH {1} \
] [get_bd_cells axi_gpio_0]
set_property name axi_gpio_to_reconfig [get_bd_cells axi_gpio_0]
connect_bd_net [get_bd_pins axi_gpio_to_reconfig/gpio_io_i] [get_bd_pins tul_pynq_z2_0/to_reconfig]
WARNING: [BD 41-1306] The connection to interface pin </axi_gpio_to_reconfig/gpio_io_i> is being overridden by the user with net <tul_pynq_z2_0_to_reconfig>. This pin will not be connected as a part of interface connection <GPIO>.
set_property location {3 564 531} [get_bd_cells axi_gpio_to_reconfig]
copy_bd_objs /  [get_bd_cells {axi_gpio_to_reconfig}]
set_property name axi_gpio_decouple_status [get_bd_cells axi_gpio_to_reconfig1]
connect_bd_net [get_bd_pins axi_gpio_decouple_status/gpio_io_i] [get_bd_pins tul_pynq_z2_0/decouple_status]
WARNING: [BD 41-1306] The connection to interface pin </axi_gpio_decouple_status/gpio_io_i> is being overridden by the user with net <tul_pynq_z2_0_decouple_status>. This pin will not be connected as a part of interface connection <GPIO>.
copy_bd_objs /  [get_bd_cells {axi_gpio_decouple_status}]
set_property name axi_gpio_config_to [get_bd_cells axi_gpio_decouple_status1]
set_property CONFIG.C_GPIO_WIDTH {3} [get_bd_cells axi_gpio_config_to]
connect_bd_net [get_bd_pins tul_pynq_z2_0/configure_to] [get_bd_pins axi_gpio_config_to/gpio_io_i]
WARNING: [BD 41-1306] The connection to interface pin </axi_gpio_config_to/gpio_io_i> is being overridden by the user with net <tul_pynq_z2_0_configure_to>. This pin will not be connected as a part of interface connection <GPIO>.
startgroup
apply_bd_automation -rule xilinx.com:bd_rule:axi4 -config { Clk_master {Auto} Clk_slave {Auto} Clk_xbar {Auto} Master {/processing_system7_0/M_AXI_GP0} Slave {/axi_gpio_config_to/S_AXI} ddr_seg {Auto} intc_ip {New AXI Interconnect} master_apm {0}}  [get_bd_intf_pins axi_gpio_config_to/S_AXI]
INFO: [Ipptcl 7-1463] No Compatible Board Interface found. Board Tab not created in customize GUI
Slave segment '/axi_gpio_config_to/S_AXI/Reg' is being assigned into address space '/processing_system7_0/Data' at <0x4120_0000 [ 64K ]>.
apply_bd_automation -rule xilinx.com:bd_rule:axi4 -config { Clk_master {Auto} Clk_slave {Auto} Clk_xbar {Auto} Master {/processing_system7_0/M_AXI_GP0} Slave {/axi_gpio_decouple/S_AXI} ddr_seg {Auto} intc_ip {New AXI Interconnect} master_apm {0}}  [get_bd_intf_pins axi_gpio_decouple/S_AXI]
Slave segment '/axi_gpio_decouple/S_AXI/Reg' is being assigned into address space '/processing_system7_0/Data' at <0x4121_0000 [ 64K ]>.
apply_bd_automation -rule xilinx.com:bd_rule:axi4 -config { Clk_master {Auto} Clk_slave {Auto} Clk_xbar {Auto} Master {/processing_system7_0/M_AXI_GP0} Slave {/axi_gpio_decouple_status/S_AXI} ddr_seg {Auto} intc_ip {New AXI Interconnect} master_apm {0}}  [get_bd_intf_pins axi_gpio_decouple_status/S_AXI]
Slave segment '/axi_gpio_decouple_status/S_AXI/Reg' is being assigned into address space '/processing_system7_0/Data' at <0x4122_0000 [ 64K ]>.
apply_bd_automation -rule xilinx.com:bd_rule:axi4 -config { Clk_master {Auto} Clk_slave {Auto} Clk_xbar {Auto} Master {/processing_system7_0/M_AXI_GP0} Slave {/axi_gpio_to_reconfig/S_AXI} ddr_seg {Auto} intc_ip {New AXI Interconnect} master_apm {0}}  [get_bd_intf_pins axi_gpio_to_reconfig/S_AXI]
Slave segment '/axi_gpio_to_reconfig/S_AXI/Reg' is being assigned into address space '/processing_system7_0/Data' at <0x4123_0000 [ 64K ]>.
endgroup
set_property name usb_uart_tx [get_bd_ports usb_uart_tx_0]
set_property name user_led3 [get_bd_ports user_led3_0]
set_property name user_led2 [get_bd_ports user_led2_0]
set_property name user_led1 [get_bd_ports user_led1_0]
set_property name user_led0 [get_bd_ports user_led0_0]
validate_bd_design
WARNING: [BD 41-702] Propagation TCL tries to overwrite USER strength parameter PCW_M_AXI_GP0_FREQMHZ(10) on '/processing_system7_0' with propagated value(100). Command ignored
INFO: [xilinx.com:ip:clk_wiz:6.0-1] /clk_wiz_0 clk_wiz propagate
make_wrapper -files [get_files /home/jsp/Storage/CFU_PYNQ_FIles/CFU_SRC/pynq_z2/pynq_z2/arunQAFDHGDZXVNBDXG_gae.srcs/sources_1/bd/system/system.bd] -top
INFO: [BD 41-1662] The design 'system.bd' is already validated. Therefore parameter propagation will not be re-run.
Wrote  : </home/jsp/Storage/CFU_PYNQ_FIles/CFU_SRC/pynq_z2/pynq_z2/arunQAFDHGDZXVNBDXG_gae.srcs/sources_1/bd/system/system.bd> 
Wrote  : </home/jsp/Storage/CFU_PYNQ_FIles/CFU_SRC/pynq_z2/pynq_z2/arunQAFDHGDZXVNBDXG_gae.srcs/sources_1/bd/system/ui/bd_c954508f.ui> 
Verilog Output written to : /home/jsp/Storage/CFU_PYNQ_FIles/CFU_SRC/pynq_z2/pynq_z2/arunQAFDHGDZXVNBDXG_gae.gen/sources_1/bd/system/synth/system.v
Verilog Output written to : /home/jsp/Storage/CFU_PYNQ_FIles/CFU_SRC/pynq_z2/pynq_z2/arunQAFDHGDZXVNBDXG_gae.gen/sources_1/bd/system/sim/system.v
Verilog Output written to : /home/jsp/Storage/CFU_PYNQ_FIles/CFU_SRC/pynq_z2/pynq_z2/arunQAFDHGDZXVNBDXG_gae.gen/sources_1/bd/system/hdl/system_wrapper.v
import_files -force -norecurse /home/jsp/Storage/CFU_PYNQ_FIles/CFU_SRC/pynq_z2/pynq_z2/arunQAFDHGDZXVNBDXG_gae.gen/sources_1/bd/system/hdl/system_wrapper.v
WARNING: [filemgmt 56-199] Attempt to get parsing info during refresh. "On-the-fly" syntax checking information may be incorrect. [/home/jsp/Storage/CFU_PYNQ_FIles/CFU_SRC/donut-accel/cfu.v:]
WARNING: [filemgmt 56-199] Attempt to get parsing info during refresh. "On-the-fly" syntax checking information may be incorrect. [/home/jsp/Storage/CFU_PYNQ_FIles/CFU_SRC/pynq_z2/pynq_z2/arunQAFDHGDZXVNBDXG_gae.srcs/sources_1/new/tul_pynq_z2.v:]
WARNING: [filemgmt 56-199] Attempt to get parsing info during refresh. "On-the-fly" syntax checking information may be incorrect. [/home/jsp/Storage/CFU_PYNQ_FIles/CFU_SRC/pynq_z2/pynq_z2/arunQAFDHGDZXVNBDXG_gae.srcs/sources_1/new/tul_pynq_z2.v:]
WARNING: [filemgmt 56-199] Attempt to get parsing info during refresh. "On-the-fly" syntax checking information may be incorrect. [/home/jsp/Storage/CFU_PYNQ_FIles/CFU_SRC/pynq_z2/pynq_z2/arunQAFDHGDZXVNBDXG_gae.srcs/sources_1/new/tul_pynq_z2.v:]
WARNING: [filemgmt 56-199] Attempt to get parsing info during refresh. "On-the-fly" syntax checking information may be incorrect. [/home/jsp/Storage/CFU_PYNQ_FIles/CFU_SRC/donut-accel/cfu.v:]
WARNING: [filemgmt 56-199] Attempt to get parsing info during refresh. "On-the-fly" syntax checking information may be incorrect. [/home/jsp/Storage/CFU_PYNQ_FIles/CFU_SRC/donut-accel/cfu.v:]
update_compile_order -fileset sources_1
WARNING: [filemgmt 56-199] Attempt to get parsing info during refresh. "On-the-fly" syntax checking information may be incorrect. [/home/jsp/Storage/CFU_PYNQ_FIles/CFU_SRC/donut-accel/cfu.v:]
WARNING: [filemgmt 56-199] Attempt to get parsing info during refresh. "On-the-fly" syntax checking information may be incorrect. [/home/jsp/Storage/CFU_PYNQ_FIles/CFU_SRC/pynq_z2/pynq_z2/arunQAFDHGDZXVNBDXG_gae.srcs/sources_1/imports/hdl/system_wrapper.v:]
WARNING: [filemgmt 56-199] Attempt to get parsing info during refresh. "On-the-fly" syntax checking information may be incorrect. [/home/jsp/Storage/CFU_PYNQ_FIles/CFU_SRC/pynq_z2/pynq_z2/arunQAFDHGDZXVNBDXG_gae.srcs/sources_1/new/tul_pynq_z2.v:]
WARNING: [filemgmt 56-199] Attempt to get parsing info during refresh. "On-the-fly" syntax checking information may be incorrect. [/home/jsp/Storage/CFU_PYNQ_FIles/CFU_SRC/pynq_z2/pynq_z2/arunQAFDHGDZXVNBDXG_gae.srcs/sources_1/new/tul_pynq_z2.v:]
WARNING: [filemgmt 56-199] Attempt to get parsing info during refresh. "On-the-fly" syntax checking information may be incorrect. [/home/jsp/Storage/CFU_PYNQ_FIles/CFU_SRC/pynq_z2/pynq_z2/arunQAFDHGDZXVNBDXG_gae.srcs/sources_1/new/tul_pynq_z2.v:]
WARNING: [filemgmt 56-199] Attempt to get parsing info during refresh. "On-the-fly" syntax checking information may be incorrect. [/home/jsp/Storage/CFU_PYNQ_FIles/CFU_SRC/donut-accel/cfu.v:]
WARNING: [filemgmt 56-199] Attempt to get parsing info during refresh. "On-the-fly" syntax checking information may be incorrect. [/home/jsp/Storage/CFU_PYNQ_FIles/CFU_SRC/pynq_z2/pynq_z2/arunQAFDHGDZXVNBDXG_gae.srcs/sources_1/imports/hdl/system_wrapper.v:]
WARNING: [filemgmt 56-199] Attempt to get parsing info during refresh. "On-the-fly" syntax checking information may be incorrect. [/home/jsp/Storage/CFU_PYNQ_FIles/CFU_SRC/pynq_z2/pynq_z2/arunQAFDHGDZXVNBDXG_gae.srcs/sources_1/new/tul_pynq_z2.v:]
WARNING: [filemgmt 56-199] Attempt to get parsing info during refresh. "On-the-fly" syntax checking information may be incorrect. [/home/jsp/Storage/CFU_PYNQ_FIles/CFU_SRC/donut-accel/cfu.v:]
WARNING: [filemgmt 56-199] Attempt to get parsing info during refresh. "On-the-fly" syntax checking information may be incorrect. [/home/jsp/Storage/CFU_PYNQ_FIles/CFU_SRC/donut-accel/cfu.v:]
set_property top system_wrapper [current_fileset]
WARNING: [filemgmt 56-199] Attempt to get parsing info during refresh. "On-the-fly" syntax checking information may be incorrect. [/home/jsp/Storage/CFU_PYNQ_FIles/CFU_SRC/donut-accel/cfu.v:]
WARNING: [filemgmt 56-199] Attempt to get parsing info during refresh. "On-the-fly" syntax checking information may be incorrect. [/home/jsp/Storage/CFU_PYNQ_FIles/CFU_SRC/pynq_z2/pynq_z2/arunQAFDHGDZXVNBDXG_gae.srcs/sources_1/imports/hdl/system_wrapper.v:]
WARNING: [filemgmt 56-199] Attempt to get parsing info during refresh. "On-the-fly" syntax checking information may be incorrect. [/home/jsp/Storage/CFU_PYNQ_FIles/CFU_SRC/pynq_z2/pynq_z2/arunQAFDHGDZXVNBDXG_gae.srcs/sources_1/new/tul_pynq_z2.v:]
WARNING: [filemgmt 56-199] Attempt to get parsing info during refresh. "On-the-fly" syntax checking information may be incorrect. [/home/jsp/Storage/CFU_PYNQ_FIles/CFU_SRC/pynq_z2/pynq_z2/arunQAFDHGDZXVNBDXG_gae.srcs/sources_1/new/tul_pynq_z2.v:]
WARNING: [filemgmt 56-199] Attempt to get parsing info during refresh. "On-the-fly" syntax checking information may be incorrect. [/home/jsp/Storage/CFU_PYNQ_FIles/CFU_SRC/pynq_z2/pynq_z2/arunQAFDHGDZXVNBDXG_gae.srcs/sources_1/new/tul_pynq_z2.v:]
WARNING: [filemgmt 56-199] Attempt to get parsing info during refresh. "On-the-fly" syntax checking information may be incorrect. [/home/jsp/Storage/CFU_PYNQ_FIles/CFU_SRC/donut-accel/cfu.v:]
WARNING: [filemgmt 56-199] Attempt to get parsing info during refresh. "On-the-fly" syntax checking information may be incorrect. [/home/jsp/Storage/CFU_PYNQ_FIles/CFU_SRC/pynq_z2/pynq_z2/arunQAFDHGDZXVNBDXG_gae.srcs/sources_1/imports/hdl/system_wrapper.v:]
WARNING: [filemgmt 56-199] Attempt to get parsing info during refresh. "On-the-fly" syntax checking information may be incorrect. [/home/jsp/Storage/CFU_PYNQ_FIles/CFU_SRC/pynq_z2/pynq_z2/arunQAFDHGDZXVNBDXG_gae.srcs/sources_1/new/tul_pynq_z2.v:]
WARNING: [filemgmt 56-199] Attempt to get parsing info during refresh. "On-the-fly" syntax checking information may be incorrect. [/home/jsp/Storage/CFU_PYNQ_FIles/CFU_SRC/donut-accel/cfu.v:]
WARNING: [filemgmt 56-199] Attempt to get parsing info during refresh. "On-the-fly" syntax checking information may be incorrect. [/home/jsp/Storage/CFU_PYNQ_FIles/CFU_SRC/donut-accel/cfu.v:]
update_compile_order -fileset sources_1
WARNING: [filemgmt 56-199] Attempt to get parsing info during refresh. "On-the-fly" syntax checking information may be incorrect. [/home/jsp/Storage/CFU_PYNQ_FIles/CFU_SRC/donut-accel/cfu.v:]
WARNING: [filemgmt 56-199] Attempt to get parsing info during refresh. "On-the-fly" syntax checking information may be incorrect. [/home/jsp/Storage/CFU_PYNQ_FIles/CFU_SRC/pynq_z2/pynq_z2/arunQAFDHGDZXVNBDXG_gae.srcs/sources_1/imports/hdl/system_wrapper.v:]
WARNING: [filemgmt 56-199] Attempt to get parsing info during refresh. "On-the-fly" syntax checking information may be incorrect. [/home/jsp/Storage/CFU_PYNQ_FIles/CFU_SRC/pynq_z2/pynq_z2/arunQAFDHGDZXVNBDXG_gae.srcs/sources_1/new/tul_pynq_z2.v:]
WARNING: [filemgmt 56-199] Attempt to get parsing info during refresh. "On-the-fly" syntax checking information may be incorrect. [/home/jsp/Storage/CFU_PYNQ_FIles/CFU_SRC/pynq_z2/pynq_z2/arunQAFDHGDZXVNBDXG_gae.srcs/sources_1/new/tul_pynq_z2.v:]
WARNING: [filemgmt 56-199] Attempt to get parsing info during refresh. "On-the-fly" syntax checking information may be incorrect. [/home/jsp/Storage/CFU_PYNQ_FIles/CFU_SRC/pynq_z2/pynq_z2/arunQAFDHGDZXVNBDXG_gae.srcs/sources_1/new/tul_pynq_z2.v:]
WARNING: [filemgmt 56-199] Attempt to get parsing info during refresh. "On-the-fly" syntax checking information may be incorrect. [/home/jsp/Storage/CFU_PYNQ_FIles/CFU_SRC/donut-accel/cfu.v:]
WARNING: [filemgmt 56-199] Attempt to get parsing info during refresh. "On-the-fly" syntax checking information may be incorrect. [/home/jsp/Storage/CFU_PYNQ_FIles/CFU_SRC/pynq_z2/pynq_z2/arunQAFDHGDZXVNBDXG_gae.srcs/sources_1/imports/hdl/system_wrapper.v:]
WARNING: [filemgmt 56-199] Attempt to get parsing info during refresh. "On-the-fly" syntax checking information may be incorrect. [/home/jsp/Storage/CFU_PYNQ_FIles/CFU_SRC/pynq_z2/pynq_z2/arunQAFDHGDZXVNBDXG_gae.srcs/sources_1/new/tul_pynq_z2.v:]
WARNING: [filemgmt 56-199] Attempt to get parsing info during refresh. "On-the-fly" syntax checking information may be incorrect. [/home/jsp/Storage/CFU_PYNQ_FIles/CFU_SRC/donut-accel/cfu.v:]
WARNING: [filemgmt 56-199] Attempt to get parsing info during refresh. "On-the-fly" syntax checking information may be incorrect. [/home/jsp/Storage/CFU_PYNQ_FIles/CFU_SRC/donut-accel/cfu.v:]
WARNING: [filemgmt 56-199] Attempt to get parsing info during refresh. "On-the-fly" syntax checking information may be incorrect. [/home/jsp/Storage/CFU_PYNQ_FIles/CFU_SRC/donut-accel/cfu.v:]
WARNING: [filemgmt 56-199] Attempt to get parsing info during refresh. "On-the-fly" syntax checking information may be incorrect. [/home/jsp/Storage/CFU_PYNQ_FIles/CFU_SRC/pynq_z2/pynq_z2/arunQAFDHGDZXVNBDXG_gae.srcs/sources_1/imports/hdl/system_wrapper.v:]
WARNING: [filemgmt 56-199] Attempt to get parsing info during refresh. "On-the-fly" syntax checking information may be incorrect. [/home/jsp/Storage/CFU_PYNQ_FIles/CFU_SRC/pynq_z2/pynq_z2/arunQAFDHGDZXVNBDXG_gae.srcs/sources_1/new/tul_pynq_z2.v:]
WARNING: [filemgmt 56-199] Attempt to get parsing info during refresh. "On-the-fly" syntax checking information may be incorrect. [/home/jsp/Storage/CFU_PYNQ_FIles/CFU_SRC/pynq_z2/pynq_z2/arunQAFDHGDZXVNBDXG_gae.srcs/sources_1/new/tul_pynq_z2.v:]
WARNING: [filemgmt 56-199] Attempt to get parsing info during refresh. "On-the-fly" syntax checking information may be incorrect. [/home/jsp/Storage/CFU_PYNQ_FIles/CFU_SRC/pynq_z2/pynq_z2/arunQAFDHGDZXVNBDXG_gae.srcs/sources_1/new/tul_pynq_z2.v:]
WARNING: [filemgmt 56-199] Attempt to get parsing info during refresh. "On-the-fly" syntax checking information may be incorrect. [/home/jsp/Storage/CFU_PYNQ_FIles/CFU_SRC/donut-accel/cfu.v:]
WARNING: [filemgmt 56-199] Attempt to get parsing info during refresh. "On-the-fly" syntax checking information may be incorrect. [/home/jsp/Storage/CFU_PYNQ_FIles/CFU_SRC/pynq_z2/pynq_z2/arunQAFDHGDZXVNBDXG_gae.srcs/sources_1/imports/hdl/system_wrapper.v:]
WARNING: [filemgmt 56-199] Attempt to get parsing info during refresh. "On-the-fly" syntax checking information may be incorrect. [/home/jsp/Storage/CFU_PYNQ_FIles/CFU_SRC/pynq_z2/pynq_z2/arunQAFDHGDZXVNBDXG_gae.srcs/sources_1/new/tul_pynq_z2.v:]
WARNING: [filemgmt 56-199] Attempt to get parsing info during refresh. "On-the-fly" syntax checking information may be incorrect. [/home/jsp/Storage/CFU_PYNQ_FIles/CFU_SRC/donut-accel/cfu.v:]
WARNING: [filemgmt 56-199] Attempt to get parsing info during refresh. "On-the-fly" syntax checking information may be incorrect. [/home/jsp/Storage/CFU_PYNQ_FIles/CFU_SRC/donut-accel/cfu.v:]
generate_target all [get_files /home/jsp/Storage/CFU_PYNQ_FIles/CFU_SRC/pynq_z2/pynq_z2/arunQAFDHGDZXVNBDXG_gae.srcs/sources_1/bd/system/system.bd]
INFO: [BD 41-1662] The design 'system.bd' is already validated. Therefore parameter propagation will not be re-run.
Wrote  : </home/jsp/Storage/CFU_PYNQ_FIles/CFU_SRC/pynq_z2/pynq_z2/arunQAFDHGDZXVNBDXG_gae.srcs/sources_1/bd/system/ui/bd_c954508f.ui> 
Verilog Output written to : /home/jsp/Storage/CFU_PYNQ_FIles/CFU_SRC/pynq_z2/pynq_z2/arunQAFDHGDZXVNBDXG_gae.gen/sources_1/bd/system/synth/system.v
Verilog Output written to : /home/jsp/Storage/CFU_PYNQ_FIles/CFU_SRC/pynq_z2/pynq_z2/arunQAFDHGDZXVNBDXG_gae.gen/sources_1/bd/system/sim/system.v
Verilog Output written to : /home/jsp/Storage/CFU_PYNQ_FIles/CFU_SRC/pynq_z2/pynq_z2/arunQAFDHGDZXVNBDXG_gae.gen/sources_1/bd/system/hdl/system_wrapper.v
INFO: [IP_Flow 19-5611] Unable to find an associated reset port for the interface 'M_AXI_GP0'. A default connection has been created.
INFO: [BD 41-1029] Generation completed for the IP Integrator block processing_system7_0 .
INFO: [BD 41-1029] Generation completed for the IP Integrator block tul_pynq_z2_0 .
INFO: [BD 41-1029] Generation completed for the IP Integrator block clk_wiz_0 .
INFO: [BD 41-1029] Generation completed for the IP Integrator block axi_gpio_decouple .
INFO: [BD 41-1029] Generation completed for the IP Integrator block axi_gpio_to_reconfig .
INFO: [BD 41-1029] Generation completed for the IP Integrator block axi_gpio_decouple_status .
INFO: [BD 41-1029] Generation completed for the IP Integrator block axi_gpio_config_to .
INFO: [BD 41-1029] Generation completed for the IP Integrator block ps7_0_axi_periph/xbar .
WARNING: [IP_Flow 19-4994] Overwriting existing constraint file '/home/jsp/Storage/CFU_PYNQ_FIles/CFU_SRC/pynq_z2/pynq_z2/arunQAFDHGDZXVNBDXG_gae.gen/sources_1/bd/system/ip/system_auto_pc_0/system_auto_pc_0_ooc.xdc'
INFO: [BD 41-1029] Generation completed for the IP Integrator block ps7_0_axi_periph/s00_couplers/auto_pc .
INFO: [BD 41-1029] Generation completed for the IP Integrator block rst_ps7_0_100M .
Exporting to file /home/jsp/Storage/CFU_PYNQ_FIles/CFU_SRC/pynq_z2/pynq_z2/arunQAFDHGDZXVNBDXG_gae.gen/sources_1/bd/system/hw_handoff/system.hwh
Generated Hardware Definition File /home/jsp/Storage/CFU_PYNQ_FIles/CFU_SRC/pynq_z2/pynq_z2/arunQAFDHGDZXVNBDXG_gae.gen/sources_1/bd/system/synth/system.hwdef
generate_target: Time (s): cpu = 00:00:16 ; elapsed = 00:00:15 . Memory (MB): peak = 9879.387 ; gain = 0.000 ; free physical = 6057 ; free virtual = 18251
create_ip_run [get_files -of_objects [get_fileset sources_1] /home/jsp/Storage/CFU_PYNQ_FIles/CFU_SRC/pynq_z2/pynq_z2/arunQAFDHGDZXVNBDXG_gae.srcs/sources_1/bd/system/system.bd]
launch_runs system_auto_pc_0_synth_1
INFO: [IP_Flow 19-6924] IPCACHE: Running cache check for IP inst: system_auto_pc_0
[Tue Nov  4 14:33:56 2025] Launched system_auto_pc_0_synth_1...
Run output will be captured here: /home/jsp/Storage/CFU_PYNQ_FIles/CFU_SRC/pynq_z2/pynq_z2/arunQAFDHGDZXVNBDXG_gae.runs/system_auto_pc_0_synth_1/runme.log
wait_on_run system_auto_pc_0_synth_1
[Tue Nov  4 14:33:56 2025] Waiting for system_auto_pc_0_synth_1 to finish...
WARNING: [filemgmt 56-199] Attempt to get parsing info during refresh. "On-the-fly" syntax checking information may be incorrect. [/home/jsp/Storage/CFU_PYNQ_FIles/CFU_SRC/donut-accel/cfu.v:]
WARNING: [filemgmt 56-199] Attempt to get parsing info during refresh. "On-the-fly" syntax checking information may be incorrect. [/home/jsp/Storage/CFU_PYNQ_FIles/CFU_SRC/pynq_z2/pynq_z2/arunQAFDHGDZXVNBDXG_gae.srcs/sources_1/imports/hdl/system_wrapper.v:]
WARNING: [filemgmt 56-199] Attempt to get parsing info during refresh. "On-the-fly" syntax checking information may be incorrect. [/home/jsp/Storage/CFU_PYNQ_FIles/CFU_SRC/pynq_z2/pynq_z2/arunQAFDHGDZXVNBDXG_gae.srcs/sources_1/new/tul_pynq_z2.v:]
WARNING: [filemgmt 56-199] Attempt to get parsing info during refresh. "On-the-fly" syntax checking information may be incorrect. [/home/jsp/Storage/CFU_PYNQ_FIles/CFU_SRC/donut-accel/cfu.v:]
WARNING: [filemgmt 56-199] Attempt to get parsing info during refresh. "On-the-fly" syntax checking information may be incorrect. [/home/jsp/Storage/CFU_PYNQ_FIles/CFU_SRC/donut-accel/cfu.v:]
WARNING: [filemgmt 56-199] Attempt to get parsing info during refresh. "On-the-fly" syntax checking information may be incorrect. [/home/jsp/Storage/CFU_PYNQ_FIles/CFU_SRC/donut-accel/cfu.v:]
WARNING: [filemgmt 56-199] Attempt to get parsing info during refresh. "On-the-fly" syntax checking information may be incorrect. [/home/jsp/Storage/CFU_PYNQ_FIles/CFU_SRC/pynq_z2/pynq_z2/arunQAFDHGDZXVNBDXG_gae.srcs/sources_1/imports/hdl/system_wrapper.v:]
WARNING: [filemgmt 56-199] Attempt to get parsing info during refresh. "On-the-fly" syntax checking information may be incorrect. [/home/jsp/Storage/CFU_PYNQ_FIles/CFU_SRC/pynq_z2/pynq_z2/arunQAFDHGDZXVNBDXG_gae.srcs/sources_1/new/tul_pynq_z2.v:]
WARNING: [filemgmt 56-199] Attempt to get parsing info during refresh. "On-the-fly" syntax checking information may be incorrect. [/home/jsp/Storage/CFU_PYNQ_FIles/CFU_SRC/pynq_z2/pynq_z2/arunQAFDHGDZXVNBDXG_gae.srcs/sources_1/imports/hdl/system_wrapper.v:]
WARNING: [filemgmt 56-199] Attempt to get parsing info during refresh. "On-the-fly" syntax checking information may be incorrect. [/home/jsp/Storage/CFU_PYNQ_FIles/CFU_SRC/pynq_z2/pynq_z2/arunQAFDHGDZXVNBDXG_gae.srcs/sources_1/imports/hdl/system_wrapper.v:]
[Tue Nov  4 14:34:01 2025] Waiting for system_auto_pc_0_synth_1 to finish...
[Tue Nov  4 14:34:06 2025] Waiting for system_auto_pc_0_synth_1 to finish...
[Tue Nov  4 14:34:11 2025] Waiting for system_auto_pc_0_synth_1 to finish...
[Tue Nov  4 14:34:21 2025] Waiting for system_auto_pc_0_synth_1 to finish...
[Tue Nov  4 14:34:31 2025] Waiting for system_auto_pc_0_synth_1 to finish...
[Tue Nov  4 14:34:41 2025] Waiting for system_auto_pc_0_synth_1 to finish...

*** Running vivado
    with args -log system_auto_pc_0.vds -m64 -product Vivado -mode batch -messageDb vivado.pb -notrace -source system_auto_pc_0.tcl


****** Vivado v2024.1 (64-bit)
  **** SW Build 5076996 on Wed May 22 18:36:09 MDT 2024
  **** IP Build 5075265 on Wed May 22 21:45:21 MDT 2024
  **** SharedData Build 5076995 on Wed May 22 18:29:18 MDT 2024
  **** Start of session at: Tue Nov  4 14:33:58 2025
    ** Copyright 1986-2022 Xilinx, Inc. All Rights Reserved.
    ** Copyright 2022-2024 Advanced Micro Devices, Inc. All Rights Reserved.

source system_auto_pc_0.tcl -notrace
create_project: Time (s): cpu = 00:00:06 ; elapsed = 00:00:06 . Memory (MB): peak = 1416.871 ; gain = 0.027 ; free physical = 5542 ; free virtual = 17736
INFO: [IP_Flow 19-234] Refreshing IP repositories
WARNING: [IP_Flow 19-2248] Failed to load user IP repository '/home/work/Xilinx/Vivado/2024.2/data/ip'; Can't find the specified path.
If this directory should no longer be in your list of user repositories, go to the IP Settings dialog and remove it.
WARNING: [IP_Flow 19-2248] Failed to load user IP repository '/home/primary/vivado-library/ip'; Can't find the specified path.
If this directory should no longer be in your list of user repositories, go to the IP Settings dialog and remove it.
INFO: [IP_Flow 19-2313] Loaded Vivado IP repository '/home/jsp/Storage/Vivado/2024.1/data/ip'.
INFO: [IP_Flow 19-6924] IPCACHE: Running cache check for IP inst: system_auto_pc_0
Command: synth_design -top system_auto_pc_0 -part xc7z020clg400-1 -incremental_mode off -mode out_of_context
Starting synth_design
Attempting to get a license for feature 'Synthesis' and/or device 'xc7z020'
INFO: [Common 17-349] Got license for feature 'Synthesis' and/or device 'xc7z020'
INFO: [Device 21-403] Loading part xc7z020clg400-1
INFO: [Device 21-9227] Part: xc7z020clg400-1 does not have CEAM library.
INFO: [Synth 8-7079] Multithreading enabled for synth_design using a maximum of 4 processes.
INFO: [Synth 8-7078] Launching helper process for spawning children vivado processes
INFO: [Synth 8-7075] Helper process launched with PID 58981
---------------------------------------------------------------------------------
Starting RTL Elaboration : Time (s): cpu = 00:00:04 ; elapsed = 00:00:05 . Memory (MB): peak = 2153.117 ; gain = 411.746 ; free physical = 4460 ; free virtual = 16655
---------------------------------------------------------------------------------
INFO: [Synth 8-6157] synthesizing module 'system_auto_pc_0' [/home/jsp/Storage/CFU_PYNQ_FIles/CFU_SRC/pynq_z2/pynq_z2/arunQAFDHGDZXVNBDXG_gae.gen/sources_1/bd/system/ip/system_auto_pc_0/synth/system_auto_pc_0.v:53]
INFO: [Synth 8-6157] synthesizing module 'axi_protocol_converter_v2_1_31_axi_protocol_converter' [/home/jsp/Storage/CFU_PYNQ_FIles/CFU_SRC/pynq_z2/pynq_z2/arunQAFDHGDZXVNBDXG_gae.gen/sources_1/bd/system/ipshared/3c06/hdl/axi_protocol_converter_v2_1_vl_rfs.v:5285]
INFO: [Synth 8-6157] synthesizing module 'axi_protocol_converter_v2_1_31_b2s' [/home/jsp/Storage/CFU_PYNQ_FIles/CFU_SRC/pynq_z2/pynq_z2/arunQAFDHGDZXVNBDXG_gae.gen/sources_1/bd/system/ipshared/3c06/hdl/axi_protocol_converter_v2_1_vl_rfs.v:4704]
INFO: [Synth 8-6157] synthesizing module 'axi_protocol_converter_v2_1_31_b2s_aw_channel' [/home/jsp/Storage/CFU_PYNQ_FIles/CFU_SRC/pynq_z2/pynq_z2/arunQAFDHGDZXVNBDXG_gae.gen/sources_1/bd/system/ipshared/3c06/hdl/axi_protocol_converter_v2_1_vl_rfs.v:4360]
INFO: [Synth 8-6157] synthesizing module 'axi_protocol_converter_v2_1_31_b2s_cmd_translator' [/home/jsp/Storage/CFU_PYNQ_FIles/CFU_SRC/pynq_z2/pynq_z2/arunQAFDHGDZXVNBDXG_gae.gen/sources_1/bd/system/ipshared/3c06/hdl/axi_protocol_converter_v2_1_vl_rfs.v:3720]
INFO: [Synth 8-6157] synthesizing module 'axi_protocol_converter_v2_1_31_b2s_incr_cmd' [/home/jsp/Storage/CFU_PYNQ_FIles/CFU_SRC/pynq_z2/pynq_z2/arunQAFDHGDZXVNBDXG_gae.gen/sources_1/bd/system/ipshared/3c06/hdl/axi_protocol_converter_v2_1_vl_rfs.v:3216]
INFO: [Synth 8-6155] done synthesizing module 'axi_protocol_converter_v2_1_31_b2s_incr_cmd' (0#1) [/home/jsp/Storage/CFU_PYNQ_FIles/CFU_SRC/pynq_z2/pynq_z2/arunQAFDHGDZXVNBDXG_gae.gen/sources_1/bd/system/ipshared/3c06/hdl/axi_protocol_converter_v2_1_vl_rfs.v:3216]
INFO: [Synth 8-6157] synthesizing module 'axi_protocol_converter_v2_1_31_b2s_wrap_cmd' [/home/jsp/Storage/CFU_PYNQ_FIles/CFU_SRC/pynq_z2/pynq_z2/arunQAFDHGDZXVNBDXG_gae.gen/sources_1/bd/system/ipshared/3c06/hdl/axi_protocol_converter_v2_1_vl_rfs.v:2982]
INFO: [Synth 8-6155] done synthesizing module 'axi_protocol_converter_v2_1_31_b2s_wrap_cmd' (0#1) [/home/jsp/Storage/CFU_PYNQ_FIles/CFU_SRC/pynq_z2/pynq_z2/arunQAFDHGDZXVNBDXG_gae.gen/sources_1/bd/system/ipshared/3c06/hdl/axi_protocol_converter_v2_1_vl_rfs.v:2982]
INFO: [Synth 8-6155] done synthesizing module 'axi_protocol_converter_v2_1_31_b2s_cmd_translator' (0#1) [/home/jsp/Storage/CFU_PYNQ_FIles/CFU_SRC/pynq_z2/pynq_z2/arunQAFDHGDZXVNBDXG_gae.gen/sources_1/bd/system/ipshared/3c06/hdl/axi_protocol_converter_v2_1_vl_rfs.v:3720]
INFO: [Synth 8-6157] synthesizing module 'axi_protocol_converter_v2_1_31_b2s_wr_cmd_fsm' [/home/jsp/Storage/CFU_PYNQ_FIles/CFU_SRC/pynq_z2/pynq_z2/arunQAFDHGDZXVNBDXG_gae.gen/sources_1/bd/system/ipshared/3c06/hdl/axi_protocol_converter_v2_1_vl_rfs.v:3392]
INFO: [Synth 8-226] default block is never used [/home/jsp/Storage/CFU_PYNQ_FIles/CFU_SRC/pynq_z2/pynq_z2/arunQAFDHGDZXVNBDXG_gae.gen/sources_1/bd/system/ipshared/3c06/hdl/axi_protocol_converter_v2_1_vl_rfs.v:3446]
INFO: [Synth 8-6155] done synthesizing module 'axi_protocol_converter_v2_1_31_b2s_wr_cmd_fsm' (0#1) [/home/jsp/Storage/CFU_PYNQ_FIles/CFU_SRC/pynq_z2/pynq_z2/arunQAFDHGDZXVNBDXG_gae.gen/sources_1/bd/system/ipshared/3c06/hdl/axi_protocol_converter_v2_1_vl_rfs.v:3392]
INFO: [Synth 8-6155] done synthesizing module 'axi_protocol_converter_v2_1_31_b2s_aw_channel' (0#1) [/home/jsp/Storage/CFU_PYNQ_FIles/CFU_SRC/pynq_z2/pynq_z2/arunQAFDHGDZXVNBDXG_gae.gen/sources_1/bd/system/ipshared/3c06/hdl/axi_protocol_converter_v2_1_vl_rfs.v:4360]
INFO: [Synth 8-6157] synthesizing module 'axi_protocol_converter_v2_1_31_b2s_b_channel' [/home/jsp/Storage/CFU_PYNQ_FIles/CFU_SRC/pynq_z2/pynq_z2/arunQAFDHGDZXVNBDXG_gae.gen/sources_1/bd/system/ipshared/3c06/hdl/axi_protocol_converter_v2_1_vl_rfs.v:3906]
INFO: [Synth 8-6157] synthesizing module 'axi_protocol_converter_v2_1_31_b2s_simple_fifo' [/home/jsp/Storage/CFU_PYNQ_FIles/CFU_SRC/pynq_z2/pynq_z2/arunQAFDHGDZXVNBDXG_gae.gen/sources_1/bd/system/ipshared/3c06/hdl/axi_protocol_converter_v2_1_vl_rfs.v:2852]
INFO: [Synth 8-6155] done synthesizing module 'axi_protocol_converter_v2_1_31_b2s_simple_fifo' (0#1) [/home/jsp/Storage/CFU_PYNQ_FIles/CFU_SRC/pynq_z2/pynq_z2/arunQAFDHGDZXVNBDXG_gae.gen/sources_1/bd/system/ipshared/3c06/hdl/axi_protocol_converter_v2_1_vl_rfs.v:2852]
INFO: [Synth 8-6157] synthesizing module 'axi_protocol_converter_v2_1_31_b2s_simple_fifo__parameterized0' [/home/jsp/Storage/CFU_PYNQ_FIles/CFU_SRC/pynq_z2/pynq_z2/arunQAFDHGDZXVNBDXG_gae.gen/sources_1/bd/system/ipshared/3c06/hdl/axi_protocol_converter_v2_1_vl_rfs.v:2852]
INFO: [Synth 8-6155] done synthesizing module 'axi_protocol_converter_v2_1_31_b2s_simple_fifo__parameterized0' (0#1) [/home/jsp/Storage/CFU_PYNQ_FIles/CFU_SRC/pynq_z2/pynq_z2/arunQAFDHGDZXVNBDXG_gae.gen/sources_1/bd/system/ipshared/3c06/hdl/axi_protocol_converter_v2_1_vl_rfs.v:2852]
INFO: [Synth 8-6155] done synthesizing module 'axi_protocol_converter_v2_1_31_b2s_b_channel' (0#1) [/home/jsp/Storage/CFU_PYNQ_FIles/CFU_SRC/pynq_z2/pynq_z2/arunQAFDHGDZXVNBDXG_gae.gen/sources_1/bd/system/ipshared/3c06/hdl/axi_protocol_converter_v2_1_vl_rfs.v:3906]
INFO: [Synth 8-6157] synthesizing module 'axi_protocol_converter_v2_1_31_b2s_ar_channel' [/home/jsp/Storage/CFU_PYNQ_FIles/CFU_SRC/pynq_z2/pynq_z2/arunQAFDHGDZXVNBDXG_gae.gen/sources_1/bd/system/ipshared/3c06/hdl/axi_protocol_converter_v2_1_vl_rfs.v:4516]
INFO: [Synth 8-6157] synthesizing module 'axi_protocol_converter_v2_1_31_b2s_rd_cmd_fsm' [/home/jsp/Storage/CFU_PYNQ_FIles/CFU_SRC/pynq_z2/pynq_z2/arunQAFDHGDZXVNBDXG_gae.gen/sources_1/bd/system/ipshared/3c06/hdl/axi_protocol_converter_v2_1_vl_rfs.v:3546]
INFO: [Synth 8-226] default block is never used [/home/jsp/Storage/CFU_PYNQ_FIles/CFU_SRC/pynq_z2/pynq_z2/arunQAFDHGDZXVNBDXG_gae.gen/sources_1/bd/system/ipshared/3c06/hdl/axi_protocol_converter_v2_1_vl_rfs.v:3608]
INFO: [Synth 8-6155] done synthesizing module 'axi_protocol_converter_v2_1_31_b2s_rd_cmd_fsm' (0#1) [/home/jsp/Storage/CFU_PYNQ_FIles/CFU_SRC/pynq_z2/pynq_z2/arunQAFDHGDZXVNBDXG_gae.gen/sources_1/bd/system/ipshared/3c06/hdl/axi_protocol_converter_v2_1_vl_rfs.v:3546]
INFO: [Synth 8-6155] done synthesizing module 'axi_protocol_converter_v2_1_31_b2s_ar_channel' (0#1) [/home/jsp/Storage/CFU_PYNQ_FIles/CFU_SRC/pynq_z2/pynq_z2/arunQAFDHGDZXVNBDXG_gae.gen/sources_1/bd/system/ipshared/3c06/hdl/axi_protocol_converter_v2_1_vl_rfs.v:4516]
INFO: [Synth 8-6157] synthesizing module 'axi_protocol_converter_v2_1_31_b2s_r_channel' [/home/jsp/Storage/CFU_PYNQ_FIles/CFU_SRC/pynq_z2/pynq_z2/arunQAFDHGDZXVNBDXG_gae.gen/sources_1/bd/system/ipshared/3c06/hdl/axi_protocol_converter_v2_1_vl_rfs.v:4155]
INFO: [Synth 8-6157] synthesizing module 'axi_protocol_converter_v2_1_31_b2s_simple_fifo__parameterized1' [/home/jsp/Storage/CFU_PYNQ_FIles/CFU_SRC/pynq_z2/pynq_z2/arunQAFDHGDZXVNBDXG_gae.gen/sources_1/bd/system/ipshared/3c06/hdl/axi_protocol_converter_v2_1_vl_rfs.v:2852]
INFO: [Synth 8-6155] done synthesizing module 'axi_protocol_converter_v2_1_31_b2s_simple_fifo__parameterized1' (0#1) [/home/jsp/Storage/CFU_PYNQ_FIles/CFU_SRC/pynq_z2/pynq_z2/arunQAFDHGDZXVNBDXG_gae.gen/sources_1/bd/system/ipshared/3c06/hdl/axi_protocol_converter_v2_1_vl_rfs.v:2852]
INFO: [Synth 8-6157] synthesizing module 'axi_protocol_converter_v2_1_31_b2s_simple_fifo__parameterized2' [/home/jsp/Storage/CFU_PYNQ_FIles/CFU_SRC/pynq_z2/pynq_z2/arunQAFDHGDZXVNBDXG_gae.gen/sources_1/bd/system/ipshared/3c06/hdl/axi_protocol_converter_v2_1_vl_rfs.v:2852]
INFO: [Synth 8-6155] done synthesizing module 'axi_protocol_converter_v2_1_31_b2s_simple_fifo__parameterized2' (0#1) [/home/jsp/Storage/CFU_PYNQ_FIles/CFU_SRC/pynq_z2/pynq_z2/arunQAFDHGDZXVNBDXG_gae.gen/sources_1/bd/system/ipshared/3c06/hdl/axi_protocol_converter_v2_1_vl_rfs.v:2852]
INFO: [Synth 8-6155] done synthesizing module 'axi_protocol_converter_v2_1_31_b2s_r_channel' (0#1) [/home/jsp/Storage/CFU_PYNQ_FIles/CFU_SRC/pynq_z2/pynq_z2/arunQAFDHGDZXVNBDXG_gae.gen/sources_1/bd/system/ipshared/3c06/hdl/axi_protocol_converter_v2_1_vl_rfs.v:4155]
INFO: [Synth 8-6157] synthesizing module 'axi_register_slice_v2_1_31_axi_register_slice' [/home/jsp/Storage/CFU_PYNQ_FIles/CFU_SRC/pynq_z2/pynq_z2/arunQAFDHGDZXVNBDXG_gae.gen/sources_1/bd/system/ipshared/92b2/hdl/axi_register_slice_v2_1_vl_rfs.v:3718]
INFO: [Synth 8-6157] synthesizing module 'axi_infrastructure_v1_1_0_axi2vector' [/home/jsp/Storage/CFU_PYNQ_FIles/CFU_SRC/pynq_z2/pynq_z2/arunQAFDHGDZXVNBDXG_gae.gen/sources_1/bd/system/ipshared/ec67/hdl/axi_infrastructure_v1_1_vl_rfs.v:59]
INFO: [Synth 8-6155] done synthesizing module 'axi_infrastructure_v1_1_0_axi2vector' (0#1) [/home/jsp/Storage/CFU_PYNQ_FIles/CFU_SRC/pynq_z2/pynq_z2/arunQAFDHGDZXVNBDXG_gae.gen/sources_1/bd/system/ipshared/ec67/hdl/axi_infrastructure_v1_1_vl_rfs.v:59]
INFO: [Synth 8-6157] synthesizing module 'axi_infrastructure_v1_1_0_vector2axi' [/home/jsp/Storage/CFU_PYNQ_FIles/CFU_SRC/pynq_z2/pynq_z2/arunQAFDHGDZXVNBDXG_gae.gen/sources_1/bd/system/ipshared/ec67/hdl/axi_infrastructure_v1_1_vl_rfs.v:473]
INFO: [Synth 8-6155] done synthesizing module 'axi_infrastructure_v1_1_0_vector2axi' (0#1) [/home/jsp/Storage/CFU_PYNQ_FIles/CFU_SRC/pynq_z2/pynq_z2/arunQAFDHGDZXVNBDXG_gae.gen/sources_1/bd/system/ipshared/ec67/hdl/axi_infrastructure_v1_1_vl_rfs.v:473]
INFO: [Synth 8-6157] synthesizing module 'axi_register_slice_v2_1_31_axic_register_slice' [/home/jsp/Storage/CFU_PYNQ_FIles/CFU_SRC/pynq_z2/pynq_z2/arunQAFDHGDZXVNBDXG_gae.gen/sources_1/bd/system/ipshared/92b2/hdl/axi_register_slice_v2_1_vl_rfs.v:1492]
INFO: [Synth 8-6155] done synthesizing module 'axi_register_slice_v2_1_31_axic_register_slice' (0#1) [/home/jsp/Storage/CFU_PYNQ_FIles/CFU_SRC/pynq_z2/pynq_z2/arunQAFDHGDZXVNBDXG_gae.gen/sources_1/bd/system/ipshared/92b2/hdl/axi_register_slice_v2_1_vl_rfs.v:1492]
INFO: [Synth 8-6157] synthesizing module 'axi_register_slice_v2_1_31_axic_register_slice__parameterized0' [/home/jsp/Storage/CFU_PYNQ_FIles/CFU_SRC/pynq_z2/pynq_z2/arunQAFDHGDZXVNBDXG_gae.gen/sources_1/bd/system/ipshared/92b2/hdl/axi_register_slice_v2_1_vl_rfs.v:1492]
INFO: [Synth 8-6155] done synthesizing module 'axi_register_slice_v2_1_31_axic_register_slice__parameterized0' (0#1) [/home/jsp/Storage/CFU_PYNQ_FIles/CFU_SRC/pynq_z2/pynq_z2/arunQAFDHGDZXVNBDXG_gae.gen/sources_1/bd/system/ipshared/92b2/hdl/axi_register_slice_v2_1_vl_rfs.v:1492]
INFO: [Synth 8-6157] synthesizing module 'axi_register_slice_v2_1_31_axic_register_slice__parameterized1' [/home/jsp/Storage/CFU_PYNQ_FIles/CFU_SRC/pynq_z2/pynq_z2/arunQAFDHGDZXVNBDXG_gae.gen/sources_1/bd/system/ipshared/92b2/hdl/axi_register_slice_v2_1_vl_rfs.v:1492]
INFO: [Synth 8-6155] done synthesizing module 'axi_register_slice_v2_1_31_axic_register_slice__parameterized1' (0#1) [/home/jsp/Storage/CFU_PYNQ_FIles/CFU_SRC/pynq_z2/pynq_z2/arunQAFDHGDZXVNBDXG_gae.gen/sources_1/bd/system/ipshared/92b2/hdl/axi_register_slice_v2_1_vl_rfs.v:1492]
INFO: [Synth 8-6157] synthesizing module 'axi_register_slice_v2_1_31_axic_register_slice__parameterized2' [/home/jsp/Storage/CFU_PYNQ_FIles/CFU_SRC/pynq_z2/pynq_z2/arunQAFDHGDZXVNBDXG_gae.gen/sources_1/bd/system/ipshared/92b2/hdl/axi_register_slice_v2_1_vl_rfs.v:1492]
INFO: [Synth 8-6155] done synthesizing module 'axi_register_slice_v2_1_31_axic_register_slice__parameterized2' (0#1) [/home/jsp/Storage/CFU_PYNQ_FIles/CFU_SRC/pynq_z2/pynq_z2/arunQAFDHGDZXVNBDXG_gae.gen/sources_1/bd/system/ipshared/92b2/hdl/axi_register_slice_v2_1_vl_rfs.v:1492]
INFO: [Synth 8-6155] done synthesizing module 'axi_register_slice_v2_1_31_axi_register_slice' (0#1) [/home/jsp/Storage/CFU_PYNQ_FIles/CFU_SRC/pynq_z2/pynq_z2/arunQAFDHGDZXVNBDXG_gae.gen/sources_1/bd/system/ipshared/92b2/hdl/axi_register_slice_v2_1_vl_rfs.v:3718]
WARNING: [Synth 8-7071] port 'aclk2x' of module 'axi_register_slice_v2_1_31_axi_register_slice' is unconnected for instance 'SI_REG' [/home/jsp/Storage/CFU_PYNQ_FIles/CFU_SRC/pynq_z2/pynq_z2/arunQAFDHGDZXVNBDXG_gae.gen/sources_1/bd/system/ipshared/3c06/hdl/axi_protocol_converter_v2_1_vl_rfs.v:4871]
WARNING: [Synth 8-7023] instance 'SI_REG' of module 'axi_register_slice_v2_1_31_axi_register_slice' has 93 connections declared, but only 92 given [/home/jsp/Storage/CFU_PYNQ_FIles/CFU_SRC/pynq_z2/pynq_z2/arunQAFDHGDZXVNBDXG_gae.gen/sources_1/bd/system/ipshared/3c06/hdl/axi_protocol_converter_v2_1_vl_rfs.v:4871]
INFO: [Synth 8-6157] synthesizing module 'axi_register_slice_v2_1_31_axi_register_slice__parameterized0' [/home/jsp/Storage/CFU_PYNQ_FIles/CFU_SRC/pynq_z2/pynq_z2/arunQAFDHGDZXVNBDXG_gae.gen/sources_1/bd/system/ipshared/92b2/hdl/axi_register_slice_v2_1_vl_rfs.v:3718]
INFO: [Synth 8-6157] synthesizing module 'axi_infrastructure_v1_1_0_axi2vector__parameterized0' [/home/jsp/Storage/CFU_PYNQ_FIles/CFU_SRC/pynq_z2/pynq_z2/arunQAFDHGDZXVNBDXG_gae.gen/sources_1/bd/system/ipshared/ec67/hdl/axi_infrastructure_v1_1_vl_rfs.v:59]
INFO: [Synth 8-6155] done synthesizing module 'axi_infrastructure_v1_1_0_axi2vector__parameterized0' (0#1) [/home/jsp/Storage/CFU_PYNQ_FIles/CFU_SRC/pynq_z2/pynq_z2/arunQAFDHGDZXVNBDXG_gae.gen/sources_1/bd/system/ipshared/ec67/hdl/axi_infrastructure_v1_1_vl_rfs.v:59]
INFO: [Synth 8-6157] synthesizing module 'axi_infrastructure_v1_1_0_vector2axi__parameterized0' [/home/jsp/Storage/CFU_PYNQ_FIles/CFU_SRC/pynq_z2/pynq_z2/arunQAFDHGDZXVNBDXG_gae.gen/sources_1/bd/system/ipshared/ec67/hdl/axi_infrastructure_v1_1_vl_rfs.v:473]
INFO: [Synth 8-6155] done synthesizing module 'axi_infrastructure_v1_1_0_vector2axi__parameterized0' (0#1) [/home/jsp/Storage/CFU_PYNQ_FIles/CFU_SRC/pynq_z2/pynq_z2/arunQAFDHGDZXVNBDXG_gae.gen/sources_1/bd/system/ipshared/ec67/hdl/axi_infrastructure_v1_1_vl_rfs.v:473]
INFO: [Synth 8-6157] synthesizing module 'axi_register_slice_v2_1_31_axic_register_slice__parameterized3' [/home/jsp/Storage/CFU_PYNQ_FIles/CFU_SRC/pynq_z2/pynq_z2/arunQAFDHGDZXVNBDXG_gae.gen/sources_1/bd/system/ipshared/92b2/hdl/axi_register_slice_v2_1_vl_rfs.v:1492]
INFO: [Synth 8-6155] done synthesizing module 'axi_register_slice_v2_1_31_axic_register_slice__parameterized3' (0#1) [/home/jsp/Storage/CFU_PYNQ_FIles/CFU_SRC/pynq_z2/pynq_z2/arunQAFDHGDZXVNBDXG_gae.gen/sources_1/bd/system/ipshared/92b2/hdl/axi_register_slice_v2_1_vl_rfs.v:1492]
INFO: [Synth 8-6157] synthesizing module 'axi_register_slice_v2_1_31_axic_register_slice__parameterized4' [/home/jsp/Storage/CFU_PYNQ_FIles/CFU_SRC/pynq_z2/pynq_z2/arunQAFDHGDZXVNBDXG_gae.gen/sources_1/bd/system/ipshared/92b2/hdl/axi_register_slice_v2_1_vl_rfs.v:1492]
INFO: [Synth 8-6155] done synthesizing module 'axi_register_slice_v2_1_31_axic_register_slice__parameterized4' (0#1) [/home/jsp/Storage/CFU_PYNQ_FIles/CFU_SRC/pynq_z2/pynq_z2/arunQAFDHGDZXVNBDXG_gae.gen/sources_1/bd/system/ipshared/92b2/hdl/axi_register_slice_v2_1_vl_rfs.v:1492]
INFO: [Synth 8-6157] synthesizing module 'axi_register_slice_v2_1_31_axic_register_slice__parameterized5' [/home/jsp/Storage/CFU_PYNQ_FIles/CFU_SRC/pynq_z2/pynq_z2/arunQAFDHGDZXVNBDXG_gae.gen/sources_1/bd/system/ipshared/92b2/hdl/axi_register_slice_v2_1_vl_rfs.v:1492]
INFO: [Synth 8-6155] done synthesizing module 'axi_register_slice_v2_1_31_axic_register_slice__parameterized5' (0#1) [/home/jsp/Storage/CFU_PYNQ_FIles/CFU_SRC/pynq_z2/pynq_z2/arunQAFDHGDZXVNBDXG_gae.gen/sources_1/bd/system/ipshared/92b2/hdl/axi_register_slice_v2_1_vl_rfs.v:1492]
INFO: [Synth 8-6157] synthesizing module 'axi_register_slice_v2_1_31_axic_register_slice__parameterized6' [/home/jsp/Storage/CFU_PYNQ_FIles/CFU_SRC/pynq_z2/pynq_z2/arunQAFDHGDZXVNBDXG_gae.gen/sources_1/bd/system/ipshared/92b2/hdl/axi_register_slice_v2_1_vl_rfs.v:1492]
INFO: [Synth 8-6155] done synthesizing module 'axi_register_slice_v2_1_31_axic_register_slice__parameterized6' (0#1) [/home/jsp/Storage/CFU_PYNQ_FIles/CFU_SRC/pynq_z2/pynq_z2/arunQAFDHGDZXVNBDXG_gae.gen/sources_1/bd/system/ipshared/92b2/hdl/axi_register_slice_v2_1_vl_rfs.v:1492]
INFO: [Synth 8-6155] done synthesizing module 'axi_register_slice_v2_1_31_axi_register_slice__parameterized0' (0#1) [/home/jsp/Storage/CFU_PYNQ_FIles/CFU_SRC/pynq_z2/pynq_z2/arunQAFDHGDZXVNBDXG_gae.gen/sources_1/bd/system/ipshared/92b2/hdl/axi_register_slice_v2_1_vl_rfs.v:3718]
WARNING: [Synth 8-7071] port 'aclk2x' of module 'axi_register_slice_v2_1_31_axi_register_slice' is unconnected for instance 'MI_REG' [/home/jsp/Storage/CFU_PYNQ_FIles/CFU_SRC/pynq_z2/pynq_z2/arunQAFDHGDZXVNBDXG_gae.gen/sources_1/bd/system/ipshared/3c06/hdl/axi_protocol_converter_v2_1_vl_rfs.v:5126]
WARNING: [Synth 8-7023] instance 'MI_REG' of module 'axi_register_slice_v2_1_31_axi_register_slice' has 93 connections declared, but only 92 given [/home/jsp/Storage/CFU_PYNQ_FIles/CFU_SRC/pynq_z2/pynq_z2/arunQAFDHGDZXVNBDXG_gae.gen/sources_1/bd/system/ipshared/3c06/hdl/axi_protocol_converter_v2_1_vl_rfs.v:5126]
INFO: [Synth 8-6155] done synthesizing module 'axi_protocol_converter_v2_1_31_b2s' (0#1) [/home/jsp/Storage/CFU_PYNQ_FIles/CFU_SRC/pynq_z2/pynq_z2/arunQAFDHGDZXVNBDXG_gae.gen/sources_1/bd/system/ipshared/3c06/hdl/axi_protocol_converter_v2_1_vl_rfs.v:4704]
INFO: [Synth 8-6155] done synthesizing module 'axi_protocol_converter_v2_1_31_axi_protocol_converter' (0#1) [/home/jsp/Storage/CFU_PYNQ_FIles/CFU_SRC/pynq_z2/pynq_z2/arunQAFDHGDZXVNBDXG_gae.gen/sources_1/bd/system/ipshared/3c06/hdl/axi_protocol_converter_v2_1_vl_rfs.v:5285]
INFO: [Synth 8-6155] done synthesizing module 'system_auto_pc_0' (0#1) [/home/jsp/Storage/CFU_PYNQ_FIles/CFU_SRC/pynq_z2/pynq_z2/arunQAFDHGDZXVNBDXG_gae.gen/sources_1/bd/system/ip/system_auto_pc_0/synth/system_auto_pc_0.v:53]
WARNING: [Synth 8-6014] Unused sequential element state_r1_reg was removed.  [/home/jsp/Storage/CFU_PYNQ_FIles/CFU_SRC/pynq_z2/pynq_z2/arunQAFDHGDZXVNBDXG_gae.gen/sources_1/bd/system/ipshared/3c06/hdl/axi_protocol_converter_v2_1_vl_rfs.v:3596]
WARNING: [Synth 8-6014] Unused sequential element s_arlen_r_reg was removed.  [/home/jsp/Storage/CFU_PYNQ_FIles/CFU_SRC/pynq_z2/pynq_z2/arunQAFDHGDZXVNBDXG_gae.gen/sources_1/bd/system/ipshared/3c06/hdl/axi_protocol_converter_v2_1_vl_rfs.v:3597]
WARNING: [Synth 8-7129] Port ACLK in module axi_register_slice_v2_1_31_axic_register_slice__parameterized6 is either unconnected or has no load
WARNING: [Synth 8-7129] Port ARESET in module axi_register_slice_v2_1_31_axic_register_slice__parameterized6 is either unconnected or has no load
WARNING: [Synth 8-7129] Port ACLK in module axi_register_slice_v2_1_31_axic_register_slice__parameterized3 is either unconnected or has no load
WARNING: [Synth 8-7129] Port ARESET in module axi_register_slice_v2_1_31_axic_register_slice__parameterized3 is either unconnected or has no load
WARNING: [Synth 8-7129] Port ACLK in module axi_register_slice_v2_1_31_axic_register_slice__parameterized5 is either unconnected or has no load
WARNING: [Synth 8-7129] Port ARESET in module axi_register_slice_v2_1_31_axic_register_slice__parameterized5 is either unconnected or has no load
WARNING: [Synth 8-7129] Port ACLK in module axi_register_slice_v2_1_31_axic_register_slice__parameterized4 is either unconnected or has no load
WARNING: [Synth 8-7129] Port ARESET in module axi_register_slice_v2_1_31_axic_register_slice__parameterized4 is either unconnected or has no load
WARNING: [Synth 8-7129] Port m_axi_bid[0] in module axi_infrastructure_v1_1_0_vector2axi__parameterized0 is either unconnected or has no load
WARNING: [Synth 8-7129] Port m_axi_buser[0] in module axi_infrastructure_v1_1_0_vector2axi__parameterized0 is either unconnected or has no load
WARNING: [Synth 8-7129] Port m_axi_rid[0] in module axi_infrastructure_v1_1_0_vector2axi__parameterized0 is either unconnected or has no load
WARNING: [Synth 8-7129] Port m_axi_rlast in module axi_infrastructure_v1_1_0_vector2axi__parameterized0 is either unconnected or has no load
WARNING: [Synth 8-7129] Port m_axi_ruser[0] in module axi_infrastructure_v1_1_0_vector2axi__parameterized0 is either unconnected or has no load
WARNING: [Synth 8-7129] Port s_axi_awid[0] in module axi_infrastructure_v1_1_0_axi2vector__parameterized0 is either unconnected or has no load
WARNING: [Synth 8-7129] Port s_axi_awlen[7] in module axi_infrastructure_v1_1_0_axi2vector__parameterized0 is either unconnected or has no load
WARNING: [Synth 8-7129] Port s_axi_awlen[6] in module axi_infrastructure_v1_1_0_axi2vector__parameterized0 is either unconnected or has no load
WARNING: [Synth 8-7129] Port s_axi_awlen[5] in module axi_infrastructure_v1_1_0_axi2vector__parameterized0 is either unconnected or has no load
WARNING: [Synth 8-7129] Port s_axi_awlen[4] in module axi_infrastructure_v1_1_0_axi2vector__parameterized0 is either unconnected or has no load
WARNING: [Synth 8-7129] Port s_axi_awlen[3] in module axi_infrastructure_v1_1_0_axi2vector__parameterized0 is either unconnected or has no load
WARNING: [Synth 8-7129] Port s_axi_awlen[2] in module axi_infrastructure_v1_1_0_axi2vector__parameterized0 is either unconnected or has no load
WARNING: [Synth 8-7129] Port s_axi_awlen[1] in module axi_infrastructure_v1_1_0_axi2vector__parameterized0 is either unconnected or has no load
WARNING: [Synth 8-7129] Port s_axi_awlen[0] in module axi_infrastructure_v1_1_0_axi2vector__parameterized0 is either unconnected or has no load
WARNING: [Synth 8-7129] Port s_axi_awsize[2] in module axi_infrastructure_v1_1_0_axi2vector__parameterized0 is either unconnected or has no load
WARNING: [Synth 8-7129] Port s_axi_awsize[1] in module axi_infrastructure_v1_1_0_axi2vector__parameterized0 is either unconnected or has no load
WARNING: [Synth 8-7129] Port s_axi_awsize[0] in module axi_infrastructure_v1_1_0_axi2vector__parameterized0 is either unconnected or has no load
WARNING: [Synth 8-7129] Port s_axi_awburst[1] in module axi_infrastructure_v1_1_0_axi2vector__parameterized0 is either unconnected or has no load
WARNING: [Synth 8-7129] Port s_axi_awburst[0] in module axi_infrastructure_v1_1_0_axi2vector__parameterized0 is either unconnected or has no load
WARNING: [Synth 8-7129] Port s_axi_awlock[0] in module axi_infrastructure_v1_1_0_axi2vector__parameterized0 is either unconnected or has no load
WARNING: [Synth 8-7129] Port s_axi_awcache[3] in module axi_infrastructure_v1_1_0_axi2vector__parameterized0 is either unconnected or has no load
WARNING: [Synth 8-7129] Port s_axi_awcache[2] in module axi_infrastructure_v1_1_0_axi2vector__parameterized0 is either unconnected or has no load
WARNING: [Synth 8-7129] Port s_axi_awcache[1] in module axi_infrastructure_v1_1_0_axi2vector__parameterized0 is either unconnected or has no load
WARNING: [Synth 8-7129] Port s_axi_awcache[0] in module axi_infrastructure_v1_1_0_axi2vector__parameterized0 is either unconnected or has no load
WARNING: [Synth 8-7129] Port s_axi_awregion[3] in module axi_infrastructure_v1_1_0_axi2vector__parameterized0 is either unconnected or has no load
WARNING: [Synth 8-7129] Port s_axi_awregion[2] in module axi_infrastructure_v1_1_0_axi2vector__parameterized0 is either unconnected or has no load
WARNING: [Synth 8-7129] Port s_axi_awregion[1] in module axi_infrastructure_v1_1_0_axi2vector__parameterized0 is either unconnected or has no load
WARNING: [Synth 8-7129] Port s_axi_awregion[0] in module axi_infrastructure_v1_1_0_axi2vector__parameterized0 is either unconnected or has no load
WARNING: [Synth 8-7129] Port s_axi_awqos[3] in module axi_infrastructure_v1_1_0_axi2vector__parameterized0 is either unconnected or has no load
WARNING: [Synth 8-7129] Port s_axi_awqos[2] in module axi_infrastructure_v1_1_0_axi2vector__parameterized0 is either unconnected or has no load
WARNING: [Synth 8-7129] Port s_axi_awqos[1] in module axi_infrastructure_v1_1_0_axi2vector__parameterized0 is either unconnected or has no load
WARNING: [Synth 8-7129] Port s_axi_awqos[0] in module axi_infrastructure_v1_1_0_axi2vector__parameterized0 is either unconnected or has no load
WARNING: [Synth 8-7129] Port s_axi_awuser[0] in module axi_infrastructure_v1_1_0_axi2vector__parameterized0 is either unconnected or has no load
WARNING: [Synth 8-7129] Port s_axi_wid[0] in module axi_infrastructure_v1_1_0_axi2vector__parameterized0 is either unconnected or has no load
WARNING: [Synth 8-7129] Port s_axi_wlast in module axi_infrastructure_v1_1_0_axi2vector__parameterized0 is either unconnected or has no load
WARNING: [Synth 8-7129] Port s_axi_wuser[0] in module axi_infrastructure_v1_1_0_axi2vector__parameterized0 is either unconnected or has no load
WARNING: [Synth 8-7129] Port s_axi_arid[0] in module axi_infrastructure_v1_1_0_axi2vector__parameterized0 is either unconnected or has no load
WARNING: [Synth 8-7129] Port s_axi_arlen[7] in module axi_infrastructure_v1_1_0_axi2vector__parameterized0 is either unconnected or has no load
WARNING: [Synth 8-7129] Port s_axi_arlen[6] in module axi_infrastructure_v1_1_0_axi2vector__parameterized0 is either unconnected or has no load
WARNING: [Synth 8-7129] Port s_axi_arlen[5] in module axi_infrastructure_v1_1_0_axi2vector__parameterized0 is either unconnected or has no load
WARNING: [Synth 8-7129] Port s_axi_arlen[4] in module axi_infrastructure_v1_1_0_axi2vector__parameterized0 is either unconnected or has no load
WARNING: [Synth 8-7129] Port s_axi_arlen[3] in module axi_infrastructure_v1_1_0_axi2vector__parameterized0 is either unconnected or has no load
WARNING: [Synth 8-7129] Port s_axi_arlen[2] in module axi_infrastructure_v1_1_0_axi2vector__parameterized0 is either unconnected or has no load
WARNING: [Synth 8-7129] Port s_axi_arlen[1] in module axi_infrastructure_v1_1_0_axi2vector__parameterized0 is either unconnected or has no load
WARNING: [Synth 8-7129] Port s_axi_arlen[0] in module axi_infrastructure_v1_1_0_axi2vector__parameterized0 is either unconnected or has no load
WARNING: [Synth 8-7129] Port s_axi_arsize[2] in module axi_infrastructure_v1_1_0_axi2vector__parameterized0 is either unconnected or has no load
WARNING: [Synth 8-7129] Port s_axi_arsize[1] in module axi_infrastructure_v1_1_0_axi2vector__parameterized0 is either unconnected or has no load
WARNING: [Synth 8-7129] Port s_axi_arsize[0] in module axi_infrastructure_v1_1_0_axi2vector__parameterized0 is either unconnected or has no load
WARNING: [Synth 8-7129] Port s_axi_arburst[1] in module axi_infrastructure_v1_1_0_axi2vector__parameterized0 is either unconnected or has no load
WARNING: [Synth 8-7129] Port s_axi_arburst[0] in module axi_infrastructure_v1_1_0_axi2vector__parameterized0 is either unconnected or has no load
WARNING: [Synth 8-7129] Port s_axi_arlock[0] in module axi_infrastructure_v1_1_0_axi2vector__parameterized0 is either unconnected or has no load
WARNING: [Synth 8-7129] Port s_axi_arcache[3] in module axi_infrastructure_v1_1_0_axi2vector__parameterized0 is either unconnected or has no load
WARNING: [Synth 8-7129] Port s_axi_arcache[2] in module axi_infrastructure_v1_1_0_axi2vector__parameterized0 is either unconnected or has no load
WARNING: [Synth 8-7129] Port s_axi_arcache[1] in module axi_infrastructure_v1_1_0_axi2vector__parameterized0 is either unconnected or has no load
WARNING: [Synth 8-7129] Port s_axi_arcache[0] in module axi_infrastructure_v1_1_0_axi2vector__parameterized0 is either unconnected or has no load
WARNING: [Synth 8-7129] Port s_axi_arregion[3] in module axi_infrastructure_v1_1_0_axi2vector__parameterized0 is either unconnected or has no load
WARNING: [Synth 8-7129] Port s_axi_arregion[2] in module axi_infrastructure_v1_1_0_axi2vector__parameterized0 is either unconnected or has no load
WARNING: [Synth 8-7129] Port s_axi_arregion[1] in module axi_infrastructure_v1_1_0_axi2vector__parameterized0 is either unconnected or has no load
WARNING: [Synth 8-7129] Port s_axi_arregion[0] in module axi_infrastructure_v1_1_0_axi2vector__parameterized0 is either unconnected or has no load
WARNING: [Synth 8-7129] Port s_axi_arqos[3] in module axi_infrastructure_v1_1_0_axi2vector__parameterized0 is either unconnected or has no load
WARNING: [Synth 8-7129] Port s_axi_arqos[2] in module axi_infrastructure_v1_1_0_axi2vector__parameterized0 is either unconnected or has no load
WARNING: [Synth 8-7129] Port s_axi_arqos[1] in module axi_infrastructure_v1_1_0_axi2vector__parameterized0 is either unconnected or has no load
WARNING: [Synth 8-7129] Port s_axi_arqos[0] in module axi_infrastructure_v1_1_0_axi2vector__parameterized0 is either unconnected or has no load
WARNING: [Synth 8-7129] Port s_axi_aruser[0] in module axi_infrastructure_v1_1_0_axi2vector__parameterized0 is either unconnected or has no load
WARNING: [Synth 8-7129] Port aclk2x in module axi_register_slice_v2_1_31_axi_register_slice__parameterized0 is either unconnected or has no load
WARNING: [Synth 8-7129] Port ACLK in module axi_register_slice_v2_1_31_axic_register_slice__parameterized0 is either unconnected or has no load
WARNING: [Synth 8-7129] Port ARESET in module axi_register_slice_v2_1_31_axic_register_slice__parameterized0 is either unconnected or has no load
WARNING: [Synth 8-7129] Port m_axi_buser[0] in module axi_infrastructure_v1_1_0_vector2axi is either unconnected or has no load
WARNING: [Synth 8-7129] Port m_axi_ruser[0] in module axi_infrastructure_v1_1_0_vector2axi is either unconnected or has no load
WARNING: [Synth 8-7129] Port s_axi_awregion[3] in module axi_infrastructure_v1_1_0_axi2vector is either unconnected or has no load
WARNING: [Synth 8-7129] Port s_axi_awregion[2] in module axi_infrastructure_v1_1_0_axi2vector is either unconnected or has no load
WARNING: [Synth 8-7129] Port s_axi_awregion[1] in module axi_infrastructure_v1_1_0_axi2vector is either unconnected or has no load
WARNING: [Synth 8-7129] Port s_axi_awregion[0] in module axi_infrastructure_v1_1_0_axi2vector is either unconnected or has no load
WARNING: [Synth 8-7129] Port s_axi_awuser[0] in module axi_infrastructure_v1_1_0_axi2vector is either unconnected or has no load
WARNING: [Synth 8-7129] Port s_axi_wuser[0] in module axi_infrastructure_v1_1_0_axi2vector is either unconnected or has no load
WARNING: [Synth 8-7129] Port s_axi_arregion[3] in module axi_infrastructure_v1_1_0_axi2vector is either unconnected or has no load
WARNING: [Synth 8-7129] Port s_axi_arregion[2] in module axi_infrastructure_v1_1_0_axi2vector is either unconnected or has no load
WARNING: [Synth 8-7129] Port s_axi_arregion[1] in module axi_infrastructure_v1_1_0_axi2vector is either unconnected or has no load
WARNING: [Synth 8-7129] Port s_axi_arregion[0] in module axi_infrastructure_v1_1_0_axi2vector is either unconnected or has no load
WARNING: [Synth 8-7129] Port s_axi_aruser[0] in module axi_infrastructure_v1_1_0_axi2vector is either unconnected or has no load
WARNING: [Synth 8-7129] Port aclk2x in module axi_register_slice_v2_1_31_axi_register_slice is either unconnected or has no load
WARNING: [Synth 8-7129] Port s_arlen[7] in module axi_protocol_converter_v2_1_31_b2s_rd_cmd_fsm is either unconnected or has no load
WARNING: [Synth 8-7129] Port s_arlen[6] in module axi_protocol_converter_v2_1_31_b2s_rd_cmd_fsm is either unconnected or has no load
WARNING: [Synth 8-7129] Port s_arlen[5] in module axi_protocol_converter_v2_1_31_b2s_rd_cmd_fsm is either unconnected or has no load
WARNING: [Synth 8-7129] Port s_arlen[4] in module axi_protocol_converter_v2_1_31_b2s_rd_cmd_fsm is either unconnected or has no load
WARNING: [Synth 8-7129] Port s_arlen[3] in module axi_protocol_converter_v2_1_31_b2s_rd_cmd_fsm is either unconnected or has no load
WARNING: [Synth 8-7129] Port s_arlen[2] in module axi_protocol_converter_v2_1_31_b2s_rd_cmd_fsm is either unconnected or has no load
WARNING: [Synth 8-7129] Port s_arlen[1] in module axi_protocol_converter_v2_1_31_b2s_rd_cmd_fsm is either unconnected or has no load
WARNING: [Synth 8-7129] Port s_arlen[0] in module axi_protocol_converter_v2_1_31_b2s_rd_cmd_fsm is either unconnected or has no load
WARNING: [Synth 8-7129] Port axlen[7] in module axi_protocol_converter_v2_1_31_b2s_wrap_cmd is either unconnected or has no load
WARNING: [Synth 8-7129] Port axlen[6] in module axi_protocol_converter_v2_1_31_b2s_wrap_cmd is either unconnected or has no load
WARNING: [Synth 8-7129] Port axlen[5] in module axi_protocol_converter_v2_1_31_b2s_wrap_cmd is either unconnected or has no load
INFO: [Common 17-14] Message 'Synth 8-7129' appears 100 times and further instances of the messages will be disabled. Use the Tcl command set_msg_config to change the current settings.
---------------------------------------------------------------------------------
Finished RTL Elaboration : Time (s): cpu = 00:00:08 ; elapsed = 00:00:09 . Memory (MB): peak = 2353.055 ; gain = 611.684 ; free physical = 4240 ; free virtual = 16436
---------------------------------------------------------------------------------
---------------------------------------------------------------------------------
Start Handling Custom Attributes
---------------------------------------------------------------------------------
---------------------------------------------------------------------------------
Finished Handling Custom Attributes : Time (s): cpu = 00:00:08 ; elapsed = 00:00:09 . Memory (MB): peak = 2353.055 ; gain = 611.684 ; free physical = 4240 ; free virtual = 16436
---------------------------------------------------------------------------------
---------------------------------------------------------------------------------
Finished RTL Optimization Phase 1 : Time (s): cpu = 00:00:08 ; elapsed = 00:00:09 . Memory (MB): peak = 2353.055 ; gain = 611.684 ; free physical = 4240 ; free virtual = 16436
---------------------------------------------------------------------------------
Netlist sorting complete. Time (s): cpu = 00:00:00.03 ; elapsed = 00:00:00.02 . Memory (MB): peak = 2353.055 ; gain = 0.000 ; free physical = 4240 ; free virtual = 16436
INFO: [Project 1-570] Preparing netlist for logic optimization

Processing XDC Constraints
Initializing timing engine
Parsing XDC File [/home/jsp/Storage/CFU_PYNQ_FIles/CFU_SRC/pynq_z2/pynq_z2/arunQAFDHGDZXVNBDXG_gae.gen/sources_1/bd/system/ip/system_auto_pc_0/system_auto_pc_0_ooc.xdc] for cell 'inst'
Finished Parsing XDC File [/home/jsp/Storage/CFU_PYNQ_FIles/CFU_SRC/pynq_z2/pynq_z2/arunQAFDHGDZXVNBDXG_gae.gen/sources_1/bd/system/ip/system_auto_pc_0/system_auto_pc_0_ooc.xdc] for cell 'inst'
Parsing XDC File [/home/jsp/Storage/CFU_PYNQ_FIles/CFU_SRC/pynq_z2/pynq_z2/arunQAFDHGDZXVNBDXG_gae.runs/system_auto_pc_0_synth_1/dont_touch.xdc]
Finished Parsing XDC File [/home/jsp/Storage/CFU_PYNQ_FIles/CFU_SRC/pynq_z2/pynq_z2/arunQAFDHGDZXVNBDXG_gae.runs/system_auto_pc_0_synth_1/dont_touch.xdc]
Completed Processing XDC Constraints

Netlist sorting complete. Time (s): cpu = 00:00:00 ; elapsed = 00:00:00 . Memory (MB): peak = 2465.836 ; gain = 0.000 ; free physical = 4232 ; free virtual = 16428
INFO: [Project 1-111] Unisim Transformation Summary:
No Unisim elements were transformed.

Constraint Validation Runtime : Time (s): cpu = 00:00:00.05 ; elapsed = 00:00:00.03 . Memory (MB): peak = 2465.836 ; gain = 0.000 ; free physical = 4232 ; free virtual = 16428
INFO: [Designutils 20-5008] Incremental synthesis strategy off
---------------------------------------------------------------------------------
Finished Constraint Validation : Time (s): cpu = 00:00:13 ; elapsed = 00:00:15 . Memory (MB): peak = 2465.836 ; gain = 724.465 ; free physical = 4232 ; free virtual = 16428
---------------------------------------------------------------------------------
---------------------------------------------------------------------------------
Start Loading Part and Timing Information
---------------------------------------------------------------------------------
Loading part: xc7z020clg400-1
---------------------------------------------------------------------------------
Finished Loading Part and Timing Information : Time (s): cpu = 00:00:13 ; elapsed = 00:00:15 . Memory (MB): peak = 2473.840 ; gain = 732.469 ; free physical = 4232 ; free virtual = 16428
---------------------------------------------------------------------------------
---------------------------------------------------------------------------------
Start Applying 'set_property' XDC Constraints
---------------------------------------------------------------------------------
Applied set_property KEEP_HIERARCHY = SOFT for inst. (constraint file  /home/jsp/Storage/CFU_PYNQ_FIles/CFU_SRC/pynq_z2/pynq_z2/arunQAFDHGDZXVNBDXG_gae.runs/system_auto_pc_0_synth_1/dont_touch.xdc, line 9).
---------------------------------------------------------------------------------
Finished applying 'set_property' XDC Constraints : Time (s): cpu = 00:00:13 ; elapsed = 00:00:15 . Memory (MB): peak = 2473.840 ; gain = 732.469 ; free physical = 4232 ; free virtual = 16428
---------------------------------------------------------------------------------
INFO: [Synth 8-802] inferred FSM for state register 'state_reg' in module 'axi_protocol_converter_v2_1_31_b2s_wr_cmd_fsm'
INFO: [Synth 8-802] inferred FSM for state register 'state_reg' in module 'axi_protocol_converter_v2_1_31_b2s_rd_cmd_fsm'
---------------------------------------------------------------------------------------------------
                   State |                     New Encoding |                Previous Encoding 
---------------------------------------------------------------------------------------------------
                 SM_IDLE |                               01 |                               00
               SM_CMD_EN |                               11 |                               01
         SM_CMD_ACCEPTED |                               10 |                               10
            SM_DONE_WAIT |                               00 |                               11
---------------------------------------------------------------------------------------------------
INFO: [Synth 8-3354] encoded FSM with state register 'state_reg' using encoding 'sequential' in module 'axi_protocol_converter_v2_1_31_b2s_wr_cmd_fsm'
---------------------------------------------------------------------------------------------------
                   State |                     New Encoding |                Previous Encoding 
---------------------------------------------------------------------------------------------------
                 SM_IDLE |                               01 |                               00
               SM_CMD_EN |                               11 |                               01
         SM_CMD_ACCEPTED |                               10 |                               10
                 SM_DONE |                               00 |                               11
---------------------------------------------------------------------------------------------------
INFO: [Synth 8-3354] encoded FSM with state register 'state_reg' using encoding 'sequential' in module 'axi_protocol_converter_v2_1_31_b2s_rd_cmd_fsm'
---------------------------------------------------------------------------------
Finished RTL Optimization Phase 2 : Time (s): cpu = 00:00:14 ; elapsed = 00:00:15 . Memory (MB): peak = 2473.840 ; gain = 732.469 ; free physical = 4231 ; free virtual = 16428
---------------------------------------------------------------------------------
---------------------------------------------------------------------------------
Start RTL Component Statistics 
---------------------------------------------------------------------------------
Detailed RTL Component Info : 
+---Adders : 
	   2 Input   12 Bit       Adders := 8     
	   2 Input    9 Bit       Adders := 2     
	   2 Input    8 Bit       Adders := 1     
	   2 Input    5 Bit       Adders := 4     
	   2 Input    4 Bit       Adders := 4     
	   2 Input    2 Bit       Adders := 2     
+---Registers : 
	               66 Bit    Registers := 4     
	               47 Bit    Registers := 2     
	               14 Bit    Registers := 2     
	               12 Bit    Registers := 9     
	                9 Bit    Registers := 2     
	                8 Bit    Registers := 2     
	                5 Bit    Registers := 4     
	                4 Bit    Registers := 6     
	                2 Bit    Registers := 7     
	                1 Bit    Registers := 28    
+---Muxes : 
	   2 Input   66 Bit        Muxes := 4     
	   2 Input   47 Bit        Muxes := 2     
	   2 Input   32 Bit        Muxes := 8     
	   2 Input   14 Bit        Muxes := 2     
	   2 Input   12 Bit        Muxes := 6     
	   2 Input    9 Bit        Muxes := 4     
	   2 Input    5 Bit        Muxes := 4     
	   2 Input    4 Bit        Muxes := 18    
	   2 Input    2 Bit        Muxes := 17    
	   4 Input    2 Bit        Muxes := 4     
	   2 Input    1 Bit        Muxes := 29    
---------------------------------------------------------------------------------
Finished RTL Component Statistics 
---------------------------------------------------------------------------------
---------------------------------------------------------------------------------
Start Part Resource Summary
---------------------------------------------------------------------------------
Part Resources:
DSPs: 220 (col length:60)
BRAMs: 280 (col length: RAMB18 60 RAMB36 30)
---------------------------------------------------------------------------------
Finished Part Resource Summary
---------------------------------------------------------------------------------
---------------------------------------------------------------------------------
Start Cross Boundary and Area Optimization
---------------------------------------------------------------------------------
WARNING: [Synth 8-7080] Parallel synthesis criteria is not met
INFO: [Synth 8-3936] Found unconnected internal register 'gen_axilite.gen_b2s_conv.axilite_b2s/SI_REG/aw.aw_pipe/m_payload_i_reg' and it is trimmed from '66' to '62' bits. [/home/jsp/Storage/CFU_PYNQ_FIles/CFU_SRC/pynq_z2/pynq_z2/arunQAFDHGDZXVNBDXG_gae.gen/sources_1/bd/system/ipshared/92b2/hdl/axi_register_slice_v2_1_vl_rfs.v:1726]
INFO: [Synth 8-3936] Found unconnected internal register 'gen_axilite.gen_b2s_conv.axilite_b2s/SI_REG/ar.ar_pipe/m_payload_i_reg' and it is trimmed from '66' to '62' bits. [/home/jsp/Storage/CFU_PYNQ_FIles/CFU_SRC/pynq_z2/pynq_z2/arunQAFDHGDZXVNBDXG_gae.gen/sources_1/bd/system/ipshared/92b2/hdl/axi_register_slice_v2_1_vl_rfs.v:1726]
---------------------------------------------------------------------------------
Finished Cross Boundary and Area Optimization : Time (s): cpu = 00:00:16 ; elapsed = 00:00:17 . Memory (MB): peak = 2473.840 ; gain = 732.469 ; free physical = 4238 ; free virtual = 16435
---------------------------------------------------------------------------------
---------------------------------------------------------------------------------
Start Applying XDC Timing Constraints
---------------------------------------------------------------------------------
---------------------------------------------------------------------------------
Finished Applying XDC Timing Constraints : Time (s): cpu = 00:00:21 ; elapsed = 00:00:22 . Memory (MB): peak = 2473.840 ; gain = 732.469 ; free physical = 4249 ; free virtual = 16446
---------------------------------------------------------------------------------
---------------------------------------------------------------------------------
Start Timing Optimization
---------------------------------------------------------------------------------
---------------------------------------------------------------------------------
Finished Timing Optimization : Time (s): cpu = 00:00:22 ; elapsed = 00:00:23 . Memory (MB): peak = 2473.840 ; gain = 732.469 ; free physical = 4274 ; free virtual = 16471
---------------------------------------------------------------------------------
---------------------------------------------------------------------------------
Start Technology Mapping
---------------------------------------------------------------------------------
---------------------------------------------------------------------------------
Finished Technology Mapping : Time (s): cpu = 00:00:22 ; elapsed = 00:00:24 . Memory (MB): peak = 2473.840 ; gain = 732.469 ; free physical = 4267 ; free virtual = 16464
---------------------------------------------------------------------------------
---------------------------------------------------------------------------------
Start IO Insertion
---------------------------------------------------------------------------------
---------------------------------------------------------------------------------
Start Flattening Before IO Insertion
---------------------------------------------------------------------------------
---------------------------------------------------------------------------------
Finished Flattening Before IO Insertion
---------------------------------------------------------------------------------
---------------------------------------------------------------------------------
Start Final Netlist Cleanup
---------------------------------------------------------------------------------
---------------------------------------------------------------------------------
Finished Final Netlist Cleanup
---------------------------------------------------------------------------------
---------------------------------------------------------------------------------
Finished IO Insertion : Time (s): cpu = 00:00:26 ; elapsed = 00:00:27 . Memory (MB): peak = 2473.840 ; gain = 732.469 ; free physical = 4116 ; free virtual = 16356
---------------------------------------------------------------------------------
---------------------------------------------------------------------------------
Start Renaming Generated Instances
---------------------------------------------------------------------------------
---------------------------------------------------------------------------------
Finished Renaming Generated Instances : Time (s): cpu = 00:00:26 ; elapsed = 00:00:27 . Memory (MB): peak = 2473.840 ; gain = 732.469 ; free physical = 4116 ; free virtual = 16356
---------------------------------------------------------------------------------
---------------------------------------------------------------------------------
Start Rebuilding User Hierarchy
---------------------------------------------------------------------------------
---------------------------------------------------------------------------------
Finished Rebuilding User Hierarchy : Time (s): cpu = 00:00:26 ; elapsed = 00:00:27 . Memory (MB): peak = 2473.840 ; gain = 732.469 ; free physical = 4110 ; free virtual = 16350
---------------------------------------------------------------------------------
---------------------------------------------------------------------------------
Start Renaming Generated Ports
---------------------------------------------------------------------------------
---------------------------------------------------------------------------------
Finished Renaming Generated Ports : Time (s): cpu = 00:00:26 ; elapsed = 00:00:27 . Memory (MB): peak = 2473.840 ; gain = 732.469 ; free physical = 4110 ; free virtual = 16350
---------------------------------------------------------------------------------
---------------------------------------------------------------------------------
Start Handling Custom Attributes
---------------------------------------------------------------------------------
---------------------------------------------------------------------------------
Finished Handling Custom Attributes : Time (s): cpu = 00:00:26 ; elapsed = 00:00:27 . Memory (MB): peak = 2473.840 ; gain = 732.469 ; free physical = 4102 ; free virtual = 16342
---------------------------------------------------------------------------------
---------------------------------------------------------------------------------
Start Renaming Generated Nets
---------------------------------------------------------------------------------
---------------------------------------------------------------------------------
Finished Renaming Generated Nets : Time (s): cpu = 00:00:26 ; elapsed = 00:00:27 . Memory (MB): peak = 2473.840 ; gain = 732.469 ; free physical = 4102 ; free virtual = 16342
---------------------------------------------------------------------------------
---------------------------------------------------------------------------------
Start ROM, RAM, DSP, Shift Register and Retiming Reporting
---------------------------------------------------------------------------------

Dynamic Shift Register Report:
+------------+----------------+--------+------------+--------+---------+--------+--------+--------+
|Module Name | RTL Name       | Length | Data Width | SRL16E | SRLC32E | Mux F7 | Mux F8 | Mux F9 | 
+------------+----------------+--------+------------+--------+---------+--------+--------+--------+
|dsrl        | memory_reg[3]  | 20     | 20         | 20     | 0       | 0      | 0      | 0      | 
|dsrl__1     | memory_reg[3]  | 2      | 2          | 2      | 0       | 0      | 0      | 0      | 
|dsrl__2     | memory_reg[31] | 34     | 34         | 0      | 34      | 0      | 0      | 0      | 
|dsrl__3     | memory_reg[31] | 13     | 13         | 0      | 13      | 0      | 0      | 0      | 
|dsrl__4     | memory_reg[3]  | 20     | 20         | 20     | 0       | 0      | 0      | 0      | 
|dsrl__5     | memory_reg[3]  | 2      | 2          | 2      | 0       | 0      | 0      | 0      | 
+------------+----------------+--------+------------+--------+---------+--------+--------+--------+

---------------------------------------------------------------------------------
Finished ROM, RAM, DSP, Shift Register and Retiming Reporting
---------------------------------------------------------------------------------
---------------------------------------------------------------------------------
Start Writing Synthesis Report
---------------------------------------------------------------------------------

Report BlackBoxes: 
+-+--------------+----------+
| |BlackBox name |Instances |
+-+--------------+----------+
+-+--------------+----------+

Report Cell Usage: 
+------+--------+------+
|      |Cell    |Count |
+------+--------+------+
|1     |CARRY4  |    18|
|2     |LUT1    |     5|
|3     |LUT2    |    19|
|4     |LUT3    |   236|
|5     |LUT4    |    43|
|6     |LUT5    |    53|
|7     |LUT6    |   130|
|8     |SRL16E  |    18|
|9     |SRLC32E |    47|
|10    |FDRE    |   546|
|11    |FDSE    |    16|
+------+--------+------+
---------------------------------------------------------------------------------
Finished Writing Synthesis Report : Time (s): cpu = 00:00:26 ; elapsed = 00:00:27 . Memory (MB): peak = 2473.840 ; gain = 732.469 ; free physical = 4102 ; free virtual = 16342
---------------------------------------------------------------------------------
Synthesis finished with 0 errors, 0 critical warnings and 72 warnings.
Synthesis Optimization Runtime : Time (s): cpu = 00:00:24 ; elapsed = 00:00:25 . Memory (MB): peak = 2473.840 ; gain = 619.688 ; free physical = 4078 ; free virtual = 16319
Synthesis Optimization Complete : Time (s): cpu = 00:00:26 ; elapsed = 00:00:27 . Memory (MB): peak = 2473.848 ; gain = 732.469 ; free physical = 4078 ; free virtual = 16319
INFO: [Project 1-571] Translating synthesized netlist
Netlist sorting complete. Time (s): cpu = 00:00:00.02 ; elapsed = 00:00:00.01 . Memory (MB): peak = 2473.848 ; gain = 0.000 ; free physical = 4416 ; free virtual = 16664
INFO: [Netlist 29-17] Analyzing 18 Unisim elements for replacement
INFO: [Netlist 29-28] Unisim Transformation completed in 0 CPU seconds
INFO: [Project 1-570] Preparing netlist for logic optimization
INFO: [Opt 31-138] Pushed 0 inverter(s) to 0 load pin(s).
Netlist sorting complete. Time (s): cpu = 00:00:00 ; elapsed = 00:00:00 . Memory (MB): peak = 2529.867 ; gain = 0.000 ; free physical = 4373 ; free virtual = 16710
INFO: [Project 1-111] Unisim Transformation Summary:
No Unisim elements were transformed.

Synth Design complete | Checksum: afd2f2e8
INFO: [Common 17-83] Releasing license: Synthesis
88 Infos, 109 Warnings, 0 Critical Warnings and 0 Errors encountered.
synth_design completed successfully
synth_design: Time (s): cpu = 00:00:33 ; elapsed = 00:00:32 . Memory (MB): peak = 2529.867 ; gain = 1112.996 ; free physical = 4348 ; free virtual = 16703
INFO: [Common 17-2834] synth_design peak Physical Memory [PSS] (MB): overall = 1968.216; main = 1587.301; forked = 414.962
INFO: [Common 17-2834] synth_design peak Virtual Memory [VSS] (MB): overall = 3570.723; main = 2529.871; forked = 1096.879
Write ShapeDB Complete: Time (s): cpu = 00:00:00 ; elapsed = 00:00:00 . Memory (MB): peak = 2553.879 ; gain = 0.000 ; free physical = 4340 ; free virtual = 16701
INFO: [Common 17-1381] The checkpoint '/home/jsp/Storage/CFU_PYNQ_FIles/CFU_SRC/pynq_z2/pynq_z2/arunQAFDHGDZXVNBDXG_gae.runs/system_auto_pc_0_synth_1/system_auto_pc_0.dcp' has been generated.
INFO: [Coretcl 2-1648] Added synthesis output to IP cache for IP system_auto_pc_0, cache-ID = 28dbe6f2fca8b92b
INFO: [Coretcl 2-1174] Renamed 23 cell refs.
Write ShapeDB Complete: Time (s): cpu = 00:00:00 ; elapsed = 00:00:00 . Memory (MB): peak = 2553.879 ; gain = 0.000 ; free physical = 4242 ; free virtual = 16649
INFO: [Common 17-1381] The checkpoint '/home/jsp/Storage/CFU_PYNQ_FIles/CFU_SRC/pynq_z2/pynq_z2/arunQAFDHGDZXVNBDXG_gae.runs/system_auto_pc_0_synth_1/system_auto_pc_0.dcp' has been generated.
INFO: [Vivado 12-24828] Executing command : report_utilization -file system_auto_pc_0_utilization_synth.rpt -pb system_auto_pc_0_utilization_synth.pb
INFO: [Common 17-206] Exiting Vivado at Tue Nov  4 14:34:39 2025...
[Tue Nov  4 14:34:50 2025] system_auto_pc_0_synth_1 finished
wait_on_runs: Time (s): cpu = 00:00:50 ; elapsed = 00:00:54 . Memory (MB): peak = 10143.383 ; gain = 0.000 ; free physical = 5493 ; free virtual = 18063
launch_runs system_axi_gpio_0_0_synth_1
INFO: [IP_Flow 19-6924] IPCACHE: Running cache check for IP inst: system_axi_gpio_0_0
[Tue Nov  4 14:34:50 2025] Launched system_axi_gpio_0_0_synth_1...
Run output will be captured here: /home/jsp/Storage/CFU_PYNQ_FIles/CFU_SRC/pynq_z2/pynq_z2/arunQAFDHGDZXVNBDXG_gae.runs/system_axi_gpio_0_0_synth_1/runme.log
wait_on_run system_axi_gpio_0_0_synth_1
[Tue Nov  4 14:34:50 2025] Waiting for system_axi_gpio_0_0_synth_1 to finish...
[Tue Nov  4 14:34:55 2025] Waiting for system_axi_gpio_0_0_synth_1 to finish...
[Tue Nov  4 14:35:00 2025] Waiting for system_axi_gpio_0_0_synth_1 to finish...
[Tue Nov  4 14:35:05 2025] Waiting for system_axi_gpio_0_0_synth_1 to finish...
[Tue Nov  4 14:35:15 2025] Waiting for system_axi_gpio_0_0_synth_1 to finish...
[Tue Nov  4 14:35:25 2025] Waiting for system_axi_gpio_0_0_synth_1 to finish...
[Tue Nov  4 14:35:35 2025] Waiting for system_axi_gpio_0_0_synth_1 to finish...

*** Running vivado
    with args -log system_axi_gpio_0_0.vds -m64 -product Vivado -mode batch -messageDb vivado.pb -notrace -source system_axi_gpio_0_0.tcl


****** Vivado v2024.1 (64-bit)
  **** SW Build 5076996 on Wed May 22 18:36:09 MDT 2024
  **** IP Build 5075265 on Wed May 22 21:45:21 MDT 2024
  **** SharedData Build 5076995 on Wed May 22 18:29:18 MDT 2024
  **** Start of session at: Tue Nov  4 14:34:52 2025
    ** Copyright 1986-2022 Xilinx, Inc. All Rights Reserved.
    ** Copyright 2022-2024 Advanced Micro Devices, Inc. All Rights Reserved.

source system_axi_gpio_0_0.tcl -notrace
create_project: Time (s): cpu = 00:00:06 ; elapsed = 00:00:06 . Memory (MB): peak = 1416.871 ; gain = 0.027 ; free physical = 5061 ; free virtual = 17632
INFO: [IP_Flow 19-234] Refreshing IP repositories
WARNING: [IP_Flow 19-2248] Failed to load user IP repository '/home/work/Xilinx/Vivado/2024.2/data/ip'; Can't find the specified path.
If this directory should no longer be in your list of user repositories, go to the IP Settings dialog and remove it.
WARNING: [IP_Flow 19-2248] Failed to load user IP repository '/home/primary/vivado-library/ip'; Can't find the specified path.
If this directory should no longer be in your list of user repositories, go to the IP Settings dialog and remove it.
INFO: [IP_Flow 19-2313] Loaded Vivado IP repository '/home/jsp/Storage/Vivado/2024.1/data/ip'.
INFO: [IP_Flow 19-6924] IPCACHE: Running cache check for IP inst: system_axi_gpio_0_0
Command: synth_design -top system_axi_gpio_0_0 -part xc7z020clg400-1 -incremental_mode off -mode out_of_context
Starting synth_design
Attempting to get a license for feature 'Synthesis' and/or device 'xc7z020'
INFO: [Common 17-349] Got license for feature 'Synthesis' and/or device 'xc7z020'
INFO: [Device 21-403] Loading part xc7z020clg400-1
INFO: [Device 21-9227] Part: xc7z020clg400-1 does not have CEAM library.
INFO: [Synth 8-7079] Multithreading enabled for synth_design using a maximum of 4 processes.
INFO: [Synth 8-7078] Launching helper process for spawning children vivado processes
INFO: [Synth 8-7075] Helper process launched with PID 59764
---------------------------------------------------------------------------------
Starting RTL Elaboration : Time (s): cpu = 00:00:03 ; elapsed = 00:00:03 . Memory (MB): peak = 2151.055 ; gain = 410.715 ; free physical = 3990 ; free virtual = 16561
---------------------------------------------------------------------------------
INFO: [Synth 8-638] synthesizing module 'system_axi_gpio_0_0' [/home/jsp/Storage/CFU_PYNQ_FIles/CFU_SRC/pynq_z2/pynq_z2/arunQAFDHGDZXVNBDXG_gae.gen/sources_1/bd/system/ip/system_axi_gpio_0_0/synth/system_axi_gpio_0_0.vhd:84]
	Parameter C_FAMILY bound to: zynq - type: string 
	Parameter C_S_AXI_ADDR_WIDTH bound to: 9 - type: integer 
	Parameter C_S_AXI_DATA_WIDTH bound to: 32 - type: integer 
	Parameter C_GPIO_WIDTH bound to: 1 - type: integer 
	Parameter C_GPIO2_WIDTH bound to: 32 - type: integer 
	Parameter C_ALL_INPUTS bound to: 0 - type: integer 
	Parameter C_ALL_INPUTS_2 bound to: 0 - type: integer 
	Parameter C_ALL_OUTPUTS bound to: 1 - type: integer 
	Parameter C_ALL_OUTPUTS_2 bound to: 0 - type: integer 
	Parameter C_INTERRUPT_PRESENT bound to: 0 - type: integer 
	Parameter C_DOUT_DEFAULT bound to: 32'b00000000000000000000000000000000 
	Parameter C_TRI_DEFAULT bound to: 32'b11111111111111111111111111111111 
	Parameter C_IS_DUAL bound to: 0 - type: integer 
	Parameter C_DOUT_DEFAULT_2 bound to: 32'b00000000000000000000000000000000 
	Parameter C_TRI_DEFAULT_2 bound to: 32'b11111111111111111111111111111111 
INFO: [Synth 8-3491] module 'axi_gpio' declared at '/home/jsp/Storage/CFU_PYNQ_FIles/CFU_SRC/pynq_z2/pynq_z2/arunQAFDHGDZXVNBDXG_gae.gen/sources_1/bd/system/ipshared/4208/hdl/axi_gpio_v2_0_vh_rfs.vhd:1270' bound to instance 'U0' of component 'axi_gpio' [/home/jsp/Storage/CFU_PYNQ_FIles/CFU_SRC/pynq_z2/pynq_z2/arunQAFDHGDZXVNBDXG_gae.gen/sources_1/bd/system/ip/system_axi_gpio_0_0/synth/system_axi_gpio_0_0.vhd:168]
INFO: [Synth 8-638] synthesizing module 'axi_gpio' [/home/jsp/Storage/CFU_PYNQ_FIles/CFU_SRC/pynq_z2/pynq_z2/arunQAFDHGDZXVNBDXG_gae.gen/sources_1/bd/system/ipshared/4208/hdl/axi_gpio_v2_0_vh_rfs.vhd:1356]
INFO: [Synth 8-638] synthesizing module 'axi_lite_ipif' [/home/jsp/Storage/CFU_PYNQ_FIles/CFU_SRC/pynq_z2/pynq_z2/arunQAFDHGDZXVNBDXG_gae.gen/sources_1/bd/system/ipshared/66ea/hdl/axi_lite_ipif_v3_0_vh_rfs.vhd:2948]
INFO: [Synth 8-638] synthesizing module 'slave_attachment' [/home/jsp/Storage/CFU_PYNQ_FIles/CFU_SRC/pynq_z2/pynq_z2/arunQAFDHGDZXVNBDXG_gae.gen/sources_1/bd/system/ipshared/66ea/hdl/axi_lite_ipif_v3_0_vh_rfs.vhd:2341]
INFO: [Synth 8-638] synthesizing module 'address_decoder' [/home/jsp/Storage/CFU_PYNQ_FIles/CFU_SRC/pynq_z2/pynq_z2/arunQAFDHGDZXVNBDXG_gae.gen/sources_1/bd/system/ipshared/66ea/hdl/axi_lite_ipif_v3_0_vh_rfs.vhd:1775]
INFO: [Synth 8-638] synthesizing module 'pselect_f' [/home/jsp/Storage/CFU_PYNQ_FIles/CFU_SRC/pynq_z2/pynq_z2/arunQAFDHGDZXVNBDXG_gae.gen/sources_1/bd/system/ipshared/66ea/hdl/axi_lite_ipif_v3_0_vh_rfs.vhd:1534]
INFO: [Synth 8-256] done synthesizing module 'pselect_f' (0#1) [/home/jsp/Storage/CFU_PYNQ_FIles/CFU_SRC/pynq_z2/pynq_z2/arunQAFDHGDZXVNBDXG_gae.gen/sources_1/bd/system/ipshared/66ea/hdl/axi_lite_ipif_v3_0_vh_rfs.vhd:1534]
INFO: [Synth 8-638] synthesizing module 'pselect_f__parameterized0' [/home/jsp/Storage/CFU_PYNQ_FIles/CFU_SRC/pynq_z2/pynq_z2/arunQAFDHGDZXVNBDXG_gae.gen/sources_1/bd/system/ipshared/66ea/hdl/axi_lite_ipif_v3_0_vh_rfs.vhd:1534]
INFO: [Synth 8-256] done synthesizing module 'pselect_f__parameterized0' (0#1) [/home/jsp/Storage/CFU_PYNQ_FIles/CFU_SRC/pynq_z2/pynq_z2/arunQAFDHGDZXVNBDXG_gae.gen/sources_1/bd/system/ipshared/66ea/hdl/axi_lite_ipif_v3_0_vh_rfs.vhd:1534]
INFO: [Synth 8-638] synthesizing module 'pselect_f__parameterized1' [/home/jsp/Storage/CFU_PYNQ_FIles/CFU_SRC/pynq_z2/pynq_z2/arunQAFDHGDZXVNBDXG_gae.gen/sources_1/bd/system/ipshared/66ea/hdl/axi_lite_ipif_v3_0_vh_rfs.vhd:1534]
INFO: [Synth 8-256] done synthesizing module 'pselect_f__parameterized1' (0#1) [/home/jsp/Storage/CFU_PYNQ_FIles/CFU_SRC/pynq_z2/pynq_z2/arunQAFDHGDZXVNBDXG_gae.gen/sources_1/bd/system/ipshared/66ea/hdl/axi_lite_ipif_v3_0_vh_rfs.vhd:1534]
INFO: [Synth 8-638] synthesizing module 'pselect_f__parameterized2' [/home/jsp/Storage/CFU_PYNQ_FIles/CFU_SRC/pynq_z2/pynq_z2/arunQAFDHGDZXVNBDXG_gae.gen/sources_1/bd/system/ipshared/66ea/hdl/axi_lite_ipif_v3_0_vh_rfs.vhd:1534]
INFO: [Synth 8-256] done synthesizing module 'pselect_f__parameterized2' (0#1) [/home/jsp/Storage/CFU_PYNQ_FIles/CFU_SRC/pynq_z2/pynq_z2/arunQAFDHGDZXVNBDXG_gae.gen/sources_1/bd/system/ipshared/66ea/hdl/axi_lite_ipif_v3_0_vh_rfs.vhd:1534]
INFO: [Synth 8-256] done synthesizing module 'address_decoder' (0#1) [/home/jsp/Storage/CFU_PYNQ_FIles/CFU_SRC/pynq_z2/pynq_z2/arunQAFDHGDZXVNBDXG_gae.gen/sources_1/bd/system/ipshared/66ea/hdl/axi_lite_ipif_v3_0_vh_rfs.vhd:1775]
INFO: [Synth 8-226] default block is never used [/home/jsp/Storage/CFU_PYNQ_FIles/CFU_SRC/pynq_z2/pynq_z2/arunQAFDHGDZXVNBDXG_gae.gen/sources_1/bd/system/ipshared/66ea/hdl/axi_lite_ipif_v3_0_vh_rfs.vhd:2550]
INFO: [Synth 8-256] done synthesizing module 'slave_attachment' (0#1) [/home/jsp/Storage/CFU_PYNQ_FIles/CFU_SRC/pynq_z2/pynq_z2/arunQAFDHGDZXVNBDXG_gae.gen/sources_1/bd/system/ipshared/66ea/hdl/axi_lite_ipif_v3_0_vh_rfs.vhd:2341]
INFO: [Synth 8-256] done synthesizing module 'axi_lite_ipif' (0#1) [/home/jsp/Storage/CFU_PYNQ_FIles/CFU_SRC/pynq_z2/pynq_z2/arunQAFDHGDZXVNBDXG_gae.gen/sources_1/bd/system/ipshared/66ea/hdl/axi_lite_ipif_v3_0_vh_rfs.vhd:2948]
INFO: [Synth 8-638] synthesizing module 'GPIO_Core' [/home/jsp/Storage/CFU_PYNQ_FIles/CFU_SRC/pynq_z2/pynq_z2/arunQAFDHGDZXVNBDXG_gae.gen/sources_1/bd/system/ipshared/4208/hdl/axi_gpio_v2_0_vh_rfs.vhd:181]
INFO: [Synth 8-226] default block is never used [/home/jsp/Storage/CFU_PYNQ_FIles/CFU_SRC/pynq_z2/pynq_z2/arunQAFDHGDZXVNBDXG_gae.gen/sources_1/bd/system/ipshared/4208/hdl/axi_gpio_v2_0_vh_rfs.vhd:446]
INFO: [Synth 8-638] synthesizing module 'cdc_sync' [/home/jsp/Storage/CFU_PYNQ_FIles/CFU_SRC/pynq_z2/pynq_z2/arunQAFDHGDZXVNBDXG_gae.gen/sources_1/bd/system/ipshared/2a4f/hdl/lib_cdc_v1_0_rfs.vhd:106]
	Parameter INIT bound to: 1'b0 
INFO: [Synth 8-113] binding component instance 'CROSS2_PLEVEL_IN2SCNDRY_IN_cdc_to' to cell 'FDR' [/home/jsp/Storage/CFU_PYNQ_FIles/CFU_SRC/pynq_z2/pynq_z2/arunQAFDHGDZXVNBDXG_gae.gen/sources_1/bd/system/ipshared/2a4f/hdl/lib_cdc_v1_0_rfs.vhd:736]
	Parameter INIT bound to: 1'b0 
INFO: [Synth 8-113] binding component instance 'CROSS2_PLEVEL_IN2SCNDRY_s_level_out_bus_d2' to cell 'FDR' [/home/jsp/Storage/CFU_PYNQ_FIles/CFU_SRC/pynq_z2/pynq_z2/arunQAFDHGDZXVNBDXG_gae.gen/sources_1/bd/system/ipshared/2a4f/hdl/lib_cdc_v1_0_rfs.vhd:772]
	Parameter INIT bound to: 1'b0 
INFO: [Synth 8-113] binding component instance 'CROSS2_PLEVEL_IN2SCNDRY_s_level_out_bus_d3' to cell 'FDR' [/home/jsp/Storage/CFU_PYNQ_FIles/CFU_SRC/pynq_z2/pynq_z2/arunQAFDHGDZXVNBDXG_gae.gen/sources_1/bd/system/ipshared/2a4f/hdl/lib_cdc_v1_0_rfs.vhd:788]
	Parameter INIT bound to: 1'b0 
INFO: [Synth 8-113] binding component instance 'CROSS2_PLEVEL_IN2SCNDRY_s_level_out_bus_d4' to cell 'FDR' [/home/jsp/Storage/CFU_PYNQ_FIles/CFU_SRC/pynq_z2/pynq_z2/arunQAFDHGDZXVNBDXG_gae.gen/sources_1/bd/system/ipshared/2a4f/hdl/lib_cdc_v1_0_rfs.vhd:804]
	Parameter INIT bound to: 1'b0 
INFO: [Synth 8-113] binding component instance 'CROSS2_PLEVEL_IN2SCNDRY_s_level_out_bus_d5' to cell 'FDR' [/home/jsp/Storage/CFU_PYNQ_FIles/CFU_SRC/pynq_z2/pynq_z2/arunQAFDHGDZXVNBDXG_gae.gen/sources_1/bd/system/ipshared/2a4f/hdl/lib_cdc_v1_0_rfs.vhd:821]
	Parameter INIT bound to: 1'b0 
INFO: [Synth 8-113] binding component instance 'CROSS2_PLEVEL_IN2SCNDRY_s_level_out_bus_d6' to cell 'FDR' [/home/jsp/Storage/CFU_PYNQ_FIles/CFU_SRC/pynq_z2/pynq_z2/arunQAFDHGDZXVNBDXG_gae.gen/sources_1/bd/system/ipshared/2a4f/hdl/lib_cdc_v1_0_rfs.vhd:837]
INFO: [Synth 8-256] done synthesizing module 'cdc_sync' (0#1) [/home/jsp/Storage/CFU_PYNQ_FIles/CFU_SRC/pynq_z2/pynq_z2/arunQAFDHGDZXVNBDXG_gae.gen/sources_1/bd/system/ipshared/2a4f/hdl/lib_cdc_v1_0_rfs.vhd:106]
INFO: [Synth 8-256] done synthesizing module 'GPIO_Core' (0#1) [/home/jsp/Storage/CFU_PYNQ_FIles/CFU_SRC/pynq_z2/pynq_z2/arunQAFDHGDZXVNBDXG_gae.gen/sources_1/bd/system/ipshared/4208/hdl/axi_gpio_v2_0_vh_rfs.vhd:181]
INFO: [Synth 8-256] done synthesizing module 'axi_gpio' (0#1) [/home/jsp/Storage/CFU_PYNQ_FIles/CFU_SRC/pynq_z2/pynq_z2/arunQAFDHGDZXVNBDXG_gae.gen/sources_1/bd/system/ipshared/4208/hdl/axi_gpio_v2_0_vh_rfs.vhd:1356]
INFO: [Synth 8-256] done synthesizing module 'system_axi_gpio_0_0' (0#1) [/home/jsp/Storage/CFU_PYNQ_FIles/CFU_SRC/pynq_z2/pynq_z2/arunQAFDHGDZXVNBDXG_gae.gen/sources_1/bd/system/ip/system_axi_gpio_0_0/synth/system_axi_gpio_0_0.vhd:84]
WARNING: [Synth 8-6014] Unused sequential element Not_Dual.ALLOUT_ND.READ_REG_GEN[0].GPIO_DBus_i_reg was removed.  [/home/jsp/Storage/CFU_PYNQ_FIles/CFU_SRC/pynq_z2/pynq_z2/arunQAFDHGDZXVNBDXG_gae.gen/sources_1/bd/system/ipshared/4208/hdl/axi_gpio_v2_0_vh_rfs.vhd:322]
WARNING: [Synth 8-6014] Unused sequential element Not_Dual.gpio_Data_In_reg was removed.  [/home/jsp/Storage/CFU_PYNQ_FIles/CFU_SRC/pynq_z2/pynq_z2/arunQAFDHGDZXVNBDXG_gae.gen/sources_1/bd/system/ipshared/4208/hdl/axi_gpio_v2_0_vh_rfs.vhd:489]
WARNING: [Synth 8-7129] Port prmry_aclk in module cdc_sync is either unconnected or has no load
WARNING: [Synth 8-7129] Port prmry_resetn in module cdc_sync is either unconnected or has no load
WARNING: [Synth 8-7129] Port prmry_in in module cdc_sync is either unconnected or has no load
WARNING: [Synth 8-7129] Port scndry_resetn in module cdc_sync is either unconnected or has no load
WARNING: [Synth 8-7129] Port ABus_Reg[1] in module GPIO_Core is either unconnected or has no load
WARNING: [Synth 8-7129] Port ABus_Reg[2] in module GPIO_Core is either unconnected or has no load
WARNING: [Synth 8-7129] Port ABus_Reg[3] in module GPIO_Core is either unconnected or has no load
WARNING: [Synth 8-7129] Port ABus_Reg[4] in module GPIO_Core is either unconnected or has no load
WARNING: [Synth 8-7129] Port ABus_Reg[7] in module GPIO_Core is either unconnected or has no load
WARNING: [Synth 8-7129] Port ABus_Reg[8] in module GPIO_Core is either unconnected or has no load
WARNING: [Synth 8-7129] Port BE_Reg[0] in module GPIO_Core is either unconnected or has no load
WARNING: [Synth 8-7129] Port BE_Reg[1] in module GPIO_Core is either unconnected or has no load
WARNING: [Synth 8-7129] Port BE_Reg[2] in module GPIO_Core is either unconnected or has no load
WARNING: [Synth 8-7129] Port BE_Reg[3] in module GPIO_Core is either unconnected or has no load
WARNING: [Synth 8-7129] Port GPIO2_IO_I[0] in module GPIO_Core is either unconnected or has no load
WARNING: [Synth 8-7129] Port GPIO2_IO_I[1] in module GPIO_Core is either unconnected or has no load
WARNING: [Synth 8-7129] Port GPIO2_IO_I[2] in module GPIO_Core is either unconnected or has no load
WARNING: [Synth 8-7129] Port GPIO2_IO_I[3] in module GPIO_Core is either unconnected or has no load
WARNING: [Synth 8-7129] Port GPIO2_IO_I[4] in module GPIO_Core is either unconnected or has no load
WARNING: [Synth 8-7129] Port GPIO2_IO_I[5] in module GPIO_Core is either unconnected or has no load
WARNING: [Synth 8-7129] Port GPIO2_IO_I[6] in module GPIO_Core is either unconnected or has no load
WARNING: [Synth 8-7129] Port GPIO2_IO_I[7] in module GPIO_Core is either unconnected or has no load
WARNING: [Synth 8-7129] Port GPIO2_IO_I[8] in module GPIO_Core is either unconnected or has no load
WARNING: [Synth 8-7129] Port GPIO2_IO_I[9] in module GPIO_Core is either unconnected or has no load
WARNING: [Synth 8-7129] Port GPIO2_IO_I[10] in module GPIO_Core is either unconnected or has no load
WARNING: [Synth 8-7129] Port GPIO2_IO_I[11] in module GPIO_Core is either unconnected or has no load
WARNING: [Synth 8-7129] Port GPIO2_IO_I[12] in module GPIO_Core is either unconnected or has no load
WARNING: [Synth 8-7129] Port GPIO2_IO_I[13] in module GPIO_Core is either unconnected or has no load
WARNING: [Synth 8-7129] Port GPIO2_IO_I[14] in module GPIO_Core is either unconnected or has no load
WARNING: [Synth 8-7129] Port GPIO2_IO_I[15] in module GPIO_Core is either unconnected or has no load
WARNING: [Synth 8-7129] Port GPIO2_IO_I[16] in module GPIO_Core is either unconnected or has no load
WARNING: [Synth 8-7129] Port GPIO2_IO_I[17] in module GPIO_Core is either unconnected or has no load
WARNING: [Synth 8-7129] Port GPIO2_IO_I[18] in module GPIO_Core is either unconnected or has no load
WARNING: [Synth 8-7129] Port GPIO2_IO_I[19] in module GPIO_Core is either unconnected or has no load
WARNING: [Synth 8-7129] Port GPIO2_IO_I[20] in module GPIO_Core is either unconnected or has no load
WARNING: [Synth 8-7129] Port GPIO2_IO_I[21] in module GPIO_Core is either unconnected or has no load
WARNING: [Synth 8-7129] Port GPIO2_IO_I[22] in module GPIO_Core is either unconnected or has no load
WARNING: [Synth 8-7129] Port GPIO2_IO_I[23] in module GPIO_Core is either unconnected or has no load
WARNING: [Synth 8-7129] Port GPIO2_IO_I[24] in module GPIO_Core is either unconnected or has no load
WARNING: [Synth 8-7129] Port GPIO2_IO_I[25] in module GPIO_Core is either unconnected or has no load
WARNING: [Synth 8-7129] Port GPIO2_IO_I[26] in module GPIO_Core is either unconnected or has no load
WARNING: [Synth 8-7129] Port GPIO2_IO_I[27] in module GPIO_Core is either unconnected or has no load
WARNING: [Synth 8-7129] Port GPIO2_IO_I[28] in module GPIO_Core is either unconnected or has no load
WARNING: [Synth 8-7129] Port GPIO2_IO_I[29] in module GPIO_Core is either unconnected or has no load
WARNING: [Synth 8-7129] Port GPIO2_IO_I[30] in module GPIO_Core is either unconnected or has no load
WARNING: [Synth 8-7129] Port GPIO2_IO_I[31] in module GPIO_Core is either unconnected or has no load
WARNING: [Synth 8-7129] Port Address_In_Erly[0] in module address_decoder is either unconnected or has no load
WARNING: [Synth 8-7129] Port Address_In_Erly[1] in module address_decoder is either unconnected or has no load
WARNING: [Synth 8-7129] Port Address_In_Erly[2] in module address_decoder is either unconnected or has no load
WARNING: [Synth 8-7129] Port Address_In_Erly[3] in module address_decoder is either unconnected or has no load
WARNING: [Synth 8-7129] Port Address_In_Erly[4] in module address_decoder is either unconnected or has no load
WARNING: [Synth 8-7129] Port Address_In_Erly[7] in module address_decoder is either unconnected or has no load
WARNING: [Synth 8-7129] Port Address_In_Erly[8] in module address_decoder is either unconnected or has no load
WARNING: [Synth 8-7129] Port Bus_RNW in module address_decoder is either unconnected or has no load
WARNING: [Synth 8-7129] Port S_AXI_WSTRB[3] in module slave_attachment is either unconnected or has no load
WARNING: [Synth 8-7129] Port S_AXI_WSTRB[2] in module slave_attachment is either unconnected or has no load
WARNING: [Synth 8-7129] Port S_AXI_WSTRB[1] in module slave_attachment is either unconnected or has no load
WARNING: [Synth 8-7129] Port S_AXI_WSTRB[0] in module slave_attachment is either unconnected or has no load
---------------------------------------------------------------------------------
Finished RTL Elaboration : Time (s): cpu = 00:00:05 ; elapsed = 00:00:05 . Memory (MB): peak = 2236.023 ; gain = 495.684 ; free physical = 3892 ; free virtual = 16463
---------------------------------------------------------------------------------
---------------------------------------------------------------------------------
Start Handling Custom Attributes
---------------------------------------------------------------------------------
---------------------------------------------------------------------------------
Finished Handling Custom Attributes : Time (s): cpu = 00:00:05 ; elapsed = 00:00:05 . Memory (MB): peak = 2250.867 ; gain = 510.527 ; free physical = 3895 ; free virtual = 16467
---------------------------------------------------------------------------------
---------------------------------------------------------------------------------
Finished RTL Optimization Phase 1 : Time (s): cpu = 00:00:05 ; elapsed = 00:00:05 . Memory (MB): peak = 2250.867 ; gain = 510.527 ; free physical = 3895 ; free virtual = 16467
---------------------------------------------------------------------------------
Netlist sorting complete. Time (s): cpu = 00:00:00 ; elapsed = 00:00:00 . Memory (MB): peak = 2256.805 ; gain = 0.000 ; free physical = 3888 ; free virtual = 16460
INFO: [Netlist 29-17] Analyzing 6 Unisim elements for replacement
INFO: [Netlist 29-28] Unisim Transformation completed in 0 CPU seconds
INFO: [Project 1-570] Preparing netlist for logic optimization

Processing XDC Constraints
Initializing timing engine
Parsing XDC File [/home/jsp/Storage/CFU_PYNQ_FIles/CFU_SRC/pynq_z2/pynq_z2/arunQAFDHGDZXVNBDXG_gae.gen/sources_1/bd/system/ip/system_axi_gpio_0_0/system_axi_gpio_0_0_ooc.xdc] for cell 'U0'
Finished Parsing XDC File [/home/jsp/Storage/CFU_PYNQ_FIles/CFU_SRC/pynq_z2/pynq_z2/arunQAFDHGDZXVNBDXG_gae.gen/sources_1/bd/system/ip/system_axi_gpio_0_0/system_axi_gpio_0_0_ooc.xdc] for cell 'U0'
Parsing XDC File [/home/jsp/Storage/CFU_PYNQ_FIles/CFU_SRC/pynq_z2/pynq_z2/arunQAFDHGDZXVNBDXG_gae.gen/sources_1/bd/system/ip/system_axi_gpio_0_0/system_axi_gpio_0_0_board.xdc] for cell 'U0'
Finished Parsing XDC File [/home/jsp/Storage/CFU_PYNQ_FIles/CFU_SRC/pynq_z2/pynq_z2/arunQAFDHGDZXVNBDXG_gae.gen/sources_1/bd/system/ip/system_axi_gpio_0_0/system_axi_gpio_0_0_board.xdc] for cell 'U0'
Parsing XDC File [/home/jsp/Storage/CFU_PYNQ_FIles/CFU_SRC/pynq_z2/pynq_z2/arunQAFDHGDZXVNBDXG_gae.gen/sources_1/bd/system/ip/system_axi_gpio_0_0/system_axi_gpio_0_0.xdc] for cell 'U0'
Finished Parsing XDC File [/home/jsp/Storage/CFU_PYNQ_FIles/CFU_SRC/pynq_z2/pynq_z2/arunQAFDHGDZXVNBDXG_gae.gen/sources_1/bd/system/ip/system_axi_gpio_0_0/system_axi_gpio_0_0.xdc] for cell 'U0'
Parsing XDC File [/home/jsp/Storage/CFU_PYNQ_FIles/CFU_SRC/pynq_z2/pynq_z2/arunQAFDHGDZXVNBDXG_gae.runs/system_axi_gpio_0_0_synth_1/dont_touch.xdc]
Finished Parsing XDC File [/home/jsp/Storage/CFU_PYNQ_FIles/CFU_SRC/pynq_z2/pynq_z2/arunQAFDHGDZXVNBDXG_gae.runs/system_axi_gpio_0_0_synth_1/dont_touch.xdc]
Completed Processing XDC Constraints

Netlist sorting complete. Time (s): cpu = 00:00:00 ; elapsed = 00:00:00 . Memory (MB): peak = 2390.617 ; gain = 0.000 ; free physical = 3919 ; free virtual = 16490
INFO: [Project 1-111] Unisim Transformation Summary:
  A total of 6 instances were transformed.
  FDR => FDRE: 6 instances

Constraint Validation Runtime : Time (s): cpu = 00:00:00.02 ; elapsed = 00:00:00.01 . Memory (MB): peak = 2390.617 ; gain = 0.000 ; free physical = 3919 ; free virtual = 16490
INFO: [Designutils 20-5008] Incremental synthesis strategy off
---------------------------------------------------------------------------------
Finished Constraint Validation : Time (s): cpu = 00:00:10 ; elapsed = 00:00:10 . Memory (MB): peak = 2390.617 ; gain = 650.277 ; free physical = 3935 ; free virtual = 16506
---------------------------------------------------------------------------------
---------------------------------------------------------------------------------
Start Loading Part and Timing Information
---------------------------------------------------------------------------------
Loading part: xc7z020clg400-1
---------------------------------------------------------------------------------
Finished Loading Part and Timing Information : Time (s): cpu = 00:00:10 ; elapsed = 00:00:10 . Memory (MB): peak = 2398.621 ; gain = 658.281 ; free physical = 3935 ; free virtual = 16506
---------------------------------------------------------------------------------
---------------------------------------------------------------------------------
Start Applying 'set_property' XDC Constraints
---------------------------------------------------------------------------------
Applied set_property KEEP_HIERARCHY = SOFT for U0. (constraint file  /home/jsp/Storage/CFU_PYNQ_FIles/CFU_SRC/pynq_z2/pynq_z2/arunQAFDHGDZXVNBDXG_gae.runs/system_axi_gpio_0_0_synth_1/dont_touch.xdc, line 9).
---------------------------------------------------------------------------------
Finished applying 'set_property' XDC Constraints : Time (s): cpu = 00:00:10 ; elapsed = 00:00:10 . Memory (MB): peak = 2398.621 ; gain = 658.281 ; free physical = 3935 ; free virtual = 16506
---------------------------------------------------------------------------------
INFO: [Synth 8-802] inferred FSM for state register 'state_reg' in module 'slave_attachment'
---------------------------------------------------------------------------------------------------
                   State |                     New Encoding |                Previous Encoding 
---------------------------------------------------------------------------------------------------
                 iSTATE2 |                             0001 |                               00
                  iSTATE |                             0010 |                               01
                 iSTATE0 |                             0100 |                               10
                 iSTATE1 |                             1000 |                               11
---------------------------------------------------------------------------------------------------
INFO: [Synth 8-3354] encoded FSM with state register 'state_reg' using encoding 'one-hot' in module 'slave_attachment'
---------------------------------------------------------------------------------
Finished RTL Optimization Phase 2 : Time (s): cpu = 00:00:10 ; elapsed = 00:00:10 . Memory (MB): peak = 2398.621 ; gain = 658.281 ; free physical = 3934 ; free virtual = 16507
---------------------------------------------------------------------------------
---------------------------------------------------------------------------------
Start RTL Component Statistics 
---------------------------------------------------------------------------------
Detailed RTL Component Info : 
+---Adders : 
	   2 Input    4 Bit       Adders := 1     
+---Registers : 
	               32 Bit    Registers := 3     
	                9 Bit    Registers := 1     
	                4 Bit    Registers := 1     
	                2 Bit    Registers := 3     
	                1 Bit    Registers := 20    
+---Muxes : 
	   5 Input   32 Bit        Muxes := 1     
	   2 Input   32 Bit        Muxes := 1     
	   2 Input    9 Bit        Muxes := 1     
	   4 Input    4 Bit        Muxes := 1     
	   2 Input    4 Bit        Muxes := 5     
	   2 Input    2 Bit        Muxes := 3     
	   3 Input    2 Bit        Muxes := 1     
	   4 Input    2 Bit        Muxes := 1     
	   2 Input    1 Bit        Muxes := 9     
	   4 Input    1 Bit        Muxes := 3     
---------------------------------------------------------------------------------
Finished RTL Component Statistics 
---------------------------------------------------------------------------------
---------------------------------------------------------------------------------
Start Part Resource Summary
---------------------------------------------------------------------------------
Part Resources:
DSPs: 220 (col length:60)
BRAMs: 280 (col length: RAMB18 60 RAMB36 30)
---------------------------------------------------------------------------------
Finished Part Resource Summary
---------------------------------------------------------------------------------
---------------------------------------------------------------------------------
Start Cross Boundary and Area Optimization
---------------------------------------------------------------------------------
WARNING: [Synth 8-7080] Parallel synthesis criteria is not met
WARNING: [Synth 8-7129] Port s_axi_wstrb[3] in module axi_gpio is either unconnected or has no load
WARNING: [Synth 8-7129] Port s_axi_wstrb[2] in module axi_gpio is either unconnected or has no load
WARNING: [Synth 8-7129] Port s_axi_wstrb[1] in module axi_gpio is either unconnected or has no load
WARNING: [Synth 8-7129] Port s_axi_wstrb[0] in module axi_gpio is either unconnected or has no load
WARNING: [Synth 8-7129] Port gpio2_io_i[31] in module axi_gpio is either unconnected or has no load
WARNING: [Synth 8-7129] Port gpio2_io_i[30] in module axi_gpio is either unconnected or has no load
WARNING: [Synth 8-7129] Port gpio2_io_i[29] in module axi_gpio is either unconnected or has no load
WARNING: [Synth 8-7129] Port gpio2_io_i[28] in module axi_gpio is either unconnected or has no load
WARNING: [Synth 8-7129] Port gpio2_io_i[27] in module axi_gpio is either unconnected or has no load
WARNING: [Synth 8-7129] Port gpio2_io_i[26] in module axi_gpio is either unconnected or has no load
WARNING: [Synth 8-7129] Port gpio2_io_i[25] in module axi_gpio is either unconnected or has no load
WARNING: [Synth 8-7129] Port gpio2_io_i[24] in module axi_gpio is either unconnected or has no load
WARNING: [Synth 8-7129] Port gpio2_io_i[23] in module axi_gpio is either unconnected or has no load
WARNING: [Synth 8-7129] Port gpio2_io_i[22] in module axi_gpio is either unconnected or has no load
WARNING: [Synth 8-7129] Port gpio2_io_i[21] in module axi_gpio is either unconnected or has no load
WARNING: [Synth 8-7129] Port gpio2_io_i[20] in module axi_gpio is either unconnected or has no load
WARNING: [Synth 8-7129] Port gpio2_io_i[19] in module axi_gpio is either unconnected or has no load
WARNING: [Synth 8-7129] Port gpio2_io_i[18] in module axi_gpio is either unconnected or has no load
WARNING: [Synth 8-7129] Port gpio2_io_i[17] in module axi_gpio is either unconnected or has no load
WARNING: [Synth 8-7129] Port gpio2_io_i[16] in module axi_gpio is either unconnected or has no load
WARNING: [Synth 8-7129] Port gpio2_io_i[15] in module axi_gpio is either unconnected or has no load
WARNING: [Synth 8-7129] Port gpio2_io_i[14] in module axi_gpio is either unconnected or has no load
WARNING: [Synth 8-7129] Port gpio2_io_i[13] in module axi_gpio is either unconnected or has no load
WARNING: [Synth 8-7129] Port gpio2_io_i[12] in module axi_gpio is either unconnected or has no load
WARNING: [Synth 8-7129] Port gpio2_io_i[11] in module axi_gpio is either unconnected or has no load
WARNING: [Synth 8-7129] Port gpio2_io_i[10] in module axi_gpio is either unconnected or has no load
WARNING: [Synth 8-7129] Port gpio2_io_i[9] in module axi_gpio is either unconnected or has no load
WARNING: [Synth 8-7129] Port gpio2_io_i[8] in module axi_gpio is either unconnected or has no load
WARNING: [Synth 8-7129] Port gpio2_io_i[7] in module axi_gpio is either unconnected or has no load
WARNING: [Synth 8-7129] Port gpio2_io_i[6] in module axi_gpio is either unconnected or has no load
WARNING: [Synth 8-7129] Port gpio2_io_i[5] in module axi_gpio is either unconnected or has no load
WARNING: [Synth 8-7129] Port gpio2_io_i[4] in module axi_gpio is either unconnected or has no load
WARNING: [Synth 8-7129] Port gpio2_io_i[3] in module axi_gpio is either unconnected or has no load
WARNING: [Synth 8-7129] Port gpio2_io_i[2] in module axi_gpio is either unconnected or has no load
WARNING: [Synth 8-7129] Port gpio2_io_i[1] in module axi_gpio is either unconnected or has no load
WARNING: [Synth 8-7129] Port gpio2_io_i[0] in module axi_gpio is either unconnected or has no load
INFO: [Synth 8-3332] Sequential element (gpio_core_1/Not_Dual.INPUT_DOUBLE_REGS3/GENERATE_LEVEL_P_S_CDC.MULTI_BIT.FOR_IN_cdc_to[0].CROSS2_PLEVEL_IN2SCNDRY_IN_cdc_to) is unused and will be removed from module axi_gpio.
INFO: [Synth 8-3332] Sequential element (gpio_core_1/Not_Dual.INPUT_DOUBLE_REGS3/GENERATE_LEVEL_P_S_CDC.MULTI_BIT.FOR_CROSS_PLEVEL_IN2SCNDRY_bus_d2[0].CROSS2_PLEVEL_IN2SCNDRY_s_level_out_bus_d2) is unused and will be removed from module axi_gpio.
INFO: [Synth 8-3332] Sequential element (gpio_core_1/Not_Dual.INPUT_DOUBLE_REGS3/GENERATE_LEVEL_P_S_CDC.MULTI_BIT.FOR_CROSS_PLEVEL_IN2SCNDRY_bus_d3[0].CROSS2_PLEVEL_IN2SCNDRY_s_level_out_bus_d3) is unused and will be removed from module axi_gpio.
INFO: [Synth 8-3332] Sequential element (gpio_core_1/Not_Dual.INPUT_DOUBLE_REGS3/GENERATE_LEVEL_P_S_CDC.MULTI_BIT.FOR_CROSS_PLEVEL_IN2SCNDRY_bus_d4[0].CROSS2_PLEVEL_IN2SCNDRY_s_level_out_bus_d4) is unused and will be removed from module axi_gpio.
INFO: [Synth 8-3332] Sequential element (gpio_core_1/Not_Dual.INPUT_DOUBLE_REGS3/GENERATE_LEVEL_P_S_CDC.MULTI_BIT.FOR_CROSS_PLEVEL_IN2SCNDRY_bus_d5[0].CROSS2_PLEVEL_IN2SCNDRY_s_level_out_bus_d5) is unused and will be removed from module axi_gpio.
INFO: [Synth 8-3332] Sequential element (gpio_core_1/Not_Dual.INPUT_DOUBLE_REGS3/GENERATE_LEVEL_P_S_CDC.MULTI_BIT.FOR_CROSS_PLEVEL_IN2SCNDRY_bus_d6[0].CROSS2_PLEVEL_IN2SCNDRY_s_level_out_bus_d6) is unused and will be removed from module axi_gpio.
---------------------------------------------------------------------------------
Finished Cross Boundary and Area Optimization : Time (s): cpu = 00:00:11 ; elapsed = 00:00:11 . Memory (MB): peak = 2398.621 ; gain = 658.281 ; free physical = 3922 ; free virtual = 16495
---------------------------------------------------------------------------------
---------------------------------------------------------------------------------
Start Applying XDC Timing Constraints
---------------------------------------------------------------------------------
---------------------------------------------------------------------------------
Finished Applying XDC Timing Constraints : Time (s): cpu = 00:00:16 ; elapsed = 00:00:16 . Memory (MB): peak = 2398.621 ; gain = 658.281 ; free physical = 3922 ; free virtual = 16495
---------------------------------------------------------------------------------
---------------------------------------------------------------------------------
Start Timing Optimization
---------------------------------------------------------------------------------
---------------------------------------------------------------------------------
Finished Timing Optimization : Time (s): cpu = 00:00:16 ; elapsed = 00:00:16 . Memory (MB): peak = 2398.621 ; gain = 658.281 ; free physical = 3922 ; free virtual = 16495
---------------------------------------------------------------------------------
---------------------------------------------------------------------------------
Start Technology Mapping
---------------------------------------------------------------------------------
---------------------------------------------------------------------------------
Finished Technology Mapping : Time (s): cpu = 00:00:16 ; elapsed = 00:00:16 . Memory (MB): peak = 2398.621 ; gain = 658.281 ; free physical = 3922 ; free virtual = 16495
---------------------------------------------------------------------------------
---------------------------------------------------------------------------------
Start IO Insertion
---------------------------------------------------------------------------------
---------------------------------------------------------------------------------
Start Flattening Before IO Insertion
---------------------------------------------------------------------------------
---------------------------------------------------------------------------------
Finished Flattening Before IO Insertion
---------------------------------------------------------------------------------
---------------------------------------------------------------------------------
Start Final Netlist Cleanup
---------------------------------------------------------------------------------
---------------------------------------------------------------------------------
Finished Final Netlist Cleanup
---------------------------------------------------------------------------------
---------------------------------------------------------------------------------
Finished IO Insertion : Time (s): cpu = 00:00:19 ; elapsed = 00:00:19 . Memory (MB): peak = 2398.621 ; gain = 658.281 ; free physical = 3929 ; free virtual = 16503
---------------------------------------------------------------------------------
---------------------------------------------------------------------------------
Start Renaming Generated Instances
---------------------------------------------------------------------------------
---------------------------------------------------------------------------------
Finished Renaming Generated Instances : Time (s): cpu = 00:00:19 ; elapsed = 00:00:19 . Memory (MB): peak = 2398.621 ; gain = 658.281 ; free physical = 3929 ; free virtual = 16503
---------------------------------------------------------------------------------
---------------------------------------------------------------------------------
Start Rebuilding User Hierarchy
---------------------------------------------------------------------------------
---------------------------------------------------------------------------------
Finished Rebuilding User Hierarchy : Time (s): cpu = 00:00:19 ; elapsed = 00:00:19 . Memory (MB): peak = 2398.621 ; gain = 658.281 ; free physical = 3929 ; free virtual = 16503
---------------------------------------------------------------------------------
---------------------------------------------------------------------------------
Start Renaming Generated Ports
---------------------------------------------------------------------------------
---------------------------------------------------------------------------------
Finished Renaming Generated Ports : Time (s): cpu = 00:00:19 ; elapsed = 00:00:20 . Memory (MB): peak = 2398.621 ; gain = 658.281 ; free physical = 3929 ; free virtual = 16503
---------------------------------------------------------------------------------
---------------------------------------------------------------------------------
Start Handling Custom Attributes
---------------------------------------------------------------------------------
---------------------------------------------------------------------------------
Finished Handling Custom Attributes : Time (s): cpu = 00:00:19 ; elapsed = 00:00:20 . Memory (MB): peak = 2398.621 ; gain = 658.281 ; free physical = 3929 ; free virtual = 16503
---------------------------------------------------------------------------------
---------------------------------------------------------------------------------
Start Renaming Generated Nets
---------------------------------------------------------------------------------
---------------------------------------------------------------------------------
Finished Renaming Generated Nets : Time (s): cpu = 00:00:19 ; elapsed = 00:00:20 . Memory (MB): peak = 2398.621 ; gain = 658.281 ; free physical = 3929 ; free virtual = 16503
---------------------------------------------------------------------------------
---------------------------------------------------------------------------------
Start Writing Synthesis Report
---------------------------------------------------------------------------------

Report BlackBoxes: 
+-+--------------+----------+
| |BlackBox name |Instances |
+-+--------------+----------+
+-+--------------+----------+

Report Cell Usage: 
+------+-----+------+
|      |Cell |Count |
+------+-----+------+
|1     |LUT1 |     2|
|2     |LUT2 |     9|
|3     |LUT3 |     9|
|4     |LUT4 |     3|
|5     |LUT5 |    10|
|6     |LUT6 |    10|
|7     |FDRE |    35|
|8     |FDSE |     1|
+------+-----+------+
---------------------------------------------------------------------------------
Finished Writing Synthesis Report : Time (s): cpu = 00:00:19 ; elapsed = 00:00:20 . Memory (MB): peak = 2398.621 ; gain = 658.281 ; free physical = 3929 ; free virtual = 16503
---------------------------------------------------------------------------------
Synthesis finished with 0 errors, 0 critical warnings and 37 warnings.
Synthesis Optimization Runtime : Time (s): cpu = 00:00:18 ; elapsed = 00:00:18 . Memory (MB): peak = 2398.621 ; gain = 518.531 ; free physical = 3929 ; free virtual = 16503
Synthesis Optimization Complete : Time (s): cpu = 00:00:19 ; elapsed = 00:00:20 . Memory (MB): peak = 2398.629 ; gain = 658.281 ; free physical = 3929 ; free virtual = 16503
INFO: [Project 1-571] Translating synthesized netlist
Netlist sorting complete. Time (s): cpu = 00:00:00 ; elapsed = 00:00:00 . Memory (MB): peak = 2398.629 ; gain = 0.000 ; free physical = 3929 ; free virtual = 16502
INFO: [Project 1-570] Preparing netlist for logic optimization
INFO: [Opt 31-138] Pushed 0 inverter(s) to 0 load pin(s).
Netlist sorting complete. Time (s): cpu = 00:00:00 ; elapsed = 00:00:00 . Memory (MB): peak = 2454.648 ; gain = 0.000 ; free physical = 4267 ; free virtual = 16841
INFO: [Project 1-111] Unisim Transformation Summary:
No Unisim elements were transformed.

Synth Design complete | Checksum: 80596baa
INFO: [Common 17-83] Releasing license: Synthesis
58 Infos, 99 Warnings, 0 Critical Warnings and 0 Errors encountered.
synth_design completed successfully
synth_design: Time (s): cpu = 00:00:26 ; elapsed = 00:00:24 . Memory (MB): peak = 2454.648 ; gain = 1037.777 ; free physical = 4267 ; free virtual = 16841
INFO: [Common 17-2834] synth_design peak Physical Memory [PSS] (MB): overall = 1866.793; main = 1506.635; forked = 414.958
INFO: [Common 17-2834] synth_design peak Virtual Memory [VSS] (MB): overall = 3487.496; main = 2454.652; forked = 1096.875
Write ShapeDB Complete: Time (s): cpu = 00:00:00 ; elapsed = 00:00:00 . Memory (MB): peak = 2478.660 ; gain = 0.000 ; free physical = 4267 ; free virtual = 16841
INFO: [Common 17-1381] The checkpoint '/home/jsp/Storage/CFU_PYNQ_FIles/CFU_SRC/pynq_z2/pynq_z2/arunQAFDHGDZXVNBDXG_gae.runs/system_axi_gpio_0_0_synth_1/system_axi_gpio_0_0.dcp' has been generated.
INFO: [Coretcl 2-1648] Added synthesis output to IP cache for IP system_axi_gpio_0_0, cache-ID = 55d3023bfc1a8b45
INFO: [Coretcl 2-1174] Renamed 7 cell refs.
Write ShapeDB Complete: Time (s): cpu = 00:00:00 ; elapsed = 00:00:00 . Memory (MB): peak = 2478.660 ; gain = 0.000 ; free physical = 4260 ; free virtual = 16834
INFO: [Common 17-1381] The checkpoint '/home/jsp/Storage/CFU_PYNQ_FIles/CFU_SRC/pynq_z2/pynq_z2/arunQAFDHGDZXVNBDXG_gae.runs/system_axi_gpio_0_0_synth_1/system_axi_gpio_0_0.dcp' has been generated.
INFO: [Vivado 12-24828] Executing command : report_utilization -file system_axi_gpio_0_0_utilization_synth.rpt -pb system_axi_gpio_0_0_utilization_synth.pb
INFO: [Common 17-206] Exiting Vivado at Tue Nov  4 14:35:25 2025...
[Tue Nov  4 14:35:35 2025] system_axi_gpio_0_0_synth_1 finished
wait_on_runs: Time (s): cpu = 00:00:40 ; elapsed = 00:00:46 . Memory (MB): peak = 10148.367 ; gain = 0.000 ; free physical = 5628 ; free virtual = 18202
launch_runs system_axi_gpio_0_1_synth_1
INFO: [IP_Flow 19-6924] IPCACHE: Running cache check for IP inst: system_axi_gpio_0_1
[Tue Nov  4 14:35:36 2025] Launched system_axi_gpio_0_1_synth_1...
Run output will be captured here: /home/jsp/Storage/CFU_PYNQ_FIles/CFU_SRC/pynq_z2/pynq_z2/arunQAFDHGDZXVNBDXG_gae.runs/system_axi_gpio_0_1_synth_1/runme.log
wait_on_run system_axi_gpio_0_1_synth_1
[Tue Nov  4 14:35:36 2025] Waiting for system_axi_gpio_0_1_synth_1 to finish...
[Tue Nov  4 14:35:41 2025] Waiting for system_axi_gpio_0_1_synth_1 to finish...
[Tue Nov  4 14:35:46 2025] Waiting for system_axi_gpio_0_1_synth_1 to finish...
[Tue Nov  4 14:35:51 2025] Waiting for system_axi_gpio_0_1_synth_1 to finish...
[Tue Nov  4 14:36:01 2025] Waiting for system_axi_gpio_0_1_synth_1 to finish...
[Tue Nov  4 14:36:11 2025] Waiting for system_axi_gpio_0_1_synth_1 to finish...
[Tue Nov  4 14:36:21 2025] Waiting for system_axi_gpio_0_1_synth_1 to finish...

*** Running vivado
    with args -log system_axi_gpio_0_1.vds -m64 -product Vivado -mode batch -messageDb vivado.pb -notrace -source system_axi_gpio_0_1.tcl


****** Vivado v2024.1 (64-bit)
  **** SW Build 5076996 on Wed May 22 18:36:09 MDT 2024
  **** IP Build 5075265 on Wed May 22 21:45:21 MDT 2024
  **** SharedData Build 5076995 on Wed May 22 18:29:18 MDT 2024
  **** Start of session at: Tue Nov  4 14:35:38 2025
    ** Copyright 1986-2022 Xilinx, Inc. All Rights Reserved.
    ** Copyright 2022-2024 Advanced Micro Devices, Inc. All Rights Reserved.

source system_axi_gpio_0_1.tcl -notrace
create_project: Time (s): cpu = 00:00:06 ; elapsed = 00:00:06 . Memory (MB): peak = 1416.871 ; gain = 0.027 ; free physical = 5122 ; free virtual = 17697
INFO: [IP_Flow 19-234] Refreshing IP repositories
WARNING: [IP_Flow 19-2248] Failed to load user IP repository '/home/work/Xilinx/Vivado/2024.2/data/ip'; Can't find the specified path.
If this directory should no longer be in your list of user repositories, go to the IP Settings dialog and remove it.
WARNING: [IP_Flow 19-2248] Failed to load user IP repository '/home/primary/vivado-library/ip'; Can't find the specified path.
If this directory should no longer be in your list of user repositories, go to the IP Settings dialog and remove it.
INFO: [IP_Flow 19-2313] Loaded Vivado IP repository '/home/jsp/Storage/Vivado/2024.1/data/ip'.
INFO: [IP_Flow 19-6924] IPCACHE: Running cache check for IP inst: system_axi_gpio_0_1
Command: synth_design -top system_axi_gpio_0_1 -part xc7z020clg400-1 -incremental_mode off -mode out_of_context
Starting synth_design
Attempting to get a license for feature 'Synthesis' and/or device 'xc7z020'
INFO: [Common 17-349] Got license for feature 'Synthesis' and/or device 'xc7z020'
INFO: [Device 21-403] Loading part xc7z020clg400-1
INFO: [Device 21-9227] Part: xc7z020clg400-1 does not have CEAM library.
INFO: [Synth 8-7079] Multithreading enabled for synth_design using a maximum of 4 processes.
INFO: [Synth 8-7078] Launching helper process for spawning children vivado processes
INFO: [Synth 8-7075] Helper process launched with PID 60351
---------------------------------------------------------------------------------
Starting RTL Elaboration : Time (s): cpu = 00:00:03 ; elapsed = 00:00:03 . Memory (MB): peak = 2151.055 ; gain = 410.715 ; free physical = 4091 ; free virtual = 16667
---------------------------------------------------------------------------------
INFO: [Synth 8-638] synthesizing module 'system_axi_gpio_0_1' [/home/jsp/Storage/CFU_PYNQ_FIles/CFU_SRC/pynq_z2/pynq_z2/arunQAFDHGDZXVNBDXG_gae.gen/sources_1/bd/system/ip/system_axi_gpio_0_1/synth/system_axi_gpio_0_1.vhd:84]
	Parameter C_FAMILY bound to: zynq - type: string 
	Parameter C_S_AXI_ADDR_WIDTH bound to: 9 - type: integer 
	Parameter C_S_AXI_DATA_WIDTH bound to: 32 - type: integer 
	Parameter C_GPIO_WIDTH bound to: 1 - type: integer 
	Parameter C_GPIO2_WIDTH bound to: 32 - type: integer 
	Parameter C_ALL_INPUTS bound to: 1 - type: integer 
	Parameter C_ALL_INPUTS_2 bound to: 0 - type: integer 
	Parameter C_ALL_OUTPUTS bound to: 0 - type: integer 
	Parameter C_ALL_OUTPUTS_2 bound to: 0 - type: integer 
	Parameter C_INTERRUPT_PRESENT bound to: 0 - type: integer 
	Parameter C_DOUT_DEFAULT bound to: 32'b00000000000000000000000000000000 
	Parameter C_TRI_DEFAULT bound to: 32'b11111111111111111111111111111111 
	Parameter C_IS_DUAL bound to: 0 - type: integer 
	Parameter C_DOUT_DEFAULT_2 bound to: 32'b00000000000000000000000000000000 
	Parameter C_TRI_DEFAULT_2 bound to: 32'b11111111111111111111111111111111 
INFO: [Synth 8-3491] module 'axi_gpio' declared at '/home/jsp/Storage/CFU_PYNQ_FIles/CFU_SRC/pynq_z2/pynq_z2/arunQAFDHGDZXVNBDXG_gae.gen/sources_1/bd/system/ipshared/4208/hdl/axi_gpio_v2_0_vh_rfs.vhd:1270' bound to instance 'U0' of component 'axi_gpio' [/home/jsp/Storage/CFU_PYNQ_FIles/CFU_SRC/pynq_z2/pynq_z2/arunQAFDHGDZXVNBDXG_gae.gen/sources_1/bd/system/ip/system_axi_gpio_0_1/synth/system_axi_gpio_0_1.vhd:168]
INFO: [Synth 8-638] synthesizing module 'axi_gpio' [/home/jsp/Storage/CFU_PYNQ_FIles/CFU_SRC/pynq_z2/pynq_z2/arunQAFDHGDZXVNBDXG_gae.gen/sources_1/bd/system/ipshared/4208/hdl/axi_gpio_v2_0_vh_rfs.vhd:1356]
INFO: [Synth 8-638] synthesizing module 'axi_lite_ipif' [/home/jsp/Storage/CFU_PYNQ_FIles/CFU_SRC/pynq_z2/pynq_z2/arunQAFDHGDZXVNBDXG_gae.gen/sources_1/bd/system/ipshared/66ea/hdl/axi_lite_ipif_v3_0_vh_rfs.vhd:2948]
INFO: [Synth 8-638] synthesizing module 'slave_attachment' [/home/jsp/Storage/CFU_PYNQ_FIles/CFU_SRC/pynq_z2/pynq_z2/arunQAFDHGDZXVNBDXG_gae.gen/sources_1/bd/system/ipshared/66ea/hdl/axi_lite_ipif_v3_0_vh_rfs.vhd:2341]
INFO: [Synth 8-638] synthesizing module 'address_decoder' [/home/jsp/Storage/CFU_PYNQ_FIles/CFU_SRC/pynq_z2/pynq_z2/arunQAFDHGDZXVNBDXG_gae.gen/sources_1/bd/system/ipshared/66ea/hdl/axi_lite_ipif_v3_0_vh_rfs.vhd:1775]
INFO: [Synth 8-638] synthesizing module 'pselect_f' [/home/jsp/Storage/CFU_PYNQ_FIles/CFU_SRC/pynq_z2/pynq_z2/arunQAFDHGDZXVNBDXG_gae.gen/sources_1/bd/system/ipshared/66ea/hdl/axi_lite_ipif_v3_0_vh_rfs.vhd:1534]
INFO: [Synth 8-256] done synthesizing module 'pselect_f' (0#1) [/home/jsp/Storage/CFU_PYNQ_FIles/CFU_SRC/pynq_z2/pynq_z2/arunQAFDHGDZXVNBDXG_gae.gen/sources_1/bd/system/ipshared/66ea/hdl/axi_lite_ipif_v3_0_vh_rfs.vhd:1534]
INFO: [Synth 8-638] synthesizing module 'pselect_f__parameterized0' [/home/jsp/Storage/CFU_PYNQ_FIles/CFU_SRC/pynq_z2/pynq_z2/arunQAFDHGDZXVNBDXG_gae.gen/sources_1/bd/system/ipshared/66ea/hdl/axi_lite_ipif_v3_0_vh_rfs.vhd:1534]
INFO: [Synth 8-256] done synthesizing module 'pselect_f__parameterized0' (0#1) [/home/jsp/Storage/CFU_PYNQ_FIles/CFU_SRC/pynq_z2/pynq_z2/arunQAFDHGDZXVNBDXG_gae.gen/sources_1/bd/system/ipshared/66ea/hdl/axi_lite_ipif_v3_0_vh_rfs.vhd:1534]
INFO: [Synth 8-638] synthesizing module 'pselect_f__parameterized1' [/home/jsp/Storage/CFU_PYNQ_FIles/CFU_SRC/pynq_z2/pynq_z2/arunQAFDHGDZXVNBDXG_gae.gen/sources_1/bd/system/ipshared/66ea/hdl/axi_lite_ipif_v3_0_vh_rfs.vhd:1534]
INFO: [Synth 8-256] done synthesizing module 'pselect_f__parameterized1' (0#1) [/home/jsp/Storage/CFU_PYNQ_FIles/CFU_SRC/pynq_z2/pynq_z2/arunQAFDHGDZXVNBDXG_gae.gen/sources_1/bd/system/ipshared/66ea/hdl/axi_lite_ipif_v3_0_vh_rfs.vhd:1534]
INFO: [Synth 8-638] synthesizing module 'pselect_f__parameterized2' [/home/jsp/Storage/CFU_PYNQ_FIles/CFU_SRC/pynq_z2/pynq_z2/arunQAFDHGDZXVNBDXG_gae.gen/sources_1/bd/system/ipshared/66ea/hdl/axi_lite_ipif_v3_0_vh_rfs.vhd:1534]
INFO: [Synth 8-256] done synthesizing module 'pselect_f__parameterized2' (0#1) [/home/jsp/Storage/CFU_PYNQ_FIles/CFU_SRC/pynq_z2/pynq_z2/arunQAFDHGDZXVNBDXG_gae.gen/sources_1/bd/system/ipshared/66ea/hdl/axi_lite_ipif_v3_0_vh_rfs.vhd:1534]
INFO: [Synth 8-256] done synthesizing module 'address_decoder' (0#1) [/home/jsp/Storage/CFU_PYNQ_FIles/CFU_SRC/pynq_z2/pynq_z2/arunQAFDHGDZXVNBDXG_gae.gen/sources_1/bd/system/ipshared/66ea/hdl/axi_lite_ipif_v3_0_vh_rfs.vhd:1775]
INFO: [Synth 8-226] default block is never used [/home/jsp/Storage/CFU_PYNQ_FIles/CFU_SRC/pynq_z2/pynq_z2/arunQAFDHGDZXVNBDXG_gae.gen/sources_1/bd/system/ipshared/66ea/hdl/axi_lite_ipif_v3_0_vh_rfs.vhd:2550]
INFO: [Synth 8-256] done synthesizing module 'slave_attachment' (0#1) [/home/jsp/Storage/CFU_PYNQ_FIles/CFU_SRC/pynq_z2/pynq_z2/arunQAFDHGDZXVNBDXG_gae.gen/sources_1/bd/system/ipshared/66ea/hdl/axi_lite_ipif_v3_0_vh_rfs.vhd:2341]
INFO: [Synth 8-256] done synthesizing module 'axi_lite_ipif' (0#1) [/home/jsp/Storage/CFU_PYNQ_FIles/CFU_SRC/pynq_z2/pynq_z2/arunQAFDHGDZXVNBDXG_gae.gen/sources_1/bd/system/ipshared/66ea/hdl/axi_lite_ipif_v3_0_vh_rfs.vhd:2948]
INFO: [Synth 8-638] synthesizing module 'GPIO_Core' [/home/jsp/Storage/CFU_PYNQ_FIles/CFU_SRC/pynq_z2/pynq_z2/arunQAFDHGDZXVNBDXG_gae.gen/sources_1/bd/system/ipshared/4208/hdl/axi_gpio_v2_0_vh_rfs.vhd:181]
INFO: [Synth 8-226] default block is never used [/home/jsp/Storage/CFU_PYNQ_FIles/CFU_SRC/pynq_z2/pynq_z2/arunQAFDHGDZXVNBDXG_gae.gen/sources_1/bd/system/ipshared/4208/hdl/axi_gpio_v2_0_vh_rfs.vhd:446]
INFO: [Synth 8-638] synthesizing module 'cdc_sync' [/home/jsp/Storage/CFU_PYNQ_FIles/CFU_SRC/pynq_z2/pynq_z2/arunQAFDHGDZXVNBDXG_gae.gen/sources_1/bd/system/ipshared/2a4f/hdl/lib_cdc_v1_0_rfs.vhd:106]
	Parameter INIT bound to: 1'b0 
INFO: [Synth 8-113] binding component instance 'CROSS2_PLEVEL_IN2SCNDRY_IN_cdc_to' to cell 'FDR' [/home/jsp/Storage/CFU_PYNQ_FIles/CFU_SRC/pynq_z2/pynq_z2/arunQAFDHGDZXVNBDXG_gae.gen/sources_1/bd/system/ipshared/2a4f/hdl/lib_cdc_v1_0_rfs.vhd:736]
	Parameter INIT bound to: 1'b0 
INFO: [Synth 8-113] binding component instance 'CROSS2_PLEVEL_IN2SCNDRY_s_level_out_bus_d2' to cell 'FDR' [/home/jsp/Storage/CFU_PYNQ_FIles/CFU_SRC/pynq_z2/pynq_z2/arunQAFDHGDZXVNBDXG_gae.gen/sources_1/bd/system/ipshared/2a4f/hdl/lib_cdc_v1_0_rfs.vhd:772]
	Parameter INIT bound to: 1'b0 
INFO: [Synth 8-113] binding component instance 'CROSS2_PLEVEL_IN2SCNDRY_s_level_out_bus_d3' to cell 'FDR' [/home/jsp/Storage/CFU_PYNQ_FIles/CFU_SRC/pynq_z2/pynq_z2/arunQAFDHGDZXVNBDXG_gae.gen/sources_1/bd/system/ipshared/2a4f/hdl/lib_cdc_v1_0_rfs.vhd:788]
	Parameter INIT bound to: 1'b0 
INFO: [Synth 8-113] binding component instance 'CROSS2_PLEVEL_IN2SCNDRY_s_level_out_bus_d4' to cell 'FDR' [/home/jsp/Storage/CFU_PYNQ_FIles/CFU_SRC/pynq_z2/pynq_z2/arunQAFDHGDZXVNBDXG_gae.gen/sources_1/bd/system/ipshared/2a4f/hdl/lib_cdc_v1_0_rfs.vhd:804]
	Parameter INIT bound to: 1'b0 
INFO: [Synth 8-113] binding component instance 'CROSS2_PLEVEL_IN2SCNDRY_s_level_out_bus_d5' to cell 'FDR' [/home/jsp/Storage/CFU_PYNQ_FIles/CFU_SRC/pynq_z2/pynq_z2/arunQAFDHGDZXVNBDXG_gae.gen/sources_1/bd/system/ipshared/2a4f/hdl/lib_cdc_v1_0_rfs.vhd:821]
	Parameter INIT bound to: 1'b0 
INFO: [Synth 8-113] binding component instance 'CROSS2_PLEVEL_IN2SCNDRY_s_level_out_bus_d6' to cell 'FDR' [/home/jsp/Storage/CFU_PYNQ_FIles/CFU_SRC/pynq_z2/pynq_z2/arunQAFDHGDZXVNBDXG_gae.gen/sources_1/bd/system/ipshared/2a4f/hdl/lib_cdc_v1_0_rfs.vhd:837]
INFO: [Synth 8-256] done synthesizing module 'cdc_sync' (0#1) [/home/jsp/Storage/CFU_PYNQ_FIles/CFU_SRC/pynq_z2/pynq_z2/arunQAFDHGDZXVNBDXG_gae.gen/sources_1/bd/system/ipshared/2a4f/hdl/lib_cdc_v1_0_rfs.vhd:106]
INFO: [Synth 8-256] done synthesizing module 'GPIO_Core' (0#1) [/home/jsp/Storage/CFU_PYNQ_FIles/CFU_SRC/pynq_z2/pynq_z2/arunQAFDHGDZXVNBDXG_gae.gen/sources_1/bd/system/ipshared/4208/hdl/axi_gpio_v2_0_vh_rfs.vhd:181]
INFO: [Synth 8-256] done synthesizing module 'axi_gpio' (0#1) [/home/jsp/Storage/CFU_PYNQ_FIles/CFU_SRC/pynq_z2/pynq_z2/arunQAFDHGDZXVNBDXG_gae.gen/sources_1/bd/system/ipshared/4208/hdl/axi_gpio_v2_0_vh_rfs.vhd:1356]
INFO: [Synth 8-256] done synthesizing module 'system_axi_gpio_0_1' (0#1) [/home/jsp/Storage/CFU_PYNQ_FIles/CFU_SRC/pynq_z2/pynq_z2/arunQAFDHGDZXVNBDXG_gae.gen/sources_1/bd/system/ip/system_axi_gpio_0_1/synth/system_axi_gpio_0_1.vhd:84]
WARNING: [Synth 8-6014] Unused sequential element Not_Dual.ALLIN1_ND.READ_REG_GEN[0].GPIO_DBus_i_reg was removed.  [/home/jsp/Storage/CFU_PYNQ_FIles/CFU_SRC/pynq_z2/pynq_z2/arunQAFDHGDZXVNBDXG_gae.gen/sources_1/bd/system/ipshared/4208/hdl/axi_gpio_v2_0_vh_rfs.vhd:354]
WARNING: [Synth 8-7129] Port prmry_aclk in module cdc_sync is either unconnected or has no load
WARNING: [Synth 8-7129] Port prmry_resetn in module cdc_sync is either unconnected or has no load
WARNING: [Synth 8-7129] Port prmry_in in module cdc_sync is either unconnected or has no load
WARNING: [Synth 8-7129] Port scndry_resetn in module cdc_sync is either unconnected or has no load
WARNING: [Synth 8-7129] Port ABus_Reg[1] in module GPIO_Core is either unconnected or has no load
WARNING: [Synth 8-7129] Port ABus_Reg[2] in module GPIO_Core is either unconnected or has no load
WARNING: [Synth 8-7129] Port ABus_Reg[3] in module GPIO_Core is either unconnected or has no load
WARNING: [Synth 8-7129] Port ABus_Reg[4] in module GPIO_Core is either unconnected or has no load
WARNING: [Synth 8-7129] Port ABus_Reg[7] in module GPIO_Core is either unconnected or has no load
WARNING: [Synth 8-7129] Port ABus_Reg[8] in module GPIO_Core is either unconnected or has no load
WARNING: [Synth 8-7129] Port BE_Reg[0] in module GPIO_Core is either unconnected or has no load
WARNING: [Synth 8-7129] Port BE_Reg[1] in module GPIO_Core is either unconnected or has no load
WARNING: [Synth 8-7129] Port BE_Reg[2] in module GPIO_Core is either unconnected or has no load
WARNING: [Synth 8-7129] Port BE_Reg[3] in module GPIO_Core is either unconnected or has no load
WARNING: [Synth 8-7129] Port GPIO2_IO_I[0] in module GPIO_Core is either unconnected or has no load
WARNING: [Synth 8-7129] Port GPIO2_IO_I[1] in module GPIO_Core is either unconnected or has no load
WARNING: [Synth 8-7129] Port GPIO2_IO_I[2] in module GPIO_Core is either unconnected or has no load
WARNING: [Synth 8-7129] Port GPIO2_IO_I[3] in module GPIO_Core is either unconnected or has no load
WARNING: [Synth 8-7129] Port GPIO2_IO_I[4] in module GPIO_Core is either unconnected or has no load
WARNING: [Synth 8-7129] Port GPIO2_IO_I[5] in module GPIO_Core is either unconnected or has no load
WARNING: [Synth 8-7129] Port GPIO2_IO_I[6] in module GPIO_Core is either unconnected or has no load
WARNING: [Synth 8-7129] Port GPIO2_IO_I[7] in module GPIO_Core is either unconnected or has no load
WARNING: [Synth 8-7129] Port GPIO2_IO_I[8] in module GPIO_Core is either unconnected or has no load
WARNING: [Synth 8-7129] Port GPIO2_IO_I[9] in module GPIO_Core is either unconnected or has no load
WARNING: [Synth 8-7129] Port GPIO2_IO_I[10] in module GPIO_Core is either unconnected or has no load
WARNING: [Synth 8-7129] Port GPIO2_IO_I[11] in module GPIO_Core is either unconnected or has no load
WARNING: [Synth 8-7129] Port GPIO2_IO_I[12] in module GPIO_Core is either unconnected or has no load
WARNING: [Synth 8-7129] Port GPIO2_IO_I[13] in module GPIO_Core is either unconnected or has no load
WARNING: [Synth 8-7129] Port GPIO2_IO_I[14] in module GPIO_Core is either unconnected or has no load
WARNING: [Synth 8-7129] Port GPIO2_IO_I[15] in module GPIO_Core is either unconnected or has no load
WARNING: [Synth 8-7129] Port GPIO2_IO_I[16] in module GPIO_Core is either unconnected or has no load
WARNING: [Synth 8-7129] Port GPIO2_IO_I[17] in module GPIO_Core is either unconnected or has no load
WARNING: [Synth 8-7129] Port GPIO2_IO_I[18] in module GPIO_Core is either unconnected or has no load
WARNING: [Synth 8-7129] Port GPIO2_IO_I[19] in module GPIO_Core is either unconnected or has no load
WARNING: [Synth 8-7129] Port GPIO2_IO_I[20] in module GPIO_Core is either unconnected or has no load
WARNING: [Synth 8-7129] Port GPIO2_IO_I[21] in module GPIO_Core is either unconnected or has no load
WARNING: [Synth 8-7129] Port GPIO2_IO_I[22] in module GPIO_Core is either unconnected or has no load
WARNING: [Synth 8-7129] Port GPIO2_IO_I[23] in module GPIO_Core is either unconnected or has no load
WARNING: [Synth 8-7129] Port GPIO2_IO_I[24] in module GPIO_Core is either unconnected or has no load
WARNING: [Synth 8-7129] Port GPIO2_IO_I[25] in module GPIO_Core is either unconnected or has no load
WARNING: [Synth 8-7129] Port GPIO2_IO_I[26] in module GPIO_Core is either unconnected or has no load
WARNING: [Synth 8-7129] Port GPIO2_IO_I[27] in module GPIO_Core is either unconnected or has no load
WARNING: [Synth 8-7129] Port GPIO2_IO_I[28] in module GPIO_Core is either unconnected or has no load
WARNING: [Synth 8-7129] Port GPIO2_IO_I[29] in module GPIO_Core is either unconnected or has no load
WARNING: [Synth 8-7129] Port GPIO2_IO_I[30] in module GPIO_Core is either unconnected or has no load
WARNING: [Synth 8-7129] Port GPIO2_IO_I[31] in module GPIO_Core is either unconnected or has no load
WARNING: [Synth 8-7129] Port Address_In_Erly[0] in module address_decoder is either unconnected or has no load
WARNING: [Synth 8-7129] Port Address_In_Erly[1] in module address_decoder is either unconnected or has no load
WARNING: [Synth 8-7129] Port Address_In_Erly[2] in module address_decoder is either unconnected or has no load
WARNING: [Synth 8-7129] Port Address_In_Erly[3] in module address_decoder is either unconnected or has no load
WARNING: [Synth 8-7129] Port Address_In_Erly[4] in module address_decoder is either unconnected or has no load
WARNING: [Synth 8-7129] Port Address_In_Erly[7] in module address_decoder is either unconnected or has no load
WARNING: [Synth 8-7129] Port Address_In_Erly[8] in module address_decoder is either unconnected or has no load
WARNING: [Synth 8-7129] Port Bus_RNW in module address_decoder is either unconnected or has no load
WARNING: [Synth 8-7129] Port S_AXI_WSTRB[3] in module slave_attachment is either unconnected or has no load
WARNING: [Synth 8-7129] Port S_AXI_WSTRB[2] in module slave_attachment is either unconnected or has no load
WARNING: [Synth 8-7129] Port S_AXI_WSTRB[1] in module slave_attachment is either unconnected or has no load
WARNING: [Synth 8-7129] Port S_AXI_WSTRB[0] in module slave_attachment is either unconnected or has no load
---------------------------------------------------------------------------------
Finished RTL Elaboration : Time (s): cpu = 00:00:05 ; elapsed = 00:00:05 . Memory (MB): peak = 2236.023 ; gain = 495.684 ; free physical = 3983 ; free virtual = 16559
---------------------------------------------------------------------------------
---------------------------------------------------------------------------------
Start Handling Custom Attributes
---------------------------------------------------------------------------------
---------------------------------------------------------------------------------
Finished Handling Custom Attributes : Time (s): cpu = 00:00:05 ; elapsed = 00:00:05 . Memory (MB): peak = 2250.867 ; gain = 510.527 ; free physical = 3983 ; free virtual = 16559
---------------------------------------------------------------------------------
---------------------------------------------------------------------------------
Finished RTL Optimization Phase 1 : Time (s): cpu = 00:00:05 ; elapsed = 00:00:05 . Memory (MB): peak = 2250.867 ; gain = 510.527 ; free physical = 3983 ; free virtual = 16559
---------------------------------------------------------------------------------
Netlist sorting complete. Time (s): cpu = 00:00:00 ; elapsed = 00:00:00 . Memory (MB): peak = 2256.805 ; gain = 0.000 ; free physical = 3981 ; free virtual = 16558
INFO: [Netlist 29-17] Analyzing 6 Unisim elements for replacement
INFO: [Netlist 29-28] Unisim Transformation completed in 0 CPU seconds
INFO: [Project 1-570] Preparing netlist for logic optimization

Processing XDC Constraints
Initializing timing engine
Parsing XDC File [/home/jsp/Storage/CFU_PYNQ_FIles/CFU_SRC/pynq_z2/pynq_z2/arunQAFDHGDZXVNBDXG_gae.gen/sources_1/bd/system/ip/system_axi_gpio_0_1/system_axi_gpio_0_1_ooc.xdc] for cell 'U0'
Finished Parsing XDC File [/home/jsp/Storage/CFU_PYNQ_FIles/CFU_SRC/pynq_z2/pynq_z2/arunQAFDHGDZXVNBDXG_gae.gen/sources_1/bd/system/ip/system_axi_gpio_0_1/system_axi_gpio_0_1_ooc.xdc] for cell 'U0'
Parsing XDC File [/home/jsp/Storage/CFU_PYNQ_FIles/CFU_SRC/pynq_z2/pynq_z2/arunQAFDHGDZXVNBDXG_gae.gen/sources_1/bd/system/ip/system_axi_gpio_0_1/system_axi_gpio_0_1_board.xdc] for cell 'U0'
Finished Parsing XDC File [/home/jsp/Storage/CFU_PYNQ_FIles/CFU_SRC/pynq_z2/pynq_z2/arunQAFDHGDZXVNBDXG_gae.gen/sources_1/bd/system/ip/system_axi_gpio_0_1/system_axi_gpio_0_1_board.xdc] for cell 'U0'
Parsing XDC File [/home/jsp/Storage/CFU_PYNQ_FIles/CFU_SRC/pynq_z2/pynq_z2/arunQAFDHGDZXVNBDXG_gae.gen/sources_1/bd/system/ip/system_axi_gpio_0_1/system_axi_gpio_0_1.xdc] for cell 'U0'
Finished Parsing XDC File [/home/jsp/Storage/CFU_PYNQ_FIles/CFU_SRC/pynq_z2/pynq_z2/arunQAFDHGDZXVNBDXG_gae.gen/sources_1/bd/system/ip/system_axi_gpio_0_1/system_axi_gpio_0_1.xdc] for cell 'U0'
Parsing XDC File [/home/jsp/Storage/CFU_PYNQ_FIles/CFU_SRC/pynq_z2/pynq_z2/arunQAFDHGDZXVNBDXG_gae.runs/system_axi_gpio_0_1_synth_1/dont_touch.xdc]
Finished Parsing XDC File [/home/jsp/Storage/CFU_PYNQ_FIles/CFU_SRC/pynq_z2/pynq_z2/arunQAFDHGDZXVNBDXG_gae.runs/system_axi_gpio_0_1_synth_1/dont_touch.xdc]
Completed Processing XDC Constraints

Netlist sorting complete. Time (s): cpu = 00:00:00.01 ; elapsed = 00:00:00 . Memory (MB): peak = 2383.617 ; gain = 0.000 ; free physical = 3976 ; free virtual = 16553
INFO: [Project 1-111] Unisim Transformation Summary:
  A total of 6 instances were transformed.
  FDR => FDRE: 6 instances

Constraint Validation Runtime : Time (s): cpu = 00:00:00.01 ; elapsed = 00:00:00.01 . Memory (MB): peak = 2383.617 ; gain = 0.000 ; free physical = 3976 ; free virtual = 16553
INFO: [Designutils 20-5008] Incremental synthesis strategy off
---------------------------------------------------------------------------------
Finished Constraint Validation : Time (s): cpu = 00:00:10 ; elapsed = 00:00:10 . Memory (MB): peak = 2383.617 ; gain = 643.277 ; free physical = 3975 ; free virtual = 16553
---------------------------------------------------------------------------------
---------------------------------------------------------------------------------
Start Loading Part and Timing Information
---------------------------------------------------------------------------------
Loading part: xc7z020clg400-1
---------------------------------------------------------------------------------
Finished Loading Part and Timing Information : Time (s): cpu = 00:00:10 ; elapsed = 00:00:10 . Memory (MB): peak = 2391.621 ; gain = 651.281 ; free physical = 3975 ; free virtual = 16553
---------------------------------------------------------------------------------
---------------------------------------------------------------------------------
Start Applying 'set_property' XDC Constraints
---------------------------------------------------------------------------------
Applied set_property KEEP_HIERARCHY = SOFT for U0. (constraint file  /home/jsp/Storage/CFU_PYNQ_FIles/CFU_SRC/pynq_z2/pynq_z2/arunQAFDHGDZXVNBDXG_gae.runs/system_axi_gpio_0_1_synth_1/dont_touch.xdc, line 9).
---------------------------------------------------------------------------------
Finished applying 'set_property' XDC Constraints : Time (s): cpu = 00:00:10 ; elapsed = 00:00:10 . Memory (MB): peak = 2391.621 ; gain = 651.281 ; free physical = 3975 ; free virtual = 16553
---------------------------------------------------------------------------------
INFO: [Synth 8-802] inferred FSM for state register 'state_reg' in module 'slave_attachment'
---------------------------------------------------------------------------------------------------
                   State |                     New Encoding |                Previous Encoding 
---------------------------------------------------------------------------------------------------
                 iSTATE2 |                             0001 |                               00
                  iSTATE |                             0010 |                               01
                 iSTATE0 |                             0100 |                               10
                 iSTATE1 |                             1000 |                               11
---------------------------------------------------------------------------------------------------
INFO: [Synth 8-3354] encoded FSM with state register 'state_reg' using encoding 'one-hot' in module 'slave_attachment'
---------------------------------------------------------------------------------
Finished RTL Optimization Phase 2 : Time (s): cpu = 00:00:10 ; elapsed = 00:00:10 . Memory (MB): peak = 2391.621 ; gain = 651.281 ; free physical = 3976 ; free virtual = 16554
---------------------------------------------------------------------------------
---------------------------------------------------------------------------------
Start RTL Component Statistics 
---------------------------------------------------------------------------------
Detailed RTL Component Info : 
+---Adders : 
	   2 Input    4 Bit       Adders := 1     
+---Registers : 
	               32 Bit    Registers := 3     
	                9 Bit    Registers := 1     
	                4 Bit    Registers := 1     
	                2 Bit    Registers := 3     
	                1 Bit    Registers := 21    
+---Muxes : 
	   5 Input   32 Bit        Muxes := 1     
	   2 Input   32 Bit        Muxes := 1     
	   2 Input    9 Bit        Muxes := 1     
	   4 Input    4 Bit        Muxes := 1     
	   2 Input    4 Bit        Muxes := 5     
	   2 Input    2 Bit        Muxes := 3     
	   3 Input    2 Bit        Muxes := 1     
	   4 Input    2 Bit        Muxes := 1     
	   2 Input    1 Bit        Muxes := 11    
	   4 Input    1 Bit        Muxes := 3     
---------------------------------------------------------------------------------
Finished RTL Component Statistics 
---------------------------------------------------------------------------------
---------------------------------------------------------------------------------
Start Part Resource Summary
---------------------------------------------------------------------------------
Part Resources:
DSPs: 220 (col length:60)
BRAMs: 280 (col length: RAMB18 60 RAMB36 30)
---------------------------------------------------------------------------------
Finished Part Resource Summary
---------------------------------------------------------------------------------
---------------------------------------------------------------------------------
Start Cross Boundary and Area Optimization
---------------------------------------------------------------------------------
WARNING: [Synth 8-7080] Parallel synthesis criteria is not met
WARNING: [Synth 8-7129] Port s_axi_wstrb[3] in module axi_gpio is either unconnected or has no load
WARNING: [Synth 8-7129] Port s_axi_wstrb[2] in module axi_gpio is either unconnected or has no load
WARNING: [Synth 8-7129] Port s_axi_wstrb[1] in module axi_gpio is either unconnected or has no load
WARNING: [Synth 8-7129] Port s_axi_wstrb[0] in module axi_gpio is either unconnected or has no load
WARNING: [Synth 8-7129] Port gpio2_io_i[31] in module axi_gpio is either unconnected or has no load
WARNING: [Synth 8-7129] Port gpio2_io_i[30] in module axi_gpio is either unconnected or has no load
WARNING: [Synth 8-7129] Port gpio2_io_i[29] in module axi_gpio is either unconnected or has no load
WARNING: [Synth 8-7129] Port gpio2_io_i[28] in module axi_gpio is either unconnected or has no load
WARNING: [Synth 8-7129] Port gpio2_io_i[27] in module axi_gpio is either unconnected or has no load
WARNING: [Synth 8-7129] Port gpio2_io_i[26] in module axi_gpio is either unconnected or has no load
WARNING: [Synth 8-7129] Port gpio2_io_i[25] in module axi_gpio is either unconnected or has no load
WARNING: [Synth 8-7129] Port gpio2_io_i[24] in module axi_gpio is either unconnected or has no load
WARNING: [Synth 8-7129] Port gpio2_io_i[23] in module axi_gpio is either unconnected or has no load
WARNING: [Synth 8-7129] Port gpio2_io_i[22] in module axi_gpio is either unconnected or has no load
WARNING: [Synth 8-7129] Port gpio2_io_i[21] in module axi_gpio is either unconnected or has no load
WARNING: [Synth 8-7129] Port gpio2_io_i[20] in module axi_gpio is either unconnected or has no load
WARNING: [Synth 8-7129] Port gpio2_io_i[19] in module axi_gpio is either unconnected or has no load
WARNING: [Synth 8-7129] Port gpio2_io_i[18] in module axi_gpio is either unconnected or has no load
WARNING: [Synth 8-7129] Port gpio2_io_i[17] in module axi_gpio is either unconnected or has no load
WARNING: [Synth 8-7129] Port gpio2_io_i[16] in module axi_gpio is either unconnected or has no load
WARNING: [Synth 8-7129] Port gpio2_io_i[15] in module axi_gpio is either unconnected or has no load
WARNING: [Synth 8-7129] Port gpio2_io_i[14] in module axi_gpio is either unconnected or has no load
WARNING: [Synth 8-7129] Port gpio2_io_i[13] in module axi_gpio is either unconnected or has no load
WARNING: [Synth 8-7129] Port gpio2_io_i[12] in module axi_gpio is either unconnected or has no load
WARNING: [Synth 8-7129] Port gpio2_io_i[11] in module axi_gpio is either unconnected or has no load
WARNING: [Synth 8-7129] Port gpio2_io_i[10] in module axi_gpio is either unconnected or has no load
WARNING: [Synth 8-7129] Port gpio2_io_i[9] in module axi_gpio is either unconnected or has no load
WARNING: [Synth 8-7129] Port gpio2_io_i[8] in module axi_gpio is either unconnected or has no load
WARNING: [Synth 8-7129] Port gpio2_io_i[7] in module axi_gpio is either unconnected or has no load
WARNING: [Synth 8-7129] Port gpio2_io_i[6] in module axi_gpio is either unconnected or has no load
WARNING: [Synth 8-7129] Port gpio2_io_i[5] in module axi_gpio is either unconnected or has no load
WARNING: [Synth 8-7129] Port gpio2_io_i[4] in module axi_gpio is either unconnected or has no load
WARNING: [Synth 8-7129] Port gpio2_io_i[3] in module axi_gpio is either unconnected or has no load
WARNING: [Synth 8-7129] Port gpio2_io_i[2] in module axi_gpio is either unconnected or has no load
WARNING: [Synth 8-7129] Port gpio2_io_i[1] in module axi_gpio is either unconnected or has no load
WARNING: [Synth 8-7129] Port gpio2_io_i[0] in module axi_gpio is either unconnected or has no load
INFO: [Synth 8-3332] Sequential element (gpio_core_1/Not_Dual.INPUT_DOUBLE_REGS3/GENERATE_LEVEL_P_S_CDC.MULTI_BIT.FOR_CROSS_PLEVEL_IN2SCNDRY_bus_d5[0].CROSS2_PLEVEL_IN2SCNDRY_s_level_out_bus_d5) is unused and will be removed from module axi_gpio.
INFO: [Synth 8-3332] Sequential element (gpio_core_1/Not_Dual.INPUT_DOUBLE_REGS3/GENERATE_LEVEL_P_S_CDC.MULTI_BIT.FOR_CROSS_PLEVEL_IN2SCNDRY_bus_d6[0].CROSS2_PLEVEL_IN2SCNDRY_s_level_out_bus_d6) is unused and will be removed from module axi_gpio.
---------------------------------------------------------------------------------
Finished Cross Boundary and Area Optimization : Time (s): cpu = 00:00:11 ; elapsed = 00:00:11 . Memory (MB): peak = 2391.621 ; gain = 651.281 ; free physical = 3978 ; free virtual = 16556
---------------------------------------------------------------------------------
---------------------------------------------------------------------------------
Start Applying XDC Timing Constraints
---------------------------------------------------------------------------------
---------------------------------------------------------------------------------
Finished Applying XDC Timing Constraints : Time (s): cpu = 00:00:16 ; elapsed = 00:00:16 . Memory (MB): peak = 2391.621 ; gain = 651.281 ; free physical = 3979 ; free virtual = 16559
---------------------------------------------------------------------------------
---------------------------------------------------------------------------------
Start Timing Optimization
---------------------------------------------------------------------------------
---------------------------------------------------------------------------------
Finished Timing Optimization : Time (s): cpu = 00:00:16 ; elapsed = 00:00:16 . Memory (MB): peak = 2391.621 ; gain = 651.281 ; free physical = 3979 ; free virtual = 16559
---------------------------------------------------------------------------------
---------------------------------------------------------------------------------
Start Technology Mapping
---------------------------------------------------------------------------------
---------------------------------------------------------------------------------
Finished Technology Mapping : Time (s): cpu = 00:00:16 ; elapsed = 00:00:17 . Memory (MB): peak = 2391.621 ; gain = 651.281 ; free physical = 3979 ; free virtual = 16559
---------------------------------------------------------------------------------
---------------------------------------------------------------------------------
Start IO Insertion
---------------------------------------------------------------------------------
---------------------------------------------------------------------------------
Start Flattening Before IO Insertion
---------------------------------------------------------------------------------
---------------------------------------------------------------------------------
Finished Flattening Before IO Insertion
---------------------------------------------------------------------------------
---------------------------------------------------------------------------------
Start Final Netlist Cleanup
---------------------------------------------------------------------------------
---------------------------------------------------------------------------------
Finished Final Netlist Cleanup
---------------------------------------------------------------------------------
---------------------------------------------------------------------------------
Finished IO Insertion : Time (s): cpu = 00:00:19 ; elapsed = 00:00:20 . Memory (MB): peak = 2391.621 ; gain = 651.281 ; free physical = 3981 ; free virtual = 16562
---------------------------------------------------------------------------------
---------------------------------------------------------------------------------
Start Renaming Generated Instances
---------------------------------------------------------------------------------
---------------------------------------------------------------------------------
Finished Renaming Generated Instances : Time (s): cpu = 00:00:19 ; elapsed = 00:00:20 . Memory (MB): peak = 2391.621 ; gain = 651.281 ; free physical = 3981 ; free virtual = 16562
---------------------------------------------------------------------------------
---------------------------------------------------------------------------------
Start Rebuilding User Hierarchy
---------------------------------------------------------------------------------
---------------------------------------------------------------------------------
Finished Rebuilding User Hierarchy : Time (s): cpu = 00:00:19 ; elapsed = 00:00:20 . Memory (MB): peak = 2391.621 ; gain = 651.281 ; free physical = 3981 ; free virtual = 16562
---------------------------------------------------------------------------------
---------------------------------------------------------------------------------
Start Renaming Generated Ports
---------------------------------------------------------------------------------
---------------------------------------------------------------------------------
Finished Renaming Generated Ports : Time (s): cpu = 00:00:19 ; elapsed = 00:00:20 . Memory (MB): peak = 2391.621 ; gain = 651.281 ; free physical = 3981 ; free virtual = 16562
---------------------------------------------------------------------------------
---------------------------------------------------------------------------------
Start Handling Custom Attributes
---------------------------------------------------------------------------------
---------------------------------------------------------------------------------
Finished Handling Custom Attributes : Time (s): cpu = 00:00:19 ; elapsed = 00:00:20 . Memory (MB): peak = 2391.621 ; gain = 651.281 ; free physical = 3981 ; free virtual = 16562
---------------------------------------------------------------------------------
---------------------------------------------------------------------------------
Start Renaming Generated Nets
---------------------------------------------------------------------------------
---------------------------------------------------------------------------------
Finished Renaming Generated Nets : Time (s): cpu = 00:00:19 ; elapsed = 00:00:20 . Memory (MB): peak = 2391.621 ; gain = 651.281 ; free physical = 3981 ; free virtual = 16562
---------------------------------------------------------------------------------
---------------------------------------------------------------------------------
Start Writing Synthesis Report
---------------------------------------------------------------------------------

Report BlackBoxes: 
+-+--------------+----------+
| |BlackBox name |Instances |
+-+--------------+----------+
+-+--------------+----------+

Report Cell Usage: 
+------+-----+------+
|      |Cell |Count |
+------+-----+------+
|1     |LUT1 |     2|
|2     |LUT2 |     9|
|3     |LUT3 |     9|
|4     |LUT4 |     4|
|5     |LUT5 |     9|
|6     |LUT6 |    11|
|7     |FDR  |     4|
|8     |FDRE |    35|
|9     |FDSE |     2|
+------+-----+------+
---------------------------------------------------------------------------------
Finished Writing Synthesis Report : Time (s): cpu = 00:00:19 ; elapsed = 00:00:20 . Memory (MB): peak = 2391.621 ; gain = 651.281 ; free physical = 3981 ; free virtual = 16562
---------------------------------------------------------------------------------
Synthesis finished with 0 errors, 0 critical warnings and 37 warnings.
Synthesis Optimization Runtime : Time (s): cpu = 00:00:18 ; elapsed = 00:00:18 . Memory (MB): peak = 2391.621 ; gain = 518.531 ; free physical = 3981 ; free virtual = 16562
Synthesis Optimization Complete : Time (s): cpu = 00:00:19 ; elapsed = 00:00:20 . Memory (MB): peak = 2391.629 ; gain = 651.281 ; free physical = 3981 ; free virtual = 16562
INFO: [Project 1-571] Translating synthesized netlist
Netlist sorting complete. Time (s): cpu = 00:00:00.01 ; elapsed = 00:00:00 . Memory (MB): peak = 2391.629 ; gain = 0.000 ; free physical = 3981 ; free virtual = 16562
INFO: [Netlist 29-17] Analyzing 4 Unisim elements for replacement
INFO: [Netlist 29-28] Unisim Transformation completed in 0 CPU seconds
INFO: [Project 1-570] Preparing netlist for logic optimization
INFO: [Opt 31-138] Pushed 0 inverter(s) to 0 load pin(s).
Netlist sorting complete. Time (s): cpu = 00:00:00 ; elapsed = 00:00:00 . Memory (MB): peak = 2447.648 ; gain = 0.000 ; free physical = 4277 ; free virtual = 16858
INFO: [Project 1-111] Unisim Transformation Summary:
  A total of 4 instances were transformed.
  FDR => FDRE: 4 instances

Synth Design complete | Checksum: f91aa0a2
INFO: [Common 17-83] Releasing license: Synthesis
56 Infos, 98 Warnings, 0 Critical Warnings and 0 Errors encountered.
synth_design completed successfully
synth_design: Time (s): cpu = 00:00:26 ; elapsed = 00:00:24 . Memory (MB): peak = 2447.648 ; gain = 1030.777 ; free physical = 4280 ; free virtual = 16861
INFO: [Common 17-2834] synth_design peak Physical Memory [PSS] (MB): overall = 1818.455; main = 1488.261; forked = 368.385
INFO: [Common 17-2834] synth_design peak Virtual Memory [VSS] (MB): overall = 3417.117; main = 2447.652; forked = 1033.496
Write ShapeDB Complete: Time (s): cpu = 00:00:00 ; elapsed = 00:00:00 . Memory (MB): peak = 2471.660 ; gain = 0.000 ; free physical = 4279 ; free virtual = 16860
INFO: [Common 17-1381] The checkpoint '/home/jsp/Storage/CFU_PYNQ_FIles/CFU_SRC/pynq_z2/pynq_z2/arunQAFDHGDZXVNBDXG_gae.runs/system_axi_gpio_0_1_synth_1/system_axi_gpio_0_1.dcp' has been generated.
INFO: [Coretcl 2-1648] Added synthesis output to IP cache for IP system_axi_gpio_0_1, cache-ID = d9b6aa90afd4ede0
INFO: [Coretcl 2-1174] Renamed 6 cell refs.
Write ShapeDB Complete: Time (s): cpu = 00:00:00 ; elapsed = 00:00:00 . Memory (MB): peak = 2471.660 ; gain = 0.000 ; free physical = 4271 ; free virtual = 16853
INFO: [Common 17-1381] The checkpoint '/home/jsp/Storage/CFU_PYNQ_FIles/CFU_SRC/pynq_z2/pynq_z2/arunQAFDHGDZXVNBDXG_gae.runs/system_axi_gpio_0_1_synth_1/system_axi_gpio_0_1.dcp' has been generated.
INFO: [Vivado 12-24828] Executing command : report_utilization -file system_axi_gpio_0_1_utilization_synth.rpt -pb system_axi_gpio_0_1_utilization_synth.pb
INFO: [Common 17-206] Exiting Vivado at Tue Nov  4 14:36:12 2025...
[Tue Nov  4 14:36:22 2025] system_axi_gpio_0_1_synth_1 finished
wait_on_runs: Time (s): cpu = 00:00:41 ; elapsed = 00:00:46 . Memory (MB): peak = 10156.371 ; gain = 0.000 ; free physical = 5615 ; free virtual = 18200
launch_runs system_axi_gpio_decouple_status_0_synth_1
INFO: [IP_Flow 19-6924] IPCACHE: Running cache check for IP inst: system_axi_gpio_decouple_status_0
[Tue Nov  4 14:36:22 2025] Launched system_axi_gpio_decouple_status_0_synth_1...
Run output will be captured here: /home/jsp/Storage/CFU_PYNQ_FIles/CFU_SRC/pynq_z2/pynq_z2/arunQAFDHGDZXVNBDXG_gae.runs/system_axi_gpio_decouple_status_0_synth_1/runme.log
wait_on_run system_axi_gpio_decouple_status_0_synth_1
[Tue Nov  4 14:36:22 2025] Waiting for system_axi_gpio_decouple_status_0_synth_1 to finish...
[Tue Nov  4 14:36:28 2025] Waiting for system_axi_gpio_decouple_status_0_synth_1 to finish...
[Tue Nov  4 14:36:33 2025] Waiting for system_axi_gpio_decouple_status_0_synth_1 to finish...
[Tue Nov  4 14:36:38 2025] Waiting for system_axi_gpio_decouple_status_0_synth_1 to finish...
[Tue Nov  4 14:36:48 2025] Waiting for system_axi_gpio_decouple_status_0_synth_1 to finish...
[Tue Nov  4 14:36:58 2025] Waiting for system_axi_gpio_decouple_status_0_synth_1 to finish...
[Tue Nov  4 14:37:08 2025] Waiting for system_axi_gpio_decouple_status_0_synth_1 to finish...

*** Running vivado
    with args -log system_axi_gpio_decouple_status_0.vds -m64 -product Vivado -mode batch -messageDb vivado.pb -notrace -source system_axi_gpio_decouple_status_0.tcl


****** Vivado v2024.1 (64-bit)
  **** SW Build 5076996 on Wed May 22 18:36:09 MDT 2024
  **** IP Build 5075265 on Wed May 22 21:45:21 MDT 2024
  **** SharedData Build 5076995 on Wed May 22 18:29:18 MDT 2024
  **** Start of session at: Tue Nov  4 14:36:24 2025
    ** Copyright 1986-2022 Xilinx, Inc. All Rights Reserved.
    ** Copyright 2022-2024 Advanced Micro Devices, Inc. All Rights Reserved.

source system_axi_gpio_decouple_status_0.tcl -notrace
create_project: Time (s): cpu = 00:00:06 ; elapsed = 00:00:06 . Memory (MB): peak = 1361.422 ; gain = 7.965 ; free physical = 5167 ; free virtual = 17753
INFO: [IP_Flow 19-234] Refreshing IP repositories
WARNING: [IP_Flow 19-2248] Failed to load user IP repository '/home/work/Xilinx/Vivado/2024.2/data/ip'; Can't find the specified path.
If this directory should no longer be in your list of user repositories, go to the IP Settings dialog and remove it.
WARNING: [IP_Flow 19-2248] Failed to load user IP repository '/home/primary/vivado-library/ip'; Can't find the specified path.
If this directory should no longer be in your list of user repositories, go to the IP Settings dialog and remove it.
INFO: [IP_Flow 19-2313] Loaded Vivado IP repository '/home/jsp/Storage/Vivado/2024.1/data/ip'.
INFO: [IP_Flow 19-6924] IPCACHE: Running cache check for IP inst: system_axi_gpio_decouple_status_0
Command: synth_design -top system_axi_gpio_decouple_status_0 -part xc7z020clg400-1 -incremental_mode off -mode out_of_context
Starting synth_design
Attempting to get a license for feature 'Synthesis' and/or device 'xc7z020'
INFO: [Common 17-349] Got license for feature 'Synthesis' and/or device 'xc7z020'
INFO: [Device 21-403] Loading part xc7z020clg400-1
INFO: [Device 21-9227] Part: xc7z020clg400-1 does not have CEAM library.
INFO: [Synth 8-7079] Multithreading enabled for synth_design using a maximum of 4 processes.
INFO: [Synth 8-7078] Launching helper process for spawning children vivado processes
INFO: [Synth 8-7075] Helper process launched with PID 60931
---------------------------------------------------------------------------------
Starting RTL Elaboration : Time (s): cpu = 00:00:03 ; elapsed = 00:00:03 . Memory (MB): peak = 2151.387 ; gain = 412.715 ; free physical = 4089 ; free virtual = 16676
---------------------------------------------------------------------------------
INFO: [Synth 8-638] synthesizing module 'system_axi_gpio_decouple_status_0' [/home/jsp/Storage/CFU_PYNQ_FIles/CFU_SRC/pynq_z2/pynq_z2/arunQAFDHGDZXVNBDXG_gae.gen/sources_1/bd/system/ip/system_axi_gpio_decouple_status_0/synth/system_axi_gpio_decouple_status_0.vhd:84]
	Parameter C_FAMILY bound to: zynq - type: string 
	Parameter C_S_AXI_ADDR_WIDTH bound to: 9 - type: integer 
	Parameter C_S_AXI_DATA_WIDTH bound to: 32 - type: integer 
	Parameter C_GPIO_WIDTH bound to: 3 - type: integer 
	Parameter C_GPIO2_WIDTH bound to: 32 - type: integer 
	Parameter C_ALL_INPUTS bound to: 1 - type: integer 
	Parameter C_ALL_INPUTS_2 bound to: 0 - type: integer 
	Parameter C_ALL_OUTPUTS bound to: 0 - type: integer 
	Parameter C_ALL_OUTPUTS_2 bound to: 0 - type: integer 
	Parameter C_INTERRUPT_PRESENT bound to: 0 - type: integer 
	Parameter C_DOUT_DEFAULT bound to: 32'b00000000000000000000000000000000 
	Parameter C_TRI_DEFAULT bound to: 32'b11111111111111111111111111111111 
	Parameter C_IS_DUAL bound to: 0 - type: integer 
	Parameter C_DOUT_DEFAULT_2 bound to: 32'b00000000000000000000000000000000 
	Parameter C_TRI_DEFAULT_2 bound to: 32'b11111111111111111111111111111111 
INFO: [Synth 8-3491] module 'axi_gpio' declared at '/home/jsp/Storage/CFU_PYNQ_FIles/CFU_SRC/pynq_z2/pynq_z2/arunQAFDHGDZXVNBDXG_gae.gen/sources_1/bd/system/ipshared/4208/hdl/axi_gpio_v2_0_vh_rfs.vhd:1270' bound to instance 'U0' of component 'axi_gpio' [/home/jsp/Storage/CFU_PYNQ_FIles/CFU_SRC/pynq_z2/pynq_z2/arunQAFDHGDZXVNBDXG_gae.gen/sources_1/bd/system/ip/system_axi_gpio_decouple_status_0/synth/system_axi_gpio_decouple_status_0.vhd:168]
INFO: [Synth 8-638] synthesizing module 'axi_gpio' [/home/jsp/Storage/CFU_PYNQ_FIles/CFU_SRC/pynq_z2/pynq_z2/arunQAFDHGDZXVNBDXG_gae.gen/sources_1/bd/system/ipshared/4208/hdl/axi_gpio_v2_0_vh_rfs.vhd:1356]
INFO: [Synth 8-638] synthesizing module 'axi_lite_ipif' [/home/jsp/Storage/CFU_PYNQ_FIles/CFU_SRC/pynq_z2/pynq_z2/arunQAFDHGDZXVNBDXG_gae.gen/sources_1/bd/system/ipshared/66ea/hdl/axi_lite_ipif_v3_0_vh_rfs.vhd:2948]
INFO: [Synth 8-638] synthesizing module 'slave_attachment' [/home/jsp/Storage/CFU_PYNQ_FIles/CFU_SRC/pynq_z2/pynq_z2/arunQAFDHGDZXVNBDXG_gae.gen/sources_1/bd/system/ipshared/66ea/hdl/axi_lite_ipif_v3_0_vh_rfs.vhd:2341]
INFO: [Synth 8-638] synthesizing module 'address_decoder' [/home/jsp/Storage/CFU_PYNQ_FIles/CFU_SRC/pynq_z2/pynq_z2/arunQAFDHGDZXVNBDXG_gae.gen/sources_1/bd/system/ipshared/66ea/hdl/axi_lite_ipif_v3_0_vh_rfs.vhd:1775]
INFO: [Synth 8-638] synthesizing module 'pselect_f' [/home/jsp/Storage/CFU_PYNQ_FIles/CFU_SRC/pynq_z2/pynq_z2/arunQAFDHGDZXVNBDXG_gae.gen/sources_1/bd/system/ipshared/66ea/hdl/axi_lite_ipif_v3_0_vh_rfs.vhd:1534]
INFO: [Synth 8-256] done synthesizing module 'pselect_f' (0#1) [/home/jsp/Storage/CFU_PYNQ_FIles/CFU_SRC/pynq_z2/pynq_z2/arunQAFDHGDZXVNBDXG_gae.gen/sources_1/bd/system/ipshared/66ea/hdl/axi_lite_ipif_v3_0_vh_rfs.vhd:1534]
INFO: [Synth 8-638] synthesizing module 'pselect_f__parameterized0' [/home/jsp/Storage/CFU_PYNQ_FIles/CFU_SRC/pynq_z2/pynq_z2/arunQAFDHGDZXVNBDXG_gae.gen/sources_1/bd/system/ipshared/66ea/hdl/axi_lite_ipif_v3_0_vh_rfs.vhd:1534]
INFO: [Synth 8-256] done synthesizing module 'pselect_f__parameterized0' (0#1) [/home/jsp/Storage/CFU_PYNQ_FIles/CFU_SRC/pynq_z2/pynq_z2/arunQAFDHGDZXVNBDXG_gae.gen/sources_1/bd/system/ipshared/66ea/hdl/axi_lite_ipif_v3_0_vh_rfs.vhd:1534]
INFO: [Synth 8-638] synthesizing module 'pselect_f__parameterized1' [/home/jsp/Storage/CFU_PYNQ_FIles/CFU_SRC/pynq_z2/pynq_z2/arunQAFDHGDZXVNBDXG_gae.gen/sources_1/bd/system/ipshared/66ea/hdl/axi_lite_ipif_v3_0_vh_rfs.vhd:1534]
INFO: [Synth 8-256] done synthesizing module 'pselect_f__parameterized1' (0#1) [/home/jsp/Storage/CFU_PYNQ_FIles/CFU_SRC/pynq_z2/pynq_z2/arunQAFDHGDZXVNBDXG_gae.gen/sources_1/bd/system/ipshared/66ea/hdl/axi_lite_ipif_v3_0_vh_rfs.vhd:1534]
INFO: [Synth 8-638] synthesizing module 'pselect_f__parameterized2' [/home/jsp/Storage/CFU_PYNQ_FIles/CFU_SRC/pynq_z2/pynq_z2/arunQAFDHGDZXVNBDXG_gae.gen/sources_1/bd/system/ipshared/66ea/hdl/axi_lite_ipif_v3_0_vh_rfs.vhd:1534]
INFO: [Synth 8-256] done synthesizing module 'pselect_f__parameterized2' (0#1) [/home/jsp/Storage/CFU_PYNQ_FIles/CFU_SRC/pynq_z2/pynq_z2/arunQAFDHGDZXVNBDXG_gae.gen/sources_1/bd/system/ipshared/66ea/hdl/axi_lite_ipif_v3_0_vh_rfs.vhd:1534]
INFO: [Synth 8-256] done synthesizing module 'address_decoder' (0#1) [/home/jsp/Storage/CFU_PYNQ_FIles/CFU_SRC/pynq_z2/pynq_z2/arunQAFDHGDZXVNBDXG_gae.gen/sources_1/bd/system/ipshared/66ea/hdl/axi_lite_ipif_v3_0_vh_rfs.vhd:1775]
INFO: [Synth 8-226] default block is never used [/home/jsp/Storage/CFU_PYNQ_FIles/CFU_SRC/pynq_z2/pynq_z2/arunQAFDHGDZXVNBDXG_gae.gen/sources_1/bd/system/ipshared/66ea/hdl/axi_lite_ipif_v3_0_vh_rfs.vhd:2550]
INFO: [Synth 8-256] done synthesizing module 'slave_attachment' (0#1) [/home/jsp/Storage/CFU_PYNQ_FIles/CFU_SRC/pynq_z2/pynq_z2/arunQAFDHGDZXVNBDXG_gae.gen/sources_1/bd/system/ipshared/66ea/hdl/axi_lite_ipif_v3_0_vh_rfs.vhd:2341]
INFO: [Synth 8-256] done synthesizing module 'axi_lite_ipif' (0#1) [/home/jsp/Storage/CFU_PYNQ_FIles/CFU_SRC/pynq_z2/pynq_z2/arunQAFDHGDZXVNBDXG_gae.gen/sources_1/bd/system/ipshared/66ea/hdl/axi_lite_ipif_v3_0_vh_rfs.vhd:2948]
INFO: [Synth 8-638] synthesizing module 'GPIO_Core' [/home/jsp/Storage/CFU_PYNQ_FIles/CFU_SRC/pynq_z2/pynq_z2/arunQAFDHGDZXVNBDXG_gae.gen/sources_1/bd/system/ipshared/4208/hdl/axi_gpio_v2_0_vh_rfs.vhd:181]
INFO: [Synth 8-226] default block is never used [/home/jsp/Storage/CFU_PYNQ_FIles/CFU_SRC/pynq_z2/pynq_z2/arunQAFDHGDZXVNBDXG_gae.gen/sources_1/bd/system/ipshared/4208/hdl/axi_gpio_v2_0_vh_rfs.vhd:446]
INFO: [Synth 8-638] synthesizing module 'cdc_sync' [/home/jsp/Storage/CFU_PYNQ_FIles/CFU_SRC/pynq_z2/pynq_z2/arunQAFDHGDZXVNBDXG_gae.gen/sources_1/bd/system/ipshared/2a4f/hdl/lib_cdc_v1_0_rfs.vhd:106]
	Parameter INIT bound to: 1'b0 
INFO: [Synth 8-113] binding component instance 'CROSS2_PLEVEL_IN2SCNDRY_IN_cdc_to' to cell 'FDR' [/home/jsp/Storage/CFU_PYNQ_FIles/CFU_SRC/pynq_z2/pynq_z2/arunQAFDHGDZXVNBDXG_gae.gen/sources_1/bd/system/ipshared/2a4f/hdl/lib_cdc_v1_0_rfs.vhd:736]
	Parameter INIT bound to: 1'b0 
INFO: [Synth 8-113] binding component instance 'CROSS2_PLEVEL_IN2SCNDRY_IN_cdc_to' to cell 'FDR' [/home/jsp/Storage/CFU_PYNQ_FIles/CFU_SRC/pynq_z2/pynq_z2/arunQAFDHGDZXVNBDXG_gae.gen/sources_1/bd/system/ipshared/2a4f/hdl/lib_cdc_v1_0_rfs.vhd:736]
	Parameter INIT bound to: 1'b0 
INFO: [Synth 8-113] binding component instance 'CROSS2_PLEVEL_IN2SCNDRY_IN_cdc_to' to cell 'FDR' [/home/jsp/Storage/CFU_PYNQ_FIles/CFU_SRC/pynq_z2/pynq_z2/arunQAFDHGDZXVNBDXG_gae.gen/sources_1/bd/system/ipshared/2a4f/hdl/lib_cdc_v1_0_rfs.vhd:736]
	Parameter INIT bound to: 1'b0 
INFO: [Synth 8-113] binding component instance 'CROSS2_PLEVEL_IN2SCNDRY_s_level_out_bus_d2' to cell 'FDR' [/home/jsp/Storage/CFU_PYNQ_FIles/CFU_SRC/pynq_z2/pynq_z2/arunQAFDHGDZXVNBDXG_gae.gen/sources_1/bd/system/ipshared/2a4f/hdl/lib_cdc_v1_0_rfs.vhd:772]
	Parameter INIT bound to: 1'b0 
INFO: [Synth 8-113] binding component instance 'CROSS2_PLEVEL_IN2SCNDRY_s_level_out_bus_d2' to cell 'FDR' [/home/jsp/Storage/CFU_PYNQ_FIles/CFU_SRC/pynq_z2/pynq_z2/arunQAFDHGDZXVNBDXG_gae.gen/sources_1/bd/system/ipshared/2a4f/hdl/lib_cdc_v1_0_rfs.vhd:772]
	Parameter INIT bound to: 1'b0 
INFO: [Synth 8-113] binding component instance 'CROSS2_PLEVEL_IN2SCNDRY_s_level_out_bus_d2' to cell 'FDR' [/home/jsp/Storage/CFU_PYNQ_FIles/CFU_SRC/pynq_z2/pynq_z2/arunQAFDHGDZXVNBDXG_gae.gen/sources_1/bd/system/ipshared/2a4f/hdl/lib_cdc_v1_0_rfs.vhd:772]
	Parameter INIT bound to: 1'b0 
INFO: [Synth 8-113] binding component instance 'CROSS2_PLEVEL_IN2SCNDRY_s_level_out_bus_d3' to cell 'FDR' [/home/jsp/Storage/CFU_PYNQ_FIles/CFU_SRC/pynq_z2/pynq_z2/arunQAFDHGDZXVNBDXG_gae.gen/sources_1/bd/system/ipshared/2a4f/hdl/lib_cdc_v1_0_rfs.vhd:788]
	Parameter INIT bound to: 1'b0 
INFO: [Synth 8-113] binding component instance 'CROSS2_PLEVEL_IN2SCNDRY_s_level_out_bus_d3' to cell 'FDR' [/home/jsp/Storage/CFU_PYNQ_FIles/CFU_SRC/pynq_z2/pynq_z2/arunQAFDHGDZXVNBDXG_gae.gen/sources_1/bd/system/ipshared/2a4f/hdl/lib_cdc_v1_0_rfs.vhd:788]
	Parameter INIT bound to: 1'b0 
INFO: [Synth 8-113] binding component instance 'CROSS2_PLEVEL_IN2SCNDRY_s_level_out_bus_d3' to cell 'FDR' [/home/jsp/Storage/CFU_PYNQ_FIles/CFU_SRC/pynq_z2/pynq_z2/arunQAFDHGDZXVNBDXG_gae.gen/sources_1/bd/system/ipshared/2a4f/hdl/lib_cdc_v1_0_rfs.vhd:788]
	Parameter INIT bound to: 1'b0 
INFO: [Synth 8-113] binding component instance 'CROSS2_PLEVEL_IN2SCNDRY_s_level_out_bus_d4' to cell 'FDR' [/home/jsp/Storage/CFU_PYNQ_FIles/CFU_SRC/pynq_z2/pynq_z2/arunQAFDHGDZXVNBDXG_gae.gen/sources_1/bd/system/ipshared/2a4f/hdl/lib_cdc_v1_0_rfs.vhd:804]
	Parameter INIT bound to: 1'b0 
INFO: [Synth 8-113] binding component instance 'CROSS2_PLEVEL_IN2SCNDRY_s_level_out_bus_d4' to cell 'FDR' [/home/jsp/Storage/CFU_PYNQ_FIles/CFU_SRC/pynq_z2/pynq_z2/arunQAFDHGDZXVNBDXG_gae.gen/sources_1/bd/system/ipshared/2a4f/hdl/lib_cdc_v1_0_rfs.vhd:804]
	Parameter INIT bound to: 1'b0 
INFO: [Synth 8-113] binding component instance 'CROSS2_PLEVEL_IN2SCNDRY_s_level_out_bus_d4' to cell 'FDR' [/home/jsp/Storage/CFU_PYNQ_FIles/CFU_SRC/pynq_z2/pynq_z2/arunQAFDHGDZXVNBDXG_gae.gen/sources_1/bd/system/ipshared/2a4f/hdl/lib_cdc_v1_0_rfs.vhd:804]
	Parameter INIT bound to: 1'b0 
INFO: [Synth 8-113] binding component instance 'CROSS2_PLEVEL_IN2SCNDRY_s_level_out_bus_d5' to cell 'FDR' [/home/jsp/Storage/CFU_PYNQ_FIles/CFU_SRC/pynq_z2/pynq_z2/arunQAFDHGDZXVNBDXG_gae.gen/sources_1/bd/system/ipshared/2a4f/hdl/lib_cdc_v1_0_rfs.vhd:821]
	Parameter INIT bound to: 1'b0 
INFO: [Synth 8-113] binding component instance 'CROSS2_PLEVEL_IN2SCNDRY_s_level_out_bus_d5' to cell 'FDR' [/home/jsp/Storage/CFU_PYNQ_FIles/CFU_SRC/pynq_z2/pynq_z2/arunQAFDHGDZXVNBDXG_gae.gen/sources_1/bd/system/ipshared/2a4f/hdl/lib_cdc_v1_0_rfs.vhd:821]
	Parameter INIT bound to: 1'b0 
INFO: [Synth 8-113] binding component instance 'CROSS2_PLEVEL_IN2SCNDRY_s_level_out_bus_d5' to cell 'FDR' [/home/jsp/Storage/CFU_PYNQ_FIles/CFU_SRC/pynq_z2/pynq_z2/arunQAFDHGDZXVNBDXG_gae.gen/sources_1/bd/system/ipshared/2a4f/hdl/lib_cdc_v1_0_rfs.vhd:821]
	Parameter INIT bound to: 1'b0 
INFO: [Synth 8-113] binding component instance 'CROSS2_PLEVEL_IN2SCNDRY_s_level_out_bus_d6' to cell 'FDR' [/home/jsp/Storage/CFU_PYNQ_FIles/CFU_SRC/pynq_z2/pynq_z2/arunQAFDHGDZXVNBDXG_gae.gen/sources_1/bd/system/ipshared/2a4f/hdl/lib_cdc_v1_0_rfs.vhd:837]
	Parameter INIT bound to: 1'b0 
INFO: [Synth 8-113] binding component instance 'CROSS2_PLEVEL_IN2SCNDRY_s_level_out_bus_d6' to cell 'FDR' [/home/jsp/Storage/CFU_PYNQ_FIles/CFU_SRC/pynq_z2/pynq_z2/arunQAFDHGDZXVNBDXG_gae.gen/sources_1/bd/system/ipshared/2a4f/hdl/lib_cdc_v1_0_rfs.vhd:837]
	Parameter INIT bound to: 1'b0 
INFO: [Synth 8-113] binding component instance 'CROSS2_PLEVEL_IN2SCNDRY_s_level_out_bus_d6' to cell 'FDR' [/home/jsp/Storage/CFU_PYNQ_FIles/CFU_SRC/pynq_z2/pynq_z2/arunQAFDHGDZXVNBDXG_gae.gen/sources_1/bd/system/ipshared/2a4f/hdl/lib_cdc_v1_0_rfs.vhd:837]
INFO: [Synth 8-256] done synthesizing module 'cdc_sync' (0#1) [/home/jsp/Storage/CFU_PYNQ_FIles/CFU_SRC/pynq_z2/pynq_z2/arunQAFDHGDZXVNBDXG_gae.gen/sources_1/bd/system/ipshared/2a4f/hdl/lib_cdc_v1_0_rfs.vhd:106]
INFO: [Synth 8-256] done synthesizing module 'GPIO_Core' (0#1) [/home/jsp/Storage/CFU_PYNQ_FIles/CFU_SRC/pynq_z2/pynq_z2/arunQAFDHGDZXVNBDXG_gae.gen/sources_1/bd/system/ipshared/4208/hdl/axi_gpio_v2_0_vh_rfs.vhd:181]
INFO: [Synth 8-256] done synthesizing module 'axi_gpio' (0#1) [/home/jsp/Storage/CFU_PYNQ_FIles/CFU_SRC/pynq_z2/pynq_z2/arunQAFDHGDZXVNBDXG_gae.gen/sources_1/bd/system/ipshared/4208/hdl/axi_gpio_v2_0_vh_rfs.vhd:1356]
INFO: [Synth 8-256] done synthesizing module 'system_axi_gpio_decouple_status_0' (0#1) [/home/jsp/Storage/CFU_PYNQ_FIles/CFU_SRC/pynq_z2/pynq_z2/arunQAFDHGDZXVNBDXG_gae.gen/sources_1/bd/system/ip/system_axi_gpio_decouple_status_0/synth/system_axi_gpio_decouple_status_0.vhd:84]
WARNING: [Synth 8-6014] Unused sequential element Not_Dual.ALLIN1_ND.READ_REG_GEN[0].GPIO_DBus_i_reg was removed.  [/home/jsp/Storage/CFU_PYNQ_FIles/CFU_SRC/pynq_z2/pynq_z2/arunQAFDHGDZXVNBDXG_gae.gen/sources_1/bd/system/ipshared/4208/hdl/axi_gpio_v2_0_vh_rfs.vhd:354]
WARNING: [Synth 8-6014] Unused sequential element Not_Dual.ALLIN1_ND.READ_REG_GEN[1].GPIO_DBus_i_reg was removed.  [/home/jsp/Storage/CFU_PYNQ_FIles/CFU_SRC/pynq_z2/pynq_z2/arunQAFDHGDZXVNBDXG_gae.gen/sources_1/bd/system/ipshared/4208/hdl/axi_gpio_v2_0_vh_rfs.vhd:354]
WARNING: [Synth 8-6014] Unused sequential element Not_Dual.ALLIN1_ND.READ_REG_GEN[2].GPIO_DBus_i_reg was removed.  [/home/jsp/Storage/CFU_PYNQ_FIles/CFU_SRC/pynq_z2/pynq_z2/arunQAFDHGDZXVNBDXG_gae.gen/sources_1/bd/system/ipshared/4208/hdl/axi_gpio_v2_0_vh_rfs.vhd:354]
WARNING: [Synth 8-7129] Port prmry_aclk in module cdc_sync is either unconnected or has no load
WARNING: [Synth 8-7129] Port prmry_resetn in module cdc_sync is either unconnected or has no load
WARNING: [Synth 8-7129] Port prmry_in in module cdc_sync is either unconnected or has no load
WARNING: [Synth 8-7129] Port scndry_resetn in module cdc_sync is either unconnected or has no load
WARNING: [Synth 8-7129] Port ABus_Reg[1] in module GPIO_Core is either unconnected or has no load
WARNING: [Synth 8-7129] Port ABus_Reg[2] in module GPIO_Core is either unconnected or has no load
WARNING: [Synth 8-7129] Port ABus_Reg[3] in module GPIO_Core is either unconnected or has no load
WARNING: [Synth 8-7129] Port ABus_Reg[4] in module GPIO_Core is either unconnected or has no load
WARNING: [Synth 8-7129] Port ABus_Reg[7] in module GPIO_Core is either unconnected or has no load
WARNING: [Synth 8-7129] Port ABus_Reg[8] in module GPIO_Core is either unconnected or has no load
WARNING: [Synth 8-7129] Port BE_Reg[0] in module GPIO_Core is either unconnected or has no load
WARNING: [Synth 8-7129] Port BE_Reg[1] in module GPIO_Core is either unconnected or has no load
WARNING: [Synth 8-7129] Port BE_Reg[2] in module GPIO_Core is either unconnected or has no load
WARNING: [Synth 8-7129] Port BE_Reg[3] in module GPIO_Core is either unconnected or has no load
WARNING: [Synth 8-7129] Port GPIO2_IO_I[0] in module GPIO_Core is either unconnected or has no load
WARNING: [Synth 8-7129] Port GPIO2_IO_I[1] in module GPIO_Core is either unconnected or has no load
WARNING: [Synth 8-7129] Port GPIO2_IO_I[2] in module GPIO_Core is either unconnected or has no load
WARNING: [Synth 8-7129] Port GPIO2_IO_I[3] in module GPIO_Core is either unconnected or has no load
WARNING: [Synth 8-7129] Port GPIO2_IO_I[4] in module GPIO_Core is either unconnected or has no load
WARNING: [Synth 8-7129] Port GPIO2_IO_I[5] in module GPIO_Core is either unconnected or has no load
WARNING: [Synth 8-7129] Port GPIO2_IO_I[6] in module GPIO_Core is either unconnected or has no load
WARNING: [Synth 8-7129] Port GPIO2_IO_I[7] in module GPIO_Core is either unconnected or has no load
WARNING: [Synth 8-7129] Port GPIO2_IO_I[8] in module GPIO_Core is either unconnected or has no load
WARNING: [Synth 8-7129] Port GPIO2_IO_I[9] in module GPIO_Core is either unconnected or has no load
WARNING: [Synth 8-7129] Port GPIO2_IO_I[10] in module GPIO_Core is either unconnected or has no load
WARNING: [Synth 8-7129] Port GPIO2_IO_I[11] in module GPIO_Core is either unconnected or has no load
WARNING: [Synth 8-7129] Port GPIO2_IO_I[12] in module GPIO_Core is either unconnected or has no load
WARNING: [Synth 8-7129] Port GPIO2_IO_I[13] in module GPIO_Core is either unconnected or has no load
WARNING: [Synth 8-7129] Port GPIO2_IO_I[14] in module GPIO_Core is either unconnected or has no load
WARNING: [Synth 8-7129] Port GPIO2_IO_I[15] in module GPIO_Core is either unconnected or has no load
WARNING: [Synth 8-7129] Port GPIO2_IO_I[16] in module GPIO_Core is either unconnected or has no load
WARNING: [Synth 8-7129] Port GPIO2_IO_I[17] in module GPIO_Core is either unconnected or has no load
WARNING: [Synth 8-7129] Port GPIO2_IO_I[18] in module GPIO_Core is either unconnected or has no load
WARNING: [Synth 8-7129] Port GPIO2_IO_I[19] in module GPIO_Core is either unconnected or has no load
WARNING: [Synth 8-7129] Port GPIO2_IO_I[20] in module GPIO_Core is either unconnected or has no load
WARNING: [Synth 8-7129] Port GPIO2_IO_I[21] in module GPIO_Core is either unconnected or has no load
WARNING: [Synth 8-7129] Port GPIO2_IO_I[22] in module GPIO_Core is either unconnected or has no load
WARNING: [Synth 8-7129] Port GPIO2_IO_I[23] in module GPIO_Core is either unconnected or has no load
WARNING: [Synth 8-7129] Port GPIO2_IO_I[24] in module GPIO_Core is either unconnected or has no load
WARNING: [Synth 8-7129] Port GPIO2_IO_I[25] in module GPIO_Core is either unconnected or has no load
WARNING: [Synth 8-7129] Port GPIO2_IO_I[26] in module GPIO_Core is either unconnected or has no load
WARNING: [Synth 8-7129] Port GPIO2_IO_I[27] in module GPIO_Core is either unconnected or has no load
WARNING: [Synth 8-7129] Port GPIO2_IO_I[28] in module GPIO_Core is either unconnected or has no load
WARNING: [Synth 8-7129] Port GPIO2_IO_I[29] in module GPIO_Core is either unconnected or has no load
WARNING: [Synth 8-7129] Port GPIO2_IO_I[30] in module GPIO_Core is either unconnected or has no load
WARNING: [Synth 8-7129] Port GPIO2_IO_I[31] in module GPIO_Core is either unconnected or has no load
WARNING: [Synth 8-7129] Port Address_In_Erly[0] in module address_decoder is either unconnected or has no load
WARNING: [Synth 8-7129] Port Address_In_Erly[1] in module address_decoder is either unconnected or has no load
WARNING: [Synth 8-7129] Port Address_In_Erly[2] in module address_decoder is either unconnected or has no load
WARNING: [Synth 8-7129] Port Address_In_Erly[3] in module address_decoder is either unconnected or has no load
WARNING: [Synth 8-7129] Port Address_In_Erly[4] in module address_decoder is either unconnected or has no load
WARNING: [Synth 8-7129] Port Address_In_Erly[7] in module address_decoder is either unconnected or has no load
WARNING: [Synth 8-7129] Port Address_In_Erly[8] in module address_decoder is either unconnected or has no load
WARNING: [Synth 8-7129] Port Bus_RNW in module address_decoder is either unconnected or has no load
WARNING: [Synth 8-7129] Port S_AXI_WSTRB[3] in module slave_attachment is either unconnected or has no load
WARNING: [Synth 8-7129] Port S_AXI_WSTRB[2] in module slave_attachment is either unconnected or has no load
WARNING: [Synth 8-7129] Port S_AXI_WSTRB[1] in module slave_attachment is either unconnected or has no load
WARNING: [Synth 8-7129] Port S_AXI_WSTRB[0] in module slave_attachment is either unconnected or has no load
---------------------------------------------------------------------------------
Finished RTL Elaboration : Time (s): cpu = 00:00:05 ; elapsed = 00:00:05 . Memory (MB): peak = 2244.355 ; gain = 505.684 ; free physical = 3987 ; free virtual = 16575
---------------------------------------------------------------------------------
---------------------------------------------------------------------------------
Start Handling Custom Attributes
---------------------------------------------------------------------------------
---------------------------------------------------------------------------------
Finished Handling Custom Attributes : Time (s): cpu = 00:00:05 ; elapsed = 00:00:05 . Memory (MB): peak = 2259.199 ; gain = 520.527 ; free physical = 3987 ; free virtual = 16575
---------------------------------------------------------------------------------
---------------------------------------------------------------------------------
Finished RTL Optimization Phase 1 : Time (s): cpu = 00:00:05 ; elapsed = 00:00:05 . Memory (MB): peak = 2259.199 ; gain = 520.527 ; free physical = 3987 ; free virtual = 16575
---------------------------------------------------------------------------------
Netlist sorting complete. Time (s): cpu = 00:00:00 ; elapsed = 00:00:00.01 . Memory (MB): peak = 2265.137 ; gain = 0.000 ; free physical = 3980 ; free virtual = 16568
INFO: [Netlist 29-17] Analyzing 18 Unisim elements for replacement
INFO: [Netlist 29-28] Unisim Transformation completed in 0 CPU seconds
INFO: [Project 1-570] Preparing netlist for logic optimization

Processing XDC Constraints
Initializing timing engine
Parsing XDC File [/home/jsp/Storage/CFU_PYNQ_FIles/CFU_SRC/pynq_z2/pynq_z2/arunQAFDHGDZXVNBDXG_gae.gen/sources_1/bd/system/ip/system_axi_gpio_decouple_status_0/system_axi_gpio_decouple_status_0_ooc.xdc] for cell 'U0'
Finished Parsing XDC File [/home/jsp/Storage/CFU_PYNQ_FIles/CFU_SRC/pynq_z2/pynq_z2/arunQAFDHGDZXVNBDXG_gae.gen/sources_1/bd/system/ip/system_axi_gpio_decouple_status_0/system_axi_gpio_decouple_status_0_ooc.xdc] for cell 'U0'
Parsing XDC File [/home/jsp/Storage/CFU_PYNQ_FIles/CFU_SRC/pynq_z2/pynq_z2/arunQAFDHGDZXVNBDXG_gae.gen/sources_1/bd/system/ip/system_axi_gpio_decouple_status_0/system_axi_gpio_decouple_status_0_board.xdc] for cell 'U0'
Finished Parsing XDC File [/home/jsp/Storage/CFU_PYNQ_FIles/CFU_SRC/pynq_z2/pynq_z2/arunQAFDHGDZXVNBDXG_gae.gen/sources_1/bd/system/ip/system_axi_gpio_decouple_status_0/system_axi_gpio_decouple_status_0_board.xdc] for cell 'U0'
Parsing XDC File [/home/jsp/Storage/CFU_PYNQ_FIles/CFU_SRC/pynq_z2/pynq_z2/arunQAFDHGDZXVNBDXG_gae.gen/sources_1/bd/system/ip/system_axi_gpio_decouple_status_0/system_axi_gpio_decouple_status_0.xdc] for cell 'U0'
Finished Parsing XDC File [/home/jsp/Storage/CFU_PYNQ_FIles/CFU_SRC/pynq_z2/pynq_z2/arunQAFDHGDZXVNBDXG_gae.gen/sources_1/bd/system/ip/system_axi_gpio_decouple_status_0/system_axi_gpio_decouple_status_0.xdc] for cell 'U0'
Parsing XDC File [/home/jsp/Storage/CFU_PYNQ_FIles/CFU_SRC/pynq_z2/pynq_z2/arunQAFDHGDZXVNBDXG_gae.runs/system_axi_gpio_decouple_status_0_synth_1/dont_touch.xdc]
Finished Parsing XDC File [/home/jsp/Storage/CFU_PYNQ_FIles/CFU_SRC/pynq_z2/pynq_z2/arunQAFDHGDZXVNBDXG_gae.runs/system_axi_gpio_decouple_status_0_synth_1/dont_touch.xdc]
Completed Processing XDC Constraints

Netlist sorting complete. Time (s): cpu = 00:00:00 ; elapsed = 00:00:00 . Memory (MB): peak = 2393.949 ; gain = 0.000 ; free physical = 3964 ; free virtual = 16552
INFO: [Project 1-111] Unisim Transformation Summary:
  A total of 18 instances were transformed.
  FDR => FDRE: 18 instances

Constraint Validation Runtime : Time (s): cpu = 00:00:00.02 ; elapsed = 00:00:00.01 . Memory (MB): peak = 2393.949 ; gain = 0.000 ; free physical = 3964 ; free virtual = 16552
INFO: [Designutils 20-5008] Incremental synthesis strategy off
---------------------------------------------------------------------------------
Finished Constraint Validation : Time (s): cpu = 00:00:10 ; elapsed = 00:00:10 . Memory (MB): peak = 2393.949 ; gain = 655.277 ; free physical = 3974 ; free virtual = 16563
---------------------------------------------------------------------------------
---------------------------------------------------------------------------------
Start Loading Part and Timing Information
---------------------------------------------------------------------------------
Loading part: xc7z020clg400-1
---------------------------------------------------------------------------------
Finished Loading Part and Timing Information : Time (s): cpu = 00:00:10 ; elapsed = 00:00:10 . Memory (MB): peak = 2401.953 ; gain = 663.281 ; free physical = 3974 ; free virtual = 16563
---------------------------------------------------------------------------------
---------------------------------------------------------------------------------
Start Applying 'set_property' XDC Constraints
---------------------------------------------------------------------------------
Applied set_property KEEP_HIERARCHY = SOFT for U0. (constraint file  /home/jsp/Storage/CFU_PYNQ_FIles/CFU_SRC/pynq_z2/pynq_z2/arunQAFDHGDZXVNBDXG_gae.runs/system_axi_gpio_decouple_status_0_synth_1/dont_touch.xdc, line 9).
---------------------------------------------------------------------------------
Finished applying 'set_property' XDC Constraints : Time (s): cpu = 00:00:10 ; elapsed = 00:00:10 . Memory (MB): peak = 2401.953 ; gain = 663.281 ; free physical = 3974 ; free virtual = 16563
---------------------------------------------------------------------------------
INFO: [Synth 8-802] inferred FSM for state register 'state_reg' in module 'slave_attachment'
---------------------------------------------------------------------------------------------------
                   State |                     New Encoding |                Previous Encoding 
---------------------------------------------------------------------------------------------------
                 iSTATE2 |                             0001 |                               00
                  iSTATE |                             0010 |                               01
                 iSTATE0 |                             0100 |                               10
                 iSTATE1 |                             1000 |                               11
---------------------------------------------------------------------------------------------------
INFO: [Synth 8-3354] encoded FSM with state register 'state_reg' using encoding 'one-hot' in module 'slave_attachment'
---------------------------------------------------------------------------------
Finished RTL Optimization Phase 2 : Time (s): cpu = 00:00:10 ; elapsed = 00:00:10 . Memory (MB): peak = 2401.953 ; gain = 663.281 ; free physical = 3972 ; free virtual = 16562
---------------------------------------------------------------------------------
---------------------------------------------------------------------------------
Start RTL Component Statistics 
---------------------------------------------------------------------------------
Detailed RTL Component Info : 
+---Adders : 
	   2 Input    4 Bit       Adders := 1     
+---Registers : 
	               32 Bit    Registers := 2     
	                9 Bit    Registers := 1     
	                4 Bit    Registers := 1     
	                3 Bit    Registers := 3     
	                2 Bit    Registers := 3     
	                1 Bit    Registers := 18    
+---Muxes : 
	   5 Input   32 Bit        Muxes := 1     
	   2 Input   32 Bit        Muxes := 1     
	   2 Input    9 Bit        Muxes := 1     
	   4 Input    4 Bit        Muxes := 1     
	   2 Input    4 Bit        Muxes := 5     
	   2 Input    3 Bit        Muxes := 2     
	   2 Input    2 Bit        Muxes := 3     
	   3 Input    2 Bit        Muxes := 1     
	   4 Input    2 Bit        Muxes := 1     
	   2 Input    1 Bit        Muxes := 11    
	   4 Input    1 Bit        Muxes := 3     
---------------------------------------------------------------------------------
Finished RTL Component Statistics 
---------------------------------------------------------------------------------
---------------------------------------------------------------------------------
Start Part Resource Summary
---------------------------------------------------------------------------------
Part Resources:
DSPs: 220 (col length:60)
BRAMs: 280 (col length: RAMB18 60 RAMB36 30)
---------------------------------------------------------------------------------
Finished Part Resource Summary
---------------------------------------------------------------------------------
---------------------------------------------------------------------------------
Start Cross Boundary and Area Optimization
---------------------------------------------------------------------------------
WARNING: [Synth 8-7080] Parallel synthesis criteria is not met
WARNING: [Synth 8-7129] Port s_axi_wstrb[3] in module axi_gpio is either unconnected or has no load
WARNING: [Synth 8-7129] Port s_axi_wstrb[2] in module axi_gpio is either unconnected or has no load
WARNING: [Synth 8-7129] Port s_axi_wstrb[1] in module axi_gpio is either unconnected or has no load
WARNING: [Synth 8-7129] Port s_axi_wstrb[0] in module axi_gpio is either unconnected or has no load
WARNING: [Synth 8-7129] Port gpio2_io_i[31] in module axi_gpio is either unconnected or has no load
WARNING: [Synth 8-7129] Port gpio2_io_i[30] in module axi_gpio is either unconnected or has no load
WARNING: [Synth 8-7129] Port gpio2_io_i[29] in module axi_gpio is either unconnected or has no load
WARNING: [Synth 8-7129] Port gpio2_io_i[28] in module axi_gpio is either unconnected or has no load
WARNING: [Synth 8-7129] Port gpio2_io_i[27] in module axi_gpio is either unconnected or has no load
WARNING: [Synth 8-7129] Port gpio2_io_i[26] in module axi_gpio is either unconnected or has no load
WARNING: [Synth 8-7129] Port gpio2_io_i[25] in module axi_gpio is either unconnected or has no load
WARNING: [Synth 8-7129] Port gpio2_io_i[24] in module axi_gpio is either unconnected or has no load
WARNING: [Synth 8-7129] Port gpio2_io_i[23] in module axi_gpio is either unconnected or has no load
WARNING: [Synth 8-7129] Port gpio2_io_i[22] in module axi_gpio is either unconnected or has no load
WARNING: [Synth 8-7129] Port gpio2_io_i[21] in module axi_gpio is either unconnected or has no load
WARNING: [Synth 8-7129] Port gpio2_io_i[20] in module axi_gpio is either unconnected or has no load
WARNING: [Synth 8-7129] Port gpio2_io_i[19] in module axi_gpio is either unconnected or has no load
WARNING: [Synth 8-7129] Port gpio2_io_i[18] in module axi_gpio is either unconnected or has no load
WARNING: [Synth 8-7129] Port gpio2_io_i[17] in module axi_gpio is either unconnected or has no load
WARNING: [Synth 8-7129] Port gpio2_io_i[16] in module axi_gpio is either unconnected or has no load
WARNING: [Synth 8-7129] Port gpio2_io_i[15] in module axi_gpio is either unconnected or has no load
WARNING: [Synth 8-7129] Port gpio2_io_i[14] in module axi_gpio is either unconnected or has no load
WARNING: [Synth 8-7129] Port gpio2_io_i[13] in module axi_gpio is either unconnected or has no load
WARNING: [Synth 8-7129] Port gpio2_io_i[12] in module axi_gpio is either unconnected or has no load
WARNING: [Synth 8-7129] Port gpio2_io_i[11] in module axi_gpio is either unconnected or has no load
WARNING: [Synth 8-7129] Port gpio2_io_i[10] in module axi_gpio is either unconnected or has no load
WARNING: [Synth 8-7129] Port gpio2_io_i[9] in module axi_gpio is either unconnected or has no load
WARNING: [Synth 8-7129] Port gpio2_io_i[8] in module axi_gpio is either unconnected or has no load
WARNING: [Synth 8-7129] Port gpio2_io_i[7] in module axi_gpio is either unconnected or has no load
WARNING: [Synth 8-7129] Port gpio2_io_i[6] in module axi_gpio is either unconnected or has no load
WARNING: [Synth 8-7129] Port gpio2_io_i[5] in module axi_gpio is either unconnected or has no load
WARNING: [Synth 8-7129] Port gpio2_io_i[4] in module axi_gpio is either unconnected or has no load
WARNING: [Synth 8-7129] Port gpio2_io_i[3] in module axi_gpio is either unconnected or has no load
WARNING: [Synth 8-7129] Port gpio2_io_i[2] in module axi_gpio is either unconnected or has no load
WARNING: [Synth 8-7129] Port gpio2_io_i[1] in module axi_gpio is either unconnected or has no load
WARNING: [Synth 8-7129] Port gpio2_io_i[0] in module axi_gpio is either unconnected or has no load
INFO: [Synth 8-3332] Sequential element (gpio_core_1/Not_Dual.INPUT_DOUBLE_REGS3/GENERATE_LEVEL_P_S_CDC.MULTI_BIT.FOR_CROSS_PLEVEL_IN2SCNDRY_bus_d5[0].CROSS2_PLEVEL_IN2SCNDRY_s_level_out_bus_d5) is unused and will be removed from module axi_gpio.
INFO: [Synth 8-3332] Sequential element (gpio_core_1/Not_Dual.INPUT_DOUBLE_REGS3/GENERATE_LEVEL_P_S_CDC.MULTI_BIT.FOR_CROSS_PLEVEL_IN2SCNDRY_bus_d5[1].CROSS2_PLEVEL_IN2SCNDRY_s_level_out_bus_d5) is unused and will be removed from module axi_gpio.
INFO: [Synth 8-3332] Sequential element (gpio_core_1/Not_Dual.INPUT_DOUBLE_REGS3/GENERATE_LEVEL_P_S_CDC.MULTI_BIT.FOR_CROSS_PLEVEL_IN2SCNDRY_bus_d5[2].CROSS2_PLEVEL_IN2SCNDRY_s_level_out_bus_d5) is unused and will be removed from module axi_gpio.
INFO: [Synth 8-3332] Sequential element (gpio_core_1/Not_Dual.INPUT_DOUBLE_REGS3/GENERATE_LEVEL_P_S_CDC.MULTI_BIT.FOR_CROSS_PLEVEL_IN2SCNDRY_bus_d6[0].CROSS2_PLEVEL_IN2SCNDRY_s_level_out_bus_d6) is unused and will be removed from module axi_gpio.
INFO: [Synth 8-3332] Sequential element (gpio_core_1/Not_Dual.INPUT_DOUBLE_REGS3/GENERATE_LEVEL_P_S_CDC.MULTI_BIT.FOR_CROSS_PLEVEL_IN2SCNDRY_bus_d6[1].CROSS2_PLEVEL_IN2SCNDRY_s_level_out_bus_d6) is unused and will be removed from module axi_gpio.
INFO: [Synth 8-3332] Sequential element (gpio_core_1/Not_Dual.INPUT_DOUBLE_REGS3/GENERATE_LEVEL_P_S_CDC.MULTI_BIT.FOR_CROSS_PLEVEL_IN2SCNDRY_bus_d6[2].CROSS2_PLEVEL_IN2SCNDRY_s_level_out_bus_d6) is unused and will be removed from module axi_gpio.
---------------------------------------------------------------------------------
Finished Cross Boundary and Area Optimization : Time (s): cpu = 00:00:11 ; elapsed = 00:00:11 . Memory (MB): peak = 2401.953 ; gain = 663.281 ; free physical = 3956 ; free virtual = 16546
---------------------------------------------------------------------------------
---------------------------------------------------------------------------------
Start Applying XDC Timing Constraints
---------------------------------------------------------------------------------
---------------------------------------------------------------------------------
Finished Applying XDC Timing Constraints : Time (s): cpu = 00:00:16 ; elapsed = 00:00:16 . Memory (MB): peak = 2401.953 ; gain = 663.281 ; free physical = 3961 ; free virtual = 16551
---------------------------------------------------------------------------------
---------------------------------------------------------------------------------
Start Timing Optimization
---------------------------------------------------------------------------------
---------------------------------------------------------------------------------
Finished Timing Optimization : Time (s): cpu = 00:00:16 ; elapsed = 00:00:16 . Memory (MB): peak = 2401.953 ; gain = 663.281 ; free physical = 3959 ; free virtual = 16550
---------------------------------------------------------------------------------
---------------------------------------------------------------------------------
Start Technology Mapping
---------------------------------------------------------------------------------
---------------------------------------------------------------------------------
Finished Technology Mapping : Time (s): cpu = 00:00:16 ; elapsed = 00:00:16 . Memory (MB): peak = 2401.953 ; gain = 663.281 ; free physical = 3959 ; free virtual = 16550
---------------------------------------------------------------------------------
---------------------------------------------------------------------------------
Start IO Insertion
---------------------------------------------------------------------------------
---------------------------------------------------------------------------------
Start Flattening Before IO Insertion
---------------------------------------------------------------------------------
---------------------------------------------------------------------------------
Finished Flattening Before IO Insertion
---------------------------------------------------------------------------------
---------------------------------------------------------------------------------
Start Final Netlist Cleanup
---------------------------------------------------------------------------------
---------------------------------------------------------------------------------
Finished Final Netlist Cleanup
---------------------------------------------------------------------------------
---------------------------------------------------------------------------------
Finished IO Insertion : Time (s): cpu = 00:00:19 ; elapsed = 00:00:19 . Memory (MB): peak = 2401.953 ; gain = 663.281 ; free physical = 3959 ; free virtual = 16550
---------------------------------------------------------------------------------
---------------------------------------------------------------------------------
Start Renaming Generated Instances
---------------------------------------------------------------------------------
---------------------------------------------------------------------------------
Finished Renaming Generated Instances : Time (s): cpu = 00:00:19 ; elapsed = 00:00:19 . Memory (MB): peak = 2401.953 ; gain = 663.281 ; free physical = 3959 ; free virtual = 16550
---------------------------------------------------------------------------------
---------------------------------------------------------------------------------
Start Rebuilding User Hierarchy
---------------------------------------------------------------------------------
---------------------------------------------------------------------------------
Finished Rebuilding User Hierarchy : Time (s): cpu = 00:00:19 ; elapsed = 00:00:19 . Memory (MB): peak = 2401.953 ; gain = 663.281 ; free physical = 3959 ; free virtual = 16550
---------------------------------------------------------------------------------
---------------------------------------------------------------------------------
Start Renaming Generated Ports
---------------------------------------------------------------------------------
---------------------------------------------------------------------------------
Finished Renaming Generated Ports : Time (s): cpu = 00:00:19 ; elapsed = 00:00:19 . Memory (MB): peak = 2401.953 ; gain = 663.281 ; free physical = 3959 ; free virtual = 16550
---------------------------------------------------------------------------------
---------------------------------------------------------------------------------
Start Handling Custom Attributes
---------------------------------------------------------------------------------
---------------------------------------------------------------------------------
Finished Handling Custom Attributes : Time (s): cpu = 00:00:19 ; elapsed = 00:00:19 . Memory (MB): peak = 2401.953 ; gain = 663.281 ; free physical = 3959 ; free virtual = 16550
---------------------------------------------------------------------------------
---------------------------------------------------------------------------------
Start Renaming Generated Nets
---------------------------------------------------------------------------------
---------------------------------------------------------------------------------
Finished Renaming Generated Nets : Time (s): cpu = 00:00:19 ; elapsed = 00:00:19 . Memory (MB): peak = 2401.953 ; gain = 663.281 ; free physical = 3959 ; free virtual = 16550
---------------------------------------------------------------------------------
---------------------------------------------------------------------------------
Start Writing Synthesis Report
---------------------------------------------------------------------------------

Report BlackBoxes: 
+-+--------------+----------+
| |BlackBox name |Instances |
+-+--------------+----------+
+-+--------------+----------+

Report Cell Usage: 
+------+-----+------+
|      |Cell |Count |
+------+-----+------+
|1     |LUT1 |     2|
|2     |LUT2 |    10|
|3     |LUT3 |     7|
|4     |LUT4 |     4|
|5     |LUT5 |     8|
|6     |LUT6 |    18|
|7     |FDR  |    12|
|8     |FDRE |    43|
|9     |FDSE |     4|
+------+-----+------+
---------------------------------------------------------------------------------
Finished Writing Synthesis Report : Time (s): cpu = 00:00:19 ; elapsed = 00:00:19 . Memory (MB): peak = 2401.953 ; gain = 663.281 ; free physical = 3959 ; free virtual = 16550
---------------------------------------------------------------------------------
Synthesis finished with 0 errors, 0 critical warnings and 37 warnings.
Synthesis Optimization Runtime : Time (s): cpu = 00:00:18 ; elapsed = 00:00:18 . Memory (MB): peak = 2401.953 ; gain = 528.531 ; free physical = 3959 ; free virtual = 16550
Synthesis Optimization Complete : Time (s): cpu = 00:00:19 ; elapsed = 00:00:19 . Memory (MB): peak = 2401.961 ; gain = 663.281 ; free physical = 3959 ; free virtual = 16550
INFO: [Project 1-571] Translating synthesized netlist
Netlist sorting complete. Time (s): cpu = 00:00:00 ; elapsed = 00:00:00 . Memory (MB): peak = 2401.961 ; gain = 0.000 ; free physical = 3959 ; free virtual = 16550
INFO: [Netlist 29-17] Analyzing 12 Unisim elements for replacement
INFO: [Netlist 29-28] Unisim Transformation completed in 0 CPU seconds
INFO: [Project 1-570] Preparing netlist for logic optimization
INFO: [Opt 31-138] Pushed 0 inverter(s) to 0 load pin(s).
Netlist sorting complete. Time (s): cpu = 00:00:00 ; elapsed = 00:00:00 . Memory (MB): peak = 2457.980 ; gain = 0.000 ; free physical = 4260 ; free virtual = 16851
INFO: [Project 1-111] Unisim Transformation Summary:
  A total of 12 instances were transformed.
  FDR => FDRE: 12 instances

Synth Design complete | Checksum: eb7ca54d
INFO: [Common 17-83] Releasing license: Synthesis
72 Infos, 100 Warnings, 0 Critical Warnings and 0 Errors encountered.
synth_design completed successfully
synth_design: Time (s): cpu = 00:00:26 ; elapsed = 00:00:24 . Memory (MB): peak = 2457.980 ; gain = 1073.777 ; free physical = 4260 ; free virtual = 16851
INFO: [Common 17-2834] synth_design peak Physical Memory [PSS] (MB): overall = 1820.811; main = 1505.485; forked = 368.340
INFO: [Common 17-2834] synth_design peak Virtual Memory [VSS] (MB): overall = 3427.449; main = 2457.984; forked = 1033.496
Write ShapeDB Complete: Time (s): cpu = 00:00:00.01 ; elapsed = 00:00:00 . Memory (MB): peak = 2481.992 ; gain = 0.000 ; free physical = 4260 ; free virtual = 16851
INFO: [Common 17-1381] The checkpoint '/home/jsp/Storage/CFU_PYNQ_FIles/CFU_SRC/pynq_z2/pynq_z2/arunQAFDHGDZXVNBDXG_gae.runs/system_axi_gpio_decouple_status_0_synth_1/system_axi_gpio_decouple_status_0.dcp' has been generated.
INFO: [Coretcl 2-1648] Added synthesis output to IP cache for IP system_axi_gpio_decouple_status_0, cache-ID = 7499aeb5dac43d1a
INFO: [Coretcl 2-1174] Renamed 8 cell refs.
Write ShapeDB Complete: Time (s): cpu = 00:00:00 ; elapsed = 00:00:00 . Memory (MB): peak = 2481.992 ; gain = 0.000 ; free physical = 4253 ; free virtual = 16845
INFO: [Common 17-1381] The checkpoint '/home/jsp/Storage/CFU_PYNQ_FIles/CFU_SRC/pynq_z2/pynq_z2/arunQAFDHGDZXVNBDXG_gae.runs/system_axi_gpio_decouple_status_0_synth_1/system_axi_gpio_decouple_status_0.dcp' has been generated.
INFO: [Vivado 12-24828] Executing command : report_utilization -file system_axi_gpio_decouple_status_0_utilization_synth.rpt -pb system_axi_gpio_decouple_status_0_utilization_synth.pb
INFO: [Common 17-206] Exiting Vivado at Tue Nov  4 14:36:58 2025...
[Tue Nov  4 14:37:08 2025] system_axi_gpio_decouple_status_0_synth_1 finished
wait_on_runs: Time (s): cpu = 00:00:40 ; elapsed = 00:00:45 . Memory (MB): peak = 10156.371 ; gain = 0.000 ; free physical = 5612 ; free virtual = 18204
launch_runs system_axi_gpio_to_reconfig_0_synth_1
INFO: [IP_Flow 19-6924] IPCACHE: Running cache check for IP inst: system_axi_gpio_to_reconfig_0
INFO: [IP_Flow 19-6922] IPCACHE: Exporting cached entry d9b6aa90afd4ede0 to dir: /home/jsp/Storage/CFU_PYNQ_FIles/CFU_SRC/pynq_z2/pynq_z2/arunQAFDHGDZXVNBDXG_gae.gen/sources_1/bd/system/ip/system_axi_gpio_to_reconfig_0
INFO: [IP_Flow 19-6928] IPCACHE: copied cached file /home/jsp/Storage/CFU_PYNQ_FIles/CFU_SRC/pynq_z2/pynq_z2/arunQAFDHGDZXVNBDXG_gae.cache/ip/2024.1/d/9/d9b6aa90afd4ede0/system_axi_gpio_0_1_stub.v to /home/jsp/Storage/CFU_PYNQ_FIles/CFU_SRC/pynq_z2/pynq_z2/arunQAFDHGDZXVNBDXG_gae.gen/sources_1/bd/system/ip/system_axi_gpio_to_reconfig_0/system_axi_gpio_to_reconfig_0_stub.v.
INFO: [IP_Flow 19-6926] IPCACHE: added file to list for BOM: /home/jsp/Storage/CFU_PYNQ_FIles/CFU_SRC/pynq_z2/pynq_z2/arunQAFDHGDZXVNBDXG_gae.gen/sources_1/bd/system/ip/system_axi_gpio_to_reconfig_0/system_axi_gpio_to_reconfig_0_stub.v
INFO: [IP_Flow 19-6928] IPCACHE: copied cached file /home/jsp/Storage/CFU_PYNQ_FIles/CFU_SRC/pynq_z2/pynq_z2/arunQAFDHGDZXVNBDXG_gae.cache/ip/2024.1/d/9/d9b6aa90afd4ede0/system_axi_gpio_0_1_sim_netlist.vhdl to /home/jsp/Storage/CFU_PYNQ_FIles/CFU_SRC/pynq_z2/pynq_z2/arunQAFDHGDZXVNBDXG_gae.gen/sources_1/bd/system/ip/system_axi_gpio_to_reconfig_0/system_axi_gpio_to_reconfig_0_sim_netlist.vhdl.
INFO: [IP_Flow 19-6926] IPCACHE: added file to list for BOM: /home/jsp/Storage/CFU_PYNQ_FIles/CFU_SRC/pynq_z2/pynq_z2/arunQAFDHGDZXVNBDXG_gae.gen/sources_1/bd/system/ip/system_axi_gpio_to_reconfig_0/system_axi_gpio_to_reconfig_0_sim_netlist.vhdl
INFO: [IP_Flow 19-6928] IPCACHE: copied cached file /home/jsp/Storage/CFU_PYNQ_FIles/CFU_SRC/pynq_z2/pynq_z2/arunQAFDHGDZXVNBDXG_gae.cache/ip/2024.1/d/9/d9b6aa90afd4ede0/system_axi_gpio_0_1_stub.vhdl to /home/jsp/Storage/CFU_PYNQ_FIles/CFU_SRC/pynq_z2/pynq_z2/arunQAFDHGDZXVNBDXG_gae.gen/sources_1/bd/system/ip/system_axi_gpio_to_reconfig_0/system_axi_gpio_to_reconfig_0_stub.vhdl.
INFO: [IP_Flow 19-6926] IPCACHE: added file to list for BOM: /home/jsp/Storage/CFU_PYNQ_FIles/CFU_SRC/pynq_z2/pynq_z2/arunQAFDHGDZXVNBDXG_gae.gen/sources_1/bd/system/ip/system_axi_gpio_to_reconfig_0/system_axi_gpio_to_reconfig_0_stub.vhdl
INFO: [IP_Flow 19-6928] IPCACHE: copied cached file /home/jsp/Storage/CFU_PYNQ_FIles/CFU_SRC/pynq_z2/pynq_z2/arunQAFDHGDZXVNBDXG_gae.cache/ip/2024.1/d/9/d9b6aa90afd4ede0/system_axi_gpio_0_1_sim_netlist.v to /home/jsp/Storage/CFU_PYNQ_FIles/CFU_SRC/pynq_z2/pynq_z2/arunQAFDHGDZXVNBDXG_gae.gen/sources_1/bd/system/ip/system_axi_gpio_to_reconfig_0/system_axi_gpio_to_reconfig_0_sim_netlist.v.
INFO: [IP_Flow 19-6926] IPCACHE: added file to list for BOM: /home/jsp/Storage/CFU_PYNQ_FIles/CFU_SRC/pynq_z2/pynq_z2/arunQAFDHGDZXVNBDXG_gae.gen/sources_1/bd/system/ip/system_axi_gpio_to_reconfig_0/system_axi_gpio_to_reconfig_0_sim_netlist.v
INFO: [IP_Flow 19-6928] IPCACHE: copied cached file /home/jsp/Storage/CFU_PYNQ_FIles/CFU_SRC/pynq_z2/pynq_z2/arunQAFDHGDZXVNBDXG_gae.cache/ip/2024.1/d/9/d9b6aa90afd4ede0/system_axi_gpio_0_1.dcp to /home/jsp/Storage/CFU_PYNQ_FIles/CFU_SRC/pynq_z2/pynq_z2/arunQAFDHGDZXVNBDXG_gae.gen/sources_1/bd/system/ip/system_axi_gpio_to_reconfig_0/system_axi_gpio_to_reconfig_0.dcp.
INFO: [IP_Flow 19-6926] IPCACHE: added file to list for BOM: /home/jsp/Storage/CFU_PYNQ_FIles/CFU_SRC/pynq_z2/pynq_z2/arunQAFDHGDZXVNBDXG_gae.gen/sources_1/bd/system/ip/system_axi_gpio_to_reconfig_0/system_axi_gpio_to_reconfig_0.dcp
INFO: [IP_Flow 19-4993] Using cached IP synthesis design for IP system_axi_gpio_to_reconfig_0, cache-ID = d9b6aa90afd4ede0; cache size = 1.750 MB.
[Tue Nov  4 14:37:08 2025] Launched system_axi_gpio_to_reconfig_0_synth_1...
Run output will be captured here: /home/jsp/Storage/CFU_PYNQ_FIles/CFU_SRC/pynq_z2/pynq_z2/arunQAFDHGDZXVNBDXG_gae.runs/system_axi_gpio_to_reconfig_0_synth_1/runme.log
wait_on_run system_axi_gpio_to_reconfig_0_synth_1
[Tue Nov  4 14:37:09 2025] Waiting for system_axi_gpio_to_reconfig_0_synth_1 to finish...
[Tue Nov  4 14:37:14 2025] Waiting for system_axi_gpio_to_reconfig_0_synth_1 to finish...
[Tue Nov  4 14:37:19 2025] Waiting for system_axi_gpio_to_reconfig_0_synth_1 to finish...
[Tue Nov  4 14:37:24 2025] Waiting for system_axi_gpio_to_reconfig_0_synth_1 to finish...

*** Running vivado
    with args -log system_axi_gpio_to_reconfig_0.vds -m64 -product Vivado -mode batch -messageDb vivado.pb -notrace -source system_axi_gpio_to_reconfig_0.tcl


****** Vivado v2024.1 (64-bit)
  **** SW Build 5076996 on Wed May 22 18:36:09 MDT 2024
  **** IP Build 5075265 on Wed May 22 21:45:21 MDT 2024
  **** SharedData Build 5076995 on Wed May 22 18:29:18 MDT 2024
  **** Start of session at: Tue Nov  4 14:37:11 2025
    ** Copyright 1986-2022 Xilinx, Inc. All Rights Reserved.
    ** Copyright 2022-2024 Advanced Micro Devices, Inc. All Rights Reserved.

source system_axi_gpio_to_reconfig_0.tcl -notrace
create_project: Time (s): cpu = 00:00:06 ; elapsed = 00:00:06 . Memory (MB): peak = 1419.840 ; gain = 0.027 ; free physical = 5097 ; free virtual = 17690
INFO: [IP_Flow 19-234] Refreshing IP repositories
WARNING: [IP_Flow 19-2248] Failed to load user IP repository '/home/work/Xilinx/Vivado/2024.2/data/ip'; Can't find the specified path.
If this directory should no longer be in your list of user repositories, go to the IP Settings dialog and remove it.
WARNING: [IP_Flow 19-2248] Failed to load user IP repository '/home/primary/vivado-library/ip'; Can't find the specified path.
If this directory should no longer be in your list of user repositories, go to the IP Settings dialog and remove it.
INFO: [IP_Flow 19-2313] Loaded Vivado IP repository '/home/jsp/Storage/Vivado/2024.1/data/ip'.
INFO: [IP_Flow 19-6924] IPCACHE: Running cache check for IP inst: system_axi_gpio_to_reconfig_0
INFO: [IP_Flow 19-6922] IPCACHE: Exporting cached entry d9b6aa90afd4ede0 to dir: /home/jsp/Storage/CFU_PYNQ_FIles/CFU_SRC/pynq_z2/pynq_z2/arunQAFDHGDZXVNBDXG_gae.runs/system_axi_gpio_to_reconfig_0_synth_1
INFO: [IP_Flow 19-6928] IPCACHE: copied cached file /home/jsp/Storage/CFU_PYNQ_FIles/CFU_SRC/pynq_z2/pynq_z2/arunQAFDHGDZXVNBDXG_gae.cache/ip/2024.1/d/9/d9b6aa90afd4ede0/system_axi_gpio_0_1_stub.v to /home/jsp/Storage/CFU_PYNQ_FIles/CFU_SRC/pynq_z2/pynq_z2/arunQAFDHGDZXVNBDXG_gae.runs/system_axi_gpio_to_reconfig_0_synth_1/system_axi_gpio_to_reconfig_0_stub.v.
INFO: [IP_Flow 19-6928] IPCACHE: copied cached file /home/jsp/Storage/CFU_PYNQ_FIles/CFU_SRC/pynq_z2/pynq_z2/arunQAFDHGDZXVNBDXG_gae.cache/ip/2024.1/d/9/d9b6aa90afd4ede0/system_axi_gpio_0_1_sim_netlist.vhdl to /home/jsp/Storage/CFU_PYNQ_FIles/CFU_SRC/pynq_z2/pynq_z2/arunQAFDHGDZXVNBDXG_gae.runs/system_axi_gpio_to_reconfig_0_synth_1/system_axi_gpio_to_reconfig_0_sim_netlist.vhdl.
INFO: [IP_Flow 19-6928] IPCACHE: copied cached file /home/jsp/Storage/CFU_PYNQ_FIles/CFU_SRC/pynq_z2/pynq_z2/arunQAFDHGDZXVNBDXG_gae.cache/ip/2024.1/d/9/d9b6aa90afd4ede0/system_axi_gpio_0_1_stub.vhdl to /home/jsp/Storage/CFU_PYNQ_FIles/CFU_SRC/pynq_z2/pynq_z2/arunQAFDHGDZXVNBDXG_gae.runs/system_axi_gpio_to_reconfig_0_synth_1/system_axi_gpio_to_reconfig_0_stub.vhdl.
INFO: [IP_Flow 19-6928] IPCACHE: copied cached file /home/jsp/Storage/CFU_PYNQ_FIles/CFU_SRC/pynq_z2/pynq_z2/arunQAFDHGDZXVNBDXG_gae.cache/ip/2024.1/d/9/d9b6aa90afd4ede0/system_axi_gpio_0_1_sim_netlist.v to /home/jsp/Storage/CFU_PYNQ_FIles/CFU_SRC/pynq_z2/pynq_z2/arunQAFDHGDZXVNBDXG_gae.runs/system_axi_gpio_to_reconfig_0_synth_1/system_axi_gpio_to_reconfig_0_sim_netlist.v.
INFO: [IP_Flow 19-6928] IPCACHE: copied cached file /home/jsp/Storage/CFU_PYNQ_FIles/CFU_SRC/pynq_z2/pynq_z2/arunQAFDHGDZXVNBDXG_gae.cache/ip/2024.1/d/9/d9b6aa90afd4ede0/system_axi_gpio_0_1.dcp to /home/jsp/Storage/CFU_PYNQ_FIles/CFU_SRC/pynq_z2/pynq_z2/arunQAFDHGDZXVNBDXG_gae.runs/system_axi_gpio_to_reconfig_0_synth_1/system_axi_gpio_to_reconfig_0.dcp.
INFO: [IP_Flow 19-4838] Using cached IP synthesis design for IP system_axi_gpio_to_reconfig_0, cache-ID = d9b6aa90afd4ede0.
INFO: [Common 17-206] Exiting Vivado at Tue Nov  4 14:37:19 2025...
[Tue Nov  4 14:37:29 2025] system_axi_gpio_to_reconfig_0_synth_1 finished
wait_on_runs: Time (s): cpu = 00:00:13 ; elapsed = 00:00:21 . Memory (MB): peak = 10684.375 ; gain = 0.000 ; free physical = 5553 ; free virtual = 18148
launch_runs system_clk_wiz_0_0_synth_1
INFO: [IP_Flow 19-6924] IPCACHE: Running cache check for IP inst: system_clk_wiz_0_0
[Tue Nov  4 14:37:30 2025] Launched system_clk_wiz_0_0_synth_1...
Run output will be captured here: /home/jsp/Storage/CFU_PYNQ_FIles/CFU_SRC/pynq_z2/pynq_z2/arunQAFDHGDZXVNBDXG_gae.runs/system_clk_wiz_0_0_synth_1/runme.log
wait_on_run system_clk_wiz_0_0_synth_1
[Tue Nov  4 14:37:30 2025] Waiting for system_clk_wiz_0_0_synth_1 to finish...
[Tue Nov  4 14:37:35 2025] Waiting for system_clk_wiz_0_0_synth_1 to finish...
[Tue Nov  4 14:37:40 2025] Waiting for system_clk_wiz_0_0_synth_1 to finish...
[Tue Nov  4 14:37:45 2025] Waiting for system_clk_wiz_0_0_synth_1 to finish...
[Tue Nov  4 14:37:55 2025] Waiting for system_clk_wiz_0_0_synth_1 to finish...
[Tue Nov  4 14:38:05 2025] Waiting for system_clk_wiz_0_0_synth_1 to finish...
[Tue Nov  4 14:38:15 2025] Waiting for system_clk_wiz_0_0_synth_1 to finish...

*** Running vivado
    with args -log system_clk_wiz_0_0.vds -m64 -product Vivado -mode batch -messageDb vivado.pb -notrace -source system_clk_wiz_0_0.tcl


****** Vivado v2024.1 (64-bit)
  **** SW Build 5076996 on Wed May 22 18:36:09 MDT 2024
  **** IP Build 5075265 on Wed May 22 21:45:21 MDT 2024
  **** SharedData Build 5076995 on Wed May 22 18:29:18 MDT 2024
  **** Start of session at: Tue Nov  4 14:37:32 2025
    ** Copyright 1986-2022 Xilinx, Inc. All Rights Reserved.
    ** Copyright 2022-2024 Advanced Micro Devices, Inc. All Rights Reserved.

source system_clk_wiz_0_0.tcl -notrace
create_project: Time (s): cpu = 00:00:06 ; elapsed = 00:00:06 . Memory (MB): peak = 1419.840 ; gain = 0.027 ; free physical = 5094 ; free virtual = 17690
INFO: [IP_Flow 19-234] Refreshing IP repositories
WARNING: [IP_Flow 19-2248] Failed to load user IP repository '/home/work/Xilinx/Vivado/2024.2/data/ip'; Can't find the specified path.
If this directory should no longer be in your list of user repositories, go to the IP Settings dialog and remove it.
WARNING: [IP_Flow 19-2248] Failed to load user IP repository '/home/primary/vivado-library/ip'; Can't find the specified path.
If this directory should no longer be in your list of user repositories, go to the IP Settings dialog and remove it.
INFO: [IP_Flow 19-2313] Loaded Vivado IP repository '/home/jsp/Storage/Vivado/2024.1/data/ip'.
INFO: [IP_Flow 19-6924] IPCACHE: Running cache check for IP inst: system_clk_wiz_0_0
Command: synth_design -top system_clk_wiz_0_0 -part xc7z020clg400-1 -incremental_mode off -mode out_of_context
Starting synth_design
Attempting to get a license for feature 'Synthesis' and/or device 'xc7z020'
INFO: [Common 17-349] Got license for feature 'Synthesis' and/or device 'xc7z020'
INFO: [Device 21-403] Loading part xc7z020clg400-1
INFO: [Device 21-9227] Part: xc7z020clg400-1 does not have CEAM library.
INFO: [Synth 8-7079] Multithreading enabled for synth_design using a maximum of 4 processes.
INFO: [Synth 8-7078] Launching helper process for spawning children vivado processes
INFO: [Synth 8-7075] Helper process launched with PID 61815
---------------------------------------------------------------------------------
Starting RTL Elaboration : Time (s): cpu = 00:00:03 ; elapsed = 00:00:03 . Memory (MB): peak = 2153.086 ; gain = 412.746 ; free physical = 4080 ; free virtual = 16677
---------------------------------------------------------------------------------
INFO: [Synth 8-6157] synthesizing module 'system_clk_wiz_0_0' [/home/jsp/Storage/CFU_PYNQ_FIles/CFU_SRC/pynq_z2/pynq_z2/arunQAFDHGDZXVNBDXG_gae.gen/sources_1/bd/system/ip/system_clk_wiz_0_0/system_clk_wiz_0_0.v:65]
INFO: [Synth 8-6157] synthesizing module 'system_clk_wiz_0_0_clk_wiz' [/home/jsp/Storage/CFU_PYNQ_FIles/CFU_SRC/pynq_z2/pynq_z2/arunQAFDHGDZXVNBDXG_gae.gen/sources_1/bd/system/ip/system_clk_wiz_0_0/system_clk_wiz_0_0_clk_wiz.v:65]
INFO: [Synth 8-6157] synthesizing module 'IBUF' [/home/jsp/Storage/Vivado/2024.1/scripts/rt/data/unisim_comp.v:73643]
INFO: [Synth 8-6155] done synthesizing module 'IBUF' (0#1) [/home/jsp/Storage/Vivado/2024.1/scripts/rt/data/unisim_comp.v:73643]
INFO: [Synth 8-6157] synthesizing module 'MMCME2_ADV' [/home/jsp/Storage/Vivado/2024.1/scripts/rt/data/unisim_comp.v:82388]
	Parameter BANDWIDTH bound to: OPTIMIZED - type: string 
	Parameter CLKFBOUT_MULT_F bound to: 8.000000 - type: double 
	Parameter CLKFBOUT_PHASE bound to: 0.000000 - type: double 
	Parameter CLKFBOUT_USE_FINE_PS bound to: FALSE - type: string 
	Parameter CLKIN1_PERIOD bound to: 8.000000 - type: double 
	Parameter CLKOUT0_DIVIDE_F bound to: 8.000000 - type: double 
	Parameter CLKOUT0_DUTY_CYCLE bound to: 0.500000 - type: double 
	Parameter CLKOUT0_PHASE bound to: 0.000000 - type: double 
	Parameter CLKOUT0_USE_FINE_PS bound to: FALSE - type: string 
	Parameter CLKOUT4_CASCADE bound to: FALSE - type: string 
	Parameter COMPENSATION bound to: ZHOLD - type: string 
	Parameter DIVCLK_DIVIDE bound to: 1 - type: integer 
	Parameter STARTUP_WAIT bound to: FALSE - type: string 
INFO: [Synth 8-6155] done synthesizing module 'MMCME2_ADV' (0#1) [/home/jsp/Storage/Vivado/2024.1/scripts/rt/data/unisim_comp.v:82388]
INFO: [Synth 8-6157] synthesizing module 'BUFG' [/home/jsp/Storage/Vivado/2024.1/scripts/rt/data/unisim_comp.v:1951]
INFO: [Synth 8-6155] done synthesizing module 'BUFG' (0#1) [/home/jsp/Storage/Vivado/2024.1/scripts/rt/data/unisim_comp.v:1951]
INFO: [Synth 8-6155] done synthesizing module 'system_clk_wiz_0_0_clk_wiz' (0#1) [/home/jsp/Storage/CFU_PYNQ_FIles/CFU_SRC/pynq_z2/pynq_z2/arunQAFDHGDZXVNBDXG_gae.gen/sources_1/bd/system/ip/system_clk_wiz_0_0/system_clk_wiz_0_0_clk_wiz.v:65]
INFO: [Synth 8-6155] done synthesizing module 'system_clk_wiz_0_0' (0#1) [/home/jsp/Storage/CFU_PYNQ_FIles/CFU_SRC/pynq_z2/pynq_z2/arunQAFDHGDZXVNBDXG_gae.gen/sources_1/bd/system/ip/system_clk_wiz_0_0/system_clk_wiz_0_0.v:65]
---------------------------------------------------------------------------------
Finished RTL Elaboration : Time (s): cpu = 00:00:04 ; elapsed = 00:00:04 . Memory (MB): peak = 2234.023 ; gain = 493.684 ; free physical = 3962 ; free virtual = 16560
---------------------------------------------------------------------------------
---------------------------------------------------------------------------------
Start Handling Custom Attributes
---------------------------------------------------------------------------------
---------------------------------------------------------------------------------
Finished Handling Custom Attributes : Time (s): cpu = 00:00:04 ; elapsed = 00:00:05 . Memory (MB): peak = 2248.867 ; gain = 508.527 ; free physical = 3962 ; free virtual = 16560
---------------------------------------------------------------------------------
---------------------------------------------------------------------------------
Finished RTL Optimization Phase 1 : Time (s): cpu = 00:00:04 ; elapsed = 00:00:05 . Memory (MB): peak = 2248.867 ; gain = 508.527 ; free physical = 3962 ; free virtual = 16560
---------------------------------------------------------------------------------
Netlist sorting complete. Time (s): cpu = 00:00:00 ; elapsed = 00:00:00 . Memory (MB): peak = 2254.805 ; gain = 0.000 ; free physical = 3954 ; free virtual = 16553
INFO: [Netlist 29-17] Analyzing 1 Unisim elements for replacement
INFO: [Netlist 29-28] Unisim Transformation completed in 0 CPU seconds
INFO: [Project 1-570] Preparing netlist for logic optimization

Processing XDC Constraints
Initializing timing engine
Parsing XDC File [/home/jsp/Storage/CFU_PYNQ_FIles/CFU_SRC/pynq_z2/pynq_z2/arunQAFDHGDZXVNBDXG_gae.gen/sources_1/bd/system/ip/system_clk_wiz_0_0/system_clk_wiz_0_0_ooc.xdc] for cell 'inst'
Finished Parsing XDC File [/home/jsp/Storage/CFU_PYNQ_FIles/CFU_SRC/pynq_z2/pynq_z2/arunQAFDHGDZXVNBDXG_gae.gen/sources_1/bd/system/ip/system_clk_wiz_0_0/system_clk_wiz_0_0_ooc.xdc] for cell 'inst'
Parsing XDC File [/home/jsp/Storage/CFU_PYNQ_FIles/CFU_SRC/pynq_z2/pynq_z2/arunQAFDHGDZXVNBDXG_gae.gen/sources_1/bd/system/ip/system_clk_wiz_0_0/system_clk_wiz_0_0_board.xdc] for cell 'inst'
Finished Parsing XDC File [/home/jsp/Storage/CFU_PYNQ_FIles/CFU_SRC/pynq_z2/pynq_z2/arunQAFDHGDZXVNBDXG_gae.gen/sources_1/bd/system/ip/system_clk_wiz_0_0/system_clk_wiz_0_0_board.xdc] for cell 'inst'
Parsing XDC File [/home/jsp/Storage/CFU_PYNQ_FIles/CFU_SRC/pynq_z2/pynq_z2/arunQAFDHGDZXVNBDXG_gae.gen/sources_1/bd/system/ip/system_clk_wiz_0_0/system_clk_wiz_0_0.xdc] for cell 'inst'
Finished Parsing XDC File [/home/jsp/Storage/CFU_PYNQ_FIles/CFU_SRC/pynq_z2/pynq_z2/arunQAFDHGDZXVNBDXG_gae.gen/sources_1/bd/system/ip/system_clk_wiz_0_0/system_clk_wiz_0_0.xdc] for cell 'inst'
INFO: [Project 1-236] Implementation specific constraints were found while reading constraint file [/home/jsp/Storage/CFU_PYNQ_FIles/CFU_SRC/pynq_z2/pynq_z2/arunQAFDHGDZXVNBDXG_gae.gen/sources_1/bd/system/ip/system_clk_wiz_0_0/system_clk_wiz_0_0.xdc]. These constraints will be ignored for synthesis but will be used in implementation. Impacted constraints are listed in the file [.Xil/system_clk_wiz_0_0_propImpl.xdc].
Resolution: To avoid this warning, move constraints listed in [.Xil/system_clk_wiz_0_0_propImpl.xdc] to another XDC file and exclude this new file from synthesis with the used_in_synthesis property (File Properties dialog in GUI) and re-run elaboration/synthesis.
INFO: [Timing 38-2] Deriving generated clocks
Parsing XDC File [/home/jsp/Storage/CFU_PYNQ_FIles/CFU_SRC/pynq_z2/pynq_z2/arunQAFDHGDZXVNBDXG_gae.runs/system_clk_wiz_0_0_synth_1/dont_touch.xdc]
Finished Parsing XDC File [/home/jsp/Storage/CFU_PYNQ_FIles/CFU_SRC/pynq_z2/pynq_z2/arunQAFDHGDZXVNBDXG_gae.runs/system_clk_wiz_0_0_synth_1/dont_touch.xdc]
Completed Processing XDC Constraints

Netlist sorting complete. Time (s): cpu = 00:00:00 ; elapsed = 00:00:00 . Memory (MB): peak = 2321.805 ; gain = 0.000 ; free physical = 3950 ; free virtual = 16549
INFO: [Project 1-111] Unisim Transformation Summary:
No Unisim elements were transformed.

Constraint Validation Runtime : Time (s): cpu = 00:00:00.01 ; elapsed = 00:00:00.01 . Memory (MB): peak = 2321.805 ; gain = 0.000 ; free physical = 3950 ; free virtual = 16549
INFO: [Designutils 20-5008] Incremental synthesis strategy off
---------------------------------------------------------------------------------
Finished Constraint Validation : Time (s): cpu = 00:00:09 ; elapsed = 00:00:10 . Memory (MB): peak = 2321.805 ; gain = 581.465 ; free physical = 3948 ; free virtual = 16548
---------------------------------------------------------------------------------
---------------------------------------------------------------------------------
Start Loading Part and Timing Information
---------------------------------------------------------------------------------
Loading part: xc7z020clg400-1
---------------------------------------------------------------------------------
Finished Loading Part and Timing Information : Time (s): cpu = 00:00:09 ; elapsed = 00:00:10 . Memory (MB): peak = 2329.809 ; gain = 589.469 ; free physical = 3948 ; free virtual = 16548
---------------------------------------------------------------------------------
---------------------------------------------------------------------------------
Start Applying 'set_property' XDC Constraints
---------------------------------------------------------------------------------
Applied set_property KEEP_HIERARCHY = SOFT for inst. (constraint file  /home/jsp/Storage/CFU_PYNQ_FIles/CFU_SRC/pynq_z2/pynq_z2/arunQAFDHGDZXVNBDXG_gae.runs/system_clk_wiz_0_0_synth_1/dont_touch.xdc, line 9).
Applied set_property KEEP = true for clk_in1. (constraint file  auto generated constraint).
---------------------------------------------------------------------------------
Finished applying 'set_property' XDC Constraints : Time (s): cpu = 00:00:10 ; elapsed = 00:00:10 . Memory (MB): peak = 2329.809 ; gain = 589.469 ; free physical = 3948 ; free virtual = 16548
---------------------------------------------------------------------------------
---------------------------------------------------------------------------------
Finished RTL Optimization Phase 2 : Time (s): cpu = 00:00:10 ; elapsed = 00:00:10 . Memory (MB): peak = 2329.809 ; gain = 589.469 ; free physical = 3947 ; free virtual = 16548
---------------------------------------------------------------------------------
---------------------------------------------------------------------------------
Start RTL Component Statistics 
---------------------------------------------------------------------------------
Detailed RTL Component Info : 
---------------------------------------------------------------------------------
Finished RTL Component Statistics 
---------------------------------------------------------------------------------
---------------------------------------------------------------------------------
Start Part Resource Summary
---------------------------------------------------------------------------------
Part Resources:
DSPs: 220 (col length:60)
BRAMs: 280 (col length: RAMB18 60 RAMB36 30)
---------------------------------------------------------------------------------
Finished Part Resource Summary
---------------------------------------------------------------------------------
---------------------------------------------------------------------------------
Start Cross Boundary and Area Optimization
---------------------------------------------------------------------------------
WARNING: [Synth 8-7080] Parallel synthesis criteria is not met
---------------------------------------------------------------------------------
Finished Cross Boundary and Area Optimization : Time (s): cpu = 00:00:10 ; elapsed = 00:00:11 . Memory (MB): peak = 2329.809 ; gain = 589.469 ; free physical = 3946 ; free virtual = 16548
---------------------------------------------------------------------------------
---------------------------------------------------------------------------------
Start Applying XDC Timing Constraints
---------------------------------------------------------------------------------
---------------------------------------------------------------------------------
Finished Applying XDC Timing Constraints : Time (s): cpu = 00:00:15 ; elapsed = 00:00:16 . Memory (MB): peak = 2329.809 ; gain = 589.469 ; free physical = 3943 ; free virtual = 16547
---------------------------------------------------------------------------------
---------------------------------------------------------------------------------
Start Timing Optimization
---------------------------------------------------------------------------------
---------------------------------------------------------------------------------
Finished Timing Optimization : Time (s): cpu = 00:00:15 ; elapsed = 00:00:16 . Memory (MB): peak = 2329.809 ; gain = 589.469 ; free physical = 3943 ; free virtual = 16547
---------------------------------------------------------------------------------
---------------------------------------------------------------------------------
Start Technology Mapping
---------------------------------------------------------------------------------
---------------------------------------------------------------------------------
Finished Technology Mapping : Time (s): cpu = 00:00:15 ; elapsed = 00:00:16 . Memory (MB): peak = 2329.809 ; gain = 589.469 ; free physical = 3943 ; free virtual = 16547
---------------------------------------------------------------------------------
---------------------------------------------------------------------------------
Start IO Insertion
---------------------------------------------------------------------------------
---------------------------------------------------------------------------------
Start Flattening Before IO Insertion
---------------------------------------------------------------------------------
---------------------------------------------------------------------------------
Finished Flattening Before IO Insertion
---------------------------------------------------------------------------------
---------------------------------------------------------------------------------
Start Final Netlist Cleanup
---------------------------------------------------------------------------------
---------------------------------------------------------------------------------
Finished Final Netlist Cleanup
---------------------------------------------------------------------------------
---------------------------------------------------------------------------------
Finished IO Insertion : Time (s): cpu = 00:00:18 ; elapsed = 00:00:19 . Memory (MB): peak = 2329.809 ; gain = 589.469 ; free physical = 3941 ; free virtual = 16547
---------------------------------------------------------------------------------
---------------------------------------------------------------------------------
Start Renaming Generated Instances
---------------------------------------------------------------------------------
---------------------------------------------------------------------------------
Finished Renaming Generated Instances : Time (s): cpu = 00:00:18 ; elapsed = 00:00:19 . Memory (MB): peak = 2329.809 ; gain = 589.469 ; free physical = 3941 ; free virtual = 16547
---------------------------------------------------------------------------------
---------------------------------------------------------------------------------
Start Rebuilding User Hierarchy
---------------------------------------------------------------------------------
---------------------------------------------------------------------------------
Finished Rebuilding User Hierarchy : Time (s): cpu = 00:00:18 ; elapsed = 00:00:19 . Memory (MB): peak = 2329.809 ; gain = 589.469 ; free physical = 3941 ; free virtual = 16547
---------------------------------------------------------------------------------
---------------------------------------------------------------------------------
Start Renaming Generated Ports
---------------------------------------------------------------------------------
---------------------------------------------------------------------------------
Finished Renaming Generated Ports : Time (s): cpu = 00:00:18 ; elapsed = 00:00:19 . Memory (MB): peak = 2329.809 ; gain = 589.469 ; free physical = 3941 ; free virtual = 16547
---------------------------------------------------------------------------------
---------------------------------------------------------------------------------
Start Handling Custom Attributes
---------------------------------------------------------------------------------
---------------------------------------------------------------------------------
Finished Handling Custom Attributes : Time (s): cpu = 00:00:18 ; elapsed = 00:00:19 . Memory (MB): peak = 2329.809 ; gain = 589.469 ; free physical = 3941 ; free virtual = 16547
---------------------------------------------------------------------------------
---------------------------------------------------------------------------------
Start Renaming Generated Nets
---------------------------------------------------------------------------------
---------------------------------------------------------------------------------
Finished Renaming Generated Nets : Time (s): cpu = 00:00:18 ; elapsed = 00:00:19 . Memory (MB): peak = 2329.809 ; gain = 589.469 ; free physical = 3941 ; free virtual = 16547
---------------------------------------------------------------------------------
---------------------------------------------------------------------------------
Start Writing Synthesis Report
---------------------------------------------------------------------------------

Report BlackBoxes: 
+-+--------------+----------+
| |BlackBox name |Instances |
+-+--------------+----------+
+-+--------------+----------+

Report Cell Usage: 
+------+-----------+------+
|      |Cell       |Count |
+------+-----------+------+
|1     |BUFG       |     2|
|2     |MMCME2_ADV |     1|
|3     |IBUF       |     1|
+------+-----------+------+
---------------------------------------------------------------------------------
Finished Writing Synthesis Report : Time (s): cpu = 00:00:18 ; elapsed = 00:00:19 . Memory (MB): peak = 2329.809 ; gain = 589.469 ; free physical = 3941 ; free virtual = 16547
---------------------------------------------------------------------------------
Synthesis finished with 0 errors, 0 critical warnings and 1 warnings.
Synthesis Optimization Runtime : Time (s): cpu = 00:00:17 ; elapsed = 00:00:17 . Memory (MB): peak = 2329.809 ; gain = 516.531 ; free physical = 3941 ; free virtual = 16547
Synthesis Optimization Complete : Time (s): cpu = 00:00:19 ; elapsed = 00:00:19 . Memory (MB): peak = 2329.816 ; gain = 589.469 ; free physical = 3941 ; free virtual = 16547
INFO: [Project 1-571] Translating synthesized netlist
Netlist sorting complete. Time (s): cpu = 00:00:00 ; elapsed = 00:00:00 . Memory (MB): peak = 2329.816 ; gain = 0.000 ; free physical = 3941 ; free virtual = 16547
INFO: [Netlist 29-17] Analyzing 1 Unisim elements for replacement
INFO: [Netlist 29-28] Unisim Transformation completed in 0 CPU seconds
INFO: [Project 1-570] Preparing netlist for logic optimization
INFO: [Opt 31-138] Pushed 0 inverter(s) to 0 load pin(s).
Netlist sorting complete. Time (s): cpu = 00:00:00 ; elapsed = 00:00:00 . Memory (MB): peak = 2329.816 ; gain = 0.000 ; free physical = 4242 ; free virtual = 16848
INFO: [Project 1-111] Unisim Transformation Summary:
No Unisim elements were transformed.

Synth Design complete | Checksum: f7125177
INFO: [Common 17-83] Releasing license: Synthesis
33 Infos, 3 Warnings, 0 Critical Warnings and 0 Errors encountered.
synth_design completed successfully
synth_design: Time (s): cpu = 00:00:25 ; elapsed = 00:00:23 . Memory (MB): peak = 2329.816 ; gain = 909.977 ; free physical = 4244 ; free virtual = 16850
INFO: [Common 17-2834] synth_design peak Physical Memory [PSS] (MB): overall = 1812.088; main = 1472.495; forked = 368.342
INFO: [Common 17-2834] synth_design peak Virtual Memory [VSS] (MB): overall = 3363.309; main = 2329.812; forked = 1033.496
Write ShapeDB Complete: Time (s): cpu = 00:00:00 ; elapsed = 00:00:00 . Memory (MB): peak = 2353.820 ; gain = 0.000 ; free physical = 4244 ; free virtual = 16850
INFO: [Common 17-1381] The checkpoint '/home/jsp/Storage/CFU_PYNQ_FIles/CFU_SRC/pynq_z2/pynq_z2/arunQAFDHGDZXVNBDXG_gae.runs/system_clk_wiz_0_0_synth_1/system_clk_wiz_0_0.dcp' has been generated.
INFO: [Coretcl 2-1648] Added synthesis output to IP cache for IP system_clk_wiz_0_0, cache-ID = b0d2ec1b4888ffcd
Write ShapeDB Complete: Time (s): cpu = 00:00:00 ; elapsed = 00:00:00 . Memory (MB): peak = 2409.848 ; gain = 0.000 ; free physical = 4244 ; free virtual = 16850
INFO: [Common 17-1381] The checkpoint '/home/jsp/Storage/CFU_PYNQ_FIles/CFU_SRC/pynq_z2/pynq_z2/arunQAFDHGDZXVNBDXG_gae.runs/system_clk_wiz_0_0_synth_1/system_clk_wiz_0_0.dcp' has been generated.
INFO: [Vivado 12-24828] Executing command : report_utilization -file system_clk_wiz_0_0_utilization_synth.rpt -pb system_clk_wiz_0_0_utilization_synth.pb
INFO: [Common 17-206] Exiting Vivado at Tue Nov  4 14:38:04 2025...
[Tue Nov  4 14:38:15 2025] system_clk_wiz_0_0_synth_1 finished
wait_on_runs: Time (s): cpu = 00:00:40 ; elapsed = 00:00:45 . Memory (MB): peak = 10684.375 ; gain = 0.000 ; free physical = 5583 ; free virtual = 18194
launch_runs system_processing_system7_0_0_synth_1
[Tue Nov  4 14:38:15 2025] Launched system_processing_system7_0_0_synth_1...
Run output will be captured here: /home/jsp/Storage/CFU_PYNQ_FIles/CFU_SRC/pynq_z2/pynq_z2/arunQAFDHGDZXVNBDXG_gae.runs/system_processing_system7_0_0_synth_1/runme.log
wait_on_run system_processing_system7_0_0_synth_1
[Tue Nov  4 14:38:15 2025] Waiting for system_processing_system7_0_0_synth_1 to finish...
[Tue Nov  4 14:38:20 2025] Waiting for system_processing_system7_0_0_synth_1 to finish...
[Tue Nov  4 14:38:25 2025] Waiting for system_processing_system7_0_0_synth_1 to finish...
[Tue Nov  4 14:38:30 2025] Waiting for system_processing_system7_0_0_synth_1 to finish...
[Tue Nov  4 14:38:40 2025] Waiting for system_processing_system7_0_0_synth_1 to finish...
[Tue Nov  4 14:38:50 2025] Waiting for system_processing_system7_0_0_synth_1 to finish...
[Tue Nov  4 14:39:00 2025] Waiting for system_processing_system7_0_0_synth_1 to finish...

*** Running vivado
    with args -log system_processing_system7_0_0.vds -m64 -product Vivado -mode batch -messageDb vivado.pb -notrace -source system_processing_system7_0_0.tcl


****** Vivado v2024.1 (64-bit)
  **** SW Build 5076996 on Wed May 22 18:36:09 MDT 2024
  **** IP Build 5075265 on Wed May 22 21:45:21 MDT 2024
  **** SharedData Build 5076995 on Wed May 22 18:29:18 MDT 2024
  **** Start of session at: Tue Nov  4 14:38:17 2025
    ** Copyright 1986-2022 Xilinx, Inc. All Rights Reserved.
    ** Copyright 2022-2024 Advanced Micro Devices, Inc. All Rights Reserved.

source system_processing_system7_0_0.tcl -notrace
create_project: Time (s): cpu = 00:00:06 ; elapsed = 00:00:06 . Memory (MB): peak = 1416.902 ; gain = 0.027 ; free physical = 5073 ; free virtual = 17684
INFO: [IP_Flow 19-234] Refreshing IP repositories
WARNING: [IP_Flow 19-2248] Failed to load user IP repository '/home/work/Xilinx/Vivado/2024.2/data/ip'; Can't find the specified path.
If this directory should no longer be in your list of user repositories, go to the IP Settings dialog and remove it.
WARNING: [IP_Flow 19-2248] Failed to load user IP repository '/home/primary/vivado-library/ip'; Can't find the specified path.
If this directory should no longer be in your list of user repositories, go to the IP Settings dialog and remove it.
INFO: [IP_Flow 19-2313] Loaded Vivado IP repository '/home/jsp/Storage/Vivado/2024.1/data/ip'.
Command: synth_design -top system_processing_system7_0_0 -part xc7z020clg400-1 -incremental_mode off -mode out_of_context
Starting synth_design
Attempting to get a license for feature 'Synthesis' and/or device 'xc7z020'
INFO: [Common 17-349] Got license for feature 'Synthesis' and/or device 'xc7z020'
INFO: [Device 21-403] Loading part xc7z020clg400-1
INFO: [Device 21-9227] Part: xc7z020clg400-1 does not have CEAM library.
INFO: [Synth 8-7079] Multithreading enabled for synth_design using a maximum of 4 processes.
INFO: [Synth 8-7078] Launching helper process for spawning children vivado processes
INFO: [Synth 8-7075] Helper process launched with PID 62376
---------------------------------------------------------------------------------
Starting RTL Elaboration : Time (s): cpu = 00:00:03 ; elapsed = 00:00:04 . Memory (MB): peak = 2158.031 ; gain = 412.629 ; free physical = 4053 ; free virtual = 16663
---------------------------------------------------------------------------------
INFO: [Synth 8-6157] synthesizing module 'system_processing_system7_0_0' [/home/jsp/Storage/CFU_PYNQ_FIles/CFU_SRC/pynq_z2/pynq_z2/arunQAFDHGDZXVNBDXG_gae.gen/sources_1/bd/system/ip/system_processing_system7_0_0/synth/system_processing_system7_0_0.v:53]
INFO: [Synth 8-6157] synthesizing module 'processing_system7_v5_5_processing_system7' [/home/jsp/Storage/CFU_PYNQ_FIles/CFU_SRC/pynq_z2/pynq_z2/arunQAFDHGDZXVNBDXG_gae.gen/sources_1/bd/system/ip/system_processing_system7_0_0/hdl/verilog/processing_system7_v5_5_processing_system7.v:152]
INFO: [Synth 8-6157] synthesizing module 'BUFG' [/home/jsp/Storage/Vivado/2024.1/scripts/rt/data/unisim_comp.v:1951]
INFO: [Synth 8-6155] done synthesizing module 'BUFG' (0#1) [/home/jsp/Storage/Vivado/2024.1/scripts/rt/data/unisim_comp.v:1951]
INFO: [Synth 8-6157] synthesizing module 'BIBUF' [/home/jsp/Storage/Vivado/2024.1/scripts/rt/data/unisim_comp.v:1598]
INFO: [Synth 8-6155] done synthesizing module 'BIBUF' (0#1) [/home/jsp/Storage/Vivado/2024.1/scripts/rt/data/unisim_comp.v:1598]
INFO: [Synth 8-6157] synthesizing module 'PS7' [/home/jsp/Storage/Vivado/2024.1/scripts/rt/data/unisim_comp.v:115258]
INFO: [Synth 8-6155] done synthesizing module 'PS7' (0#1) [/home/jsp/Storage/Vivado/2024.1/scripts/rt/data/unisim_comp.v:115258]
INFO: [Synth 8-6155] done synthesizing module 'processing_system7_v5_5_processing_system7' (0#1) [/home/jsp/Storage/CFU_PYNQ_FIles/CFU_SRC/pynq_z2/pynq_z2/arunQAFDHGDZXVNBDXG_gae.gen/sources_1/bd/system/ip/system_processing_system7_0_0/hdl/verilog/processing_system7_v5_5_processing_system7.v:152]
WARNING: [Synth 8-7071] port 'M_AXI_GP0_ARESETN' of module 'processing_system7_v5_5_processing_system7' is unconnected for instance 'inst' [/home/jsp/Storage/CFU_PYNQ_FIles/CFU_SRC/pynq_z2/pynq_z2/arunQAFDHGDZXVNBDXG_gae.gen/sources_1/bd/system/ip/system_processing_system7_0_0/synth/system_processing_system7_0_0.v:323]
WARNING: [Synth 8-7071] port 'M_AXI_GP1_ARESETN' of module 'processing_system7_v5_5_processing_system7' is unconnected for instance 'inst' [/home/jsp/Storage/CFU_PYNQ_FIles/CFU_SRC/pynq_z2/pynq_z2/arunQAFDHGDZXVNBDXG_gae.gen/sources_1/bd/system/ip/system_processing_system7_0_0/synth/system_processing_system7_0_0.v:323]
WARNING: [Synth 8-7071] port 'S_AXI_GP0_ARESETN' of module 'processing_system7_v5_5_processing_system7' is unconnected for instance 'inst' [/home/jsp/Storage/CFU_PYNQ_FIles/CFU_SRC/pynq_z2/pynq_z2/arunQAFDHGDZXVNBDXG_gae.gen/sources_1/bd/system/ip/system_processing_system7_0_0/synth/system_processing_system7_0_0.v:323]
WARNING: [Synth 8-7071] port 'S_AXI_GP1_ARESETN' of module 'processing_system7_v5_5_processing_system7' is unconnected for instance 'inst' [/home/jsp/Storage/CFU_PYNQ_FIles/CFU_SRC/pynq_z2/pynq_z2/arunQAFDHGDZXVNBDXG_gae.gen/sources_1/bd/system/ip/system_processing_system7_0_0/synth/system_processing_system7_0_0.v:323]
WARNING: [Synth 8-7071] port 'S_AXI_ACP_ARESETN' of module 'processing_system7_v5_5_processing_system7' is unconnected for instance 'inst' [/home/jsp/Storage/CFU_PYNQ_FIles/CFU_SRC/pynq_z2/pynq_z2/arunQAFDHGDZXVNBDXG_gae.gen/sources_1/bd/system/ip/system_processing_system7_0_0/synth/system_processing_system7_0_0.v:323]
WARNING: [Synth 8-7071] port 'S_AXI_HP0_ARESETN' of module 'processing_system7_v5_5_processing_system7' is unconnected for instance 'inst' [/home/jsp/Storage/CFU_PYNQ_FIles/CFU_SRC/pynq_z2/pynq_z2/arunQAFDHGDZXVNBDXG_gae.gen/sources_1/bd/system/ip/system_processing_system7_0_0/synth/system_processing_system7_0_0.v:323]
WARNING: [Synth 8-7071] port 'S_AXI_HP1_ARESETN' of module 'processing_system7_v5_5_processing_system7' is unconnected for instance 'inst' [/home/jsp/Storage/CFU_PYNQ_FIles/CFU_SRC/pynq_z2/pynq_z2/arunQAFDHGDZXVNBDXG_gae.gen/sources_1/bd/system/ip/system_processing_system7_0_0/synth/system_processing_system7_0_0.v:323]
WARNING: [Synth 8-7071] port 'S_AXI_HP2_ARESETN' of module 'processing_system7_v5_5_processing_system7' is unconnected for instance 'inst' [/home/jsp/Storage/CFU_PYNQ_FIles/CFU_SRC/pynq_z2/pynq_z2/arunQAFDHGDZXVNBDXG_gae.gen/sources_1/bd/system/ip/system_processing_system7_0_0/synth/system_processing_system7_0_0.v:323]
WARNING: [Synth 8-7071] port 'S_AXI_HP3_ARESETN' of module 'processing_system7_v5_5_processing_system7' is unconnected for instance 'inst' [/home/jsp/Storage/CFU_PYNQ_FIles/CFU_SRC/pynq_z2/pynq_z2/arunQAFDHGDZXVNBDXG_gae.gen/sources_1/bd/system/ip/system_processing_system7_0_0/synth/system_processing_system7_0_0.v:323]
WARNING: [Synth 8-7071] port 'DMA0_RSTN' of module 'processing_system7_v5_5_processing_system7' is unconnected for instance 'inst' [/home/jsp/Storage/CFU_PYNQ_FIles/CFU_SRC/pynq_z2/pynq_z2/arunQAFDHGDZXVNBDXG_gae.gen/sources_1/bd/system/ip/system_processing_system7_0_0/synth/system_processing_system7_0_0.v:323]
WARNING: [Synth 8-7071] port 'DMA1_RSTN' of module 'processing_system7_v5_5_processing_system7' is unconnected for instance 'inst' [/home/jsp/Storage/CFU_PYNQ_FIles/CFU_SRC/pynq_z2/pynq_z2/arunQAFDHGDZXVNBDXG_gae.gen/sources_1/bd/system/ip/system_processing_system7_0_0/synth/system_processing_system7_0_0.v:323]
WARNING: [Synth 8-7071] port 'DMA2_RSTN' of module 'processing_system7_v5_5_processing_system7' is unconnected for instance 'inst' [/home/jsp/Storage/CFU_PYNQ_FIles/CFU_SRC/pynq_z2/pynq_z2/arunQAFDHGDZXVNBDXG_gae.gen/sources_1/bd/system/ip/system_processing_system7_0_0/synth/system_processing_system7_0_0.v:323]
WARNING: [Synth 8-7071] port 'DMA3_RSTN' of module 'processing_system7_v5_5_processing_system7' is unconnected for instance 'inst' [/home/jsp/Storage/CFU_PYNQ_FIles/CFU_SRC/pynq_z2/pynq_z2/arunQAFDHGDZXVNBDXG_gae.gen/sources_1/bd/system/ip/system_processing_system7_0_0/synth/system_processing_system7_0_0.v:323]
WARNING: [Synth 8-7023] instance 'inst' of module 'processing_system7_v5_5_processing_system7' has 685 connections declared, but only 672 given [/home/jsp/Storage/CFU_PYNQ_FIles/CFU_SRC/pynq_z2/pynq_z2/arunQAFDHGDZXVNBDXG_gae.gen/sources_1/bd/system/ip/system_processing_system7_0_0/synth/system_processing_system7_0_0.v:323]
INFO: [Synth 8-6155] done synthesizing module 'system_processing_system7_0_0' (0#1) [/home/jsp/Storage/CFU_PYNQ_FIles/CFU_SRC/pynq_z2/pynq_z2/arunQAFDHGDZXVNBDXG_gae.gen/sources_1/bd/system/ip/system_processing_system7_0_0/synth/system_processing_system7_0_0.v:53]
WARNING: [Synth 8-7129] Port ENET0_GMII_COL in module processing_system7_v5_5_processing_system7 is either unconnected or has no load
WARNING: [Synth 8-7129] Port ENET0_GMII_CRS in module processing_system7_v5_5_processing_system7 is either unconnected or has no load
WARNING: [Synth 8-7129] Port ENET0_GMII_RX_DV in module processing_system7_v5_5_processing_system7 is either unconnected or has no load
WARNING: [Synth 8-7129] Port ENET0_GMII_RX_ER in module processing_system7_v5_5_processing_system7 is either unconnected or has no load
WARNING: [Synth 8-7129] Port ENET0_GMII_RXD[7] in module processing_system7_v5_5_processing_system7 is either unconnected or has no load
WARNING: [Synth 8-7129] Port ENET0_GMII_RXD[6] in module processing_system7_v5_5_processing_system7 is either unconnected or has no load
WARNING: [Synth 8-7129] Port ENET0_GMII_RXD[5] in module processing_system7_v5_5_processing_system7 is either unconnected or has no load
WARNING: [Synth 8-7129] Port ENET0_GMII_RXD[4] in module processing_system7_v5_5_processing_system7 is either unconnected or has no load
WARNING: [Synth 8-7129] Port ENET0_GMII_RXD[3] in module processing_system7_v5_5_processing_system7 is either unconnected or has no load
WARNING: [Synth 8-7129] Port ENET0_GMII_RXD[2] in module processing_system7_v5_5_processing_system7 is either unconnected or has no load
WARNING: [Synth 8-7129] Port ENET0_GMII_RXD[1] in module processing_system7_v5_5_processing_system7 is either unconnected or has no load
WARNING: [Synth 8-7129] Port ENET0_GMII_RXD[0] in module processing_system7_v5_5_processing_system7 is either unconnected or has no load
WARNING: [Synth 8-7129] Port ENET1_GMII_COL in module processing_system7_v5_5_processing_system7 is either unconnected or has no load
WARNING: [Synth 8-7129] Port ENET1_GMII_CRS in module processing_system7_v5_5_processing_system7 is either unconnected or has no load
WARNING: [Synth 8-7129] Port ENET1_GMII_RX_DV in module processing_system7_v5_5_processing_system7 is either unconnected or has no load
WARNING: [Synth 8-7129] Port ENET1_GMII_RX_ER in module processing_system7_v5_5_processing_system7 is either unconnected or has no load
WARNING: [Synth 8-7129] Port ENET1_GMII_RXD[7] in module processing_system7_v5_5_processing_system7 is either unconnected or has no load
WARNING: [Synth 8-7129] Port ENET1_GMII_RXD[6] in module processing_system7_v5_5_processing_system7 is either unconnected or has no load
WARNING: [Synth 8-7129] Port ENET1_GMII_RXD[5] in module processing_system7_v5_5_processing_system7 is either unconnected or has no load
WARNING: [Synth 8-7129] Port ENET1_GMII_RXD[4] in module processing_system7_v5_5_processing_system7 is either unconnected or has no load
WARNING: [Synth 8-7129] Port ENET1_GMII_RXD[3] in module processing_system7_v5_5_processing_system7 is either unconnected or has no load
WARNING: [Synth 8-7129] Port ENET1_GMII_RXD[2] in module processing_system7_v5_5_processing_system7 is either unconnected or has no load
WARNING: [Synth 8-7129] Port ENET1_GMII_RXD[1] in module processing_system7_v5_5_processing_system7 is either unconnected or has no load
WARNING: [Synth 8-7129] Port ENET1_GMII_RXD[0] in module processing_system7_v5_5_processing_system7 is either unconnected or has no load
WARNING: [Synth 8-7129] Port S_AXI_GP0_ARSIZE[2] in module processing_system7_v5_5_processing_system7 is either unconnected or has no load
WARNING: [Synth 8-7129] Port S_AXI_GP0_AWSIZE[2] in module processing_system7_v5_5_processing_system7 is either unconnected or has no load
WARNING: [Synth 8-7129] Port S_AXI_GP1_ARSIZE[2] in module processing_system7_v5_5_processing_system7 is either unconnected or has no load
WARNING: [Synth 8-7129] Port S_AXI_GP1_AWSIZE[2] in module processing_system7_v5_5_processing_system7 is either unconnected or has no load
WARNING: [Synth 8-7129] Port S_AXI_ACP_ARSIZE[2] in module processing_system7_v5_5_processing_system7 is either unconnected or has no load
WARNING: [Synth 8-7129] Port S_AXI_ACP_AWSIZE[2] in module processing_system7_v5_5_processing_system7 is either unconnected or has no load
WARNING: [Synth 8-7129] Port S_AXI_HP0_ARSIZE[2] in module processing_system7_v5_5_processing_system7 is either unconnected or has no load
WARNING: [Synth 8-7129] Port S_AXI_HP0_AWSIZE[2] in module processing_system7_v5_5_processing_system7 is either unconnected or has no load
WARNING: [Synth 8-7129] Port S_AXI_HP1_ARSIZE[2] in module processing_system7_v5_5_processing_system7 is either unconnected or has no load
WARNING: [Synth 8-7129] Port S_AXI_HP1_AWSIZE[2] in module processing_system7_v5_5_processing_system7 is either unconnected or has no load
WARNING: [Synth 8-7129] Port S_AXI_HP2_ARSIZE[2] in module processing_system7_v5_5_processing_system7 is either unconnected or has no load
WARNING: [Synth 8-7129] Port S_AXI_HP2_AWSIZE[2] in module processing_system7_v5_5_processing_system7 is either unconnected or has no load
WARNING: [Synth 8-7129] Port S_AXI_HP3_ARSIZE[2] in module processing_system7_v5_5_processing_system7 is either unconnected or has no load
WARNING: [Synth 8-7129] Port S_AXI_HP3_AWSIZE[2] in module processing_system7_v5_5_processing_system7 is either unconnected or has no load
WARNING: [Synth 8-7129] Port FCLK_CLKTRIG3_N in module processing_system7_v5_5_processing_system7 is either unconnected or has no load
WARNING: [Synth 8-7129] Port FCLK_CLKTRIG2_N in module processing_system7_v5_5_processing_system7 is either unconnected or has no load
WARNING: [Synth 8-7129] Port FCLK_CLKTRIG1_N in module processing_system7_v5_5_processing_system7 is either unconnected or has no load
WARNING: [Synth 8-7129] Port FCLK_CLKTRIG0_N in module processing_system7_v5_5_processing_system7 is either unconnected or has no load
WARNING: [Synth 8-7129] Port FTMD_TRACEIN_DATA[31] in module processing_system7_v5_5_processing_system7 is either unconnected or has no load
WARNING: [Synth 8-7129] Port FTMD_TRACEIN_DATA[30] in module processing_system7_v5_5_processing_system7 is either unconnected or has no load
WARNING: [Synth 8-7129] Port FTMD_TRACEIN_DATA[29] in module processing_system7_v5_5_processing_system7 is either unconnected or has no load
WARNING: [Synth 8-7129] Port FTMD_TRACEIN_DATA[28] in module processing_system7_v5_5_processing_system7 is either unconnected or has no load
WARNING: [Synth 8-7129] Port FTMD_TRACEIN_DATA[27] in module processing_system7_v5_5_processing_system7 is either unconnected or has no load
WARNING: [Synth 8-7129] Port FTMD_TRACEIN_DATA[26] in module processing_system7_v5_5_processing_system7 is either unconnected or has no load
WARNING: [Synth 8-7129] Port FTMD_TRACEIN_DATA[25] in module processing_system7_v5_5_processing_system7 is either unconnected or has no load
WARNING: [Synth 8-7129] Port FTMD_TRACEIN_DATA[24] in module processing_system7_v5_5_processing_system7 is either unconnected or has no load
WARNING: [Synth 8-7129] Port FTMD_TRACEIN_DATA[23] in module processing_system7_v5_5_processing_system7 is either unconnected or has no load
WARNING: [Synth 8-7129] Port FTMD_TRACEIN_DATA[22] in module processing_system7_v5_5_processing_system7 is either unconnected or has no load
WARNING: [Synth 8-7129] Port FTMD_TRACEIN_DATA[21] in module processing_system7_v5_5_processing_system7 is either unconnected or has no load
WARNING: [Synth 8-7129] Port FTMD_TRACEIN_DATA[20] in module processing_system7_v5_5_processing_system7 is either unconnected or has no load
WARNING: [Synth 8-7129] Port FTMD_TRACEIN_DATA[19] in module processing_system7_v5_5_processing_system7 is either unconnected or has no load
WARNING: [Synth 8-7129] Port FTMD_TRACEIN_DATA[18] in module processing_system7_v5_5_processing_system7 is either unconnected or has no load
WARNING: [Synth 8-7129] Port FTMD_TRACEIN_DATA[17] in module processing_system7_v5_5_processing_system7 is either unconnected or has no load
WARNING: [Synth 8-7129] Port FTMD_TRACEIN_DATA[16] in module processing_system7_v5_5_processing_system7 is either unconnected or has no load
WARNING: [Synth 8-7129] Port FTMD_TRACEIN_DATA[15] in module processing_system7_v5_5_processing_system7 is either unconnected or has no load
WARNING: [Synth 8-7129] Port FTMD_TRACEIN_DATA[14] in module processing_system7_v5_5_processing_system7 is either unconnected or has no load
WARNING: [Synth 8-7129] Port FTMD_TRACEIN_DATA[13] in module processing_system7_v5_5_processing_system7 is either unconnected or has no load
WARNING: [Synth 8-7129] Port FTMD_TRACEIN_DATA[12] in module processing_system7_v5_5_processing_system7 is either unconnected or has no load
WARNING: [Synth 8-7129] Port FTMD_TRACEIN_DATA[11] in module processing_system7_v5_5_processing_system7 is either unconnected or has no load
WARNING: [Synth 8-7129] Port FTMD_TRACEIN_DATA[10] in module processing_system7_v5_5_processing_system7 is either unconnected or has no load
WARNING: [Synth 8-7129] Port FTMD_TRACEIN_DATA[9] in module processing_system7_v5_5_processing_system7 is either unconnected or has no load
WARNING: [Synth 8-7129] Port FTMD_TRACEIN_DATA[8] in module processing_system7_v5_5_processing_system7 is either unconnected or has no load
WARNING: [Synth 8-7129] Port FTMD_TRACEIN_DATA[7] in module processing_system7_v5_5_processing_system7 is either unconnected or has no load
WARNING: [Synth 8-7129] Port FTMD_TRACEIN_DATA[6] in module processing_system7_v5_5_processing_system7 is either unconnected or has no load
WARNING: [Synth 8-7129] Port FTMD_TRACEIN_DATA[5] in module processing_system7_v5_5_processing_system7 is either unconnected or has no load
WARNING: [Synth 8-7129] Port FTMD_TRACEIN_DATA[4] in module processing_system7_v5_5_processing_system7 is either unconnected or has no load
WARNING: [Synth 8-7129] Port FTMD_TRACEIN_DATA[3] in module processing_system7_v5_5_processing_system7 is either unconnected or has no load
WARNING: [Synth 8-7129] Port FTMD_TRACEIN_DATA[2] in module processing_system7_v5_5_processing_system7 is either unconnected or has no load
WARNING: [Synth 8-7129] Port FTMD_TRACEIN_DATA[1] in module processing_system7_v5_5_processing_system7 is either unconnected or has no load
WARNING: [Synth 8-7129] Port FTMD_TRACEIN_DATA[0] in module processing_system7_v5_5_processing_system7 is either unconnected or has no load
WARNING: [Synth 8-7129] Port FTMD_TRACEIN_VALID in module processing_system7_v5_5_processing_system7 is either unconnected or has no load
WARNING: [Synth 8-7129] Port FTMD_TRACEIN_ATID[3] in module processing_system7_v5_5_processing_system7 is either unconnected or has no load
WARNING: [Synth 8-7129] Port FTMD_TRACEIN_ATID[2] in module processing_system7_v5_5_processing_system7 is either unconnected or has no load
WARNING: [Synth 8-7129] Port FTMD_TRACEIN_ATID[1] in module processing_system7_v5_5_processing_system7 is either unconnected or has no load
WARNING: [Synth 8-7129] Port FTMD_TRACEIN_ATID[0] in module processing_system7_v5_5_processing_system7 is either unconnected or has no load
---------------------------------------------------------------------------------
Finished RTL Elaboration : Time (s): cpu = 00:00:05 ; elapsed = 00:00:05 . Memory (MB): peak = 2252.969 ; gain = 507.566 ; free physical = 3934 ; free virtual = 16546
---------------------------------------------------------------------------------
---------------------------------------------------------------------------------
Start Handling Custom Attributes
---------------------------------------------------------------------------------
---------------------------------------------------------------------------------
Finished Handling Custom Attributes : Time (s): cpu = 00:00:05 ; elapsed = 00:00:05 . Memory (MB): peak = 2267.812 ; gain = 522.410 ; free physical = 3932 ; free virtual = 16544
---------------------------------------------------------------------------------
---------------------------------------------------------------------------------
Finished RTL Optimization Phase 1 : Time (s): cpu = 00:00:05 ; elapsed = 00:00:05 . Memory (MB): peak = 2267.812 ; gain = 522.410 ; free physical = 3932 ; free virtual = 16544
---------------------------------------------------------------------------------
Netlist sorting complete. Time (s): cpu = 00:00:00 ; elapsed = 00:00:00 . Memory (MB): peak = 2273.750 ; gain = 0.000 ; free physical = 3925 ; free virtual = 16537
INFO: [Project 1-570] Preparing netlist for logic optimization

Processing XDC Constraints
Initializing timing engine
Parsing XDC File [/home/jsp/Storage/CFU_PYNQ_FIles/CFU_SRC/pynq_z2/pynq_z2/arunQAFDHGDZXVNBDXG_gae.gen/sources_1/bd/system/ip/system_processing_system7_0_0/system_processing_system7_0_0.xdc] for cell 'inst'
Finished Parsing XDC File [/home/jsp/Storage/CFU_PYNQ_FIles/CFU_SRC/pynq_z2/pynq_z2/arunQAFDHGDZXVNBDXG_gae.gen/sources_1/bd/system/ip/system_processing_system7_0_0/system_processing_system7_0_0.xdc] for cell 'inst'
INFO: [Project 1-236] Implementation specific constraints were found while reading constraint file [/home/jsp/Storage/CFU_PYNQ_FIles/CFU_SRC/pynq_z2/pynq_z2/arunQAFDHGDZXVNBDXG_gae.gen/sources_1/bd/system/ip/system_processing_system7_0_0/system_processing_system7_0_0.xdc]. These constraints will be ignored for synthesis but will be used in implementation. Impacted constraints are listed in the file [.Xil/system_processing_system7_0_0_propImpl.xdc].
Resolution: To avoid this warning, move constraints listed in [.Xil/system_processing_system7_0_0_propImpl.xdc] to another XDC file and exclude this new file from synthesis with the used_in_synthesis property (File Properties dialog in GUI) and re-run elaboration/synthesis.
Parsing XDC File [/home/jsp/Storage/CFU_PYNQ_FIles/CFU_SRC/pynq_z2/pynq_z2/arunQAFDHGDZXVNBDXG_gae.runs/system_processing_system7_0_0_synth_1/dont_touch.xdc]
Finished Parsing XDC File [/home/jsp/Storage/CFU_PYNQ_FIles/CFU_SRC/pynq_z2/pynq_z2/arunQAFDHGDZXVNBDXG_gae.runs/system_processing_system7_0_0_synth_1/dont_touch.xdc]
Completed Processing XDC Constraints

Netlist sorting complete. Time (s): cpu = 00:00:00 ; elapsed = 00:00:00 . Memory (MB): peak = 2337.781 ; gain = 0.000 ; free physical = 3926 ; free virtual = 16537
INFO: [Project 1-111] Unisim Transformation Summary:
No Unisim elements were transformed.

Constraint Validation Runtime : Time (s): cpu = 00:00:00.01 ; elapsed = 00:00:00.01 . Memory (MB): peak = 2337.781 ; gain = 0.000 ; free physical = 3926 ; free virtual = 16537
INFO: [Designutils 20-5008] Incremental synthesis strategy off
---------------------------------------------------------------------------------
Finished Constraint Validation : Time (s): cpu = 00:00:10 ; elapsed = 00:00:11 . Memory (MB): peak = 2337.781 ; gain = 592.379 ; free physical = 3930 ; free virtual = 16542
---------------------------------------------------------------------------------
---------------------------------------------------------------------------------
Start Loading Part and Timing Information
---------------------------------------------------------------------------------
Loading part: xc7z020clg400-1
---------------------------------------------------------------------------------
Finished Loading Part and Timing Information : Time (s): cpu = 00:00:10 ; elapsed = 00:00:11 . Memory (MB): peak = 2345.785 ; gain = 600.383 ; free physical = 3930 ; free virtual = 16542
---------------------------------------------------------------------------------
---------------------------------------------------------------------------------
Start Applying 'set_property' XDC Constraints
---------------------------------------------------------------------------------
Applied set_property KEEP_HIERARCHY = SOFT for inst. (constraint file  /home/jsp/Storage/CFU_PYNQ_FIles/CFU_SRC/pynq_z2/pynq_z2/arunQAFDHGDZXVNBDXG_gae.runs/system_processing_system7_0_0_synth_1/dont_touch.xdc, line 9).
---------------------------------------------------------------------------------
Finished applying 'set_property' XDC Constraints : Time (s): cpu = 00:00:11 ; elapsed = 00:00:11 . Memory (MB): peak = 2345.785 ; gain = 600.383 ; free physical = 3930 ; free virtual = 16542
---------------------------------------------------------------------------------
---------------------------------------------------------------------------------
Finished RTL Optimization Phase 2 : Time (s): cpu = 00:00:11 ; elapsed = 00:00:11 . Memory (MB): peak = 2345.785 ; gain = 600.383 ; free physical = 3930 ; free virtual = 16543
---------------------------------------------------------------------------------
---------------------------------------------------------------------------------
Start RTL Component Statistics 
---------------------------------------------------------------------------------
Detailed RTL Component Info : 
---------------------------------------------------------------------------------
Finished RTL Component Statistics 
---------------------------------------------------------------------------------
---------------------------------------------------------------------------------
Start Part Resource Summary
---------------------------------------------------------------------------------
Part Resources:
DSPs: 220 (col length:60)
BRAMs: 280 (col length: RAMB18 60 RAMB36 30)
---------------------------------------------------------------------------------
Finished Part Resource Summary
---------------------------------------------------------------------------------
---------------------------------------------------------------------------------
Start Cross Boundary and Area Optimization
---------------------------------------------------------------------------------
WARNING: [Synth 8-7080] Parallel synthesis criteria is not met
WARNING: [Synth 8-7129] Port ENET0_GMII_COL in module processing_system7_v5_5_processing_system7 is either unconnected or has no load
WARNING: [Synth 8-7129] Port ENET0_GMII_CRS in module processing_system7_v5_5_processing_system7 is either unconnected or has no load
WARNING: [Synth 8-7129] Port ENET0_GMII_RX_DV in module processing_system7_v5_5_processing_system7 is either unconnected or has no load
WARNING: [Synth 8-7129] Port ENET0_GMII_RX_ER in module processing_system7_v5_5_processing_system7 is either unconnected or has no load
WARNING: [Synth 8-7129] Port ENET0_GMII_RXD[7] in module processing_system7_v5_5_processing_system7 is either unconnected or has no load
WARNING: [Synth 8-7129] Port ENET0_GMII_RXD[6] in module processing_system7_v5_5_processing_system7 is either unconnected or has no load
WARNING: [Synth 8-7129] Port ENET0_GMII_RXD[5] in module processing_system7_v5_5_processing_system7 is either unconnected or has no load
WARNING: [Synth 8-7129] Port ENET0_GMII_RXD[4] in module processing_system7_v5_5_processing_system7 is either unconnected or has no load
WARNING: [Synth 8-7129] Port ENET0_GMII_RXD[3] in module processing_system7_v5_5_processing_system7 is either unconnected or has no load
WARNING: [Synth 8-7129] Port ENET0_GMII_RXD[2] in module processing_system7_v5_5_processing_system7 is either unconnected or has no load
WARNING: [Synth 8-7129] Port ENET0_GMII_RXD[1] in module processing_system7_v5_5_processing_system7 is either unconnected or has no load
WARNING: [Synth 8-7129] Port ENET0_GMII_RXD[0] in module processing_system7_v5_5_processing_system7 is either unconnected or has no load
WARNING: [Synth 8-7129] Port ENET1_GMII_COL in module processing_system7_v5_5_processing_system7 is either unconnected or has no load
WARNING: [Synth 8-7129] Port ENET1_GMII_CRS in module processing_system7_v5_5_processing_system7 is either unconnected or has no load
WARNING: [Synth 8-7129] Port ENET1_GMII_RX_DV in module processing_system7_v5_5_processing_system7 is either unconnected or has no load
WARNING: [Synth 8-7129] Port ENET1_GMII_RX_ER in module processing_system7_v5_5_processing_system7 is either unconnected or has no load
WARNING: [Synth 8-7129] Port ENET1_GMII_RXD[7] in module processing_system7_v5_5_processing_system7 is either unconnected or has no load
WARNING: [Synth 8-7129] Port ENET1_GMII_RXD[6] in module processing_system7_v5_5_processing_system7 is either unconnected or has no load
WARNING: [Synth 8-7129] Port ENET1_GMII_RXD[5] in module processing_system7_v5_5_processing_system7 is either unconnected or has no load
WARNING: [Synth 8-7129] Port ENET1_GMII_RXD[4] in module processing_system7_v5_5_processing_system7 is either unconnected or has no load
WARNING: [Synth 8-7129] Port ENET1_GMII_RXD[3] in module processing_system7_v5_5_processing_system7 is either unconnected or has no load
INFO: [Common 17-14] Message 'Synth 8-7129' appears 100 times and further instances of the messages will be disabled. Use the Tcl command set_msg_config to change the current settings.
---------------------------------------------------------------------------------
Finished Cross Boundary and Area Optimization : Time (s): cpu = 00:00:12 ; elapsed = 00:00:12 . Memory (MB): peak = 2345.785 ; gain = 600.383 ; free physical = 3930 ; free virtual = 16542
---------------------------------------------------------------------------------
---------------------------------------------------------------------------------
Start Applying XDC Timing Constraints
---------------------------------------------------------------------------------
---------------------------------------------------------------------------------
Finished Applying XDC Timing Constraints : Time (s): cpu = 00:00:17 ; elapsed = 00:00:18 . Memory (MB): peak = 2416.785 ; gain = 671.383 ; free physical = 3860 ; free virtual = 16473
---------------------------------------------------------------------------------
---------------------------------------------------------------------------------
Start Timing Optimization
---------------------------------------------------------------------------------
---------------------------------------------------------------------------------
Finished Timing Optimization : Time (s): cpu = 00:00:17 ; elapsed = 00:00:18 . Memory (MB): peak = 2436.793 ; gain = 691.391 ; free physical = 3836 ; free virtual = 16450
---------------------------------------------------------------------------------
---------------------------------------------------------------------------------
Start Technology Mapping
---------------------------------------------------------------------------------
---------------------------------------------------------------------------------
Finished Technology Mapping : Time (s): cpu = 00:00:17 ; elapsed = 00:00:18 . Memory (MB): peak = 2444.801 ; gain = 699.398 ; free physical = 3828 ; free virtual = 16442
---------------------------------------------------------------------------------
---------------------------------------------------------------------------------
Start IO Insertion
---------------------------------------------------------------------------------
---------------------------------------------------------------------------------
Start Flattening Before IO Insertion
---------------------------------------------------------------------------------
---------------------------------------------------------------------------------
Finished Flattening Before IO Insertion
---------------------------------------------------------------------------------
---------------------------------------------------------------------------------
Start Final Netlist Cleanup
---------------------------------------------------------------------------------
---------------------------------------------------------------------------------
Finished Final Netlist Cleanup
---------------------------------------------------------------------------------
---------------------------------------------------------------------------------
Finished IO Insertion : Time (s): cpu = 00:00:20 ; elapsed = 00:00:21 . Memory (MB): peak = 2453.707 ; gain = 708.305 ; free physical = 3833 ; free virtual = 16448
---------------------------------------------------------------------------------
---------------------------------------------------------------------------------
Start Renaming Generated Instances
---------------------------------------------------------------------------------
---------------------------------------------------------------------------------
Finished Renaming Generated Instances : Time (s): cpu = 00:00:20 ; elapsed = 00:00:21 . Memory (MB): peak = 2453.707 ; gain = 708.305 ; free physical = 3833 ; free virtual = 16448
---------------------------------------------------------------------------------
---------------------------------------------------------------------------------
Start Rebuilding User Hierarchy
---------------------------------------------------------------------------------
---------------------------------------------------------------------------------
Finished Rebuilding User Hierarchy : Time (s): cpu = 00:00:20 ; elapsed = 00:00:21 . Memory (MB): peak = 2453.707 ; gain = 708.305 ; free physical = 3833 ; free virtual = 16448
---------------------------------------------------------------------------------
---------------------------------------------------------------------------------
Start Renaming Generated Ports
---------------------------------------------------------------------------------
---------------------------------------------------------------------------------
Finished Renaming Generated Ports : Time (s): cpu = 00:00:20 ; elapsed = 00:00:21 . Memory (MB): peak = 2453.707 ; gain = 708.305 ; free physical = 3833 ; free virtual = 16448
---------------------------------------------------------------------------------
---------------------------------------------------------------------------------
Start Handling Custom Attributes
---------------------------------------------------------------------------------
---------------------------------------------------------------------------------
Finished Handling Custom Attributes : Time (s): cpu = 00:00:20 ; elapsed = 00:00:21 . Memory (MB): peak = 2453.707 ; gain = 708.305 ; free physical = 3833 ; free virtual = 16448
---------------------------------------------------------------------------------
---------------------------------------------------------------------------------
Start Renaming Generated Nets
---------------------------------------------------------------------------------
---------------------------------------------------------------------------------
Finished Renaming Generated Nets : Time (s): cpu = 00:00:20 ; elapsed = 00:00:21 . Memory (MB): peak = 2453.707 ; gain = 708.305 ; free physical = 3833 ; free virtual = 16448
---------------------------------------------------------------------------------
---------------------------------------------------------------------------------
Start Writing Synthesis Report
---------------------------------------------------------------------------------

Report BlackBoxes: 
+-+--------------+----------+
| |BlackBox name |Instances |
+-+--------------+----------+
+-+--------------+----------+

Report Cell Usage: 
+------+------+------+
|      |Cell  |Count |
+------+------+------+
|1     |BIBUF |   130|
|2     |BUFG  |     1|
|3     |LUT1  |    24|
|4     |PS7   |     1|
+------+------+------+
---------------------------------------------------------------------------------
Finished Writing Synthesis Report : Time (s): cpu = 00:00:20 ; elapsed = 00:00:21 . Memory (MB): peak = 2453.707 ; gain = 708.305 ; free physical = 3833 ; free virtual = 16448
---------------------------------------------------------------------------------
Synthesis finished with 0 errors, 0 critical warnings and 80 warnings.
Synthesis Optimization Runtime : Time (s): cpu = 00:00:19 ; elapsed = 00:00:19 . Memory (MB): peak = 2453.707 ; gain = 638.336 ; free physical = 3833 ; free virtual = 16448
Synthesis Optimization Complete : Time (s): cpu = 00:00:20 ; elapsed = 00:00:21 . Memory (MB): peak = 2453.715 ; gain = 708.305 ; free physical = 3833 ; free virtual = 16448
INFO: [Project 1-571] Translating synthesized netlist
Netlist sorting complete. Time (s): cpu = 00:00:00.01 ; elapsed = 00:00:00.01 . Memory (MB): peak = 2453.715 ; gain = 0.000 ; free physical = 3903 ; free virtual = 16518
INFO: [Project 1-570] Preparing netlist for logic optimization
INFO: [Opt 31-138] Pushed 0 inverter(s) to 0 load pin(s).
Netlist sorting complete. Time (s): cpu = 00:00:00 ; elapsed = 00:00:00 . Memory (MB): peak = 2467.648 ; gain = 0.000 ; free physical = 4131 ; free virtual = 16746
INFO: [Project 1-111] Unisim Transformation Summary:
No Unisim elements were transformed.

Synth Design complete | Checksum: 846ace09
INFO: [Common 17-83] Releasing license: Synthesis
28 Infos, 117 Warnings, 0 Critical Warnings and 0 Errors encountered.
synth_design completed successfully
synth_design: Time (s): cpu = 00:00:27 ; elapsed = 00:00:25 . Memory (MB): peak = 2467.648 ; gain = 1050.746 ; free physical = 4130 ; free virtual = 16746
INFO: [Common 17-2834] synth_design peak Physical Memory [PSS] (MB): overall = 1928.229; main = 1586.312; forked = 368.311
INFO: [Common 17-2834] synth_design peak Virtual Memory [VSS] (MB): overall = 3478.301; main = 2467.652; forked = 1033.496
Write ShapeDB Complete: Time (s): cpu = 00:00:00.01 ; elapsed = 00:00:00 . Memory (MB): peak = 2483.656 ; gain = 0.000 ; free physical = 4131 ; free virtual = 16747
INFO: [Common 17-1381] The checkpoint '/home/jsp/Storage/CFU_PYNQ_FIles/CFU_SRC/pynq_z2/pynq_z2/arunQAFDHGDZXVNBDXG_gae.runs/system_processing_system7_0_0_synth_1/system_processing_system7_0_0.dcp' has been generated.
INFO: [Vivado 12-24828] Executing command : report_utilization -file system_processing_system7_0_0_utilization_synth.rpt -pb system_processing_system7_0_0_utilization_synth.pb
INFO: [Common 17-206] Exiting Vivado at Tue Nov  4 14:38:52 2025...
[Tue Nov  4 14:39:02 2025] system_processing_system7_0_0_synth_1 finished
wait_on_runs: Time (s): cpu = 00:00:41 ; elapsed = 00:00:47 . Memory (MB): peak = 10684.375 ; gain = 0.000 ; free physical = 5556 ; free virtual = 18171
launch_runs system_rst_ps7_0_100M_0_synth_1
INFO: [IP_Flow 19-6924] IPCACHE: Running cache check for IP inst: system_rst_ps7_0_100M_0
[Tue Nov  4 14:39:02 2025] Launched system_rst_ps7_0_100M_0_synth_1...
Run output will be captured here: /home/jsp/Storage/CFU_PYNQ_FIles/CFU_SRC/pynq_z2/pynq_z2/arunQAFDHGDZXVNBDXG_gae.runs/system_rst_ps7_0_100M_0_synth_1/runme.log
wait_on_run system_rst_ps7_0_100M_0_synth_1
[Tue Nov  4 14:39:02 2025] Waiting for system_rst_ps7_0_100M_0_synth_1 to finish...
[Tue Nov  4 14:39:07 2025] Waiting for system_rst_ps7_0_100M_0_synth_1 to finish...
[Tue Nov  4 14:39:12 2025] Waiting for system_rst_ps7_0_100M_0_synth_1 to finish...
[Tue Nov  4 14:39:17 2025] Waiting for system_rst_ps7_0_100M_0_synth_1 to finish...
[Tue Nov  4 14:39:27 2025] Waiting for system_rst_ps7_0_100M_0_synth_1 to finish...
[Tue Nov  4 14:39:37 2025] Waiting for system_rst_ps7_0_100M_0_synth_1 to finish...
[Tue Nov  4 14:39:47 2025] Waiting for system_rst_ps7_0_100M_0_synth_1 to finish...

*** Running vivado
    with args -log system_rst_ps7_0_100M_0.vds -m64 -product Vivado -mode batch -messageDb vivado.pb -notrace -source system_rst_ps7_0_100M_0.tcl


****** Vivado v2024.1 (64-bit)
  **** SW Build 5076996 on Wed May 22 18:36:09 MDT 2024
  **** IP Build 5075265 on Wed May 22 21:45:21 MDT 2024
  **** SharedData Build 5076995 on Wed May 22 18:29:18 MDT 2024
  **** Start of session at: Tue Nov  4 14:39:04 2025
    ** Copyright 1986-2022 Xilinx, Inc. All Rights Reserved.
    ** Copyright 2022-2024 Advanced Micro Devices, Inc. All Rights Reserved.

source system_rst_ps7_0_100M_0.tcl -notrace
create_project: Time (s): cpu = 00:00:06 ; elapsed = 00:00:06 . Memory (MB): peak = 1419.840 ; gain = 0.027 ; free physical = 5051 ; free virtual = 17666
INFO: [IP_Flow 19-234] Refreshing IP repositories
WARNING: [IP_Flow 19-2248] Failed to load user IP repository '/home/work/Xilinx/Vivado/2024.2/data/ip'; Can't find the specified path.
If this directory should no longer be in your list of user repositories, go to the IP Settings dialog and remove it.
WARNING: [IP_Flow 19-2248] Failed to load user IP repository '/home/primary/vivado-library/ip'; Can't find the specified path.
If this directory should no longer be in your list of user repositories, go to the IP Settings dialog and remove it.
INFO: [IP_Flow 19-2313] Loaded Vivado IP repository '/home/jsp/Storage/Vivado/2024.1/data/ip'.
INFO: [IP_Flow 19-6924] IPCACHE: Running cache check for IP inst: system_rst_ps7_0_100M_0
Command: synth_design -top system_rst_ps7_0_100M_0 -part xc7z020clg400-1 -incremental_mode off -mode out_of_context
Starting synth_design
Attempting to get a license for feature 'Synthesis' and/or device 'xc7z020'
INFO: [Common 17-349] Got license for feature 'Synthesis' and/or device 'xc7z020'
INFO: [Device 21-403] Loading part xc7z020clg400-1
INFO: [Device 21-9227] Part: xc7z020clg400-1 does not have CEAM library.
INFO: [Synth 8-7079] Multithreading enabled for synth_design using a maximum of 4 processes.
INFO: [Synth 8-7078] Launching helper process for spawning children vivado processes
INFO: [Synth 8-7075] Helper process launched with PID 62857
---------------------------------------------------------------------------------
Starting RTL Elaboration : Time (s): cpu = 00:00:03 ; elapsed = 00:00:04 . Memory (MB): peak = 2151.055 ; gain = 410.715 ; free physical = 4026 ; free virtual = 16656
---------------------------------------------------------------------------------
INFO: [Synth 8-638] synthesizing module 'system_rst_ps7_0_100M_0' [/home/jsp/Storage/CFU_PYNQ_FIles/CFU_SRC/pynq_z2/pynq_z2/arunQAFDHGDZXVNBDXG_gae.gen/sources_1/bd/system/ip/system_rst_ps7_0_100M_0/synth/system_rst_ps7_0_100M_0.vhd:74]
	Parameter C_FAMILY bound to: zynq - type: string 
	Parameter C_EXT_RST_WIDTH bound to: 4 - type: integer 
	Parameter C_AUX_RST_WIDTH bound to: 4 - type: integer 
	Parameter C_EXT_RESET_HIGH bound to: 1'b0 
	Parameter C_AUX_RESET_HIGH bound to: 1'b0 
	Parameter C_NUM_BUS_RST bound to: 1 - type: integer 
	Parameter C_NUM_PERP_RST bound to: 1 - type: integer 
	Parameter C_NUM_INTERCONNECT_ARESETN bound to: 1 - type: integer 
	Parameter C_NUM_PERP_ARESETN bound to: 1 - type: integer 
INFO: [Synth 8-3491] module 'proc_sys_reset' declared at '/home/jsp/Storage/CFU_PYNQ_FIles/CFU_SRC/pynq_z2/pynq_z2/arunQAFDHGDZXVNBDXG_gae.gen/sources_1/bd/system/ipshared/3a26/hdl/proc_sys_reset_v5_0_vh_rfs.vhd:1271' bound to instance 'U0' of component 'proc_sys_reset' [/home/jsp/Storage/CFU_PYNQ_FIles/CFU_SRC/pynq_z2/pynq_z2/arunQAFDHGDZXVNBDXG_gae.gen/sources_1/bd/system/ip/system_rst_ps7_0_100M_0/synth/system_rst_ps7_0_100M_0.vhd:129]
INFO: [Synth 8-638] synthesizing module 'proc_sys_reset' [/home/jsp/Storage/CFU_PYNQ_FIles/CFU_SRC/pynq_z2/pynq_z2/arunQAFDHGDZXVNBDXG_gae.gen/sources_1/bd/system/ipshared/3a26/hdl/proc_sys_reset_v5_0_vh_rfs.vhd:1330]
	Parameter INIT bound to: 1'b1 
INFO: [Synth 8-113] binding component instance 'FDRE_inst' to cell 'FDRE' [/home/jsp/Storage/CFU_PYNQ_FIles/CFU_SRC/pynq_z2/pynq_z2/arunQAFDHGDZXVNBDXG_gae.gen/sources_1/bd/system/ipshared/3a26/hdl/proc_sys_reset_v5_0_vh_rfs.vhd:1399]
	Parameter INIT bound to: 1'b1 
INFO: [Synth 8-113] binding component instance 'FDRE_BSR' to cell 'FDRE' [/home/jsp/Storage/CFU_PYNQ_FIles/CFU_SRC/pynq_z2/pynq_z2/arunQAFDHGDZXVNBDXG_gae.gen/sources_1/bd/system/ipshared/3a26/hdl/proc_sys_reset_v5_0_vh_rfs.vhd:1415]
	Parameter INIT bound to: 1'b0 
INFO: [Synth 8-113] binding component instance 'FDRE_BSR_N' to cell 'FDRE' [/home/jsp/Storage/CFU_PYNQ_FIles/CFU_SRC/pynq_z2/pynq_z2/arunQAFDHGDZXVNBDXG_gae.gen/sources_1/bd/system/ipshared/3a26/hdl/proc_sys_reset_v5_0_vh_rfs.vhd:1441]
	Parameter INIT bound to: 1'b1 
INFO: [Synth 8-113] binding component instance 'FDRE_PER' to cell 'FDRE' [/home/jsp/Storage/CFU_PYNQ_FIles/CFU_SRC/pynq_z2/pynq_z2/arunQAFDHGDZXVNBDXG_gae.gen/sources_1/bd/system/ipshared/3a26/hdl/proc_sys_reset_v5_0_vh_rfs.vhd:1464]
	Parameter INIT bound to: 1'b0 
INFO: [Synth 8-113] binding component instance 'FDRE_PER_N' to cell 'FDRE' [/home/jsp/Storage/CFU_PYNQ_FIles/CFU_SRC/pynq_z2/pynq_z2/arunQAFDHGDZXVNBDXG_gae.gen/sources_1/bd/system/ipshared/3a26/hdl/proc_sys_reset_v5_0_vh_rfs.vhd:1488]
INFO: [Synth 8-638] synthesizing module 'lpf' [/home/jsp/Storage/CFU_PYNQ_FIles/CFU_SRC/pynq_z2/pynq_z2/arunQAFDHGDZXVNBDXG_gae.gen/sources_1/bd/system/ipshared/3a26/hdl/proc_sys_reset_v5_0_vh_rfs.vhd:821]
INFO: [Synth 8-3491] module 'SRL16' declared at '/home/jsp/Storage/Vivado/2024.1/scripts/rt/data/unisim_comp.v:137246' bound to instance 'POR_SRL_I' of component 'SRL16' [/home/jsp/Storage/CFU_PYNQ_FIles/CFU_SRC/pynq_z2/pynq_z2/arunQAFDHGDZXVNBDXG_gae.gen/sources_1/bd/system/ipshared/3a26/hdl/proc_sys_reset_v5_0_vh_rfs.vhd:873]
INFO: [Synth 8-6157] synthesizing module 'SRL16' [/home/jsp/Storage/Vivado/2024.1/scripts/rt/data/unisim_comp.v:137246]
INFO: [Synth 8-6155] done synthesizing module 'SRL16' (0#1) [/home/jsp/Storage/Vivado/2024.1/scripts/rt/data/unisim_comp.v:137246]
INFO: [Synth 8-638] synthesizing module 'cdc_sync' [/home/jsp/Storage/CFU_PYNQ_FIles/CFU_SRC/pynq_z2/pynq_z2/arunQAFDHGDZXVNBDXG_gae.gen/sources_1/bd/system/ipshared/2a4f/hdl/lib_cdc_v1_0_rfs.vhd:106]
	Parameter INIT bound to: 1'b0 
INFO: [Synth 8-113] binding component instance 'CROSS_PLEVEL_IN2SCNDRY_IN_cdc_to' to cell 'FDR' [/home/jsp/Storage/CFU_PYNQ_FIles/CFU_SRC/pynq_z2/pynq_z2/arunQAFDHGDZXVNBDXG_gae.gen/sources_1/bd/system/ipshared/2a4f/hdl/lib_cdc_v1_0_rfs.vhd:514]
	Parameter INIT bound to: 1'b0 
INFO: [Synth 8-113] binding component instance 'CROSS_PLEVEL_IN2SCNDRY_s_level_out_d2' to cell 'FDR' [/home/jsp/Storage/CFU_PYNQ_FIles/CFU_SRC/pynq_z2/pynq_z2/arunQAFDHGDZXVNBDXG_gae.gen/sources_1/bd/system/ipshared/2a4f/hdl/lib_cdc_v1_0_rfs.vhd:545]
	Parameter INIT bound to: 1'b0 
INFO: [Synth 8-113] binding component instance 'CROSS_PLEVEL_IN2SCNDRY_s_level_out_d3' to cell 'FDR' [/home/jsp/Storage/CFU_PYNQ_FIles/CFU_SRC/pynq_z2/pynq_z2/arunQAFDHGDZXVNBDXG_gae.gen/sources_1/bd/system/ipshared/2a4f/hdl/lib_cdc_v1_0_rfs.vhd:554]
	Parameter INIT bound to: 1'b0 
INFO: [Synth 8-113] binding component instance 'CROSS_PLEVEL_IN2SCNDRY_s_level_out_d4' to cell 'FDR' [/home/jsp/Storage/CFU_PYNQ_FIles/CFU_SRC/pynq_z2/pynq_z2/arunQAFDHGDZXVNBDXG_gae.gen/sources_1/bd/system/ipshared/2a4f/hdl/lib_cdc_v1_0_rfs.vhd:564]
	Parameter INIT bound to: 1'b0 
INFO: [Synth 8-113] binding component instance 'CROSS_PLEVEL_IN2SCNDRY_s_level_out_d5' to cell 'FDR' [/home/jsp/Storage/CFU_PYNQ_FIles/CFU_SRC/pynq_z2/pynq_z2/arunQAFDHGDZXVNBDXG_gae.gen/sources_1/bd/system/ipshared/2a4f/hdl/lib_cdc_v1_0_rfs.vhd:574]
	Parameter INIT bound to: 1'b0 
INFO: [Synth 8-113] binding component instance 'CROSS_PLEVEL_IN2SCNDRY_s_level_out_d6' to cell 'FDR' [/home/jsp/Storage/CFU_PYNQ_FIles/CFU_SRC/pynq_z2/pynq_z2/arunQAFDHGDZXVNBDXG_gae.gen/sources_1/bd/system/ipshared/2a4f/hdl/lib_cdc_v1_0_rfs.vhd:584]
INFO: [Synth 8-256] done synthesizing module 'cdc_sync' (0#1) [/home/jsp/Storage/CFU_PYNQ_FIles/CFU_SRC/pynq_z2/pynq_z2/arunQAFDHGDZXVNBDXG_gae.gen/sources_1/bd/system/ipshared/2a4f/hdl/lib_cdc_v1_0_rfs.vhd:106]
INFO: [Synth 8-256] done synthesizing module 'lpf' (0#1) [/home/jsp/Storage/CFU_PYNQ_FIles/CFU_SRC/pynq_z2/pynq_z2/arunQAFDHGDZXVNBDXG_gae.gen/sources_1/bd/system/ipshared/3a26/hdl/proc_sys_reset_v5_0_vh_rfs.vhd:821]
INFO: [Synth 8-638] synthesizing module 'sequence_psr' [/home/jsp/Storage/CFU_PYNQ_FIles/CFU_SRC/pynq_z2/pynq_z2/arunQAFDHGDZXVNBDXG_gae.gen/sources_1/bd/system/ipshared/3a26/hdl/proc_sys_reset_v5_0_vh_rfs.vhd:304]
INFO: [Synth 8-638] synthesizing module 'upcnt_n' [/home/jsp/Storage/CFU_PYNQ_FIles/CFU_SRC/pynq_z2/pynq_z2/arunQAFDHGDZXVNBDXG_gae.gen/sources_1/bd/system/ipshared/3a26/hdl/proc_sys_reset_v5_0_vh_rfs.vhd:126]
INFO: [Synth 8-256] done synthesizing module 'upcnt_n' (0#1) [/home/jsp/Storage/CFU_PYNQ_FIles/CFU_SRC/pynq_z2/pynq_z2/arunQAFDHGDZXVNBDXG_gae.gen/sources_1/bd/system/ipshared/3a26/hdl/proc_sys_reset_v5_0_vh_rfs.vhd:126]
INFO: [Synth 8-256] done synthesizing module 'sequence_psr' (0#1) [/home/jsp/Storage/CFU_PYNQ_FIles/CFU_SRC/pynq_z2/pynq_z2/arunQAFDHGDZXVNBDXG_gae.gen/sources_1/bd/system/ipshared/3a26/hdl/proc_sys_reset_v5_0_vh_rfs.vhd:304]
INFO: [Synth 8-256] done synthesizing module 'proc_sys_reset' (0#1) [/home/jsp/Storage/CFU_PYNQ_FIles/CFU_SRC/pynq_z2/pynq_z2/arunQAFDHGDZXVNBDXG_gae.gen/sources_1/bd/system/ipshared/3a26/hdl/proc_sys_reset_v5_0_vh_rfs.vhd:1330]
INFO: [Synth 8-256] done synthesizing module 'system_rst_ps7_0_100M_0' (0#1) [/home/jsp/Storage/CFU_PYNQ_FIles/CFU_SRC/pynq_z2/pynq_z2/arunQAFDHGDZXVNBDXG_gae.gen/sources_1/bd/system/ip/system_rst_ps7_0_100M_0/synth/system_rst_ps7_0_100M_0.vhd:74]
WARNING: [Synth 8-7129] Port prmry_aclk in module cdc_sync is either unconnected or has no load
WARNING: [Synth 8-7129] Port prmry_resetn in module cdc_sync is either unconnected or has no load
WARNING: [Synth 8-7129] Port prmry_vect_in[1] in module cdc_sync is either unconnected or has no load
WARNING: [Synth 8-7129] Port prmry_vect_in[0] in module cdc_sync is either unconnected or has no load
WARNING: [Synth 8-7129] Port scndry_resetn in module cdc_sync is either unconnected or has no load
---------------------------------------------------------------------------------
Finished RTL Elaboration : Time (s): cpu = 00:00:05 ; elapsed = 00:00:05 . Memory (MB): peak = 2234.023 ; gain = 493.684 ; free physical = 3908 ; free virtual = 16538
---------------------------------------------------------------------------------
---------------------------------------------------------------------------------
Start Handling Custom Attributes
---------------------------------------------------------------------------------
---------------------------------------------------------------------------------
Finished Handling Custom Attributes : Time (s): cpu = 00:00:05 ; elapsed = 00:00:05 . Memory (MB): peak = 2248.867 ; gain = 508.527 ; free physical = 3908 ; free virtual = 16538
---------------------------------------------------------------------------------
---------------------------------------------------------------------------------
Finished RTL Optimization Phase 1 : Time (s): cpu = 00:00:05 ; elapsed = 00:00:05 . Memory (MB): peak = 2248.867 ; gain = 508.527 ; free physical = 3908 ; free virtual = 16538
---------------------------------------------------------------------------------
Netlist sorting complete. Time (s): cpu = 00:00:00 ; elapsed = 00:00:00 . Memory (MB): peak = 2254.805 ; gain = 0.000 ; free physical = 3904 ; free virtual = 16535
INFO: [Netlist 29-17] Analyzing 13 Unisim elements for replacement
INFO: [Netlist 29-28] Unisim Transformation completed in 0 CPU seconds
INFO: [Project 1-570] Preparing netlist for logic optimization

Processing XDC Constraints
Initializing timing engine
Parsing XDC File [/home/jsp/Storage/CFU_PYNQ_FIles/CFU_SRC/pynq_z2/pynq_z2/arunQAFDHGDZXVNBDXG_gae.gen/sources_1/bd/system/ip/system_rst_ps7_0_100M_0/system_rst_ps7_0_100M_0_ooc.xdc] for cell 'U0'
Finished Parsing XDC File [/home/jsp/Storage/CFU_PYNQ_FIles/CFU_SRC/pynq_z2/pynq_z2/arunQAFDHGDZXVNBDXG_gae.gen/sources_1/bd/system/ip/system_rst_ps7_0_100M_0/system_rst_ps7_0_100M_0_ooc.xdc] for cell 'U0'
Parsing XDC File [/home/jsp/Storage/CFU_PYNQ_FIles/CFU_SRC/pynq_z2/pynq_z2/arunQAFDHGDZXVNBDXG_gae.gen/sources_1/bd/system/ip/system_rst_ps7_0_100M_0/system_rst_ps7_0_100M_0_board.xdc] for cell 'U0'
Finished Parsing XDC File [/home/jsp/Storage/CFU_PYNQ_FIles/CFU_SRC/pynq_z2/pynq_z2/arunQAFDHGDZXVNBDXG_gae.gen/sources_1/bd/system/ip/system_rst_ps7_0_100M_0/system_rst_ps7_0_100M_0_board.xdc] for cell 'U0'
Parsing XDC File [/home/jsp/Storage/CFU_PYNQ_FIles/CFU_SRC/pynq_z2/pynq_z2/arunQAFDHGDZXVNBDXG_gae.gen/sources_1/bd/system/ip/system_rst_ps7_0_100M_0/system_rst_ps7_0_100M_0.xdc] for cell 'U0'
Finished Parsing XDC File [/home/jsp/Storage/CFU_PYNQ_FIles/CFU_SRC/pynq_z2/pynq_z2/arunQAFDHGDZXVNBDXG_gae.gen/sources_1/bd/system/ip/system_rst_ps7_0_100M_0/system_rst_ps7_0_100M_0.xdc] for cell 'U0'
INFO: [Project 1-236] Implementation specific constraints were found while reading constraint file [/home/jsp/Storage/CFU_PYNQ_FIles/CFU_SRC/pynq_z2/pynq_z2/arunQAFDHGDZXVNBDXG_gae.gen/sources_1/bd/system/ip/system_rst_ps7_0_100M_0/system_rst_ps7_0_100M_0.xdc]. These constraints will be ignored for synthesis but will be used in implementation. Impacted constraints are listed in the file [.Xil/system_rst_ps7_0_100M_0_propImpl.xdc].
Resolution: To avoid this warning, move constraints listed in [.Xil/system_rst_ps7_0_100M_0_propImpl.xdc] to another XDC file and exclude this new file from synthesis with the used_in_synthesis property (File Properties dialog in GUI) and re-run elaboration/synthesis.
Parsing XDC File [/home/jsp/Storage/CFU_PYNQ_FIles/CFU_SRC/pynq_z2/pynq_z2/arunQAFDHGDZXVNBDXG_gae.runs/system_rst_ps7_0_100M_0_synth_1/dont_touch.xdc]
Finished Parsing XDC File [/home/jsp/Storage/CFU_PYNQ_FIles/CFU_SRC/pynq_z2/pynq_z2/arunQAFDHGDZXVNBDXG_gae.runs/system_rst_ps7_0_100M_0_synth_1/dont_touch.xdc]
Completed Processing XDC Constraints

Netlist sorting complete. Time (s): cpu = 00:00:00 ; elapsed = 00:00:00 . Memory (MB): peak = 2394.617 ; gain = 0.000 ; free physical = 3892 ; free virtual = 16522
INFO: [Project 1-111] Unisim Transformation Summary:
  A total of 13 instances were transformed.
  FDR => FDRE: 12 instances
  SRL16 => SRL16E: 1 instance 

Constraint Validation Runtime : Time (s): cpu = 00:00:00.01 ; elapsed = 00:00:00.01 . Memory (MB): peak = 2394.617 ; gain = 0.000 ; free physical = 3892 ; free virtual = 16522
INFO: [Designutils 20-5008] Incremental synthesis strategy off
---------------------------------------------------------------------------------
Finished Constraint Validation : Time (s): cpu = 00:00:10 ; elapsed = 00:00:11 . Memory (MB): peak = 2394.617 ; gain = 654.277 ; free physical = 3902 ; free virtual = 16534
---------------------------------------------------------------------------------
---------------------------------------------------------------------------------
Start Loading Part and Timing Information
---------------------------------------------------------------------------------
Loading part: xc7z020clg400-1
---------------------------------------------------------------------------------
Finished Loading Part and Timing Information : Time (s): cpu = 00:00:10 ; elapsed = 00:00:11 . Memory (MB): peak = 2402.621 ; gain = 662.281 ; free physical = 3902 ; free virtual = 16534
---------------------------------------------------------------------------------
---------------------------------------------------------------------------------
Start Applying 'set_property' XDC Constraints
---------------------------------------------------------------------------------
Applied set_property KEEP_HIERARCHY = SOFT for U0. (constraint file  /home/jsp/Storage/CFU_PYNQ_FIles/CFU_SRC/pynq_z2/pynq_z2/arunQAFDHGDZXVNBDXG_gae.runs/system_rst_ps7_0_100M_0_synth_1/dont_touch.xdc, line 9).
---------------------------------------------------------------------------------
Finished applying 'set_property' XDC Constraints : Time (s): cpu = 00:00:10 ; elapsed = 00:00:11 . Memory (MB): peak = 2402.621 ; gain = 662.281 ; free physical = 3902 ; free virtual = 16534
---------------------------------------------------------------------------------
---------------------------------------------------------------------------------
Finished RTL Optimization Phase 2 : Time (s): cpu = 00:00:11 ; elapsed = 00:00:11 . Memory (MB): peak = 2402.621 ; gain = 662.281 ; free physical = 3902 ; free virtual = 16535
---------------------------------------------------------------------------------
---------------------------------------------------------------------------------
Start RTL Component Statistics 
---------------------------------------------------------------------------------
Detailed RTL Component Info : 
+---Adders : 
	   2 Input    6 Bit       Adders := 1     
+---Registers : 
	                6 Bit    Registers := 1     
	                3 Bit    Registers := 3     
	                1 Bit    Registers := 8     
+---Muxes : 
	   2 Input    6 Bit        Muxes := 1     
	   2 Input    1 Bit        Muxes := 1     
---------------------------------------------------------------------------------
Finished RTL Component Statistics 
---------------------------------------------------------------------------------
---------------------------------------------------------------------------------
Start Part Resource Summary
---------------------------------------------------------------------------------
Part Resources:
DSPs: 220 (col length:60)
BRAMs: 280 (col length: RAMB18 60 RAMB36 30)
---------------------------------------------------------------------------------
Finished Part Resource Summary
---------------------------------------------------------------------------------
---------------------------------------------------------------------------------
Start Cross Boundary and Area Optimization
---------------------------------------------------------------------------------
WARNING: [Synth 8-7080] Parallel synthesis criteria is not met
WARNING: [Synth 8-3332] Sequential element (EXT_LPF/ACTIVE_LOW_EXT.ACT_LO_EXT/GENERATE_LEVEL_P_S_CDC.SINGLE_BIT.CROSS_PLEVEL_IN2SCNDRY_s_level_out_d5) is unused and will be removed from module proc_sys_reset.
WARNING: [Synth 8-3332] Sequential element (EXT_LPF/ACTIVE_LOW_EXT.ACT_LO_EXT/GENERATE_LEVEL_P_S_CDC.SINGLE_BIT.CROSS_PLEVEL_IN2SCNDRY_s_level_out_d6) is unused and will be removed from module proc_sys_reset.
WARNING: [Synth 8-3332] Sequential element (EXT_LPF/ACTIVE_LOW_AUX.ACT_LO_AUX/GENERATE_LEVEL_P_S_CDC.SINGLE_BIT.CROSS_PLEVEL_IN2SCNDRY_s_level_out_d5) is unused and will be removed from module proc_sys_reset.
WARNING: [Synth 8-3332] Sequential element (EXT_LPF/ACTIVE_LOW_AUX.ACT_LO_AUX/GENERATE_LEVEL_P_S_CDC.SINGLE_BIT.CROSS_PLEVEL_IN2SCNDRY_s_level_out_d6) is unused and will be removed from module proc_sys_reset.
---------------------------------------------------------------------------------
Finished Cross Boundary and Area Optimization : Time (s): cpu = 00:00:11 ; elapsed = 00:00:12 . Memory (MB): peak = 2402.621 ; gain = 662.281 ; free physical = 3902 ; free virtual = 16535
---------------------------------------------------------------------------------
---------------------------------------------------------------------------------
Start Applying XDC Timing Constraints
---------------------------------------------------------------------------------
---------------------------------------------------------------------------------
Finished Applying XDC Timing Constraints : Time (s): cpu = 00:00:17 ; elapsed = 00:00:17 . Memory (MB): peak = 2402.621 ; gain = 662.281 ; free physical = 3900 ; free virtual = 16535
---------------------------------------------------------------------------------
---------------------------------------------------------------------------------
Start Timing Optimization
---------------------------------------------------------------------------------
---------------------------------------------------------------------------------
Finished Timing Optimization : Time (s): cpu = 00:00:17 ; elapsed = 00:00:17 . Memory (MB): peak = 2402.621 ; gain = 662.281 ; free physical = 3900 ; free virtual = 16535
---------------------------------------------------------------------------------
---------------------------------------------------------------------------------
Start Technology Mapping
---------------------------------------------------------------------------------
---------------------------------------------------------------------------------
Finished Technology Mapping : Time (s): cpu = 00:00:17 ; elapsed = 00:00:17 . Memory (MB): peak = 2402.621 ; gain = 662.281 ; free physical = 3886 ; free virtual = 16520
---------------------------------------------------------------------------------
---------------------------------------------------------------------------------
Start IO Insertion
---------------------------------------------------------------------------------
---------------------------------------------------------------------------------
Start Flattening Before IO Insertion
---------------------------------------------------------------------------------
---------------------------------------------------------------------------------
Finished Flattening Before IO Insertion
---------------------------------------------------------------------------------
---------------------------------------------------------------------------------
Start Final Netlist Cleanup
---------------------------------------------------------------------------------
---------------------------------------------------------------------------------
Finished Final Netlist Cleanup
---------------------------------------------------------------------------------
---------------------------------------------------------------------------------
Finished IO Insertion : Time (s): cpu = 00:00:20 ; elapsed = 00:00:20 . Memory (MB): peak = 2402.621 ; gain = 662.281 ; free physical = 3885 ; free virtual = 16521
---------------------------------------------------------------------------------
---------------------------------------------------------------------------------
Start Renaming Generated Instances
---------------------------------------------------------------------------------
---------------------------------------------------------------------------------
Finished Renaming Generated Instances : Time (s): cpu = 00:00:20 ; elapsed = 00:00:20 . Memory (MB): peak = 2402.621 ; gain = 662.281 ; free physical = 3885 ; free virtual = 16521
---------------------------------------------------------------------------------
---------------------------------------------------------------------------------
Start Rebuilding User Hierarchy
---------------------------------------------------------------------------------
---------------------------------------------------------------------------------
Finished Rebuilding User Hierarchy : Time (s): cpu = 00:00:20 ; elapsed = 00:00:20 . Memory (MB): peak = 2402.621 ; gain = 662.281 ; free physical = 3885 ; free virtual = 16521
---------------------------------------------------------------------------------
---------------------------------------------------------------------------------
Start Renaming Generated Ports
---------------------------------------------------------------------------------
---------------------------------------------------------------------------------
Finished Renaming Generated Ports : Time (s): cpu = 00:00:20 ; elapsed = 00:00:20 . Memory (MB): peak = 2402.621 ; gain = 662.281 ; free physical = 3885 ; free virtual = 16521
---------------------------------------------------------------------------------
---------------------------------------------------------------------------------
Start Handling Custom Attributes
---------------------------------------------------------------------------------
---------------------------------------------------------------------------------
Finished Handling Custom Attributes : Time (s): cpu = 00:00:20 ; elapsed = 00:00:20 . Memory (MB): peak = 2402.621 ; gain = 662.281 ; free physical = 3885 ; free virtual = 16521
---------------------------------------------------------------------------------
---------------------------------------------------------------------------------
Start Renaming Generated Nets
---------------------------------------------------------------------------------
---------------------------------------------------------------------------------
Finished Renaming Generated Nets : Time (s): cpu = 00:00:20 ; elapsed = 00:00:20 . Memory (MB): peak = 2402.621 ; gain = 662.281 ; free physical = 3885 ; free virtual = 16521
---------------------------------------------------------------------------------
---------------------------------------------------------------------------------
Start Writing Synthesis Report
---------------------------------------------------------------------------------

Report BlackBoxes: 
+-+--------------+----------+
| |BlackBox name |Instances |
+-+--------------+----------+
+-+--------------+----------+

Report Cell Usage: 
+------+------+------+
|      |Cell  |Count |
+------+------+------+
|1     |LUT1  |     5|
|2     |LUT2  |     9|
|3     |LUT3  |     1|
|4     |LUT4  |     6|
|5     |LUT5  |     3|
|6     |LUT6  |     1|
|7     |SRL16 |     1|
|8     |FDR   |     8|
|9     |FDRE  |    28|
|10    |FDSE  |     4|
+------+------+------+
---------------------------------------------------------------------------------
Finished Writing Synthesis Report : Time (s): cpu = 00:00:20 ; elapsed = 00:00:20 . Memory (MB): peak = 2402.621 ; gain = 662.281 ; free physical = 3885 ; free virtual = 16521
---------------------------------------------------------------------------------
Synthesis finished with 0 errors, 0 critical warnings and 5 warnings.
Synthesis Optimization Runtime : Time (s): cpu = 00:00:18 ; elapsed = 00:00:19 . Memory (MB): peak = 2402.621 ; gain = 516.531 ; free physical = 3885 ; free virtual = 16521
Synthesis Optimization Complete : Time (s): cpu = 00:00:20 ; elapsed = 00:00:20 . Memory (MB): peak = 2402.629 ; gain = 662.281 ; free physical = 3885 ; free virtual = 16521
INFO: [Project 1-571] Translating synthesized netlist
Netlist sorting complete. Time (s): cpu = 00:00:00 ; elapsed = 00:00:00 . Memory (MB): peak = 2402.629 ; gain = 0.000 ; free physical = 3885 ; free virtual = 16521
INFO: [Netlist 29-17] Analyzing 9 Unisim elements for replacement
INFO: [Netlist 29-28] Unisim Transformation completed in 0 CPU seconds
INFO: [Project 1-570] Preparing netlist for logic optimization
INFO: [Opt 31-138] Pushed 0 inverter(s) to 0 load pin(s).
Netlist sorting complete. Time (s): cpu = 00:00:00 ; elapsed = 00:00:00 . Memory (MB): peak = 2458.648 ; gain = 0.000 ; free physical = 4186 ; free virtual = 16822
INFO: [Project 1-111] Unisim Transformation Summary:
  A total of 9 instances were transformed.
  FDR => FDRE: 8 instances
  SRL16 => SRL16E: 1 instance 

Synth Design complete | Checksum: 297b24fd
INFO: [Common 17-83] Releasing license: Synthesis
49 Infos, 12 Warnings, 0 Critical Warnings and 0 Errors encountered.
synth_design completed successfully
synth_design: Time (s): cpu = 00:00:27 ; elapsed = 00:00:25 . Memory (MB): peak = 2458.648 ; gain = 1038.809 ; free physical = 4187 ; free virtual = 16823
INFO: [Common 17-2834] synth_design peak Physical Memory [PSS] (MB): overall = 1843.640; main = 1499.516; forked = 368.340
INFO: [Common 17-2834] synth_design peak Virtual Memory [VSS] (MB): overall = 3436.117; main = 2458.652; forked = 1033.492
Write ShapeDB Complete: Time (s): cpu = 00:00:00.01 ; elapsed = 00:00:00 . Memory (MB): peak = 2482.660 ; gain = 0.000 ; free physical = 4187 ; free virtual = 16823
INFO: [Common 17-1381] The checkpoint '/home/jsp/Storage/CFU_PYNQ_FIles/CFU_SRC/pynq_z2/pynq_z2/arunQAFDHGDZXVNBDXG_gae.runs/system_rst_ps7_0_100M_0_synth_1/system_rst_ps7_0_100M_0.dcp' has been generated.
INFO: [Coretcl 2-1648] Added synthesis output to IP cache for IP system_rst_ps7_0_100M_0, cache-ID = b8f54495fb308d40
INFO: [Coretcl 2-1174] Renamed 6 cell refs.
Write ShapeDB Complete: Time (s): cpu = 00:00:00 ; elapsed = 00:00:00 . Memory (MB): peak = 2482.660 ; gain = 0.000 ; free physical = 4176 ; free virtual = 16813
INFO: [Common 17-1381] The checkpoint '/home/jsp/Storage/CFU_PYNQ_FIles/CFU_SRC/pynq_z2/pynq_z2/arunQAFDHGDZXVNBDXG_gae.runs/system_rst_ps7_0_100M_0_synth_1/system_rst_ps7_0_100M_0.dcp' has been generated.
INFO: [Vivado 12-24828] Executing command : report_utilization -file system_rst_ps7_0_100M_0_utilization_synth.rpt -pb system_rst_ps7_0_100M_0_utilization_synth.pb
INFO: [Common 17-206] Exiting Vivado at Tue Nov  4 14:39:39 2025...
[Tue Nov  4 14:39:49 2025] system_rst_ps7_0_100M_0_synth_1 finished
wait_on_runs: Time (s): cpu = 00:00:41 ; elapsed = 00:00:47 . Memory (MB): peak = 10684.375 ; gain = 0.000 ; free physical = 5542 ; free virtual = 18181
launch_runs system_tul_pynq_z2_0_0_synth_1
INFO: [Vivado 12-4149] The synthesis checkpoint for IP '/home/jsp/Storage/CFU_PYNQ_FIles/CFU_SRC/pynq_z2/pynq_z2/arunQAFDHGDZXVNBDXG_gae.srcs/sources_1/ip/cfu_decoupler/cfu_decoupler.xci' is already up-to-date
[Tue Nov  4 14:39:49 2025] Launched system_tul_pynq_z2_0_0_synth_1...
Run output will be captured here: /home/jsp/Storage/CFU_PYNQ_FIles/CFU_SRC/pynq_z2/pynq_z2/arunQAFDHGDZXVNBDXG_gae.runs/system_tul_pynq_z2_0_0_synth_1/runme.log
wait_on_run system_tul_pynq_z2_0_0_synth_1
[Tue Nov  4 14:39:49 2025] Waiting for system_tul_pynq_z2_0_0_synth_1 to finish...
[Tue Nov  4 14:39:54 2025] Waiting for system_tul_pynq_z2_0_0_synth_1 to finish...
[Tue Nov  4 14:39:59 2025] Waiting for system_tul_pynq_z2_0_0_synth_1 to finish...
[Tue Nov  4 14:40:04 2025] Waiting for system_tul_pynq_z2_0_0_synth_1 to finish...
[Tue Nov  4 14:40:14 2025] Waiting for system_tul_pynq_z2_0_0_synth_1 to finish...
[Tue Nov  4 14:40:24 2025] Waiting for system_tul_pynq_z2_0_0_synth_1 to finish...
[Tue Nov  4 14:40:34 2025] Waiting for system_tul_pynq_z2_0_0_synth_1 to finish...
[Tue Nov  4 14:40:44 2025] Waiting for system_tul_pynq_z2_0_0_synth_1 to finish...

*** Running vivado
    with args -log system_tul_pynq_z2_0_0.vds -m64 -product Vivado -mode batch -messageDb vivado.pb -notrace -source system_tul_pynq_z2_0_0.tcl


****** Vivado v2024.1 (64-bit)
  **** SW Build 5076996 on Wed May 22 18:36:09 MDT 2024
  **** IP Build 5075265 on Wed May 22 21:45:21 MDT 2024
  **** SharedData Build 5076995 on Wed May 22 18:29:18 MDT 2024
  **** Start of session at: Tue Nov  4 14:39:51 2025
    ** Copyright 1986-2022 Xilinx, Inc. All Rights Reserved.
    ** Copyright 2022-2024 Advanced Micro Devices, Inc. All Rights Reserved.

source system_tul_pynq_z2_0_0.tcl -notrace
create_project: Time (s): cpu = 00:00:06 ; elapsed = 00:00:06 . Memory (MB): peak = 1417.898 ; gain = 0.027 ; free physical = 5039 ; free virtual = 17682
INFO: [IP_Flow 19-234] Refreshing IP repositories
WARNING: [IP_Flow 19-2248] Failed to load user IP repository '/home/work/Xilinx/Vivado/2024.2/data/ip'; Can't find the specified path.
If this directory should no longer be in your list of user repositories, go to the IP Settings dialog and remove it.
WARNING: [IP_Flow 19-2248] Failed to load user IP repository '/home/primary/vivado-library/ip'; Can't find the specified path.
If this directory should no longer be in your list of user repositories, go to the IP Settings dialog and remove it.
INFO: [IP_Flow 19-2313] Loaded Vivado IP repository '/home/jsp/Storage/Vivado/2024.1/data/ip'.
Command: synth_design -top system_tul_pynq_z2_0_0 -part xc7z020clg400-1 -incremental_mode off -mode out_of_context
Starting synth_design
Attempting to get a license for feature 'Synthesis' and/or device 'xc7z020'
INFO: [Common 17-349] Got license for feature 'Synthesis' and/or device 'xc7z020'
INFO: [Device 21-403] Loading part xc7z020clg400-1
INFO: [Device 21-9227] Part: xc7z020clg400-1 does not have CEAM library.
INFO: [Synth 8-7079] Multithreading enabled for synth_design using a maximum of 4 processes.
INFO: [Synth 8-7078] Launching helper process for spawning children vivado processes
INFO: [Synth 8-7075] Helper process launched with PID 63430
---------------------------------------------------------------------------------
Starting RTL Elaboration : Time (s): cpu = 00:00:03 ; elapsed = 00:00:03 . Memory (MB): peak = 2151.145 ; gain = 412.715 ; free physical = 4005 ; free virtual = 16651
---------------------------------------------------------------------------------
INFO: [Synth 8-11241] undeclared symbol 'dec_zz_cmd_valid', assumed default net type 'wire' [/home/jsp/Storage/CFU_PYNQ_FIles/CFU_SRC/pynq_z2/pynq_z2/arunQAFDHGDZXVNBDXG_gae.srcs/sources_1/new/Cfu.v:78]
INFO: [Synth 8-11241] undeclared symbol 'dec_zz_cmd_ready', assumed default net type 'wire' [/home/jsp/Storage/CFU_PYNQ_FIles/CFU_SRC/pynq_z2/pynq_z2/arunQAFDHGDZXVNBDXG_gae.srcs/sources_1/new/Cfu.v:78]
INFO: [Synth 8-11241] undeclared symbol 'dec_zz_cmd_payload_function_id', assumed default net type 'wire' [/home/jsp/Storage/CFU_PYNQ_FIles/CFU_SRC/pynq_z2/pynq_z2/arunQAFDHGDZXVNBDXG_gae.srcs/sources_1/new/Cfu.v:79]
INFO: [Synth 8-11241] undeclared symbol 'dec_zz_cmd_payload_inputs_0', assumed default net type 'wire' [/home/jsp/Storage/CFU_PYNQ_FIles/CFU_SRC/pynq_z2/pynq_z2/arunQAFDHGDZXVNBDXG_gae.srcs/sources_1/new/Cfu.v:80]
INFO: [Synth 8-11241] undeclared symbol 'dec_zz_cmd_payload_inputs_1', assumed default net type 'wire' [/home/jsp/Storage/CFU_PYNQ_FIles/CFU_SRC/pynq_z2/pynq_z2/arunQAFDHGDZXVNBDXG_gae.srcs/sources_1/new/Cfu.v:80]
INFO: [Synth 8-11241] undeclared symbol 'dec_zz_rsp_valid', assumed default net type 'wire' [/home/jsp/Storage/CFU_PYNQ_FIles/CFU_SRC/pynq_z2/pynq_z2/arunQAFDHGDZXVNBDXG_gae.srcs/sources_1/new/Cfu.v:81]
INFO: [Synth 8-11241] undeclared symbol 'dec_rsp_ready', assumed default net type 'wire' [/home/jsp/Storage/CFU_PYNQ_FIles/CFU_SRC/pynq_z2/pynq_z2/arunQAFDHGDZXVNBDXG_gae.srcs/sources_1/new/Cfu.v:81]
INFO: [Synth 8-11241] undeclared symbol 'dec_zz_rsp_payload_outputs_0', assumed default net type 'wire' [/home/jsp/Storage/CFU_PYNQ_FIles/CFU_SRC/pynq_z2/pynq_z2/arunQAFDHGDZXVNBDXG_gae.srcs/sources_1/new/Cfu.v:81]
INFO: [Synth 8-11241] undeclared symbol 'dec_reset', assumed default net type 'wire' [/home/jsp/Storage/CFU_PYNQ_FIles/CFU_SRC/pynq_z2/pynq_z2/arunQAFDHGDZXVNBDXG_gae.srcs/sources_1/new/Cfu.v:82]
INFO: [Synth 8-11241] undeclared symbol 'dec_clk', assumed default net type 'wire' [/home/jsp/Storage/CFU_PYNQ_FIles/CFU_SRC/pynq_z2/pynq_z2/arunQAFDHGDZXVNBDXG_gae.srcs/sources_1/new/Cfu.v:82]
INFO: [Synth 8-11241] undeclared symbol 'dec_cfu_id', assumed default net type 'wire' [/home/jsp/Storage/CFU_PYNQ_FIles/CFU_SRC/pynq_z2/pynq_z2/arunQAFDHGDZXVNBDXG_gae.srcs/sources_1/new/Cfu.v:82]
INFO: [Synth 8-6157] synthesizing module 'system_tul_pynq_z2_0_0' [/home/jsp/Storage/CFU_PYNQ_FIles/CFU_SRC/pynq_z2/pynq_z2/arunQAFDHGDZXVNBDXG_gae.gen/sources_1/bd/system/ip/system_tul_pynq_z2_0_0/synth/system_tul_pynq_z2_0_0.v:53]
INFO: [Synth 8-6157] synthesizing module 'tul_pynq_z2' [/home/jsp/Storage/CFU_PYNQ_FIles/CFU_SRC/pynq_z2/pynq_z2/arunQAFDHGDZXVNBDXG_gae.srcs/sources_1/new/tul_pynq_z2.v:20]
CRITICAL WARNING: [Synth 8-4445] could not open $readmem data file 'tul_pynq_z2_rom.init'; please make sure the file is added to project and has read permission, ignoring [/home/jsp/Storage/CFU_PYNQ_FIles/CFU_SRC/pynq_z2/pynq_z2/arunQAFDHGDZXVNBDXG_gae.srcs/sources_1/new/tul_pynq_z2.v:1544]
CRITICAL WARNING: [Synth 8-4445] could not open $readmem data file 'tul_pynq_z2_sram.init'; please make sure the file is added to project and has read permission, ignoring [/home/jsp/Storage/CFU_PYNQ_FIles/CFU_SRC/pynq_z2/pynq_z2/arunQAFDHGDZXVNBDXG_gae.srcs/sources_1/new/tul_pynq_z2.v:1559]
CRITICAL WARNING: [Synth 8-4445] could not open $readmem data file 'tul_pynq_z2_mem.init'; please make sure the file is added to project and has read permission, ignoring [/home/jsp/Storage/CFU_PYNQ_FIles/CFU_SRC/pynq_z2/pynq_z2/arunQAFDHGDZXVNBDXG_gae.srcs/sources_1/new/tul_pynq_z2.v:1582]
INFO: [Synth 8-155] case statement is not full and has no default [/home/jsp/Storage/CFU_PYNQ_FIles/CFU_SRC/pynq_z2/pynq_z2/arunQAFDHGDZXVNBDXG_gae.srcs/sources_1/new/tul_pynq_z2.v:1328]
INFO: [Synth 8-155] case statement is not full and has no default [/home/jsp/Storage/CFU_PYNQ_FIles/CFU_SRC/pynq_z2/pynq_z2/arunQAFDHGDZXVNBDXG_gae.srcs/sources_1/new/tul_pynq_z2.v:1352]
INFO: [Synth 8-155] case statement is not full and has no default [/home/jsp/Storage/CFU_PYNQ_FIles/CFU_SRC/pynq_z2/pynq_z2/arunQAFDHGDZXVNBDXG_gae.srcs/sources_1/new/tul_pynq_z2.v:1364]
INFO: [Synth 8-155] case statement is not full and has no default [/home/jsp/Storage/CFU_PYNQ_FIles/CFU_SRC/pynq_z2/pynq_z2/arunQAFDHGDZXVNBDXG_gae.srcs/sources_1/new/tul_pynq_z2.v:1419]
INFO: [Synth 8-6157] synthesizing module 'BUFG' [/home/jsp/Storage/Vivado/2024.1/scripts/rt/data/unisim_comp.v:1951]
INFO: [Synth 8-6155] done synthesizing module 'BUFG' (0#1) [/home/jsp/Storage/Vivado/2024.1/scripts/rt/data/unisim_comp.v:1951]
INFO: [Synth 8-6157] synthesizing module 'FDCE' [/home/jsp/Storage/Vivado/2024.1/scripts/rt/data/unisim_comp.v:40798]
INFO: [Synth 8-6155] done synthesizing module 'FDCE' (0#1) [/home/jsp/Storage/Vivado/2024.1/scripts/rt/data/unisim_comp.v:40798]
INFO: [Synth 8-6157] synthesizing module 'PLLE2_ADV' [/home/jsp/Storage/Vivado/2024.1/scripts/rt/data/unisim_comp.v:114750]
	Parameter CLKFBOUT_MULT bound to: 12 - type: integer 
	Parameter CLKIN1_PERIOD bound to: 8.000000 - type: double 
	Parameter CLKOUT0_DIVIDE bound to: 15 - type: integer 
	Parameter CLKOUT0_PHASE bound to: 0.000000 - type: double 
	Parameter DIVCLK_DIVIDE bound to: 1 - type: integer 
	Parameter REF_JITTER1 bound to: 0.010000 - type: double 
	Parameter STARTUP_WAIT bound to: FALSE - type: string 
INFO: [Synth 8-6155] done synthesizing module 'PLLE2_ADV' (0#1) [/home/jsp/Storage/Vivado/2024.1/scripts/rt/data/unisim_comp.v:114750]
WARNING: [Synth 8-7071] port 'CLKOUT1' of module 'PLLE2_ADV' is unconnected for instance 'PLLE2_ADV' [/home/jsp/Storage/CFU_PYNQ_FIles/CFU_SRC/pynq_z2/pynq_z2/arunQAFDHGDZXVNBDXG_gae.srcs/sources_1/new/tul_pynq_z2.v:1705]
WARNING: [Synth 8-7071] port 'CLKOUT2' of module 'PLLE2_ADV' is unconnected for instance 'PLLE2_ADV' [/home/jsp/Storage/CFU_PYNQ_FIles/CFU_SRC/pynq_z2/pynq_z2/arunQAFDHGDZXVNBDXG_gae.srcs/sources_1/new/tul_pynq_z2.v:1705]
WARNING: [Synth 8-7071] port 'CLKOUT3' of module 'PLLE2_ADV' is unconnected for instance 'PLLE2_ADV' [/home/jsp/Storage/CFU_PYNQ_FIles/CFU_SRC/pynq_z2/pynq_z2/arunQAFDHGDZXVNBDXG_gae.srcs/sources_1/new/tul_pynq_z2.v:1705]
WARNING: [Synth 8-7071] port 'CLKOUT4' of module 'PLLE2_ADV' is unconnected for instance 'PLLE2_ADV' [/home/jsp/Storage/CFU_PYNQ_FIles/CFU_SRC/pynq_z2/pynq_z2/arunQAFDHGDZXVNBDXG_gae.srcs/sources_1/new/tul_pynq_z2.v:1705]
WARNING: [Synth 8-7071] port 'CLKOUT5' of module 'PLLE2_ADV' is unconnected for instance 'PLLE2_ADV' [/home/jsp/Storage/CFU_PYNQ_FIles/CFU_SRC/pynq_z2/pynq_z2/arunQAFDHGDZXVNBDXG_gae.srcs/sources_1/new/tul_pynq_z2.v:1705]
WARNING: [Synth 8-7071] port 'DO' of module 'PLLE2_ADV' is unconnected for instance 'PLLE2_ADV' [/home/jsp/Storage/CFU_PYNQ_FIles/CFU_SRC/pynq_z2/pynq_z2/arunQAFDHGDZXVNBDXG_gae.srcs/sources_1/new/tul_pynq_z2.v:1705]
WARNING: [Synth 8-7071] port 'DRDY' of module 'PLLE2_ADV' is unconnected for instance 'PLLE2_ADV' [/home/jsp/Storage/CFU_PYNQ_FIles/CFU_SRC/pynq_z2/pynq_z2/arunQAFDHGDZXVNBDXG_gae.srcs/sources_1/new/tul_pynq_z2.v:1705]
WARNING: [Synth 8-7071] port 'CLKIN2' of module 'PLLE2_ADV' is unconnected for instance 'PLLE2_ADV' [/home/jsp/Storage/CFU_PYNQ_FIles/CFU_SRC/pynq_z2/pynq_z2/arunQAFDHGDZXVNBDXG_gae.srcs/sources_1/new/tul_pynq_z2.v:1705]
WARNING: [Synth 8-7071] port 'CLKINSEL' of module 'PLLE2_ADV' is unconnected for instance 'PLLE2_ADV' [/home/jsp/Storage/CFU_PYNQ_FIles/CFU_SRC/pynq_z2/pynq_z2/arunQAFDHGDZXVNBDXG_gae.srcs/sources_1/new/tul_pynq_z2.v:1705]
WARNING: [Synth 8-7071] port 'DADDR' of module 'PLLE2_ADV' is unconnected for instance 'PLLE2_ADV' [/home/jsp/Storage/CFU_PYNQ_FIles/CFU_SRC/pynq_z2/pynq_z2/arunQAFDHGDZXVNBDXG_gae.srcs/sources_1/new/tul_pynq_z2.v:1705]
WARNING: [Synth 8-7071] port 'DCLK' of module 'PLLE2_ADV' is unconnected for instance 'PLLE2_ADV' [/home/jsp/Storage/CFU_PYNQ_FIles/CFU_SRC/pynq_z2/pynq_z2/arunQAFDHGDZXVNBDXG_gae.srcs/sources_1/new/tul_pynq_z2.v:1705]
WARNING: [Synth 8-7071] port 'DEN' of module 'PLLE2_ADV' is unconnected for instance 'PLLE2_ADV' [/home/jsp/Storage/CFU_PYNQ_FIles/CFU_SRC/pynq_z2/pynq_z2/arunQAFDHGDZXVNBDXG_gae.srcs/sources_1/new/tul_pynq_z2.v:1705]
WARNING: [Synth 8-7071] port 'DI' of module 'PLLE2_ADV' is unconnected for instance 'PLLE2_ADV' [/home/jsp/Storage/CFU_PYNQ_FIles/CFU_SRC/pynq_z2/pynq_z2/arunQAFDHGDZXVNBDXG_gae.srcs/sources_1/new/tul_pynq_z2.v:1705]
WARNING: [Synth 8-7071] port 'DWE' of module 'PLLE2_ADV' is unconnected for instance 'PLLE2_ADV' [/home/jsp/Storage/CFU_PYNQ_FIles/CFU_SRC/pynq_z2/pynq_z2/arunQAFDHGDZXVNBDXG_gae.srcs/sources_1/new/tul_pynq_z2.v:1705]
WARNING: [Synth 8-7023] instance 'PLLE2_ADV' of module 'PLLE2_ADV' has 21 connections declared, but only 7 given [/home/jsp/Storage/CFU_PYNQ_FIles/CFU_SRC/pynq_z2/pynq_z2/arunQAFDHGDZXVNBDXG_gae.srcs/sources_1/new/tul_pynq_z2.v:1705]
INFO: [Synth 8-6157] synthesizing module 'VexRiscv' [/home/jsp/Storage/CFU_PYNQ_FIles/CFU_SRC/verilog/VexRiscv_FullCfu.v:7]
INFO: [Synth 8-6157] synthesizing module 'InstructionCache' [/home/jsp/Storage/CFU_PYNQ_FIles/CFU_SRC/verilog/VexRiscv_FullCfu.v:6648]
INFO: [Synth 8-6155] done synthesizing module 'InstructionCache' (0#1) [/home/jsp/Storage/CFU_PYNQ_FIles/CFU_SRC/verilog/VexRiscv_FullCfu.v:6648]
INFO: [Synth 8-6157] synthesizing module 'DataCache' [/home/jsp/Storage/CFU_PYNQ_FIles/CFU_SRC/verilog/VexRiscv_FullCfu.v:5807]
INFO: [Synth 8-6155] done synthesizing module 'DataCache' (0#1) [/home/jsp/Storage/CFU_PYNQ_FIles/CFU_SRC/verilog/VexRiscv_FullCfu.v:5807]
INFO: [Synth 8-6155] done synthesizing module 'VexRiscv' (0#1) [/home/jsp/Storage/CFU_PYNQ_FIles/CFU_SRC/verilog/VexRiscv_FullCfu.v:7]
INFO: [Synth 8-6157] synthesizing module 'Cfu' [/home/jsp/Storage/CFU_PYNQ_FIles/CFU_SRC/pynq_z2/pynq_z2/arunQAFDHGDZXVNBDXG_gae.srcs/sources_1/new/Cfu.v:23]
INFO: [Synth 8-6157] synthesizing module 'cfu_comp' [/home/jsp/Storage/CFU_PYNQ_FIles/CFU_SRC/donut-accel/cfu.v:17]
INFO: [Synth 8-6155] done synthesizing module 'cfu_comp' (0#1) [/home/jsp/Storage/CFU_PYNQ_FIles/CFU_SRC/donut-accel/cfu.v:17]
WARNING: [Synth 8-689] width (1) of port connection 'cmd_payload_function_id' does not match port width (10) of module 'cfu_comp' [/home/jsp/Storage/CFU_PYNQ_FIles/CFU_SRC/pynq_z2/pynq_z2/arunQAFDHGDZXVNBDXG_gae.srcs/sources_1/new/Cfu.v:79]
WARNING: [Synth 8-689] width (1) of port connection 'cmd_payload_inputs_0' does not match port width (32) of module 'cfu_comp' [/home/jsp/Storage/CFU_PYNQ_FIles/CFU_SRC/pynq_z2/pynq_z2/arunQAFDHGDZXVNBDXG_gae.srcs/sources_1/new/Cfu.v:80]
WARNING: [Synth 8-689] width (1) of port connection 'cmd_payload_inputs_1' does not match port width (32) of module 'cfu_comp' [/home/jsp/Storage/CFU_PYNQ_FIles/CFU_SRC/pynq_z2/pynq_z2/arunQAFDHGDZXVNBDXG_gae.srcs/sources_1/new/Cfu.v:80]
WARNING: [Synth 8-689] width (1) of port connection 'rsp_payload_outputs_0' does not match port width (32) of module 'cfu_comp' [/home/jsp/Storage/CFU_PYNQ_FIles/CFU_SRC/pynq_z2/pynq_z2/arunQAFDHGDZXVNBDXG_gae.srcs/sources_1/new/Cfu.v:81]
WARNING: [Synth 8-689] width (1) of port connection 'cfu_id' does not match port width (3) of module 'cfu_comp' [/home/jsp/Storage/CFU_PYNQ_FIles/CFU_SRC/pynq_z2/pynq_z2/arunQAFDHGDZXVNBDXG_gae.srcs/sources_1/new/Cfu.v:82]
INFO: [Synth 8-6157] synthesizing module 'cfu_decoupler' [/home/jsp/Storage/CFU_PYNQ_FIles/CFU_SRC/pynq_z2/pynq_z2/arunQAFDHGDZXVNBDXG_gae.runs/system_tul_pynq_z2_0_0_synth_1/.Xil/Vivado-63377-jsp-H370M-D3H/realtime/cfu_decoupler_stub.v:6]
INFO: [Synth 8-6155] done synthesizing module 'cfu_decoupler' (0#1) [/home/jsp/Storage/CFU_PYNQ_FIles/CFU_SRC/pynq_z2/pynq_z2/arunQAFDHGDZXVNBDXG_gae.runs/system_tul_pynq_z2_0_0_synth_1/.Xil/Vivado-63377-jsp-H370M-D3H/realtime/cfu_decoupler_stub.v:6]
WARNING: [Synth 8-689] width (10) of port connection 's_cfu_inputs_cmd_payload_function_id' does not match port width (1) of module 'cfu_decoupler' [/home/jsp/Storage/CFU_PYNQ_FIles/CFU_SRC/pynq_z2/pynq_z2/arunQAFDHGDZXVNBDXG_gae.srcs/sources_1/new/Cfu.v:86]
WARNING: [Synth 8-689] width (32) of port connection 's_cfu_inputs_cmd_payload_inputs_0' does not match port width (10) of module 'cfu_decoupler' [/home/jsp/Storage/CFU_PYNQ_FIles/CFU_SRC/pynq_z2/pynq_z2/arunQAFDHGDZXVNBDXG_gae.srcs/sources_1/new/Cfu.v:87]
WARNING: [Synth 8-689] width (1) of port connection 's_cfu_inputs_rsp_ready' does not match port width (32) of module 'cfu_decoupler' [/home/jsp/Storage/CFU_PYNQ_FIles/CFU_SRC/pynq_z2/pynq_z2/arunQAFDHGDZXVNBDXG_gae.srcs/sources_1/new/Cfu.v:89]
WARNING: [Synth 8-689] width (1) of port connection 'rp_cfu_inputs_cmd_payload_inputs_0' does not match port width (10) of module 'cfu_decoupler' [/home/jsp/Storage/CFU_PYNQ_FIles/CFU_SRC/pynq_z2/pynq_z2/arunQAFDHGDZXVNBDXG_gae.srcs/sources_1/new/Cfu.v:102]
WARNING: [Synth 8-689] width (1) of port connection 'rp_cfu_inputs_cmd_payload_inputs_1' does not match port width (32) of module 'cfu_decoupler' [/home/jsp/Storage/CFU_PYNQ_FIles/CFU_SRC/pynq_z2/pynq_z2/arunQAFDHGDZXVNBDXG_gae.srcs/sources_1/new/Cfu.v:103]
WARNING: [Synth 8-689] width (1) of port connection 'rp_cfu_inputs_rsp_ready' does not match port width (32) of module 'cfu_decoupler' [/home/jsp/Storage/CFU_PYNQ_FIles/CFU_SRC/pynq_z2/pynq_z2/arunQAFDHGDZXVNBDXG_gae.srcs/sources_1/new/Cfu.v:104]
WARNING: [Synth 8-689] width (1) of port connection 'rp_cfu_output_rsp_payload_outputs_0' does not match port width (32) of module 'cfu_decoupler' [/home/jsp/Storage/CFU_PYNQ_FIles/CFU_SRC/pynq_z2/pynq_z2/arunQAFDHGDZXVNBDXG_gae.srcs/sources_1/new/Cfu.v:110]
WARNING: [Synth 8-689] width (1) of port connection 'rp_cfu_output_cfu_id' does not match port width (3) of module 'cfu_decoupler' [/home/jsp/Storage/CFU_PYNQ_FIles/CFU_SRC/pynq_z2/pynq_z2/arunQAFDHGDZXVNBDXG_gae.srcs/sources_1/new/Cfu.v:111]
INFO: [Synth 8-6155] done synthesizing module 'Cfu' (0#1) [/home/jsp/Storage/CFU_PYNQ_FIles/CFU_SRC/pynq_z2/pynq_z2/arunQAFDHGDZXVNBDXG_gae.srcs/sources_1/new/Cfu.v:23]
INFO: [Synth 8-6157] synthesizing module 'FDPE' [/home/jsp/Storage/Vivado/2024.1/scripts/rt/data/unisim_comp.v:40954]
	Parameter INIT bound to: 1'b1 
INFO: [Synth 8-6155] done synthesizing module 'FDPE' (0#1) [/home/jsp/Storage/Vivado/2024.1/scripts/rt/data/unisim_comp.v:40954]
INFO: [Synth 8-6155] done synthesizing module 'tul_pynq_z2' (0#1) [/home/jsp/Storage/CFU_PYNQ_FIles/CFU_SRC/pynq_z2/pynq_z2/arunQAFDHGDZXVNBDXG_gae.srcs/sources_1/new/tul_pynq_z2.v:20]
INFO: [Synth 8-6155] done synthesizing module 'system_tul_pynq_z2_0_0' (0#1) [/home/jsp/Storage/CFU_PYNQ_FIles/CFU_SRC/pynq_z2/pynq_z2/arunQAFDHGDZXVNBDXG_gae.gen/sources_1/bd/system/ip/system_tul_pynq_z2_0_0/synth/system_tul_pynq_z2_0_0.v:53]
WARNING: [Synth 8-6014] Unused sequential element decodeStage_mmuRsp_isIoAccess_reg was removed.  [/home/jsp/Storage/CFU_PYNQ_FIles/CFU_SRC/verilog/VexRiscv_FullCfu.v:6926]
WARNING: [Synth 8-6014] Unused sequential element decodeStage_mmuRsp_allowRead_reg was removed.  [/home/jsp/Storage/CFU_PYNQ_FIles/CFU_SRC/verilog/VexRiscv_FullCfu.v:6928]
WARNING: [Synth 8-6014] Unused sequential element decodeStage_mmuRsp_allowWrite_reg was removed.  [/home/jsp/Storage/CFU_PYNQ_FIles/CFU_SRC/verilog/VexRiscv_FullCfu.v:6929]
WARNING: [Synth 8-6014] Unused sequential element decodeStage_mmuRsp_bypassTranslation_reg was removed.  [/home/jsp/Storage/CFU_PYNQ_FIles/CFU_SRC/verilog/VexRiscv_FullCfu.v:6933]
WARNING: [Synth 8-6014] Unused sequential element tagsWriteLastCmd_valid_reg was removed.  [/home/jsp/Storage/CFU_PYNQ_FIles/CFU_SRC/verilog/VexRiscv_FullCfu.v:6516]
WARNING: [Synth 8-6014] Unused sequential element tagsWriteLastCmd_payload_way_reg was removed.  [/home/jsp/Storage/CFU_PYNQ_FIles/CFU_SRC/verilog/VexRiscv_FullCfu.v:6517]
WARNING: [Synth 8-6014] Unused sequential element tagsWriteLastCmd_payload_address_reg was removed.  [/home/jsp/Storage/CFU_PYNQ_FIles/CFU_SRC/verilog/VexRiscv_FullCfu.v:6518]
WARNING: [Synth 8-6014] Unused sequential element tagsWriteLastCmd_payload_data_valid_reg was removed.  [/home/jsp/Storage/CFU_PYNQ_FIles/CFU_SRC/verilog/VexRiscv_FullCfu.v:6519]
WARNING: [Synth 8-6014] Unused sequential element tagsWriteLastCmd_payload_data_error_reg was removed.  [/home/jsp/Storage/CFU_PYNQ_FIles/CFU_SRC/verilog/VexRiscv_FullCfu.v:6520]
WARNING: [Synth 8-6014] Unused sequential element tagsWriteLastCmd_payload_data_address_reg was removed.  [/home/jsp/Storage/CFU_PYNQ_FIles/CFU_SRC/verilog/VexRiscv_FullCfu.v:6521]
WARNING: [Synth 8-6014] Unused sequential element stageA_request_totalyConsistent_reg was removed.  [/home/jsp/Storage/CFU_PYNQ_FIles/CFU_SRC/verilog/VexRiscv_FullCfu.v:6525]
WARNING: [Synth 8-6014] Unused sequential element stageB_request_totalyConsistent_reg was removed.  [/home/jsp/Storage/CFU_PYNQ_FIles/CFU_SRC/verilog/VexRiscv_FullCfu.v:6539]
WARNING: [Synth 8-6014] Unused sequential element stageB_mmuRsp_allowExecute_reg was removed.  [/home/jsp/Storage/CFU_PYNQ_FIles/CFU_SRC/verilog/VexRiscv_FullCfu.v:6547]
WARNING: [Synth 8-6014] Unused sequential element stageB_mmuRsp_bypassTranslation_reg was removed.  [/home/jsp/Storage/CFU_PYNQ_FIles/CFU_SRC/verilog/VexRiscv_FullCfu.v:6550]
WARNING: [Synth 8-6014] Unused sequential element stageB_tagsReadRsp_0_valid_reg was removed.  [/home/jsp/Storage/CFU_PYNQ_FIles/CFU_SRC/verilog/VexRiscv_FullCfu.v:6553]
WARNING: [Synth 8-6014] Unused sequential element stageB_tagsReadRsp_0_address_reg was removed.  [/home/jsp/Storage/CFU_PYNQ_FIles/CFU_SRC/verilog/VexRiscv_FullCfu.v:6555]
WARNING: [Synth 8-3848] Net io_cpu_writeBack_exclusiveOk in module/entity DataCache does not have driver. [/home/jsp/Storage/CFU_PYNQ_FIles/CFU_SRC/verilog/VexRiscv_FullCfu.v:5850]
WARNING: [Synth 8-6014] Unused sequential element IBusCachedPlugin_fetchPc_correctionReg_reg was removed.  [/home/jsp/Storage/CFU_PYNQ_FIles/CFU_SRC/verilog/VexRiscv_FullCfu.v:3175]
WARNING: [Synth 8-6014] Unused sequential element IBusCachedPlugin_injector_nextPcCalc_valids_2_reg was removed.  [/home/jsp/Storage/CFU_PYNQ_FIles/CFU_SRC/verilog/VexRiscv_FullCfu.v:3283]
WARNING: [Synth 8-6014] Unused sequential element IBusCachedPlugin_injector_nextPcCalc_valids_3_reg was removed.  [/home/jsp/Storage/CFU_PYNQ_FIles/CFU_SRC/verilog/VexRiscv_FullCfu.v:3284]
WARNING: [Synth 8-6014] Unused sequential element IBusCachedPlugin_injector_nextPcCalc_valids_4_reg was removed.  [/home/jsp/Storage/CFU_PYNQ_FIles/CFU_SRC/verilog/VexRiscv_FullCfu.v:3285]
WARNING: [Synth 8-6014] Unused sequential element IBusCachedPlugin_rspCounter_reg was removed.  [/home/jsp/Storage/CFU_PYNQ_FIles/CFU_SRC/verilog/VexRiscv_FullCfu.v:5082]
WARNING: [Synth 8-6014] Unused sequential element DBusCachedPlugin_rspCounter_reg was removed.  [/home/jsp/Storage/CFU_PYNQ_FIles/CFU_SRC/verilog/VexRiscv_FullCfu.v:5085]
WARNING: [Synth 8-6014] Unused sequential element CsrPlugin_lastStageWasWfi_reg was removed.  [/home/jsp/Storage/CFU_PYNQ_FIles/CFU_SRC/verilog/VexRiscv_FullCfu.v:5103]
WARNING: [Synth 8-6014] Unused sequential element dataCache_1_io_mem_cmd_rData_uncached_reg was removed.  [/home/jsp/Storage/CFU_PYNQ_FIles/CFU_SRC/verilog/VexRiscv_FullCfu.v:3485]
WARNING: [Synth 8-6014] Unused sequential element dataCache_1_io_mem_cmd_rData_last_reg was removed.  [/home/jsp/Storage/CFU_PYNQ_FIles/CFU_SRC/verilog/VexRiscv_FullCfu.v:3490]
WARNING: [Synth 8-6014] Unused sequential element dataCache_1_io_mem_cmd_s2mPipe_rData_uncached_reg was removed.  [/home/jsp/Storage/CFU_PYNQ_FIles/CFU_SRC/verilog/VexRiscv_FullCfu.v:3501]
WARNING: [Synth 8-6014] Unused sequential element dataCache_1_io_mem_cmd_s2mPipe_rData_last_reg was removed.  [/home/jsp/Storage/CFU_PYNQ_FIles/CFU_SRC/verilog/VexRiscv_FullCfu.v:3506]
WARNING: [Synth 8-6014] Unused sequential element decode_to_execute_FORMAL_PC_NEXT_reg was removed.  [/home/jsp/Storage/CFU_PYNQ_FIles/CFU_SRC/verilog/VexRiscv_FullCfu.v:2677]
WARNING: [Synth 8-6014] Unused sequential element execute_to_memory_FORMAL_PC_NEXT_reg was removed.  [/home/jsp/Storage/CFU_PYNQ_FIles/CFU_SRC/verilog/VexRiscv_FullCfu.v:2676]
WARNING: [Synth 8-6014] Unused sequential element memory_to_writeBack_FORMAL_PC_NEXT_reg was removed.  [/home/jsp/Storage/CFU_PYNQ_FIles/CFU_SRC/verilog/VexRiscv_FullCfu.v:2675]
WARNING: [Synth 8-6014] Unused sequential element memory_to_writeBack_CfuPlugin_CFU_IN_FLIGHT_reg was removed.  [/home/jsp/Storage/CFU_PYNQ_FIles/CFU_SRC/verilog/VexRiscv_FullCfu.v:2624]
WARNING: [Synth 8-3848] Net IBusCachedPlugin_cache_io_cpu_fetch_isRemoved in module/entity VexRiscv does not have driver. [/home/jsp/Storage/CFU_PYNQ_FIles/CFU_SRC/verilog/VexRiscv_FullCfu.v:78]
WARNING: [Synth 8-3848] Net IBusCachedPlugin_mmuBus_rsp_bypassTranslation in module/entity VexRiscv does not have driver. [/home/jsp/Storage/CFU_PYNQ_FIles/CFU_SRC/verilog/VexRiscv_FullCfu.v:664]
WARNING: [Synth 8-3848] Net DBusCachedPlugin_mmuBus_rsp_bypassTranslation in module/entity VexRiscv does not have driver. [/home/jsp/Storage/CFU_PYNQ_FIles/CFU_SRC/verilog/VexRiscv_FullCfu.v:692]
WARNING: [Synth 8-3848] Net dataCache_1_io_cpu_writeBack_fence_SW in module/entity VexRiscv does not have driver. [/home/jsp/Storage/CFU_PYNQ_FIles/CFU_SRC/verilog/VexRiscv_FullCfu.v:92]
WARNING: [Synth 8-3848] Net dataCache_1_io_cpu_writeBack_fence_SR in module/entity VexRiscv does not have driver. [/home/jsp/Storage/CFU_PYNQ_FIles/CFU_SRC/verilog/VexRiscv_FullCfu.v:93]
WARNING: [Synth 8-3848] Net dataCache_1_io_cpu_writeBack_fence_SO in module/entity VexRiscv does not have driver. [/home/jsp/Storage/CFU_PYNQ_FIles/CFU_SRC/verilog/VexRiscv_FullCfu.v:94]
WARNING: [Synth 8-3848] Net dataCache_1_io_cpu_writeBack_fence_SI in module/entity VexRiscv does not have driver. [/home/jsp/Storage/CFU_PYNQ_FIles/CFU_SRC/verilog/VexRiscv_FullCfu.v:95]
WARNING: [Synth 8-3848] Net dataCache_1_io_cpu_writeBack_fence_PW in module/entity VexRiscv does not have driver. [/home/jsp/Storage/CFU_PYNQ_FIles/CFU_SRC/verilog/VexRiscv_FullCfu.v:96]
WARNING: [Synth 8-3848] Net dataCache_1_io_cpu_writeBack_fence_PR in module/entity VexRiscv does not have driver. [/home/jsp/Storage/CFU_PYNQ_FIles/CFU_SRC/verilog/VexRiscv_FullCfu.v:97]
WARNING: [Synth 8-3848] Net dataCache_1_io_cpu_writeBack_fence_PO in module/entity VexRiscv does not have driver. [/home/jsp/Storage/CFU_PYNQ_FIles/CFU_SRC/verilog/VexRiscv_FullCfu.v:98]
WARNING: [Synth 8-3848] Net dataCache_1_io_cpu_writeBack_fence_PI in module/entity VexRiscv does not have driver. [/home/jsp/Storage/CFU_PYNQ_FIles/CFU_SRC/verilog/VexRiscv_FullCfu.v:99]
WARNING: [Synth 8-3848] Net dataCache_1_io_cpu_writeBack_fence_FM in module/entity VexRiscv does not have driver. [/home/jsp/Storage/CFU_PYNQ_FIles/CFU_SRC/verilog/VexRiscv_FullCfu.v:100]
WARNING: [Synth 8-3848] Net dBus_rsp_payload_last in module/entity VexRiscv does not have driver. [/home/jsp/Storage/CFU_PYNQ_FIles/CFU_SRC/verilog/VexRiscv_FullCfu.v:677]
WARNING: [Synth 8-6014] Unused sequential element soc_basesoc_scratch_re_reg was removed.  [/home/jsp/Storage/CFU_PYNQ_FIles/CFU_SRC/pynq_z2/pynq_z2/arunQAFDHGDZXVNBDXG_gae.srcs/sources_1/new/tul_pynq_z2.v:1347]
WARNING: [Synth 8-6014] Unused sequential element soc_basesoc_bus_errors_re_reg was removed.  [/home/jsp/Storage/CFU_PYNQ_FIles/CFU_SRC/pynq_z2/pynq_z2/arunQAFDHGDZXVNBDXG_gae.srcs/sources_1/new/tul_pynq_z2.v:1348]
WARNING: [Synth 8-6014] Unused sequential element soc_basesoc_timer_load_re_reg was removed.  [/home/jsp/Storage/CFU_PYNQ_FIles/CFU_SRC/pynq_z2/pynq_z2/arunQAFDHGDZXVNBDXG_gae.srcs/sources_1/new/tul_pynq_z2.v:1394]
WARNING: [Synth 8-6014] Unused sequential element soc_basesoc_timer_reload_re_reg was removed.  [/home/jsp/Storage/CFU_PYNQ_FIles/CFU_SRC/pynq_z2/pynq_z2/arunQAFDHGDZXVNBDXG_gae.srcs/sources_1/new/tul_pynq_z2.v:1398]
WARNING: [Synth 8-6014] Unused sequential element soc_basesoc_timer_en_re_reg was removed.  [/home/jsp/Storage/CFU_PYNQ_FIles/CFU_SRC/pynq_z2/pynq_z2/arunQAFDHGDZXVNBDXG_gae.srcs/sources_1/new/tul_pynq_z2.v:1402]
WARNING: [Synth 8-6014] Unused sequential element soc_basesoc_timer_value_re_reg was removed.  [/home/jsp/Storage/CFU_PYNQ_FIles/CFU_SRC/pynq_z2/pynq_z2/arunQAFDHGDZXVNBDXG_gae.srcs/sources_1/new/tul_pynq_z2.v:1407]
WARNING: [Synth 8-6014] Unused sequential element soc_basesoc_timer_status_re_reg was removed.  [/home/jsp/Storage/CFU_PYNQ_FIles/CFU_SRC/pynq_z2/pynq_z2/arunQAFDHGDZXVNBDXG_gae.srcs/sources_1/new/tul_pynq_z2.v:1408]
WARNING: [Synth 8-6014] Unused sequential element soc_basesoc_timer_enable_re_reg was removed.  [/home/jsp/Storage/CFU_PYNQ_FIles/CFU_SRC/pynq_z2/pynq_z2/arunQAFDHGDZXVNBDXG_gae.srcs/sources_1/new/tul_pynq_z2.v:1416]
WARNING: [Synth 8-6014] Unused sequential element soc_basesoc_uart_txfull_re_reg was removed.  [/home/jsp/Storage/CFU_PYNQ_FIles/CFU_SRC/pynq_z2/pynq_z2/arunQAFDHGDZXVNBDXG_gae.srcs/sources_1/new/tul_pynq_z2.v:1446]
WARNING: [Synth 8-6014] Unused sequential element soc_basesoc_uart_rxempty_re_reg was removed.  [/home/jsp/Storage/CFU_PYNQ_FIles/CFU_SRC/pynq_z2/pynq_z2/arunQAFDHGDZXVNBDXG_gae.srcs/sources_1/new/tul_pynq_z2.v:1447]
WARNING: [Synth 8-6014] Unused sequential element soc_basesoc_uart_status_re_reg was removed.  [/home/jsp/Storage/CFU_PYNQ_FIles/CFU_SRC/pynq_z2/pynq_z2/arunQAFDHGDZXVNBDXG_gae.srcs/sources_1/new/tul_pynq_z2.v:1448]
WARNING: [Synth 8-6014] Unused sequential element soc_basesoc_uart_enable_re_reg was removed.  [/home/jsp/Storage/CFU_PYNQ_FIles/CFU_SRC/pynq_z2/pynq_z2/arunQAFDHGDZXVNBDXG_gae.srcs/sources_1/new/tul_pynq_z2.v:1456]
WARNING: [Synth 8-6014] Unused sequential element soc_basesoc_uart_txempty_re_reg was removed.  [/home/jsp/Storage/CFU_PYNQ_FIles/CFU_SRC/pynq_z2/pynq_z2/arunQAFDHGDZXVNBDXG_gae.srcs/sources_1/new/tul_pynq_z2.v:1457]
WARNING: [Synth 8-6014] Unused sequential element soc_basesoc_uart_rxfull_re_reg was removed.  [/home/jsp/Storage/CFU_PYNQ_FIles/CFU_SRC/pynq_z2/pynq_z2/arunQAFDHGDZXVNBDXG_gae.srcs/sources_1/new/tul_pynq_z2.v:1458]
WARNING: [Synth 8-6014] Unused sequential element storage_dat0_reg was removed.  [/home/jsp/Storage/CFU_PYNQ_FIles/CFU_SRC/pynq_z2/pynq_z2/arunQAFDHGDZXVNBDXG_gae.srcs/sources_1/new/tul_pynq_z2.v:1602]
WARNING: [Synth 8-6014] Unused sequential element storage_1_dat0_reg was removed.  [/home/jsp/Storage/CFU_PYNQ_FIles/CFU_SRC/pynq_z2/pynq_z2/arunQAFDHGDZXVNBDXG_gae.srcs/sources_1/new/tul_pynq_z2.v:1623]
WARNING: [Synth 8-6014] Unused sequential element mem_adr0_reg was removed.  [/home/jsp/Storage/CFU_PYNQ_FIles/CFU_SRC/pynq_z2/pynq_z2/arunQAFDHGDZXVNBDXG_gae.srcs/sources_1/new/tul_pynq_z2.v:1586]
WARNING: [Synth 8-7129] Port cmd_payload_function_id[9] in module cfu_comp is either unconnected or has no load
WARNING: [Synth 8-7129] Port cmd_payload_function_id[8] in module cfu_comp is either unconnected or has no load
WARNING: [Synth 8-7129] Port cmd_payload_function_id[7] in module cfu_comp is either unconnected or has no load
WARNING: [Synth 8-7129] Port cmd_payload_function_id[6] in module cfu_comp is either unconnected or has no load
WARNING: [Synth 8-7129] Port cmd_payload_function_id[5] in module cfu_comp is either unconnected or has no load
WARNING: [Synth 8-7129] Port cmd_payload_function_id[4] in module cfu_comp is either unconnected or has no load
WARNING: [Synth 8-7129] Port cmd_payload_function_id[3] in module cfu_comp is either unconnected or has no load
WARNING: [Synth 8-7129] Port cmd_payload_function_id[2] in module cfu_comp is either unconnected or has no load
WARNING: [Synth 8-7129] Port cmd_payload_function_id[1] in module cfu_comp is either unconnected or has no load
WARNING: [Synth 8-7129] Port reset in module cfu_comp is either unconnected or has no load
WARNING: [Synth 8-7129] Port clk in module cfu_comp is either unconnected or has no load
WARNING: [Synth 8-7129] Port rsp_ready in module Cfu is either unconnected or has no load
WARNING: [Synth 8-7129] Port io_cpu_writeBack_exclusiveOk in module DataCache is either unconnected or has no load
WARNING: [Synth 8-7129] Port io_cpu_execute_address[31] in module DataCache is either unconnected or has no load
WARNING: [Synth 8-7129] Port io_cpu_execute_address[30] in module DataCache is either unconnected or has no load
WARNING: [Synth 8-7129] Port io_cpu_execute_address[29] in module DataCache is either unconnected or has no load
WARNING: [Synth 8-7129] Port io_cpu_execute_address[28] in module DataCache is either unconnected or has no load
WARNING: [Synth 8-7129] Port io_cpu_execute_address[27] in module DataCache is either unconnected or has no load
WARNING: [Synth 8-7129] Port io_cpu_execute_address[26] in module DataCache is either unconnected or has no load
WARNING: [Synth 8-7129] Port io_cpu_execute_address[25] in module DataCache is either unconnected or has no load
WARNING: [Synth 8-7129] Port io_cpu_execute_address[24] in module DataCache is either unconnected or has no load
WARNING: [Synth 8-7129] Port io_cpu_execute_address[23] in module DataCache is either unconnected or has no load
WARNING: [Synth 8-7129] Port io_cpu_execute_address[22] in module DataCache is either unconnected or has no load
WARNING: [Synth 8-7129] Port io_cpu_execute_address[21] in module DataCache is either unconnected or has no load
WARNING: [Synth 8-7129] Port io_cpu_execute_address[20] in module DataCache is either unconnected or has no load
WARNING: [Synth 8-7129] Port io_cpu_execute_address[19] in module DataCache is either unconnected or has no load
WARNING: [Synth 8-7129] Port io_cpu_execute_address[18] in module DataCache is either unconnected or has no load
WARNING: [Synth 8-7129] Port io_cpu_execute_address[17] in module DataCache is either unconnected or has no load
WARNING: [Synth 8-7129] Port io_cpu_execute_address[16] in module DataCache is either unconnected or has no load
WARNING: [Synth 8-7129] Port io_cpu_execute_address[15] in module DataCache is either unconnected or has no load
WARNING: [Synth 8-7129] Port io_cpu_execute_address[14] in module DataCache is either unconnected or has no load
WARNING: [Synth 8-7129] Port io_cpu_execute_address[13] in module DataCache is either unconnected or has no load
WARNING: [Synth 8-7129] Port io_cpu_execute_address[12] in module DataCache is either unconnected or has no load
WARNING: [Synth 8-7129] Port io_cpu_execute_args_totalyConsistent in module DataCache is either unconnected or has no load
WARNING: [Synth 8-7129] Port io_cpu_memory_address[31] in module DataCache is either unconnected or has no load
WARNING: [Synth 8-7129] Port io_cpu_memory_address[30] in module DataCache is either unconnected or has no load
WARNING: [Synth 8-7129] Port io_cpu_memory_address[29] in module DataCache is either unconnected or has no load
WARNING: [Synth 8-7129] Port io_cpu_memory_address[28] in module DataCache is either unconnected or has no load
WARNING: [Synth 8-7129] Port io_cpu_memory_address[27] in module DataCache is either unconnected or has no load
WARNING: [Synth 8-7129] Port io_cpu_memory_address[26] in module DataCache is either unconnected or has no load
WARNING: [Synth 8-7129] Port io_cpu_memory_address[25] in module DataCache is either unconnected or has no load
WARNING: [Synth 8-7129] Port io_cpu_memory_address[24] in module DataCache is either unconnected or has no load
WARNING: [Synth 8-7129] Port io_cpu_memory_address[23] in module DataCache is either unconnected or has no load
WARNING: [Synth 8-7129] Port io_cpu_memory_address[22] in module DataCache is either unconnected or has no load
WARNING: [Synth 8-7129] Port io_cpu_memory_address[21] in module DataCache is either unconnected or has no load
WARNING: [Synth 8-7129] Port io_cpu_memory_address[20] in module DataCache is either unconnected or has no load
WARNING: [Synth 8-7129] Port io_cpu_memory_address[19] in module DataCache is either unconnected or has no load
WARNING: [Synth 8-7129] Port io_cpu_memory_address[18] in module DataCache is either unconnected or has no load
WARNING: [Synth 8-7129] Port io_cpu_memory_address[17] in module DataCache is either unconnected or has no load
WARNING: [Synth 8-7129] Port io_cpu_memory_address[16] in module DataCache is either unconnected or has no load
WARNING: [Synth 8-7129] Port io_cpu_memory_address[15] in module DataCache is either unconnected or has no load
WARNING: [Synth 8-7129] Port io_cpu_memory_address[14] in module DataCache is either unconnected or has no load
WARNING: [Synth 8-7129] Port io_cpu_memory_address[13] in module DataCache is either unconnected or has no load
WARNING: [Synth 8-7129] Port io_cpu_memory_address[12] in module DataCache is either unconnected or has no load
WARNING: [Synth 8-7129] Port io_cpu_memory_mmuRsp_allowExecute in module DataCache is either unconnected or has no load
WARNING: [Synth 8-7129] Port io_cpu_memory_mmuRsp_bypassTranslation in module DataCache is either unconnected or has no load
WARNING: [Synth 8-7129] Port io_cpu_writeBack_isFiring in module DataCache is either unconnected or has no load
WARNING: [Synth 8-7129] Port io_cpu_writeBack_isUser in module DataCache is either unconnected or has no load
WARNING: [Synth 8-7129] Port io_cpu_writeBack_address[31] in module DataCache is either unconnected or has no load
WARNING: [Synth 8-7129] Port io_cpu_writeBack_address[30] in module DataCache is either unconnected or has no load
WARNING: [Synth 8-7129] Port io_cpu_writeBack_address[29] in module DataCache is either unconnected or has no load
WARNING: [Synth 8-7129] Port io_cpu_writeBack_address[28] in module DataCache is either unconnected or has no load
WARNING: [Synth 8-7129] Port io_cpu_writeBack_address[27] in module DataCache is either unconnected or has no load
WARNING: [Synth 8-7129] Port io_cpu_writeBack_address[26] in module DataCache is either unconnected or has no load
WARNING: [Synth 8-7129] Port io_cpu_writeBack_address[25] in module DataCache is either unconnected or has no load
WARNING: [Synth 8-7129] Port io_cpu_writeBack_address[24] in module DataCache is either unconnected or has no load
WARNING: [Synth 8-7129] Port io_cpu_writeBack_address[23] in module DataCache is either unconnected or has no load
WARNING: [Synth 8-7129] Port io_cpu_writeBack_address[22] in module DataCache is either unconnected or has no load
WARNING: [Synth 8-7129] Port io_cpu_writeBack_address[21] in module DataCache is either unconnected or has no load
WARNING: [Synth 8-7129] Port io_cpu_writeBack_address[20] in module DataCache is either unconnected or has no load
WARNING: [Synth 8-7129] Port io_cpu_writeBack_address[19] in module DataCache is either unconnected or has no load
WARNING: [Synth 8-7129] Port io_cpu_writeBack_address[18] in module DataCache is either unconnected or has no load
WARNING: [Synth 8-7129] Port io_cpu_writeBack_address[17] in module DataCache is either unconnected or has no load
WARNING: [Synth 8-7129] Port io_cpu_writeBack_address[16] in module DataCache is either unconnected or has no load
WARNING: [Synth 8-7129] Port io_cpu_writeBack_address[15] in module DataCache is either unconnected or has no load
WARNING: [Synth 8-7129] Port io_cpu_writeBack_address[14] in module DataCache is either unconnected or has no load
WARNING: [Synth 8-7129] Port io_cpu_writeBack_address[13] in module DataCache is either unconnected or has no load
WARNING: [Synth 8-7129] Port io_cpu_writeBack_address[12] in module DataCache is either unconnected or has no load
WARNING: [Synth 8-7129] Port io_cpu_writeBack_address[11] in module DataCache is either unconnected or has no load
WARNING: [Synth 8-7129] Port io_cpu_writeBack_address[10] in module DataCache is either unconnected or has no load
WARNING: [Synth 8-7129] Port io_cpu_writeBack_address[9] in module DataCache is either unconnected or has no load
WARNING: [Synth 8-7129] Port io_cpu_writeBack_address[8] in module DataCache is either unconnected or has no load
WARNING: [Synth 8-7129] Port io_cpu_writeBack_address[7] in module DataCache is either unconnected or has no load
WARNING: [Synth 8-7129] Port io_cpu_writeBack_address[6] in module DataCache is either unconnected or has no load
WARNING: [Synth 8-7129] Port io_cpu_writeBack_address[5] in module DataCache is either unconnected or has no load
WARNING: [Synth 8-7129] Port io_cpu_writeBack_address[4] in module DataCache is either unconnected or has no load
WARNING: [Synth 8-7129] Port io_cpu_writeBack_address[3] in module DataCache is either unconnected or has no load
WARNING: [Synth 8-7129] Port io_cpu_writeBack_address[2] in module DataCache is either unconnected or has no load
WARNING: [Synth 8-7129] Port io_cpu_writeBack_address[1] in module DataCache is either unconnected or has no load
WARNING: [Synth 8-7129] Port io_cpu_writeBack_address[0] in module DataCache is either unconnected or has no load
WARNING: [Synth 8-7129] Port io_cpu_writeBack_fence_SW in module DataCache is either unconnected or has no load
WARNING: [Synth 8-7129] Port io_cpu_writeBack_fence_SR in module DataCache is either unconnected or has no load
WARNING: [Synth 8-7129] Port io_cpu_writeBack_fence_SO in module DataCache is either unconnected or has no load
WARNING: [Synth 8-7129] Port io_cpu_writeBack_fence_SI in module DataCache is either unconnected or has no load
WARNING: [Synth 8-7129] Port io_cpu_writeBack_fence_PW in module DataCache is either unconnected or has no load
WARNING: [Synth 8-7129] Port io_cpu_writeBack_fence_PR in module DataCache is either unconnected or has no load
WARNING: [Synth 8-7129] Port io_cpu_writeBack_fence_PO in module DataCache is either unconnected or has no load
WARNING: [Synth 8-7129] Port io_cpu_writeBack_fence_PI in module DataCache is either unconnected or has no load
WARNING: [Synth 8-7129] Port io_cpu_writeBack_fence_FM[3] in module DataCache is either unconnected or has no load
WARNING: [Synth 8-7129] Port io_cpu_writeBack_fence_FM[2] in module DataCache is either unconnected or has no load
INFO: [Common 17-14] Message 'Synth 8-7129' appears 100 times and further instances of the messages will be disabled. Use the Tcl command set_msg_config to change the current settings.
---------------------------------------------------------------------------------
Finished RTL Elaboration : Time (s): cpu = 00:00:05 ; elapsed = 00:00:05 . Memory (MB): peak = 2274.113 ; gain = 535.684 ; free physical = 3865 ; free virtual = 16513
---------------------------------------------------------------------------------
---------------------------------------------------------------------------------
Start Handling Custom Attributes
---------------------------------------------------------------------------------
---------------------------------------------------------------------------------
Finished Handling Custom Attributes : Time (s): cpu = 00:00:05 ; elapsed = 00:00:06 . Memory (MB): peak = 2291.926 ; gain = 553.496 ; free physical = 3865 ; free virtual = 16513
---------------------------------------------------------------------------------
---------------------------------------------------------------------------------
Finished RTL Optimization Phase 1 : Time (s): cpu = 00:00:05 ; elapsed = 00:00:06 . Memory (MB): peak = 2291.926 ; gain = 553.496 ; free physical = 3865 ; free virtual = 16513
---------------------------------------------------------------------------------
Netlist sorting complete. Time (s): cpu = 00:00:00.04 ; elapsed = 00:00:00.05 . Memory (MB): peak = 2297.863 ; gain = 0.000 ; free physical = 3865 ; free virtual = 16513
INFO: [Netlist 29-17] Analyzing 1 Unisim elements for replacement
INFO: [Netlist 29-28] Unisim Transformation completed in 0 CPU seconds
INFO: [Project 1-570] Preparing netlist for logic optimization

Processing XDC Constraints
Initializing timing engine
Parsing XDC File [/home/jsp/Storage/CFU_PYNQ_FIles/CFU_SRC/pynq_z2/pynq_z2/arunQAFDHGDZXVNBDXG_gae.gen/sources_1/ip/cfu_decoupler/cfu_decoupler/cfu_decoupler_in_context.xdc] for cell 'inst/Cfu/cfu_decoupler_inst'
Finished Parsing XDC File [/home/jsp/Storage/CFU_PYNQ_FIles/CFU_SRC/pynq_z2/pynq_z2/arunQAFDHGDZXVNBDXG_gae.gen/sources_1/ip/cfu_decoupler/cfu_decoupler/cfu_decoupler_in_context.xdc] for cell 'inst/Cfu/cfu_decoupler_inst'
Parsing XDC File [/home/jsp/Storage/CFU_PYNQ_FIles/CFU_SRC/pynq_z2/pynq_z2/arunQAFDHGDZXVNBDXG_gae.runs/system_tul_pynq_z2_0_0_synth_1/dont_touch.xdc]
Finished Parsing XDC File [/home/jsp/Storage/CFU_PYNQ_FIles/CFU_SRC/pynq_z2/pynq_z2/arunQAFDHGDZXVNBDXG_gae.runs/system_tul_pynq_z2_0_0_synth_1/dont_touch.xdc]
Completed Processing XDC Constraints

Netlist sorting complete. Time (s): cpu = 00:00:00 ; elapsed = 00:00:00 . Memory (MB): peak = 2424.676 ; gain = 0.000 ; free physical = 3854 ; free virtual = 16502
INFO: [Project 1-111] Unisim Transformation Summary:
No Unisim elements were transformed.

Constraint Validation Runtime : Time (s): cpu = 00:00:00.1 ; elapsed = 00:00:00.03 . Memory (MB): peak = 2424.676 ; gain = 0.000 ; free physical = 3853 ; free virtual = 16502
INFO: [Designutils 20-5008] Incremental synthesis strategy off
---------------------------------------------------------------------------------
Finished Constraint Validation : Time (s): cpu = 00:00:11 ; elapsed = 00:00:11 . Memory (MB): peak = 2424.676 ; gain = 686.246 ; free physical = 3858 ; free virtual = 16509
---------------------------------------------------------------------------------
---------------------------------------------------------------------------------
Start Loading Part and Timing Information
---------------------------------------------------------------------------------
Loading part: xc7z020clg400-1
---------------------------------------------------------------------------------
Finished Loading Part and Timing Information : Time (s): cpu = 00:00:11 ; elapsed = 00:00:11 . Memory (MB): peak = 2432.680 ; gain = 694.250 ; free physical = 3858 ; free virtual = 16509
---------------------------------------------------------------------------------
---------------------------------------------------------------------------------
Start Applying 'set_property' XDC Constraints
---------------------------------------------------------------------------------
Applied set_property KEEP_HIERARCHY = SOFT for inst/Cfu/cfu_decoupler_inst. (constraint file  auto generated constraint).
---------------------------------------------------------------------------------
Finished applying 'set_property' XDC Constraints : Time (s): cpu = 00:00:11 ; elapsed = 00:00:11 . Memory (MB): peak = 2432.680 ; gain = 694.250 ; free physical = 3858 ; free virtual = 16509
---------------------------------------------------------------------------------
WARNING: [Synth 8-3936] Found unconnected internal register 'memory_to_writeBack_INSTRUCTION_reg' and it is trimmed from '32' to '30' bits. [/home/jsp/Storage/CFU_PYNQ_FIles/CFU_SRC/verilog/VexRiscv_FullCfu.v:2932]
WARNING: [Synth 8-3936] Found unconnected internal register 'execute_to_memory_INSTRUCTION_reg' and it is trimmed from '32' to '30' bits. [/home/jsp/Storage/CFU_PYNQ_FIles/CFU_SRC/verilog/VexRiscv_FullCfu.v:2733]
WARNING: [Synth 8-3936] Found unconnected internal register 'storage_1_dat1_reg' and it is trimmed from '10' to '8' bits. [/home/jsp/Storage/CFU_PYNQ_FIles/CFU_SRC/pynq_z2/pynq_z2/arunQAFDHGDZXVNBDXG_gae.srcs/sources_1/new/tul_pynq_z2.v:1627]
WARNING: [Synth 8-3936] Found unconnected internal register 'storage_dat1_reg' and it is trimmed from '10' to '8' bits. [/home/jsp/Storage/CFU_PYNQ_FIles/CFU_SRC/pynq_z2/pynq_z2/arunQAFDHGDZXVNBDXG_gae.srcs/sources_1/new/tul_pynq_z2.v:1606]
---------------------------------------------------------------------------------
Finished RTL Optimization Phase 2 : Time (s): cpu = 00:00:13 ; elapsed = 00:00:13 . Memory (MB): peak = 2432.680 ; gain = 694.250 ; free physical = 3858 ; free virtual = 16510
---------------------------------------------------------------------------------
---------------------------------------------------------------------------------
Start RTL Component Statistics 
---------------------------------------------------------------------------------
Detailed RTL Component Info : 
+---Adders : 
	   2 Input   64 Bit       Adders := 3     
	   3 Input   52 Bit       Adders := 1     
	   2 Input   33 Bit       Adders := 3     
	   3 Input   33 Bit       Adders := 1     
	   3 Input   32 Bit       Adders := 1     
	   2 Input   32 Bit       Adders := 7     
	   2 Input    8 Bit       Adders := 2     
	   2 Input    6 Bit       Adders := 1     
	   2 Input    5 Bit       Adders := 2     
	   2 Input    4 Bit       Adders := 9     
	   2 Input    3 Bit       Adders := 4     
	   2 Input    1 Bit       Adders := 2     
+---XORs : 
	   2 Input     32 Bit         XORs := 1     
	   2 Input      1 Bit         XORs := 2     
+---Registers : 
	               65 Bit    Registers := 1     
	               64 Bit    Registers := 2     
	               52 Bit    Registers := 1     
	               34 Bit    Registers := 1     
	               33 Bit    Registers := 1     
	               32 Bit    Registers := 49    
	               30 Bit    Registers := 3     
	               26 Bit    Registers := 1     
	               22 Bit    Registers := 2     
	               11 Bit    Registers := 1     
	                8 Bit    Registers := 10    
	                6 Bit    Registers := 1     
	                5 Bit    Registers := 3     
	                4 Bit    Registers := 15    
	                3 Bit    Registers := 7     
	                2 Bit    Registers := 19    
	                1 Bit    Registers := 166   
+---RAMs : 
	              64K Bit	(2048 X 32 bit)          RAMs := 1     
	              32K Bit	(1024 X 32 bit)          RAMs := 1     
	               8K Bit	(1024 X 8 bit)          RAMs := 4     
	               2K Bit	(128 X 22 bit)          RAMs := 2     
	             1024 Bit	(32 X 32 bit)          RAMs := 1     
	              160 Bit	(16 X 10 bit)          RAMs := 2     
+---Muxes : 
	   2 Input   33 Bit        Muxes := 3     
	   2 Input   32 Bit        Muxes := 129   
	   3 Input   32 Bit        Muxes := 3     
	   4 Input   32 Bit        Muxes := 4     
	   2 Input   30 Bit        Muxes := 1     
	   2 Input   25 Bit        Muxes := 1     
	   2 Input   14 Bit        Muxes := 2     
	   2 Input   10 Bit        Muxes := 2     
	   2 Input    8 Bit        Muxes := 13    
	   4 Input    8 Bit        Muxes := 1     
	   5 Input    8 Bit        Muxes := 1     
	   3 Input    8 Bit        Muxes := 2     
	   2 Input    7 Bit        Muxes := 4     
	   2 Input    5 Bit        Muxes := 3     
	   4 Input    4 Bit        Muxes := 3     
	   2 Input    4 Bit        Muxes := 11    
	   5 Input    4 Bit        Muxes := 1     
	   3 Input    4 Bit        Muxes := 1     
	   2 Input    3 Bit        Muxes := 8     
	   3 Input    3 Bit        Muxes := 1     
	   2 Input    2 Bit        Muxes := 6     
	   2 Input    1 Bit        Muxes := 172   
	   3 Input    1 Bit        Muxes := 2     
	   4 Input    1 Bit        Muxes := 1     
---------------------------------------------------------------------------------
Finished RTL Component Statistics 
---------------------------------------------------------------------------------
---------------------------------------------------------------------------------
Start Part Resource Summary
---------------------------------------------------------------------------------
Part Resources:
DSPs: 220 (col length:60)
BRAMs: 280 (col length: RAMB18 60 RAMB36 30)
---------------------------------------------------------------------------------
Finished Part Resource Summary
---------------------------------------------------------------------------------
---------------------------------------------------------------------------------
Start Cross Boundary and Area Optimization
---------------------------------------------------------------------------------
WARNING: [Synth 8-7080] Parallel synthesis criteria is not met
WARNING: [Synth 8-3936] Found unconnected internal register 'memory_to_writeBack_MUL_HH_reg' and it is trimmed from '34' to '32' bits. [/home/jsp/Storage/CFU_PYNQ_FIles/CFU_SRC/verilog/VexRiscv_FullCfu.v:2704]
WARNING: [Synth 8-3936] Found unconnected internal register 'execute_to_memory_MUL_HH_reg' and it is trimmed from '34' to '32' bits. [/home/jsp/Storage/CFU_PYNQ_FIles/CFU_SRC/verilog/VexRiscv_FullCfu.v:2626]
DSP Report: Generating DSP memory_to_writeBack_MUL_HH_reg, operation Mode is: (A*B)'.
DSP Report: register memory_to_writeBack_MUL_HH_reg is absorbed into DSP memory_to_writeBack_MUL_HH_reg.
DSP Report: register execute_to_memory_MUL_HH_reg is absorbed into DSP memory_to_writeBack_MUL_HH_reg.
DSP Report: operator execute_MUL_HH is absorbed into DSP memory_to_writeBack_MUL_HH_reg.
DSP Report: Generating DSP execute_to_memory_MUL_LH_reg, operation Mode is: (A*B)'.
DSP Report: register execute_to_memory_MUL_LH_reg is absorbed into DSP execute_to_memory_MUL_LH_reg.
DSP Report: operator execute_MUL_LH is absorbed into DSP execute_to_memory_MUL_LH_reg.
DSP Report: Generating DSP execute_to_memory_MUL_HL_reg, operation Mode is: (A*B)'.
DSP Report: register execute_to_memory_MUL_HL_reg is absorbed into DSP execute_to_memory_MUL_HL_reg.
DSP Report: operator execute_MUL_HL is absorbed into DSP execute_to_memory_MUL_HL_reg.
DSP Report: Generating DSP execute_to_memory_MUL_LL_reg, operation Mode is: (A*B)'.
DSP Report: register execute_to_memory_MUL_LL_reg is absorbed into DSP execute_to_memory_MUL_LL_reg.
DSP Report: operator execute_MUL_LL is absorbed into DSP execute_to_memory_MUL_LL_reg.
INFO: [Synth 8-3971] The signal "\inst/VexRiscv/RegFilePlugin_regFile_reg " was recognized as a true dual port RAM template.
RAM Pipeline Warning: Read Address Register Found For RAM inst/sram_reg. We will not be able to pipeline it. This may degrade performance. 
RAM Pipeline Warning: Read Address Register Found For RAM inst/sram_reg. We will not be able to pipeline it. This may degrade performance. 
RAM Pipeline Warning: Read Address Register Found For RAM inst/sram_reg. We will not be able to pipeline it. This may degrade performance. 
RAM Pipeline Warning: Read Address Register Found For RAM inst/sram_reg. We will not be able to pipeline it. This may degrade performance. 
---------------------------------------------------------------------------------
Finished Cross Boundary and Area Optimization : Time (s): cpu = 00:00:23 ; elapsed = 00:00:23 . Memory (MB): peak = 2432.680 ; gain = 694.250 ; free physical = 3830 ; free virtual = 16484
---------------------------------------------------------------------------------
 Sort Area is  memory_to_writeBack_MUL_HH_reg_5 : 0 0 : 2328 2328 : Used 1 time 0
 Sort Area is  execute_to_memory_MUL_HL_reg_2 : 0 0 : 2298 2298 : Used 1 time 0
 Sort Area is  execute_to_memory_MUL_LH_reg_4 : 0 0 : 2298 2298 : Used 1 time 0
 Sort Area is  execute_to_memory_MUL_LL_reg_0 : 0 0 : 1978 1978 : Used 1 time 0
---------------------------------------------------------------------------------
Start ROM, RAM, DSP, Shift Register and Retiming Reporting
---------------------------------------------------------------------------------

Block RAM: Preliminary Mapping Report (see note below)
+---------------------------------------+-------------------------+------------------------+---+---+------------------------+---+---+------------------+--------+--------+
|Module Name                            | RTL Object              | PORT A (Depth x Width) | W | R | PORT B (Depth x Width) | W | R | Ports driving FF | RAMB18 | RAMB36 | 
+---------------------------------------+-------------------------+------------------------+---+---+------------------------+---+---+------------------+--------+--------+
|\inst/VexRiscv /IBusCachedPlugin_cache | banks_0_reg             | 1 K x 32(READ_FIRST)   | W |   | 1 K x 32(WRITE_FIRST)  |   | R | Port A and B     | 0      | 1      | 
|\inst/VexRiscv /IBusCachedPlugin_cache | ways_0_tags_reg         | 128 x 22(READ_FIRST)   | W |   | 128 x 22(WRITE_FIRST)  |   | R | Port A and B     | 1      | 0      | 
|\inst/VexRiscv /dataCache_1            | ways_0_tags_reg         | 128 x 22(READ_FIRST)   | W |   | 128 x 22(WRITE_FIRST)  |   | R | Port A and B     | 1      | 0      | 
|\inst/VexRiscv /dataCache_1            | ways_0_data_symbol0_reg | 1 K x 8(READ_FIRST)    | W |   | 1 K x 8(WRITE_FIRST)   |   | R | Port A and B     | 1      | 0      | 
|\inst/VexRiscv /dataCache_1            | ways_0_data_symbol1_reg | 1 K x 8(READ_FIRST)    | W |   | 1 K x 8(WRITE_FIRST)   |   | R | Port A and B     | 1      | 0      | 
|\inst/VexRiscv /dataCache_1            | ways_0_data_symbol2_reg | 1 K x 8(READ_FIRST)    | W |   | 1 K x 8(WRITE_FIRST)   |   | R | Port A and B     | 1      | 0      | 
|\inst/VexRiscv /dataCache_1            | ways_0_data_symbol3_reg | 1 K x 8(READ_FIRST)    | W |   | 1 K x 8(WRITE_FIRST)   |   | R | Port A and B     | 1      | 0      | 
|system_tul_pynq_z2_0_0                 | inst/sram_reg           | 2 K x 32(WRITE_FIRST)  | W | R |                        |   |   | Port A           | 0      | 2      | 
+---------------------------------------+-------------------------+------------------------+---+---+------------------------+---+---+------------------+--------+--------+

Note: The table above is a preliminary report that shows the Block RAMs at the current stage of the synthesis flow. Some Block RAMs may be reimplemented as non Block RAM primitives later in the synthesis flow. Multiple instantiated Block RAMs are reported only once. 

Distributed RAM: Preliminary Mapping Report (see note below)
+-----------------------+--------------------+-----------+----------------------+-------------+
|Module Name            | RTL Object         | Inference | Size (Depth x Width) | Primitives  | 
+-----------------------+--------------------+-----------+----------------------+-------------+
|system_tul_pynq_z2_0_0 | inst/storage_reg   | Implied   | 16 x 8               | RAM32M x 2  | 
|system_tul_pynq_z2_0_0 | inst/storage_1_reg | Implied   | 16 x 8               | RAM32M x 2  | 
+-----------------------+--------------------+-----------+----------------------+-------------+

Note: The table above is a preliminary report that shows the Distributed RAMs at the current stage of the synthesis flow. Some Distributed RAMs may be reimplemented as non Distributed RAM primitives later in the synthesis flow. Multiple instantiated RAMs are reported only once.

DSP: Preliminary Mapping Report (see note below. The ' indicates corresponding REG is set)
+------------+-------------+--------+--------+--------+--------+--------+------+------+------+------+-------+------+------+
|Module Name | DSP Mapping | A Size | B Size | C Size | D Size | P Size | AREG | BREG | CREG | DREG | ADREG | MREG | PREG | 
+------------+-------------+--------+--------+--------+--------+--------+------+------+------+------+-------+------+------+
|VexRiscv    | (A*B)'      | 17     | 17     | -      | -      | 34     | 0    | 0    | -    | -    | -     | 1    | 1    | 
|VexRiscv    | (A*B)'      | 17     | 17     | -      | -      | 34     | 0    | 0    | -    | -    | -     | 1    | 0    | 
|VexRiscv    | (A*B)'      | 17     | 17     | -      | -      | 34     | 0    | 0    | -    | -    | -     | 1    | 0    | 
|VexRiscv    | (A*B)'      | 16     | 16     | -      | -      | 32     | 0    | 0    | -    | -    | -     | 1    | 0    | 
+------------+-------------+--------+--------+--------+--------+--------+------+------+------+------+-------+------+------+

Note: The table above is a preliminary report that shows the DSPs inferred at the current stage of the synthesis flow. Some DSP may be reimplemented as non DSP primitives later in the synthesis flow. Multiple instantiated DSPs are reported only once.
---------------------------------------------------------------------------------
Finished ROM, RAM, DSP, Shift Register and Retiming Reporting
---------------------------------------------------------------------------------
---------------------------------------------------------------------------------
Start Applying XDC Timing Constraints
---------------------------------------------------------------------------------
---------------------------------------------------------------------------------
Finished Applying XDC Timing Constraints : Time (s): cpu = 00:00:29 ; elapsed = 00:00:29 . Memory (MB): peak = 2432.680 ; gain = 694.250 ; free physical = 3832 ; free virtual = 16489
---------------------------------------------------------------------------------
---------------------------------------------------------------------------------
Start Timing Optimization
---------------------------------------------------------------------------------
---------------------------------------------------------------------------------
Finished Timing Optimization : Time (s): cpu = 00:00:29 ; elapsed = 00:00:30 . Memory (MB): peak = 2432.680 ; gain = 694.250 ; free physical = 3832 ; free virtual = 16488
---------------------------------------------------------------------------------
---------------------------------------------------------------------------------
Start ROM, RAM, DSP, Shift Register and Retiming Reporting
---------------------------------------------------------------------------------

Block RAM: Final Mapping Report
+---------------------------------------+-------------------------+------------------------+---+---+------------------------+---+---+------------------+--------+--------+
|Module Name                            | RTL Object              | PORT A (Depth x Width) | W | R | PORT B (Depth x Width) | W | R | Ports driving FF | RAMB18 | RAMB36 | 
+---------------------------------------+-------------------------+------------------------+---+---+------------------------+---+---+------------------+--------+--------+
|\inst/VexRiscv /IBusCachedPlugin_cache | banks_0_reg             | 1 K x 32(READ_FIRST)   | W |   | 1 K x 32(WRITE_FIRST)  |   | R | Port A and B     | 0      | 1      | 
|\inst/VexRiscv /IBusCachedPlugin_cache | ways_0_tags_reg         | 128 x 22(READ_FIRST)   | W |   | 128 x 22(WRITE_FIRST)  |   | R | Port A and B     | 1      | 0      | 
|\inst/VexRiscv /dataCache_1            | ways_0_tags_reg         | 128 x 22(READ_FIRST)   | W |   | 128 x 22(WRITE_FIRST)  |   | R | Port A and B     | 1      | 0      | 
|\inst/VexRiscv /dataCache_1            | ways_0_data_symbol0_reg | 1 K x 8(READ_FIRST)    | W |   | 1 K x 8(WRITE_FIRST)   |   | R | Port A and B     | 1      | 0      | 
|\inst/VexRiscv /dataCache_1            | ways_0_data_symbol1_reg | 1 K x 8(READ_FIRST)    | W |   | 1 K x 8(WRITE_FIRST)   |   | R | Port A and B     | 1      | 0      | 
|\inst/VexRiscv /dataCache_1            | ways_0_data_symbol2_reg | 1 K x 8(READ_FIRST)    | W |   | 1 K x 8(WRITE_FIRST)   |   | R | Port A and B     | 1      | 0      | 
|\inst/VexRiscv /dataCache_1            | ways_0_data_symbol3_reg | 1 K x 8(READ_FIRST)    | W |   | 1 K x 8(WRITE_FIRST)   |   | R | Port A and B     | 1      | 0      | 
|system_tul_pynq_z2_0_0                 | inst/sram_reg           | 2 K x 32(WRITE_FIRST)  | W | R |                        |   |   | Port A           | 0      | 2      | 
+---------------------------------------+-------------------------+------------------------+---+---+------------------------+---+---+------------------+--------+--------+


Distributed RAM: Final Mapping Report
+-----------------------+--------------------+-----------+----------------------+-------------+
|Module Name            | RTL Object         | Inference | Size (Depth x Width) | Primitives  | 
+-----------------------+--------------------+-----------+----------------------+-------------+
|system_tul_pynq_z2_0_0 | inst/storage_reg   | Implied   | 16 x 8               | RAM32M x 2  | 
|system_tul_pynq_z2_0_0 | inst/storage_1_reg | Implied   | 16 x 8               | RAM32M x 2  | 
+-----------------------+--------------------+-----------+----------------------+-------------+

---------------------------------------------------------------------------------
Finished ROM, RAM, DSP, Shift Register and Retiming Reporting
---------------------------------------------------------------------------------
---------------------------------------------------------------------------------
Start Technology Mapping
---------------------------------------------------------------------------------
INFO: [Synth 8-7052] The timing for the instance inst/VexRiscv/IBusCachedPlugin_cache/banks_0_reg (implemented as a Block RAM) might be sub-optimal as no optional output register could be merged into the ram block. Providing additional output register may help in improving timing.
INFO: [Synth 8-7052] The timing for the instance inst/VexRiscv/IBusCachedPlugin_cache/ways_0_tags_reg (implemented as a Block RAM) might be sub-optimal as no optional output register could be merged into the ram block. Providing additional output register may help in improving timing.
INFO: [Synth 8-7052] The timing for the instance inst/VexRiscv/dataCache_1/ways_0_tags_reg (implemented as a Block RAM) might be sub-optimal as no optional output register could be merged into the ram block. Providing additional output register may help in improving timing.
INFO: [Synth 8-7052] The timing for the instance inst/VexRiscv/RegFilePlugin_regFile_reg_1 (implemented as a Block RAM) might be sub-optimal as no optional output register could be merged into the ram block. Providing additional output register may help in improving timing.
INFO: [Synth 8-7052] The timing for the instance inst/VexRiscv/RegFilePlugin_regFile_reg_2 (implemented as a Block RAM) might be sub-optimal as no optional output register could be merged into the ram block. Providing additional output register may help in improving timing.
INFO: [Synth 8-7052] The timing for the instance inst/sram_reg_0 (implemented as a Block RAM) might be sub-optimal as no optional output register could be merged into the ram block. Providing additional output register may help in improving timing.
INFO: [Synth 8-7052] The timing for the instance inst/sram_reg_1 (implemented as a Block RAM) might be sub-optimal as no optional output register could be merged into the ram block. Providing additional output register may help in improving timing.
---------------------------------------------------------------------------------
Finished Technology Mapping : Time (s): cpu = 00:00:30 ; elapsed = 00:00:30 . Memory (MB): peak = 2432.680 ; gain = 694.250 ; free physical = 3829 ; free virtual = 16486
---------------------------------------------------------------------------------
---------------------------------------------------------------------------------
Start IO Insertion
---------------------------------------------------------------------------------
---------------------------------------------------------------------------------
Start Flattening Before IO Insertion
---------------------------------------------------------------------------------
---------------------------------------------------------------------------------
Finished Flattening Before IO Insertion
---------------------------------------------------------------------------------
---------------------------------------------------------------------------------
Start Final Netlist Cleanup
---------------------------------------------------------------------------------
---------------------------------------------------------------------------------
Finished Final Netlist Cleanup
---------------------------------------------------------------------------------
---------------------------------------------------------------------------------
Finished IO Insertion : Time (s): cpu = 00:00:33 ; elapsed = 00:00:34 . Memory (MB): peak = 2432.680 ; gain = 694.250 ; free physical = 3830 ; free virtual = 16488
---------------------------------------------------------------------------------
---------------------------------------------------------------------------------
Start Renaming Generated Instances
---------------------------------------------------------------------------------
---------------------------------------------------------------------------------
Finished Renaming Generated Instances : Time (s): cpu = 00:00:33 ; elapsed = 00:00:34 . Memory (MB): peak = 2432.680 ; gain = 694.250 ; free physical = 3830 ; free virtual = 16488
---------------------------------------------------------------------------------
---------------------------------------------------------------------------------
Start Rebuilding User Hierarchy
---------------------------------------------------------------------------------
---------------------------------------------------------------------------------
Finished Rebuilding User Hierarchy : Time (s): cpu = 00:00:33 ; elapsed = 00:00:34 . Memory (MB): peak = 2432.680 ; gain = 694.250 ; free physical = 3829 ; free virtual = 16488
---------------------------------------------------------------------------------
---------------------------------------------------------------------------------
Start Renaming Generated Ports
---------------------------------------------------------------------------------
---------------------------------------------------------------------------------
Finished Renaming Generated Ports : Time (s): cpu = 00:00:33 ; elapsed = 00:00:34 . Memory (MB): peak = 2432.680 ; gain = 694.250 ; free physical = 3829 ; free virtual = 16488
---------------------------------------------------------------------------------
---------------------------------------------------------------------------------
Start Handling Custom Attributes
---------------------------------------------------------------------------------
---------------------------------------------------------------------------------
Finished Handling Custom Attributes : Time (s): cpu = 00:00:34 ; elapsed = 00:00:34 . Memory (MB): peak = 2432.680 ; gain = 694.250 ; free physical = 3829 ; free virtual = 16487
---------------------------------------------------------------------------------
---------------------------------------------------------------------------------
Start Renaming Generated Nets
---------------------------------------------------------------------------------
---------------------------------------------------------------------------------
Finished Renaming Generated Nets : Time (s): cpu = 00:00:34 ; elapsed = 00:00:34 . Memory (MB): peak = 2432.680 ; gain = 694.250 ; free physical = 3829 ; free virtual = 16487
---------------------------------------------------------------------------------
---------------------------------------------------------------------------------
Start Writing Synthesis Report
---------------------------------------------------------------------------------

DSP Final Report (the ' indicates corresponding REG is set)
+------------+-------------+--------+--------+--------+--------+--------+------+------+------+------+-------+------+------+
|Module Name | DSP Mapping | A Size | B Size | C Size | D Size | P Size | AREG | BREG | CREG | DREG | ADREG | MREG | PREG | 
+------------+-------------+--------+--------+--------+--------+--------+------+------+------+------+-------+------+------+
|VexRiscv    | ((A*B)')'   | 30     | 18     | -      | -      | 32     | 0    | 0    | -    | -    | -     | 1    | 1    | 
|VexRiscv    | (A*B)'      | 16     | 18     | -      | -      | 34     | 0    | 0    | -    | -    | -     | 0    | 1    | 
|VexRiscv    | (A*B)'      | 30     | 16     | -      | -      | 34     | 0    | 0    | -    | -    | -     | 0    | 1    | 
|VexRiscv    | (A*B)'      | 16     | 16     | -      | -      | 32     | 0    | 0    | -    | -    | -     | 0    | 1    | 
+------------+-------------+--------+--------+--------+--------+--------+------+------+------+------+-------+------+------+


Report BlackBoxes: 
+------+--------------+----------+
|      |BlackBox name |Instances |
+------+--------------+----------+
|1     |cfu_decoupler |         1|
+------+--------------+----------+

Report Cell Usage: 
+------+--------------+------+
|      |Cell          |Count |
+------+--------------+------+
|1     |cfu_decoupler |     1|
|2     |BUFG          |     1|
|3     |CARRY4        |   167|
|4     |DSP48E1       |     4|
|6     |LUT1          |   158|
|7     |LUT2          |   332|
|8     |LUT3          |   514|
|9     |LUT4          |   426|
|10    |LUT5          |   463|
|11    |LUT6          |  1088|
|12    |PLLE2_ADV     |     1|
|13    |RAM32M        |     2|
|14    |RAM32X1D      |     4|
|15    |RAMB18E1      |     8|
|17    |RAMB36E1      |     3|
|19    |FDCE          |     8|
|20    |FDPE          |     2|
|21    |FDRE          |  1872|
|22    |FDSE          |    88|
+------+--------------+------+
---------------------------------------------------------------------------------
Finished Writing Synthesis Report : Time (s): cpu = 00:00:34 ; elapsed = 00:00:34 . Memory (MB): peak = 2432.680 ; gain = 694.250 ; free physical = 3829 ; free virtual = 16487
---------------------------------------------------------------------------------
Synthesis finished with 0 errors, 0 critical warnings and 194 warnings.
Synthesis Optimization Runtime : Time (s): cpu = 00:00:32 ; elapsed = 00:00:32 . Memory (MB): peak = 2432.680 ; gain = 561.500 ; free physical = 3829 ; free virtual = 16487
Synthesis Optimization Complete : Time (s): cpu = 00:00:34 ; elapsed = 00:00:34 . Memory (MB): peak = 2432.688 ; gain = 694.250 ; free physical = 3829 ; free virtual = 16487
INFO: [Project 1-571] Translating synthesized netlist
Netlist sorting complete. Time (s): cpu = 00:00:00.03 ; elapsed = 00:00:00.03 . Memory (MB): peak = 2432.688 ; gain = 0.000 ; free physical = 4123 ; free virtual = 16781
INFO: [Netlist 29-17] Analyzing 189 Unisim elements for replacement
INFO: [Netlist 29-28] Unisim Transformation completed in 0 CPU seconds
INFO: [Project 1-570] Preparing netlist for logic optimization
INFO: [Opt 31-138] Pushed 0 inverter(s) to 0 load pin(s).
Netlist sorting complete. Time (s): cpu = 00:00:00 ; elapsed = 00:00:00 . Memory (MB): peak = 2488.707 ; gain = 0.000 ; free physical = 4125 ; free virtual = 16784
INFO: [Project 1-111] Unisim Transformation Summary:
  A total of 6 instances were transformed.
  RAM32M => RAM32M (RAMD32(x6), RAMS32(x2)): 2 instances
  RAM32X1D => RAM32X1D (RAMD32(x2)): 4 instances

Synth Design complete | Checksum: 3ef9bc88
INFO: [Common 17-83] Releasing license: Synthesis
68 Infos, 199 Warnings, 3 Critical Warnings and 0 Errors encountered.
synth_design completed successfully
synth_design: Time (s): cpu = 00:00:41 ; elapsed = 00:00:39 . Memory (MB): peak = 2488.707 ; gain = 1070.809 ; free physical = 4125 ; free virtual = 16784
INFO: [Common 17-2834] synth_design peak Physical Memory [PSS] (MB): overall = 1893.403; main = 1549.841; forked = 368.391
INFO: [Common 17-2834] synth_design peak Virtual Memory [VSS] (MB): overall = 3466.176; main = 2488.711; forked = 1033.492
INFO: [runtcl-6] Synthesis results are not added to the cache due to CRITICAL_WARNING
INFO: [Coretcl 2-1174] Renamed 6 cell refs.
Write ShapeDB Complete: Time (s): cpu = 00:00:00.01 ; elapsed = 00:00:00 . Memory (MB): peak = 2512.719 ; gain = 0.000 ; free physical = 4125 ; free virtual = 16784
INFO: [Common 17-1381] The checkpoint '/home/jsp/Storage/CFU_PYNQ_FIles/CFU_SRC/pynq_z2/pynq_z2/arunQAFDHGDZXVNBDXG_gae.runs/system_tul_pynq_z2_0_0_synth_1/system_tul_pynq_z2_0_0.dcp' has been generated.
INFO: [Vivado 12-24828] Executing command : report_utilization -file system_tul_pynq_z2_0_0_utilization_synth.rpt -pb system_tul_pynq_z2_0_0_utilization_synth.pb
INFO: [Common 17-206] Exiting Vivado at Tue Nov  4 14:40:40 2025...
[Tue Nov  4 14:40:50 2025] system_tul_pynq_z2_0_0_synth_1 finished
wait_on_runs: Time (s): cpu = 00:00:56 ; elapsed = 00:01:01 . Memory (MB): peak = 10684.375 ; gain = 0.000 ; free physical = 5507 ; free virtual = 18170
launch_runs system_xbar_0_synth_1
INFO: [IP_Flow 19-6924] IPCACHE: Running cache check for IP inst: system_xbar_0
[Tue Nov  4 14:40:50 2025] Launched system_xbar_0_synth_1...
Run output will be captured here: /home/jsp/Storage/CFU_PYNQ_FIles/CFU_SRC/pynq_z2/pynq_z2/arunQAFDHGDZXVNBDXG_gae.runs/system_xbar_0_synth_1/runme.log
wait_on_run system_xbar_0_synth_1
[Tue Nov  4 14:40:51 2025] Waiting for system_xbar_0_synth_1 to finish...
[Tue Nov  4 14:40:56 2025] Waiting for system_xbar_0_synth_1 to finish...
[Tue Nov  4 14:41:01 2025] Waiting for system_xbar_0_synth_1 to finish...
[Tue Nov  4 14:41:06 2025] Waiting for system_xbar_0_synth_1 to finish...
[Tue Nov  4 14:41:16 2025] Waiting for system_xbar_0_synth_1 to finish...
[Tue Nov  4 14:41:26 2025] Waiting for system_xbar_0_synth_1 to finish...
[Tue Nov  4 14:41:36 2025] Waiting for system_xbar_0_synth_1 to finish...

*** Running vivado
    with args -log system_xbar_0.vds -m64 -product Vivado -mode batch -messageDb vivado.pb -notrace -source system_xbar_0.tcl


****** Vivado v2024.1 (64-bit)
  **** SW Build 5076996 on Wed May 22 18:36:09 MDT 2024
  **** IP Build 5075265 on Wed May 22 21:45:21 MDT 2024
  **** SharedData Build 5076995 on Wed May 22 18:29:18 MDT 2024
  **** Start of session at: Tue Nov  4 14:40:53 2025
    ** Copyright 1986-2022 Xilinx, Inc. All Rights Reserved.
    ** Copyright 2022-2024 Advanced Micro Devices, Inc. All Rights Reserved.

source system_xbar_0.tcl -notrace
create_project: Time (s): cpu = 00:00:06 ; elapsed = 00:00:06 . Memory (MB): peak = 1416.902 ; gain = 0.027 ; free physical = 5029 ; free virtual = 17693
INFO: [IP_Flow 19-234] Refreshing IP repositories
WARNING: [IP_Flow 19-2248] Failed to load user IP repository '/home/work/Xilinx/Vivado/2024.2/data/ip'; Can't find the specified path.
If this directory should no longer be in your list of user repositories, go to the IP Settings dialog and remove it.
WARNING: [IP_Flow 19-2248] Failed to load user IP repository '/home/primary/vivado-library/ip'; Can't find the specified path.
If this directory should no longer be in your list of user repositories, go to the IP Settings dialog and remove it.
INFO: [IP_Flow 19-2313] Loaded Vivado IP repository '/home/jsp/Storage/Vivado/2024.1/data/ip'.
INFO: [IP_Flow 19-6924] IPCACHE: Running cache check for IP inst: system_xbar_0
Command: synth_design -top system_xbar_0 -part xc7z020clg400-1 -incremental_mode off -mode out_of_context
Starting synth_design
Attempting to get a license for feature 'Synthesis' and/or device 'xc7z020'
INFO: [Common 17-349] Got license for feature 'Synthesis' and/or device 'xc7z020'
INFO: [Device 21-403] Loading part xc7z020clg400-1
INFO: [Device 21-9227] Part: xc7z020clg400-1 does not have CEAM library.
INFO: [Synth 8-7079] Multithreading enabled for synth_design using a maximum of 4 processes.
INFO: [Synth 8-7078] Launching helper process for spawning children vivado processes
INFO: [Synth 8-7075] Helper process launched with PID 63960
---------------------------------------------------------------------------------
Starting RTL Elaboration : Time (s): cpu = 00:00:04 ; elapsed = 00:00:05 . Memory (MB): peak = 2169.141 ; gain = 418.801 ; free physical = 3976 ; free virtual = 16640
---------------------------------------------------------------------------------
INFO: [Synth 8-6157] synthesizing module 'system_xbar_0' [/home/jsp/Storage/CFU_PYNQ_FIles/CFU_SRC/pynq_z2/pynq_z2/arunQAFDHGDZXVNBDXG_gae.gen/sources_1/bd/system/ip/system_xbar_0/synth/system_xbar_0.v:53]
INFO: [Synth 8-6157] synthesizing module 'axi_crossbar_v2_1_32_axi_crossbar' [/home/jsp/Storage/CFU_PYNQ_FIles/CFU_SRC/pynq_z2/pynq_z2/arunQAFDHGDZXVNBDXG_gae.gen/sources_1/bd/system/ipshared/e9d8/hdl/axi_crossbar_v2_1_vl_rfs.v:4871]
INFO: [Synth 8-6157] synthesizing module 'axi_crossbar_v2_1_32_crossbar_sasd' [/home/jsp/Storage/CFU_PYNQ_FIles/CFU_SRC/pynq_z2/pynq_z2/arunQAFDHGDZXVNBDXG_gae.gen/sources_1/bd/system/ipshared/e9d8/hdl/axi_crossbar_v2_1_vl_rfs.v:1234]
INFO: [Synth 8-6157] synthesizing module 'axi_crossbar_v2_1_32_addr_decoder' [/home/jsp/Storage/CFU_PYNQ_FIles/CFU_SRC/pynq_z2/pynq_z2/arunQAFDHGDZXVNBDXG_gae.gen/sources_1/bd/system/ipshared/e9d8/hdl/axi_crossbar_v2_1_vl_rfs.v:790]
INFO: [Synth 8-6157] synthesizing module 'generic_baseblocks_v2_1_2_comparator_static' [/home/jsp/Storage/CFU_PYNQ_FIles/CFU_SRC/pynq_z2/pynq_z2/arunQAFDHGDZXVNBDXG_gae.gen/sources_1/bd/system/ipshared/0c28/hdl/generic_baseblocks_v2_1_vl_rfs.v:2119]
INFO: [Synth 8-6157] synthesizing module 'generic_baseblocks_v2_1_2_carry_and' [/home/jsp/Storage/CFU_PYNQ_FIles/CFU_SRC/pynq_z2/pynq_z2/arunQAFDHGDZXVNBDXG_gae.gen/sources_1/bd/system/ipshared/0c28/hdl/generic_baseblocks_v2_1_vl_rfs.v:60]
INFO: [Synth 8-6155] done synthesizing module 'generic_baseblocks_v2_1_2_carry_and' (0#1) [/home/jsp/Storage/CFU_PYNQ_FIles/CFU_SRC/pynq_z2/pynq_z2/arunQAFDHGDZXVNBDXG_gae.gen/sources_1/bd/system/ipshared/0c28/hdl/generic_baseblocks_v2_1_vl_rfs.v:60]
INFO: [Synth 8-6155] done synthesizing module 'generic_baseblocks_v2_1_2_comparator_static' (0#1) [/home/jsp/Storage/CFU_PYNQ_FIles/CFU_SRC/pynq_z2/pynq_z2/arunQAFDHGDZXVNBDXG_gae.gen/sources_1/bd/system/ipshared/0c28/hdl/generic_baseblocks_v2_1_vl_rfs.v:2119]
INFO: [Synth 8-6157] synthesizing module 'generic_baseblocks_v2_1_2_comparator_static__parameterized0' [/home/jsp/Storage/CFU_PYNQ_FIles/CFU_SRC/pynq_z2/pynq_z2/arunQAFDHGDZXVNBDXG_gae.gen/sources_1/bd/system/ipshared/0c28/hdl/generic_baseblocks_v2_1_vl_rfs.v:2119]
INFO: [Synth 8-6155] done synthesizing module 'generic_baseblocks_v2_1_2_comparator_static__parameterized0' (0#1) [/home/jsp/Storage/CFU_PYNQ_FIles/CFU_SRC/pynq_z2/pynq_z2/arunQAFDHGDZXVNBDXG_gae.gen/sources_1/bd/system/ipshared/0c28/hdl/generic_baseblocks_v2_1_vl_rfs.v:2119]
INFO: [Synth 8-6157] synthesizing module 'generic_baseblocks_v2_1_2_comparator_static__parameterized1' [/home/jsp/Storage/CFU_PYNQ_FIles/CFU_SRC/pynq_z2/pynq_z2/arunQAFDHGDZXVNBDXG_gae.gen/sources_1/bd/system/ipshared/0c28/hdl/generic_baseblocks_v2_1_vl_rfs.v:2119]
INFO: [Synth 8-6155] done synthesizing module 'generic_baseblocks_v2_1_2_comparator_static__parameterized1' (0#1) [/home/jsp/Storage/CFU_PYNQ_FIles/CFU_SRC/pynq_z2/pynq_z2/arunQAFDHGDZXVNBDXG_gae.gen/sources_1/bd/system/ipshared/0c28/hdl/generic_baseblocks_v2_1_vl_rfs.v:2119]
INFO: [Synth 8-6157] synthesizing module 'generic_baseblocks_v2_1_2_comparator_static__parameterized2' [/home/jsp/Storage/CFU_PYNQ_FIles/CFU_SRC/pynq_z2/pynq_z2/arunQAFDHGDZXVNBDXG_gae.gen/sources_1/bd/system/ipshared/0c28/hdl/generic_baseblocks_v2_1_vl_rfs.v:2119]
INFO: [Synth 8-6155] done synthesizing module 'generic_baseblocks_v2_1_2_comparator_static__parameterized2' (0#1) [/home/jsp/Storage/CFU_PYNQ_FIles/CFU_SRC/pynq_z2/pynq_z2/arunQAFDHGDZXVNBDXG_gae.gen/sources_1/bd/system/ipshared/0c28/hdl/generic_baseblocks_v2_1_vl_rfs.v:2119]
INFO: [Synth 8-6155] done synthesizing module 'axi_crossbar_v2_1_32_addr_decoder' (0#1) [/home/jsp/Storage/CFU_PYNQ_FIles/CFU_SRC/pynq_z2/pynq_z2/arunQAFDHGDZXVNBDXG_gae.gen/sources_1/bd/system/ipshared/e9d8/hdl/axi_crossbar_v2_1_vl_rfs.v:790]
INFO: [Synth 8-6157] synthesizing module 'axi_crossbar_v2_1_32_decerr_slave' [/home/jsp/Storage/CFU_PYNQ_FIles/CFU_SRC/pynq_z2/pynq_z2/arunQAFDHGDZXVNBDXG_gae.gen/sources_1/bd/system/ipshared/e9d8/hdl/axi_crossbar_v2_1_vl_rfs.v:3493]
INFO: [Synth 8-6155] done synthesizing module 'axi_crossbar_v2_1_32_decerr_slave' (0#1) [/home/jsp/Storage/CFU_PYNQ_FIles/CFU_SRC/pynq_z2/pynq_z2/arunQAFDHGDZXVNBDXG_gae.gen/sources_1/bd/system/ipshared/e9d8/hdl/axi_crossbar_v2_1_vl_rfs.v:3493]
INFO: [Synth 8-6157] synthesizing module 'axi_crossbar_v2_1_32_addr_arbiter_sasd' [/home/jsp/Storage/CFU_PYNQ_FIles/CFU_SRC/pynq_z2/pynq_z2/arunQAFDHGDZXVNBDXG_gae.gen/sources_1/bd/system/ipshared/e9d8/hdl/axi_crossbar_v2_1_vl_rfs.v:63]
INFO: [Synth 8-6155] done synthesizing module 'axi_crossbar_v2_1_32_addr_arbiter_sasd' (0#1) [/home/jsp/Storage/CFU_PYNQ_FIles/CFU_SRC/pynq_z2/pynq_z2/arunQAFDHGDZXVNBDXG_gae.gen/sources_1/bd/system/ipshared/e9d8/hdl/axi_crossbar_v2_1_vl_rfs.v:63]
INFO: [Synth 8-6157] synthesizing module 'axi_crossbar_v2_1_32_splitter' [/home/jsp/Storage/CFU_PYNQ_FIles/CFU_SRC/pynq_z2/pynq_z2/arunQAFDHGDZXVNBDXG_gae.gen/sources_1/bd/system/ipshared/e9d8/hdl/axi_crossbar_v2_1_vl_rfs.v:4451]
INFO: [Synth 8-6155] done synthesizing module 'axi_crossbar_v2_1_32_splitter' (0#1) [/home/jsp/Storage/CFU_PYNQ_FIles/CFU_SRC/pynq_z2/pynq_z2/arunQAFDHGDZXVNBDXG_gae.gen/sources_1/bd/system/ipshared/e9d8/hdl/axi_crossbar_v2_1_vl_rfs.v:4451]
INFO: [Synth 8-6157] synthesizing module 'axi_crossbar_v2_1_32_splitter__parameterized0' [/home/jsp/Storage/CFU_PYNQ_FIles/CFU_SRC/pynq_z2/pynq_z2/arunQAFDHGDZXVNBDXG_gae.gen/sources_1/bd/system/ipshared/e9d8/hdl/axi_crossbar_v2_1_vl_rfs.v:4451]
INFO: [Synth 8-6155] done synthesizing module 'axi_crossbar_v2_1_32_splitter__parameterized0' (0#1) [/home/jsp/Storage/CFU_PYNQ_FIles/CFU_SRC/pynq_z2/pynq_z2/arunQAFDHGDZXVNBDXG_gae.gen/sources_1/bd/system/ipshared/e9d8/hdl/axi_crossbar_v2_1_vl_rfs.v:4451]
INFO: [Synth 8-6157] synthesizing module 'generic_baseblocks_v2_1_2_mux_enc' [/home/jsp/Storage/CFU_PYNQ_FIles/CFU_SRC/pynq_z2/pynq_z2/arunQAFDHGDZXVNBDXG_gae.gen/sources_1/bd/system/ipshared/0c28/hdl/generic_baseblocks_v2_1_vl_rfs.v:2436]
INFO: [Synth 8-6155] done synthesizing module 'generic_baseblocks_v2_1_2_mux_enc' (0#1) [/home/jsp/Storage/CFU_PYNQ_FIles/CFU_SRC/pynq_z2/pynq_z2/arunQAFDHGDZXVNBDXG_gae.gen/sources_1/bd/system/ipshared/0c28/hdl/generic_baseblocks_v2_1_vl_rfs.v:2436]
INFO: [Synth 8-6157] synthesizing module 'generic_baseblocks_v2_1_2_mux_enc__parameterized0' [/home/jsp/Storage/CFU_PYNQ_FIles/CFU_SRC/pynq_z2/pynq_z2/arunQAFDHGDZXVNBDXG_gae.gen/sources_1/bd/system/ipshared/0c28/hdl/generic_baseblocks_v2_1_vl_rfs.v:2436]
INFO: [Synth 8-6155] done synthesizing module 'generic_baseblocks_v2_1_2_mux_enc__parameterized0' (0#1) [/home/jsp/Storage/CFU_PYNQ_FIles/CFU_SRC/pynq_z2/pynq_z2/arunQAFDHGDZXVNBDXG_gae.gen/sources_1/bd/system/ipshared/0c28/hdl/generic_baseblocks_v2_1_vl_rfs.v:2436]
INFO: [Synth 8-6157] synthesizing module 'generic_baseblocks_v2_1_2_mux_enc__parameterized1' [/home/jsp/Storage/CFU_PYNQ_FIles/CFU_SRC/pynq_z2/pynq_z2/arunQAFDHGDZXVNBDXG_gae.gen/sources_1/bd/system/ipshared/0c28/hdl/generic_baseblocks_v2_1_vl_rfs.v:2436]
INFO: [Synth 8-6155] done synthesizing module 'generic_baseblocks_v2_1_2_mux_enc__parameterized1' (0#1) [/home/jsp/Storage/CFU_PYNQ_FIles/CFU_SRC/pynq_z2/pynq_z2/arunQAFDHGDZXVNBDXG_gae.gen/sources_1/bd/system/ipshared/0c28/hdl/generic_baseblocks_v2_1_vl_rfs.v:2436]
INFO: [Synth 8-6157] synthesizing module 'axi_register_slice_v2_1_31_axic_register_slice' [/home/jsp/Storage/CFU_PYNQ_FIles/CFU_SRC/pynq_z2/pynq_z2/arunQAFDHGDZXVNBDXG_gae.gen/sources_1/bd/system/ipshared/92b2/hdl/axi_register_slice_v2_1_vl_rfs.v:1492]
INFO: [Synth 8-6155] done synthesizing module 'axi_register_slice_v2_1_31_axic_register_slice' (0#1) [/home/jsp/Storage/CFU_PYNQ_FIles/CFU_SRC/pynq_z2/pynq_z2/arunQAFDHGDZXVNBDXG_gae.gen/sources_1/bd/system/ipshared/92b2/hdl/axi_register_slice_v2_1_vl_rfs.v:1492]
INFO: [Synth 8-6157] synthesizing module 'generic_baseblocks_v2_1_2_mux_enc__parameterized2' [/home/jsp/Storage/CFU_PYNQ_FIles/CFU_SRC/pynq_z2/pynq_z2/arunQAFDHGDZXVNBDXG_gae.gen/sources_1/bd/system/ipshared/0c28/hdl/generic_baseblocks_v2_1_vl_rfs.v:2436]
INFO: [Synth 8-6155] done synthesizing module 'generic_baseblocks_v2_1_2_mux_enc__parameterized2' (0#1) [/home/jsp/Storage/CFU_PYNQ_FIles/CFU_SRC/pynq_z2/pynq_z2/arunQAFDHGDZXVNBDXG_gae.gen/sources_1/bd/system/ipshared/0c28/hdl/generic_baseblocks_v2_1_vl_rfs.v:2436]
INFO: [Synth 8-6155] done synthesizing module 'axi_crossbar_v2_1_32_crossbar_sasd' (0#1) [/home/jsp/Storage/CFU_PYNQ_FIles/CFU_SRC/pynq_z2/pynq_z2/arunQAFDHGDZXVNBDXG_gae.gen/sources_1/bd/system/ipshared/e9d8/hdl/axi_crossbar_v2_1_vl_rfs.v:1234]
INFO: [Synth 8-6155] done synthesizing module 'axi_crossbar_v2_1_32_axi_crossbar' (0#1) [/home/jsp/Storage/CFU_PYNQ_FIles/CFU_SRC/pynq_z2/pynq_z2/arunQAFDHGDZXVNBDXG_gae.gen/sources_1/bd/system/ipshared/e9d8/hdl/axi_crossbar_v2_1_vl_rfs.v:4871]
INFO: [Synth 8-6155] done synthesizing module 'system_xbar_0' (0#1) [/home/jsp/Storage/CFU_PYNQ_FIles/CFU_SRC/pynq_z2/pynq_z2/arunQAFDHGDZXVNBDXG_gae.gen/sources_1/bd/system/ip/system_xbar_0/synth/system_xbar_0.v:53]
WARNING: [Synth 8-6014] Unused sequential element gen_debug_trans_seq.debug_aw_trans_seq_i_reg was removed.  [/home/jsp/Storage/CFU_PYNQ_FIles/CFU_SRC/pynq_z2/pynq_z2/arunQAFDHGDZXVNBDXG_gae.gen/sources_1/bd/system/ipshared/e9d8/hdl/axi_crossbar_v2_1_vl_rfs.v:2051]
WARNING: [Synth 8-6014] Unused sequential element gen_debug_trans_seq.debug_ar_trans_seq_i_reg was removed.  [/home/jsp/Storage/CFU_PYNQ_FIles/CFU_SRC/pynq_z2/pynq_z2/arunQAFDHGDZXVNBDXG_gae.gen/sources_1/bd/system/ipshared/e9d8/hdl/axi_crossbar_v2_1_vl_rfs.v:2062]
WARNING: [Synth 8-6014] Unused sequential element gen_debug_trans_seq.debug_w_beat_cnt_i_reg was removed.  [/home/jsp/Storage/CFU_PYNQ_FIles/CFU_SRC/pynq_z2/pynq_z2/arunQAFDHGDZXVNBDXG_gae.gen/sources_1/bd/system/ipshared/e9d8/hdl/axi_crossbar_v2_1_vl_rfs.v:2073]
WARNING: [Synth 8-6014] Unused sequential element gen_debug_trans_seq.debug_r_beat_cnt_i_reg was removed.  [/home/jsp/Storage/CFU_PYNQ_FIles/CFU_SRC/pynq_z2/pynq_z2/arunQAFDHGDZXVNBDXG_gae.gen/sources_1/bd/system/ipshared/e9d8/hdl/axi_crossbar_v2_1_vl_rfs.v:2086]
WARNING: [Synth 8-7129] Port S[0] in module generic_baseblocks_v2_1_2_mux_enc__parameterized0 is either unconnected or has no load
WARNING: [Synth 8-7129] Port S_AXI_AWID[0] in module axi_crossbar_v2_1_32_decerr_slave is either unconnected or has no load
WARNING: [Synth 8-7129] Port S_AXI_WLAST in module axi_crossbar_v2_1_32_decerr_slave is either unconnected or has no load
WARNING: [Synth 8-7129] Port S_AXI_ARID[0] in module axi_crossbar_v2_1_32_decerr_slave is either unconnected or has no load
WARNING: [Synth 8-7129] Port S_AXI_ARLEN[7] in module axi_crossbar_v2_1_32_decerr_slave is either unconnected or has no load
WARNING: [Synth 8-7129] Port S_AXI_ARLEN[6] in module axi_crossbar_v2_1_32_decerr_slave is either unconnected or has no load
WARNING: [Synth 8-7129] Port S_AXI_ARLEN[5] in module axi_crossbar_v2_1_32_decerr_slave is either unconnected or has no load
WARNING: [Synth 8-7129] Port S_AXI_ARLEN[4] in module axi_crossbar_v2_1_32_decerr_slave is either unconnected or has no load
WARNING: [Synth 8-7129] Port S_AXI_ARLEN[3] in module axi_crossbar_v2_1_32_decerr_slave is either unconnected or has no load
WARNING: [Synth 8-7129] Port S_AXI_ARLEN[2] in module axi_crossbar_v2_1_32_decerr_slave is either unconnected or has no load
WARNING: [Synth 8-7129] Port S_AXI_ARLEN[1] in module axi_crossbar_v2_1_32_decerr_slave is either unconnected or has no load
WARNING: [Synth 8-7129] Port S_AXI_ARLEN[0] in module axi_crossbar_v2_1_32_decerr_slave is either unconnected or has no load
WARNING: [Synth 8-7129] Port ADDR[1] in module axi_crossbar_v2_1_32_addr_decoder is either unconnected or has no load
WARNING: [Synth 8-7129] Port ADDR[0] in module axi_crossbar_v2_1_32_addr_decoder is either unconnected or has no load
WARNING: [Synth 8-7129] Port S_AXI_AWID[0] in module axi_crossbar_v2_1_32_crossbar_sasd is either unconnected or has no load
WARNING: [Synth 8-7129] Port S_AXI_ARID[0] in module axi_crossbar_v2_1_32_crossbar_sasd is either unconnected or has no load
WARNING: [Synth 8-7129] Port M_AXI_BID[3] in module axi_crossbar_v2_1_32_crossbar_sasd is either unconnected or has no load
WARNING: [Synth 8-7129] Port M_AXI_BID[2] in module axi_crossbar_v2_1_32_crossbar_sasd is either unconnected or has no load
WARNING: [Synth 8-7129] Port M_AXI_BID[1] in module axi_crossbar_v2_1_32_crossbar_sasd is either unconnected or has no load
WARNING: [Synth 8-7129] Port M_AXI_BID[0] in module axi_crossbar_v2_1_32_crossbar_sasd is either unconnected or has no load
WARNING: [Synth 8-7129] Port M_AXI_RID[3] in module axi_crossbar_v2_1_32_crossbar_sasd is either unconnected or has no load
WARNING: [Synth 8-7129] Port M_AXI_RID[2] in module axi_crossbar_v2_1_32_crossbar_sasd is either unconnected or has no load
WARNING: [Synth 8-7129] Port M_AXI_RID[1] in module axi_crossbar_v2_1_32_crossbar_sasd is either unconnected or has no load
WARNING: [Synth 8-7129] Port M_AXI_RID[0] in module axi_crossbar_v2_1_32_crossbar_sasd is either unconnected or has no load
WARNING: [Synth 8-7129] Port s_axi_awid[0] in module axi_crossbar_v2_1_32_axi_crossbar is either unconnected or has no load
WARNING: [Synth 8-7129] Port s_axi_awlen[7] in module axi_crossbar_v2_1_32_axi_crossbar is either unconnected or has no load
WARNING: [Synth 8-7129] Port s_axi_awlen[6] in module axi_crossbar_v2_1_32_axi_crossbar is either unconnected or has no load
WARNING: [Synth 8-7129] Port s_axi_awlen[5] in module axi_crossbar_v2_1_32_axi_crossbar is either unconnected or has no load
WARNING: [Synth 8-7129] Port s_axi_awlen[4] in module axi_crossbar_v2_1_32_axi_crossbar is either unconnected or has no load
WARNING: [Synth 8-7129] Port s_axi_awlen[3] in module axi_crossbar_v2_1_32_axi_crossbar is either unconnected or has no load
WARNING: [Synth 8-7129] Port s_axi_awlen[2] in module axi_crossbar_v2_1_32_axi_crossbar is either unconnected or has no load
WARNING: [Synth 8-7129] Port s_axi_awlen[1] in module axi_crossbar_v2_1_32_axi_crossbar is either unconnected or has no load
WARNING: [Synth 8-7129] Port s_axi_awlen[0] in module axi_crossbar_v2_1_32_axi_crossbar is either unconnected or has no load
WARNING: [Synth 8-7129] Port s_axi_awsize[2] in module axi_crossbar_v2_1_32_axi_crossbar is either unconnected or has no load
WARNING: [Synth 8-7129] Port s_axi_awsize[1] in module axi_crossbar_v2_1_32_axi_crossbar is either unconnected or has no load
WARNING: [Synth 8-7129] Port s_axi_awsize[0] in module axi_crossbar_v2_1_32_axi_crossbar is either unconnected or has no load
WARNING: [Synth 8-7129] Port s_axi_awburst[1] in module axi_crossbar_v2_1_32_axi_crossbar is either unconnected or has no load
WARNING: [Synth 8-7129] Port s_axi_awburst[0] in module axi_crossbar_v2_1_32_axi_crossbar is either unconnected or has no load
WARNING: [Synth 8-7129] Port s_axi_awlock[0] in module axi_crossbar_v2_1_32_axi_crossbar is either unconnected or has no load
WARNING: [Synth 8-7129] Port s_axi_awcache[3] in module axi_crossbar_v2_1_32_axi_crossbar is either unconnected or has no load
WARNING: [Synth 8-7129] Port s_axi_awcache[2] in module axi_crossbar_v2_1_32_axi_crossbar is either unconnected or has no load
WARNING: [Synth 8-7129] Port s_axi_awcache[1] in module axi_crossbar_v2_1_32_axi_crossbar is either unconnected or has no load
WARNING: [Synth 8-7129] Port s_axi_awcache[0] in module axi_crossbar_v2_1_32_axi_crossbar is either unconnected or has no load
WARNING: [Synth 8-7129] Port s_axi_awqos[3] in module axi_crossbar_v2_1_32_axi_crossbar is either unconnected or has no load
WARNING: [Synth 8-7129] Port s_axi_awqos[2] in module axi_crossbar_v2_1_32_axi_crossbar is either unconnected or has no load
WARNING: [Synth 8-7129] Port s_axi_awqos[1] in module axi_crossbar_v2_1_32_axi_crossbar is either unconnected or has no load
WARNING: [Synth 8-7129] Port s_axi_awqos[0] in module axi_crossbar_v2_1_32_axi_crossbar is either unconnected or has no load
WARNING: [Synth 8-7129] Port s_axi_awuser[0] in module axi_crossbar_v2_1_32_axi_crossbar is either unconnected or has no load
WARNING: [Synth 8-7129] Port s_axi_wid[0] in module axi_crossbar_v2_1_32_axi_crossbar is either unconnected or has no load
WARNING: [Synth 8-7129] Port s_axi_wlast[0] in module axi_crossbar_v2_1_32_axi_crossbar is either unconnected or has no load
WARNING: [Synth 8-7129] Port s_axi_wuser[0] in module axi_crossbar_v2_1_32_axi_crossbar is either unconnected or has no load
WARNING: [Synth 8-7129] Port s_axi_arid[0] in module axi_crossbar_v2_1_32_axi_crossbar is either unconnected or has no load
WARNING: [Synth 8-7129] Port s_axi_arlen[7] in module axi_crossbar_v2_1_32_axi_crossbar is either unconnected or has no load
WARNING: [Synth 8-7129] Port s_axi_arlen[6] in module axi_crossbar_v2_1_32_axi_crossbar is either unconnected or has no load
WARNING: [Synth 8-7129] Port s_axi_arlen[5] in module axi_crossbar_v2_1_32_axi_crossbar is either unconnected or has no load
WARNING: [Synth 8-7129] Port s_axi_arlen[4] in module axi_crossbar_v2_1_32_axi_crossbar is either unconnected or has no load
WARNING: [Synth 8-7129] Port s_axi_arlen[3] in module axi_crossbar_v2_1_32_axi_crossbar is either unconnected or has no load
WARNING: [Synth 8-7129] Port s_axi_arlen[2] in module axi_crossbar_v2_1_32_axi_crossbar is either unconnected or has no load
WARNING: [Synth 8-7129] Port s_axi_arlen[1] in module axi_crossbar_v2_1_32_axi_crossbar is either unconnected or has no load
WARNING: [Synth 8-7129] Port s_axi_arlen[0] in module axi_crossbar_v2_1_32_axi_crossbar is either unconnected or has no load
WARNING: [Synth 8-7129] Port s_axi_arsize[2] in module axi_crossbar_v2_1_32_axi_crossbar is either unconnected or has no load
WARNING: [Synth 8-7129] Port s_axi_arsize[1] in module axi_crossbar_v2_1_32_axi_crossbar is either unconnected or has no load
WARNING: [Synth 8-7129] Port s_axi_arsize[0] in module axi_crossbar_v2_1_32_axi_crossbar is either unconnected or has no load
WARNING: [Synth 8-7129] Port s_axi_arburst[1] in module axi_crossbar_v2_1_32_axi_crossbar is either unconnected or has no load
WARNING: [Synth 8-7129] Port s_axi_arburst[0] in module axi_crossbar_v2_1_32_axi_crossbar is either unconnected or has no load
WARNING: [Synth 8-7129] Port s_axi_arlock[0] in module axi_crossbar_v2_1_32_axi_crossbar is either unconnected or has no load
WARNING: [Synth 8-7129] Port s_axi_arcache[3] in module axi_crossbar_v2_1_32_axi_crossbar is either unconnected or has no load
WARNING: [Synth 8-7129] Port s_axi_arcache[2] in module axi_crossbar_v2_1_32_axi_crossbar is either unconnected or has no load
WARNING: [Synth 8-7129] Port s_axi_arcache[1] in module axi_crossbar_v2_1_32_axi_crossbar is either unconnected or has no load
WARNING: [Synth 8-7129] Port s_axi_arcache[0] in module axi_crossbar_v2_1_32_axi_crossbar is either unconnected or has no load
WARNING: [Synth 8-7129] Port s_axi_arqos[3] in module axi_crossbar_v2_1_32_axi_crossbar is either unconnected or has no load
WARNING: [Synth 8-7129] Port s_axi_arqos[2] in module axi_crossbar_v2_1_32_axi_crossbar is either unconnected or has no load
WARNING: [Synth 8-7129] Port s_axi_arqos[1] in module axi_crossbar_v2_1_32_axi_crossbar is either unconnected or has no load
WARNING: [Synth 8-7129] Port s_axi_arqos[0] in module axi_crossbar_v2_1_32_axi_crossbar is either unconnected or has no load
WARNING: [Synth 8-7129] Port s_axi_aruser[0] in module axi_crossbar_v2_1_32_axi_crossbar is either unconnected or has no load
WARNING: [Synth 8-7129] Port m_axi_bid[3] in module axi_crossbar_v2_1_32_axi_crossbar is either unconnected or has no load
WARNING: [Synth 8-7129] Port m_axi_bid[2] in module axi_crossbar_v2_1_32_axi_crossbar is either unconnected or has no load
WARNING: [Synth 8-7129] Port m_axi_bid[1] in module axi_crossbar_v2_1_32_axi_crossbar is either unconnected or has no load
WARNING: [Synth 8-7129] Port m_axi_bid[0] in module axi_crossbar_v2_1_32_axi_crossbar is either unconnected or has no load
WARNING: [Synth 8-7129] Port m_axi_buser[3] in module axi_crossbar_v2_1_32_axi_crossbar is either unconnected or has no load
WARNING: [Synth 8-7129] Port m_axi_buser[2] in module axi_crossbar_v2_1_32_axi_crossbar is either unconnected or has no load
WARNING: [Synth 8-7129] Port m_axi_buser[1] in module axi_crossbar_v2_1_32_axi_crossbar is either unconnected or has no load
WARNING: [Synth 8-7129] Port m_axi_buser[0] in module axi_crossbar_v2_1_32_axi_crossbar is either unconnected or has no load
WARNING: [Synth 8-7129] Port m_axi_rid[3] in module axi_crossbar_v2_1_32_axi_crossbar is either unconnected or has no load
WARNING: [Synth 8-7129] Port m_axi_rid[2] in module axi_crossbar_v2_1_32_axi_crossbar is either unconnected or has no load
WARNING: [Synth 8-7129] Port m_axi_rid[1] in module axi_crossbar_v2_1_32_axi_crossbar is either unconnected or has no load
WARNING: [Synth 8-7129] Port m_axi_rid[0] in module axi_crossbar_v2_1_32_axi_crossbar is either unconnected or has no load
WARNING: [Synth 8-7129] Port m_axi_rlast[3] in module axi_crossbar_v2_1_32_axi_crossbar is either unconnected or has no load
WARNING: [Synth 8-7129] Port m_axi_rlast[2] in module axi_crossbar_v2_1_32_axi_crossbar is either unconnected or has no load
WARNING: [Synth 8-7129] Port m_axi_rlast[1] in module axi_crossbar_v2_1_32_axi_crossbar is either unconnected or has no load
WARNING: [Synth 8-7129] Port m_axi_rlast[0] in module axi_crossbar_v2_1_32_axi_crossbar is either unconnected or has no load
WARNING: [Synth 8-7129] Port m_axi_ruser[3] in module axi_crossbar_v2_1_32_axi_crossbar is either unconnected or has no load
WARNING: [Synth 8-7129] Port m_axi_ruser[2] in module axi_crossbar_v2_1_32_axi_crossbar is either unconnected or has no load
WARNING: [Synth 8-7129] Port m_axi_ruser[1] in module axi_crossbar_v2_1_32_axi_crossbar is either unconnected or has no load
WARNING: [Synth 8-7129] Port m_axi_ruser[0] in module axi_crossbar_v2_1_32_axi_crossbar is either unconnected or has no load
---------------------------------------------------------------------------------
Finished RTL Elaboration : Time (s): cpu = 00:00:08 ; elapsed = 00:00:09 . Memory (MB): peak = 2358.078 ; gain = 607.738 ; free physical = 3763 ; free virtual = 16428
---------------------------------------------------------------------------------
---------------------------------------------------------------------------------
Start Handling Custom Attributes
---------------------------------------------------------------------------------
---------------------------------------------------------------------------------
Finished Handling Custom Attributes : Time (s): cpu = 00:00:08 ; elapsed = 00:00:09 . Memory (MB): peak = 2358.078 ; gain = 607.738 ; free physical = 3763 ; free virtual = 16428
---------------------------------------------------------------------------------
---------------------------------------------------------------------------------
Finished RTL Optimization Phase 1 : Time (s): cpu = 00:00:08 ; elapsed = 00:00:09 . Memory (MB): peak = 2358.078 ; gain = 607.738 ; free physical = 3763 ; free virtual = 16428
---------------------------------------------------------------------------------
Netlist sorting complete. Time (s): cpu = 00:00:00.01 ; elapsed = 00:00:00.01 . Memory (MB): peak = 2358.078 ; gain = 0.000 ; free physical = 3763 ; free virtual = 16428
INFO: [Project 1-570] Preparing netlist for logic optimization

Processing XDC Constraints
Initializing timing engine
Parsing XDC File [/home/jsp/Storage/CFU_PYNQ_FIles/CFU_SRC/pynq_z2/pynq_z2/arunQAFDHGDZXVNBDXG_gae.gen/sources_1/bd/system/ip/system_xbar_0/system_xbar_0_ooc.xdc] for cell 'inst'
Finished Parsing XDC File [/home/jsp/Storage/CFU_PYNQ_FIles/CFU_SRC/pynq_z2/pynq_z2/arunQAFDHGDZXVNBDXG_gae.gen/sources_1/bd/system/ip/system_xbar_0/system_xbar_0_ooc.xdc] for cell 'inst'
Parsing XDC File [/home/jsp/Storage/CFU_PYNQ_FIles/CFU_SRC/pynq_z2/pynq_z2/arunQAFDHGDZXVNBDXG_gae.runs/system_xbar_0_synth_1/dont_touch.xdc]
Finished Parsing XDC File [/home/jsp/Storage/CFU_PYNQ_FIles/CFU_SRC/pynq_z2/pynq_z2/arunQAFDHGDZXVNBDXG_gae.runs/system_xbar_0_synth_1/dont_touch.xdc]
Completed Processing XDC Constraints

Netlist sorting complete. Time (s): cpu = 00:00:00 ; elapsed = 00:00:00 . Memory (MB): peak = 2443.922 ; gain = 0.000 ; free physical = 3767 ; free virtual = 16432
INFO: [Project 1-111] Unisim Transformation Summary:
No Unisim elements were transformed.

Constraint Validation Runtime : Time (s): cpu = 00:00:00.03 ; elapsed = 00:00:00.02 . Memory (MB): peak = 2443.922 ; gain = 0.000 ; free physical = 3767 ; free virtual = 16432
INFO: [Designutils 20-5008] Incremental synthesis strategy off
---------------------------------------------------------------------------------
Finished Constraint Validation : Time (s): cpu = 00:00:13 ; elapsed = 00:00:14 . Memory (MB): peak = 2443.922 ; gain = 693.582 ; free physical = 3778 ; free virtual = 16444
---------------------------------------------------------------------------------
---------------------------------------------------------------------------------
Start Loading Part and Timing Information
---------------------------------------------------------------------------------
Loading part: xc7z020clg400-1
---------------------------------------------------------------------------------
Finished Loading Part and Timing Information : Time (s): cpu = 00:00:13 ; elapsed = 00:00:15 . Memory (MB): peak = 2451.926 ; gain = 701.586 ; free physical = 3778 ; free virtual = 16444
---------------------------------------------------------------------------------
---------------------------------------------------------------------------------
Start Applying 'set_property' XDC Constraints
---------------------------------------------------------------------------------
Applied set_property KEEP_HIERARCHY = SOFT for inst. (constraint file  /home/jsp/Storage/CFU_PYNQ_FIles/CFU_SRC/pynq_z2/pynq_z2/arunQAFDHGDZXVNBDXG_gae.runs/system_xbar_0_synth_1/dont_touch.xdc, line 9).
---------------------------------------------------------------------------------
Finished applying 'set_property' XDC Constraints : Time (s): cpu = 00:00:13 ; elapsed = 00:00:15 . Memory (MB): peak = 2451.926 ; gain = 701.586 ; free physical = 3778 ; free virtual = 16443
---------------------------------------------------------------------------------
---------------------------------------------------------------------------------
Finished RTL Optimization Phase 2 : Time (s): cpu = 00:00:14 ; elapsed = 00:00:15 . Memory (MB): peak = 2451.926 ; gain = 701.586 ; free physical = 3776 ; free virtual = 16442
---------------------------------------------------------------------------------
---------------------------------------------------------------------------------
Start RTL Component Statistics 
---------------------------------------------------------------------------------
Detailed RTL Component Info : 
+---Registers : 
	               64 Bit    Registers := 1     
	               36 Bit    Registers := 2     
	                5 Bit    Registers := 1     
	                3 Bit    Registers := 2     
	                2 Bit    Registers := 2     
	                1 Bit    Registers := 14    
+---Muxes : 
	   2 Input   64 Bit        Muxes := 1     
	   2 Input   36 Bit        Muxes := 2     
	   2 Input    5 Bit        Muxes := 1     
	   2 Input    4 Bit        Muxes := 1     
	   2 Input    3 Bit        Muxes := 1     
	   2 Input    2 Bit        Muxes := 1     
	   2 Input    1 Bit        Muxes := 43    
---------------------------------------------------------------------------------
Finished RTL Component Statistics 
---------------------------------------------------------------------------------
---------------------------------------------------------------------------------
Start Part Resource Summary
---------------------------------------------------------------------------------
Part Resources:
DSPs: 220 (col length:60)
BRAMs: 280 (col length: RAMB18 60 RAMB36 30)
---------------------------------------------------------------------------------
Finished Part Resource Summary
---------------------------------------------------------------------------------
---------------------------------------------------------------------------------
Start Cross Boundary and Area Optimization
---------------------------------------------------------------------------------
WARNING: [Synth 8-7080] Parallel synthesis criteria is not met
INFO: [Synth 8-3936] Found unconnected internal register 'gen_sasd.crossbar_sasd_0/reg_slice_r/m_payload_i_reg' and it is trimmed from '36' to '35' bits. [/home/jsp/Storage/CFU_PYNQ_FIles/CFU_SRC/pynq_z2/pynq_z2/arunQAFDHGDZXVNBDXG_gae.gen/sources_1/bd/system/ipshared/92b2/hdl/axi_register_slice_v2_1_vl_rfs.v:1726]
WARNING: [Synth 8-7129] Port s_axi_awid[0] in module axi_crossbar_v2_1_32_axi_crossbar is either unconnected or has no load
WARNING: [Synth 8-7129] Port s_axi_awlen[7] in module axi_crossbar_v2_1_32_axi_crossbar is either unconnected or has no load
WARNING: [Synth 8-7129] Port s_axi_awlen[6] in module axi_crossbar_v2_1_32_axi_crossbar is either unconnected or has no load
WARNING: [Synth 8-7129] Port s_axi_awlen[5] in module axi_crossbar_v2_1_32_axi_crossbar is either unconnected or has no load
WARNING: [Synth 8-7129] Port s_axi_awlen[4] in module axi_crossbar_v2_1_32_axi_crossbar is either unconnected or has no load
INFO: [Common 17-14] Message 'Synth 8-7129' appears 100 times and further instances of the messages will be disabled. Use the Tcl command set_msg_config to change the current settings.
---------------------------------------------------------------------------------
Finished Cross Boundary and Area Optimization : Time (s): cpu = 00:00:15 ; elapsed = 00:00:16 . Memory (MB): peak = 2451.926 ; gain = 701.586 ; free physical = 3775 ; free virtual = 16441
---------------------------------------------------------------------------------
---------------------------------------------------------------------------------
Start Applying XDC Timing Constraints
---------------------------------------------------------------------------------
---------------------------------------------------------------------------------
Finished Applying XDC Timing Constraints : Time (s): cpu = 00:00:20 ; elapsed = 00:00:21 . Memory (MB): peak = 2451.926 ; gain = 701.586 ; free physical = 3776 ; free virtual = 16442
---------------------------------------------------------------------------------
---------------------------------------------------------------------------------
Start Timing Optimization
---------------------------------------------------------------------------------
---------------------------------------------------------------------------------
Finished Timing Optimization : Time (s): cpu = 00:00:20 ; elapsed = 00:00:22 . Memory (MB): peak = 2451.926 ; gain = 701.586 ; free physical = 3776 ; free virtual = 16443
---------------------------------------------------------------------------------
---------------------------------------------------------------------------------
Start Technology Mapping
---------------------------------------------------------------------------------
---------------------------------------------------------------------------------
Finished Technology Mapping : Time (s): cpu = 00:00:21 ; elapsed = 00:00:22 . Memory (MB): peak = 2451.926 ; gain = 701.586 ; free physical = 3768 ; free virtual = 16435
---------------------------------------------------------------------------------
---------------------------------------------------------------------------------
Start IO Insertion
---------------------------------------------------------------------------------
---------------------------------------------------------------------------------
Start Flattening Before IO Insertion
---------------------------------------------------------------------------------
---------------------------------------------------------------------------------
Finished Flattening Before IO Insertion
---------------------------------------------------------------------------------
---------------------------------------------------------------------------------
Start Final Netlist Cleanup
---------------------------------------------------------------------------------
---------------------------------------------------------------------------------
Finished Final Netlist Cleanup
---------------------------------------------------------------------------------
---------------------------------------------------------------------------------
Finished IO Insertion : Time (s): cpu = 00:00:24 ; elapsed = 00:00:25 . Memory (MB): peak = 2451.926 ; gain = 701.586 ; free physical = 3770 ; free virtual = 16437
---------------------------------------------------------------------------------
---------------------------------------------------------------------------------
Start Renaming Generated Instances
---------------------------------------------------------------------------------
---------------------------------------------------------------------------------
Finished Renaming Generated Instances : Time (s): cpu = 00:00:24 ; elapsed = 00:00:25 . Memory (MB): peak = 2451.926 ; gain = 701.586 ; free physical = 3770 ; free virtual = 16437
---------------------------------------------------------------------------------
---------------------------------------------------------------------------------
Start Rebuilding User Hierarchy
---------------------------------------------------------------------------------
---------------------------------------------------------------------------------
Finished Rebuilding User Hierarchy : Time (s): cpu = 00:00:24 ; elapsed = 00:00:25 . Memory (MB): peak = 2451.926 ; gain = 701.586 ; free physical = 3770 ; free virtual = 16437
---------------------------------------------------------------------------------
---------------------------------------------------------------------------------
Start Renaming Generated Ports
---------------------------------------------------------------------------------
---------------------------------------------------------------------------------
Finished Renaming Generated Ports : Time (s): cpu = 00:00:24 ; elapsed = 00:00:25 . Memory (MB): peak = 2451.926 ; gain = 701.586 ; free physical = 3770 ; free virtual = 16437
---------------------------------------------------------------------------------
---------------------------------------------------------------------------------
Start Handling Custom Attributes
---------------------------------------------------------------------------------
---------------------------------------------------------------------------------
Finished Handling Custom Attributes : Time (s): cpu = 00:00:24 ; elapsed = 00:00:25 . Memory (MB): peak = 2451.926 ; gain = 701.586 ; free physical = 3770 ; free virtual = 16437
---------------------------------------------------------------------------------
---------------------------------------------------------------------------------
Start Renaming Generated Nets
---------------------------------------------------------------------------------
---------------------------------------------------------------------------------
Finished Renaming Generated Nets : Time (s): cpu = 00:00:24 ; elapsed = 00:00:25 . Memory (MB): peak = 2451.926 ; gain = 701.586 ; free physical = 3770 ; free virtual = 16437
---------------------------------------------------------------------------------
---------------------------------------------------------------------------------
Start Writing Synthesis Report
---------------------------------------------------------------------------------

Report BlackBoxes: 
+-+--------------+----------+
| |BlackBox name |Instances |
+-+--------------+----------+
+-+--------------+----------+

Report Cell Usage: 
+------+-----+------+
|      |Cell |Count |
+------+-----+------+
|1     |LUT1 |     1|
|2     |LUT2 |    11|
|3     |LUT3 |    12|
|4     |LUT4 |    56|
|5     |LUT5 |    41|
|6     |LUT6 |    76|
|7     |FDRE |   133|
+------+-----+------+
---------------------------------------------------------------------------------
Finished Writing Synthesis Report : Time (s): cpu = 00:00:24 ; elapsed = 00:00:25 . Memory (MB): peak = 2451.926 ; gain = 701.586 ; free physical = 3770 ; free virtual = 16437
---------------------------------------------------------------------------------
Synthesis finished with 0 errors, 0 critical warnings and 72 warnings.
Synthesis Optimization Runtime : Time (s): cpu = 00:00:22 ; elapsed = 00:00:23 . Memory (MB): peak = 2451.926 ; gain = 615.742 ; free physical = 3770 ; free virtual = 16437
Synthesis Optimization Complete : Time (s): cpu = 00:00:24 ; elapsed = 00:00:25 . Memory (MB): peak = 2451.934 ; gain = 701.586 ; free physical = 3770 ; free virtual = 16437
INFO: [Project 1-571] Translating synthesized netlist
Netlist sorting complete. Time (s): cpu = 00:00:00.01 ; elapsed = 00:00:00.01 . Memory (MB): peak = 2451.934 ; gain = 0.000 ; free physical = 4066 ; free virtual = 16733
INFO: [Project 1-570] Preparing netlist for logic optimization
INFO: [Opt 31-138] Pushed 0 inverter(s) to 0 load pin(s).
Netlist sorting complete. Time (s): cpu = 00:00:00 ; elapsed = 00:00:00 . Memory (MB): peak = 2507.953 ; gain = 0.000 ; free physical = 4068 ; free virtual = 16735
INFO: [Project 1-111] Unisim Transformation Summary:
No Unisim elements were transformed.

Synth Design complete | Checksum: a71fc1a2
INFO: [Common 17-83] Releasing license: Synthesis
55 Infos, 107 Warnings, 0 Critical Warnings and 0 Errors encountered.
synth_design completed successfully
synth_design: Time (s): cpu = 00:00:31 ; elapsed = 00:00:30 . Memory (MB): peak = 2507.953 ; gain = 1091.051 ; free physical = 4067 ; free virtual = 16735
INFO: [Common 17-2834] synth_design peak Physical Memory [PSS] (MB): overall = 1928.899; main = 1590.286; forked = 368.373
INFO: [Common 17-2834] synth_design peak Virtual Memory [VSS] (MB): overall = 3485.422; main = 2507.957; forked = 1033.492
Write ShapeDB Complete: Time (s): cpu = 00:00:00 ; elapsed = 00:00:00 . Memory (MB): peak = 2531.965 ; gain = 0.000 ; free physical = 4067 ; free virtual = 16735
INFO: [Common 17-1381] The checkpoint '/home/jsp/Storage/CFU_PYNQ_FIles/CFU_SRC/pynq_z2/pynq_z2/arunQAFDHGDZXVNBDXG_gae.runs/system_xbar_0_synth_1/system_xbar_0.dcp' has been generated.
INFO: [Coretcl 2-1648] Added synthesis output to IP cache for IP system_xbar_0, cache-ID = ecdf766d4aa5683e
INFO: [Coretcl 2-1174] Renamed 7 cell refs.
Write ShapeDB Complete: Time (s): cpu = 00:00:00 ; elapsed = 00:00:00 . Memory (MB): peak = 2531.965 ; gain = 0.000 ; free physical = 4059 ; free virtual = 16727
INFO: [Common 17-1381] The checkpoint '/home/jsp/Storage/CFU_PYNQ_FIles/CFU_SRC/pynq_z2/pynq_z2/arunQAFDHGDZXVNBDXG_gae.runs/system_xbar_0_synth_1/system_xbar_0.dcp' has been generated.
INFO: [Vivado 12-24828] Executing command : report_utilization -file system_xbar_0_utilization_synth.rpt -pb system_xbar_0_utilization_synth.pb
INFO: [Common 17-206] Exiting Vivado at Tue Nov  4 14:41:32 2025...
[Tue Nov  4 14:41:42 2025] system_xbar_0_synth_1 finished
wait_on_runs: Time (s): cpu = 00:00:46 ; elapsed = 00:00:52 . Memory (MB): peak = 10684.375 ; gain = 0.000 ; free physical = 5490 ; free virtual = 18159
synth_design -top system_wrapper -part xc7z020clg400-1 -lint 
Command: synth_design -top system_wrapper -part xc7z020clg400-1 -lint
Starting synth_design
Attempting to get a license for feature 'Synthesis' and/or device 'xc7z020'
INFO: [Common 17-349] Got license for feature 'Synthesis' and/or device 'xc7z020'
INFO: [Synth 8-7079] Multithreading enabled for synth_design using a maximum of 4 processes.
---------------------------------------------------------------------------------
Starting Synthesize : Time (s): cpu = 00:00:05 ; elapsed = 00:00:03 . Memory (MB): peak = 10684.375 ; gain = 0.000 ; free physical = 5046 ; free virtual = 17716
---------------------------------------------------------------------------------
Clean up Linter database...
INFO: [Synth 8-11241] undeclared symbol 'dec_zz_cmd_valid', assumed default net type 'wire' [/home/jsp/Storage/CFU_PYNQ_FIles/CFU_SRC/pynq_z2/pynq_z2/arunQAFDHGDZXVNBDXG_gae.srcs/sources_1/new/Cfu.v:78]
INFO: [Synth 8-11241] undeclared symbol 'dec_zz_cmd_ready', assumed default net type 'wire' [/home/jsp/Storage/CFU_PYNQ_FIles/CFU_SRC/pynq_z2/pynq_z2/arunQAFDHGDZXVNBDXG_gae.srcs/sources_1/new/Cfu.v:78]
INFO: [Synth 8-11241] undeclared symbol 'dec_zz_cmd_payload_function_id', assumed default net type 'wire' [/home/jsp/Storage/CFU_PYNQ_FIles/CFU_SRC/pynq_z2/pynq_z2/arunQAFDHGDZXVNBDXG_gae.srcs/sources_1/new/Cfu.v:79]
INFO: [Synth 8-11241] undeclared symbol 'dec_zz_cmd_payload_inputs_0', assumed default net type 'wire' [/home/jsp/Storage/CFU_PYNQ_FIles/CFU_SRC/pynq_z2/pynq_z2/arunQAFDHGDZXVNBDXG_gae.srcs/sources_1/new/Cfu.v:80]
INFO: [Synth 8-11241] undeclared symbol 'dec_zz_cmd_payload_inputs_1', assumed default net type 'wire' [/home/jsp/Storage/CFU_PYNQ_FIles/CFU_SRC/pynq_z2/pynq_z2/arunQAFDHGDZXVNBDXG_gae.srcs/sources_1/new/Cfu.v:80]
INFO: [Synth 8-11241] undeclared symbol 'dec_zz_rsp_valid', assumed default net type 'wire' [/home/jsp/Storage/CFU_PYNQ_FIles/CFU_SRC/pynq_z2/pynq_z2/arunQAFDHGDZXVNBDXG_gae.srcs/sources_1/new/Cfu.v:81]
INFO: [Synth 8-11241] undeclared symbol 'dec_rsp_ready', assumed default net type 'wire' [/home/jsp/Storage/CFU_PYNQ_FIles/CFU_SRC/pynq_z2/pynq_z2/arunQAFDHGDZXVNBDXG_gae.srcs/sources_1/new/Cfu.v:81]
INFO: [Synth 8-11241] undeclared symbol 'dec_zz_rsp_payload_outputs_0', assumed default net type 'wire' [/home/jsp/Storage/CFU_PYNQ_FIles/CFU_SRC/pynq_z2/pynq_z2/arunQAFDHGDZXVNBDXG_gae.srcs/sources_1/new/Cfu.v:81]
INFO: [Synth 8-11241] undeclared symbol 'dec_reset', assumed default net type 'wire' [/home/jsp/Storage/CFU_PYNQ_FIles/CFU_SRC/pynq_z2/pynq_z2/arunQAFDHGDZXVNBDXG_gae.srcs/sources_1/new/Cfu.v:82]
INFO: [Synth 8-11241] undeclared symbol 'dec_clk', assumed default net type 'wire' [/home/jsp/Storage/CFU_PYNQ_FIles/CFU_SRC/pynq_z2/pynq_z2/arunQAFDHGDZXVNBDXG_gae.srcs/sources_1/new/Cfu.v:82]
INFO: [Synth 8-11241] undeclared symbol 'dec_cfu_id', assumed default net type 'wire' [/home/jsp/Storage/CFU_PYNQ_FIles/CFU_SRC/pynq_z2/pynq_z2/arunQAFDHGDZXVNBDXG_gae.srcs/sources_1/new/Cfu.v:82]
INFO: [Synth 8-6157] synthesizing module 'system_wrapper' [/home/jsp/Storage/CFU_PYNQ_FIles/CFU_SRC/pynq_z2/pynq_z2/arunQAFDHGDZXVNBDXG_gae.srcs/sources_1/imports/hdl/system_wrapper.v:13]
INFO: [Synth 8-6157] synthesizing module 'system' [/home/jsp/Storage/CFU_PYNQ_FIles/CFU_SRC/pynq_z2/pynq_z2/arunQAFDHGDZXVNBDXG_gae.gen/sources_1/bd/system/synth/system.v:846]
INFO: [Synth 8-6157] synthesizing module 'system_axi_gpio_decouple_status_0' [/home/jsp/Storage/CFU_PYNQ_FIles/CFU_SRC/pynq_z2/pynq_z2/.Xil/Vivado-54352-jsp-H370M-D3H/realtime/system_axi_gpio_decouple_status_0_stub.v:6]
INFO: [Synth 8-6155] done synthesizing module 'system_axi_gpio_decouple_status_0' (1#1) [/home/jsp/Storage/CFU_PYNQ_FIles/CFU_SRC/pynq_z2/pynq_z2/.Xil/Vivado-54352-jsp-H370M-D3H/realtime/system_axi_gpio_decouple_status_0_stub.v:6]
INFO: [Synth 8-6157] synthesizing module 'system_axi_gpio_0_0' [/home/jsp/Storage/CFU_PYNQ_FIles/CFU_SRC/pynq_z2/pynq_z2/.Xil/Vivado-54352-jsp-H370M-D3H/realtime/system_axi_gpio_0_0_stub.v:6]
INFO: [Synth 8-6155] done synthesizing module 'system_axi_gpio_0_0' (2#1) [/home/jsp/Storage/CFU_PYNQ_FIles/CFU_SRC/pynq_z2/pynq_z2/.Xil/Vivado-54352-jsp-H370M-D3H/realtime/system_axi_gpio_0_0_stub.v:6]
INFO: [Synth 8-6157] synthesizing module 'system_axi_gpio_to_reconfig_0' [/home/jsp/Storage/CFU_PYNQ_FIles/CFU_SRC/pynq_z2/pynq_z2/.Xil/Vivado-54352-jsp-H370M-D3H/realtime/system_axi_gpio_to_reconfig_0_stub.v:6]
INFO: [Synth 8-6155] done synthesizing module 'system_axi_gpio_to_reconfig_0' (3#1) [/home/jsp/Storage/CFU_PYNQ_FIles/CFU_SRC/pynq_z2/pynq_z2/.Xil/Vivado-54352-jsp-H370M-D3H/realtime/system_axi_gpio_to_reconfig_0_stub.v:6]
INFO: [Synth 8-6157] synthesizing module 'system_axi_gpio_0_1' [/home/jsp/Storage/CFU_PYNQ_FIles/CFU_SRC/pynq_z2/pynq_z2/.Xil/Vivado-54352-jsp-H370M-D3H/realtime/system_axi_gpio_0_1_stub.v:6]
INFO: [Synth 8-6155] done synthesizing module 'system_axi_gpio_0_1' (4#1) [/home/jsp/Storage/CFU_PYNQ_FIles/CFU_SRC/pynq_z2/pynq_z2/.Xil/Vivado-54352-jsp-H370M-D3H/realtime/system_axi_gpio_0_1_stub.v:6]
INFO: [Synth 8-6157] synthesizing module 'system_clk_wiz_0_0' [/home/jsp/Storage/CFU_PYNQ_FIles/CFU_SRC/pynq_z2/pynq_z2/.Xil/Vivado-54352-jsp-H370M-D3H/realtime/system_clk_wiz_0_0_stub.v:6]
INFO: [Synth 8-6155] done synthesizing module 'system_clk_wiz_0_0' (5#1) [/home/jsp/Storage/CFU_PYNQ_FIles/CFU_SRC/pynq_z2/pynq_z2/.Xil/Vivado-54352-jsp-H370M-D3H/realtime/system_clk_wiz_0_0_stub.v:6]
WARNING: [Synth 8-7071] port 'locked' of module 'system_clk_wiz_0_0' is unconnected for instance 'clk_wiz_0' [/home/jsp/Storage/CFU_PYNQ_FIles/CFU_SRC/pynq_z2/pynq_z2/arunQAFDHGDZXVNBDXG_gae.gen/sources_1/bd/system/synth/system.v:1143]
WARNING: [Synth 8-7023] instance 'clk_wiz_0' of module 'system_clk_wiz_0_0' has 4 connections declared, but only 3 given [/home/jsp/Storage/CFU_PYNQ_FIles/CFU_SRC/pynq_z2/pynq_z2/arunQAFDHGDZXVNBDXG_gae.gen/sources_1/bd/system/synth/system.v:1143]
INFO: [Synth 8-6157] synthesizing module 'system_processing_system7_0_0' [/home/jsp/Storage/CFU_PYNQ_FIles/CFU_SRC/pynq_z2/pynq_z2/.Xil/Vivado-54352-jsp-H370M-D3H/realtime/system_processing_system7_0_0_stub.v:6]
INFO: [Synth 8-6155] done synthesizing module 'system_processing_system7_0_0' (6#1) [/home/jsp/Storage/CFU_PYNQ_FIles/CFU_SRC/pynq_z2/pynq_z2/.Xil/Vivado-54352-jsp-H370M-D3H/realtime/system_processing_system7_0_0_stub.v:6]
WARNING: [Synth 8-7071] port 'USB0_PORT_INDCTL' of module 'system_processing_system7_0_0' is unconnected for instance 'processing_system7_0' [/home/jsp/Storage/CFU_PYNQ_FIles/CFU_SRC/pynq_z2/pynq_z2/arunQAFDHGDZXVNBDXG_gae.gen/sources_1/bd/system/synth/system.v:1147]
WARNING: [Synth 8-7071] port 'USB0_VBUS_PWRSELECT' of module 'system_processing_system7_0_0' is unconnected for instance 'processing_system7_0' [/home/jsp/Storage/CFU_PYNQ_FIles/CFU_SRC/pynq_z2/pynq_z2/arunQAFDHGDZXVNBDXG_gae.gen/sources_1/bd/system/synth/system.v:1147]
WARNING: [Synth 8-7023] instance 'processing_system7_0' of module 'system_processing_system7_0_0' has 65 connections declared, but only 63 given [/home/jsp/Storage/CFU_PYNQ_FIles/CFU_SRC/pynq_z2/pynq_z2/arunQAFDHGDZXVNBDXG_gae.gen/sources_1/bd/system/synth/system.v:1147]
INFO: [Synth 8-6157] synthesizing module 'system_ps7_0_axi_periph_0' [/home/jsp/Storage/CFU_PYNQ_FIles/CFU_SRC/pynq_z2/pynq_z2/arunQAFDHGDZXVNBDXG_gae.gen/sources_1/bd/system/synth/system.v:1351]
INFO: [Synth 8-6157] synthesizing module 'm00_couplers_imp_1H7AUOX' [/home/jsp/Storage/CFU_PYNQ_FIles/CFU_SRC/pynq_z2/pynq_z2/arunQAFDHGDZXVNBDXG_gae.gen/sources_1/bd/system/synth/system.v:13]
INFO: [Synth 8-6155] done synthesizing module 'm00_couplers_imp_1H7AUOX' (7#1) [/home/jsp/Storage/CFU_PYNQ_FIles/CFU_SRC/pynq_z2/pynq_z2/arunQAFDHGDZXVNBDXG_gae.gen/sources_1/bd/system/synth/system.v:13]
INFO: [Synth 8-6157] synthesizing module 'm01_couplers_imp_4Y7TYO' [/home/jsp/Storage/CFU_PYNQ_FIles/CFU_SRC/pynq_z2/pynq_z2/arunQAFDHGDZXVNBDXG_gae.gen/sources_1/bd/system/synth/system.v:145]
INFO: [Synth 8-6155] done synthesizing module 'm01_couplers_imp_4Y7TYO' (8#1) [/home/jsp/Storage/CFU_PYNQ_FIles/CFU_SRC/pynq_z2/pynq_z2/arunQAFDHGDZXVNBDXG_gae.gen/sources_1/bd/system/synth/system.v:145]
INFO: [Synth 8-6157] synthesizing module 'm02_couplers_imp_FKL2TE' [/home/jsp/Storage/CFU_PYNQ_FIles/CFU_SRC/pynq_z2/pynq_z2/arunQAFDHGDZXVNBDXG_gae.gen/sources_1/bd/system/synth/system.v:277]
INFO: [Synth 8-6155] done synthesizing module 'm02_couplers_imp_FKL2TE' (9#1) [/home/jsp/Storage/CFU_PYNQ_FIles/CFU_SRC/pynq_z2/pynq_z2/arunQAFDHGDZXVNBDXG_gae.gen/sources_1/bd/system/synth/system.v:277]
INFO: [Synth 8-6157] synthesizing module 'm03_couplers_imp_15QZ4LV' [/home/jsp/Storage/CFU_PYNQ_FIles/CFU_SRC/pynq_z2/pynq_z2/arunQAFDHGDZXVNBDXG_gae.gen/sources_1/bd/system/synth/system.v:409]
INFO: [Synth 8-6155] done synthesizing module 'm03_couplers_imp_15QZ4LV' (10#1) [/home/jsp/Storage/CFU_PYNQ_FIles/CFU_SRC/pynq_z2/pynq_z2/arunQAFDHGDZXVNBDXG_gae.gen/sources_1/bd/system/synth/system.v:409]
INFO: [Synth 8-6157] synthesizing module 's00_couplers_imp_11SE3QO' [/home/jsp/Storage/CFU_PYNQ_FIles/CFU_SRC/pynq_z2/pynq_z2/arunQAFDHGDZXVNBDXG_gae.gen/sources_1/bd/system/synth/system.v:541]
INFO: [Synth 8-6157] synthesizing module 'system_auto_pc_0' [/home/jsp/Storage/CFU_PYNQ_FIles/CFU_SRC/pynq_z2/pynq_z2/.Xil/Vivado-54352-jsp-H370M-D3H/realtime/system_auto_pc_0_stub.v:6]
INFO: [Synth 8-6155] done synthesizing module 'system_auto_pc_0' (11#1) [/home/jsp/Storage/CFU_PYNQ_FIles/CFU_SRC/pynq_z2/pynq_z2/.Xil/Vivado-54352-jsp-H370M-D3H/realtime/system_auto_pc_0_stub.v:6]
INFO: [Synth 8-6155] done synthesizing module 's00_couplers_imp_11SE3QO' (12#1) [/home/jsp/Storage/CFU_PYNQ_FIles/CFU_SRC/pynq_z2/pynq_z2/arunQAFDHGDZXVNBDXG_gae.gen/sources_1/bd/system/synth/system.v:541]
INFO: [Synth 8-6157] synthesizing module 'system_xbar_0' [/home/jsp/Storage/CFU_PYNQ_FIles/CFU_SRC/pynq_z2/pynq_z2/.Xil/Vivado-54352-jsp-H370M-D3H/realtime/system_xbar_0_stub.v:6]
INFO: [Synth 8-6155] done synthesizing module 'system_xbar_0' (13#1) [/home/jsp/Storage/CFU_PYNQ_FIles/CFU_SRC/pynq_z2/pynq_z2/.Xil/Vivado-54352-jsp-H370M-D3H/realtime/system_xbar_0_stub.v:6]
WARNING: [Synth 8-7071] port 'm_axi_awprot' of module 'system_xbar_0' is unconnected for instance 'xbar' [/home/jsp/Storage/CFU_PYNQ_FIles/CFU_SRC/pynq_z2/pynq_z2/arunQAFDHGDZXVNBDXG_gae.gen/sources_1/bd/system/synth/system.v:2111]
WARNING: [Synth 8-7071] port 'm_axi_arprot' of module 'system_xbar_0' is unconnected for instance 'xbar' [/home/jsp/Storage/CFU_PYNQ_FIles/CFU_SRC/pynq_z2/pynq_z2/arunQAFDHGDZXVNBDXG_gae.gen/sources_1/bd/system/synth/system.v:2111]
WARNING: [Synth 8-7023] instance 'xbar' of module 'system_xbar_0' has 40 connections declared, but only 38 given [/home/jsp/Storage/CFU_PYNQ_FIles/CFU_SRC/pynq_z2/pynq_z2/arunQAFDHGDZXVNBDXG_gae.gen/sources_1/bd/system/synth/system.v:2111]
INFO: [Synth 8-6155] done synthesizing module 'system_ps7_0_axi_periph_0' (14#1) [/home/jsp/Storage/CFU_PYNQ_FIles/CFU_SRC/pynq_z2/pynq_z2/arunQAFDHGDZXVNBDXG_gae.gen/sources_1/bd/system/synth/system.v:1351]
INFO: [Synth 8-6157] synthesizing module 'system_rst_ps7_0_100M_0' [/home/jsp/Storage/CFU_PYNQ_FIles/CFU_SRC/pynq_z2/pynq_z2/.Xil/Vivado-54352-jsp-H370M-D3H/realtime/system_rst_ps7_0_100M_0_stub.v:6]
INFO: [Synth 8-6155] done synthesizing module 'system_rst_ps7_0_100M_0' (15#1) [/home/jsp/Storage/CFU_PYNQ_FIles/CFU_SRC/pynq_z2/pynq_z2/.Xil/Vivado-54352-jsp-H370M-D3H/realtime/system_rst_ps7_0_100M_0_stub.v:6]
WARNING: [Synth 8-7071] port 'mb_reset' of module 'system_rst_ps7_0_100M_0' is unconnected for instance 'rst_ps7_0_100M' [/home/jsp/Storage/CFU_PYNQ_FIles/CFU_SRC/pynq_z2/pynq_z2/arunQAFDHGDZXVNBDXG_gae.gen/sources_1/bd/system/synth/system.v:1330]
WARNING: [Synth 8-7071] port 'bus_struct_reset' of module 'system_rst_ps7_0_100M_0' is unconnected for instance 'rst_ps7_0_100M' [/home/jsp/Storage/CFU_PYNQ_FIles/CFU_SRC/pynq_z2/pynq_z2/arunQAFDHGDZXVNBDXG_gae.gen/sources_1/bd/system/synth/system.v:1330]
WARNING: [Synth 8-7071] port 'peripheral_reset' of module 'system_rst_ps7_0_100M_0' is unconnected for instance 'rst_ps7_0_100M' [/home/jsp/Storage/CFU_PYNQ_FIles/CFU_SRC/pynq_z2/pynq_z2/arunQAFDHGDZXVNBDXG_gae.gen/sources_1/bd/system/synth/system.v:1330]
WARNING: [Synth 8-7071] port 'interconnect_aresetn' of module 'system_rst_ps7_0_100M_0' is unconnected for instance 'rst_ps7_0_100M' [/home/jsp/Storage/CFU_PYNQ_FIles/CFU_SRC/pynq_z2/pynq_z2/arunQAFDHGDZXVNBDXG_gae.gen/sources_1/bd/system/synth/system.v:1330]
WARNING: [Synth 8-7023] instance 'rst_ps7_0_100M' of module 'system_rst_ps7_0_100M_0' has 10 connections declared, but only 6 given [/home/jsp/Storage/CFU_PYNQ_FIles/CFU_SRC/pynq_z2/pynq_z2/arunQAFDHGDZXVNBDXG_gae.gen/sources_1/bd/system/synth/system.v:1330]
INFO: [Synth 8-6157] synthesizing module 'system_tul_pynq_z2_0_0' [/home/jsp/Storage/CFU_PYNQ_FIles/CFU_SRC/pynq_z2/pynq_z2/.Xil/Vivado-54352-jsp-H370M-D3H/realtime/system_tul_pynq_z2_0_0_stub.v:6]
INFO: [Synth 8-6155] done synthesizing module 'system_tul_pynq_z2_0_0' (16#1) [/home/jsp/Storage/CFU_PYNQ_FIles/CFU_SRC/pynq_z2/pynq_z2/.Xil/Vivado-54352-jsp-H370M-D3H/realtime/system_tul_pynq_z2_0_0_stub.v:6]
INFO: [Synth 8-6155] done synthesizing module 'system' (17#1) [/home/jsp/Storage/CFU_PYNQ_FIles/CFU_SRC/pynq_z2/pynq_z2/arunQAFDHGDZXVNBDXG_gae.gen/sources_1/bd/system/synth/system.v:846]
INFO: [Synth 8-6155] done synthesizing module 'system_wrapper' (18#1) [/home/jsp/Storage/CFU_PYNQ_FIles/CFU_SRC/pynq_z2/pynq_z2/arunQAFDHGDZXVNBDXG_gae.srcs/sources_1/imports/hdl/system_wrapper.v:13]
---------------------------------------------------------------------------------
Finished Synthesize : Time (s): cpu = 00:00:06 ; elapsed = 00:00:05 . Memory (MB): peak = 10684.375 ; gain = 0.000 ; free physical = 4946 ; free virtual = 17616
---------------------------------------------------------------------------------
Copyright 1986-2022 Xilinx, Inc. All Rights Reserved. Copyright 2022-2024 Advanced Micro Devices, Inc. All Rights Reserved.
---------------------------------------------------------------------------------------------------------------------------------------------
| Tool Version : Vivado v.2024.1 (lin64) Build 5076996 Wed May 22 18:36:09 MDT 2024
| Date         : Tue Nov  4 14:41:47 2025
| Host         : jsp-H370M-D3H running 64-bit Ubuntu 24.04.3 LTS
---------------------------------------------------------------------------------------------------------------------------------------------

RTL Linter Report

Table of Contents
-----------------
1. Summary

1. Summary
----------

+-----------+----------+--------------+----------+
| Rule ID   | Severity | # Violations | # Waived |
+-----------+----------+--------------+----------+
| ASSIGN-5  | WARNING  | 21           | 0        |
| ASSIGN-6  | WARNING  | 8            | 0        |
| ASSIGN-10 | WARNING  | 28           | 0        |
+-----------+----------+--------------+----------+


WARNING: [Synth 37-124] [ASSIGN-5]Some bits in 'processing_system7_0_DDR_ADDR' are not set. First unset bit index is 0. 
RTL Name 'processing_system7_0_DDR_ADDR', Hierarchy 'system', File 'system.v', Line 909.
WARNING: [Synth 37-124] [ASSIGN-5]Some bits in 'processing_system7_0_DDR_BA' are not set. First unset bit index is 0. 
RTL Name 'processing_system7_0_DDR_BA', Hierarchy 'system', File 'system.v', Line 910.
WARNING: [Synth 37-95] [ASSIGN-5]Found scalar variable(s) 'processing_system7_0_DDR_CAS_N' declared and are not set.
RTL Name 'processing_system7_0_DDR_CAS_N', Hierarchy 'system', File '/home/jsp/Storage/CFU_PYNQ_FIles/CFU_SRC/pynq_z2/pynq_z2/arunQAFDHGDZXVNBDXG_gae.gen/sources_1/bd/system/synth/system.v', Line 911.
WARNING: [Synth 37-95] [ASSIGN-5]Found scalar variable(s) 'processing_system7_0_DDR_CKE' declared and are not set.
RTL Name 'processing_system7_0_DDR_CKE', Hierarchy 'system', File '/home/jsp/Storage/CFU_PYNQ_FIles/CFU_SRC/pynq_z2/pynq_z2/arunQAFDHGDZXVNBDXG_gae.gen/sources_1/bd/system/synth/system.v', Line 912.
WARNING: [Synth 37-95] [ASSIGN-5]Found scalar variable(s) 'processing_system7_0_DDR_CK_N' declared and are not set.
RTL Name 'processing_system7_0_DDR_CK_N', Hierarchy 'system', File '/home/jsp/Storage/CFU_PYNQ_FIles/CFU_SRC/pynq_z2/pynq_z2/arunQAFDHGDZXVNBDXG_gae.gen/sources_1/bd/system/synth/system.v', Line 913.
WARNING: [Synth 37-95] [ASSIGN-5]Found scalar variable(s) 'processing_system7_0_DDR_CK_P' declared and are not set.
RTL Name 'processing_system7_0_DDR_CK_P', Hierarchy 'system', File '/home/jsp/Storage/CFU_PYNQ_FIles/CFU_SRC/pynq_z2/pynq_z2/arunQAFDHGDZXVNBDXG_gae.gen/sources_1/bd/system/synth/system.v', Line 914.
WARNING: [Synth 37-95] [ASSIGN-5]Found scalar variable(s) 'processing_system7_0_DDR_CS_N' declared and are not set.
RTL Name 'processing_system7_0_DDR_CS_N', Hierarchy 'system', File '/home/jsp/Storage/CFU_PYNQ_FIles/CFU_SRC/pynq_z2/pynq_z2/arunQAFDHGDZXVNBDXG_gae.gen/sources_1/bd/system/synth/system.v', Line 915.
WARNING: [Synth 37-124] [ASSIGN-5]Some bits in 'processing_system7_0_DDR_DM' are not set. First unset bit index is 0. 
RTL Name 'processing_system7_0_DDR_DM', Hierarchy 'system', File 'system.v', Line 916.
WARNING: [Synth 37-124] [ASSIGN-5]Some bits in 'processing_system7_0_DDR_DQ' are not set. First unset bit index is 0. 
RTL Name 'processing_system7_0_DDR_DQ', Hierarchy 'system', File 'system.v', Line 917.
WARNING: [Synth 37-124] [ASSIGN-5]Some bits in 'processing_system7_0_DDR_DQS_N' are not set. First unset bit index is 0. 
RTL Name 'processing_system7_0_DDR_DQS_N', Hierarchy 'system', File 'system.v', Line 918.
WARNING: [Synth 37-124] [ASSIGN-5]Some bits in 'processing_system7_0_DDR_DQS_P' are not set. First unset bit index is 0. 
RTL Name 'processing_system7_0_DDR_DQS_P', Hierarchy 'system', File 'system.v', Line 919.
WARNING: [Synth 37-95] [ASSIGN-5]Found scalar variable(s) 'processing_system7_0_DDR_ODT' declared and are not set.
RTL Name 'processing_system7_0_DDR_ODT', Hierarchy 'system', File '/home/jsp/Storage/CFU_PYNQ_FIles/CFU_SRC/pynq_z2/pynq_z2/arunQAFDHGDZXVNBDXG_gae.gen/sources_1/bd/system/synth/system.v', Line 920.
WARNING: [Synth 37-95] [ASSIGN-5]Found scalar variable(s) 'processing_system7_0_DDR_RAS_N' declared and are not set.
RTL Name 'processing_system7_0_DDR_RAS_N', Hierarchy 'system', File '/home/jsp/Storage/CFU_PYNQ_FIles/CFU_SRC/pynq_z2/pynq_z2/arunQAFDHGDZXVNBDXG_gae.gen/sources_1/bd/system/synth/system.v', Line 921.
WARNING: [Synth 37-95] [ASSIGN-5]Found scalar variable(s) 'processing_system7_0_DDR_RESET_N' declared and are not set.
RTL Name 'processing_system7_0_DDR_RESET_N', Hierarchy 'system', File '/home/jsp/Storage/CFU_PYNQ_FIles/CFU_SRC/pynq_z2/pynq_z2/arunQAFDHGDZXVNBDXG_gae.gen/sources_1/bd/system/synth/system.v', Line 922.
WARNING: [Synth 37-95] [ASSIGN-5]Found scalar variable(s) 'processing_system7_0_DDR_WE_N' declared and are not set.
RTL Name 'processing_system7_0_DDR_WE_N', Hierarchy 'system', File '/home/jsp/Storage/CFU_PYNQ_FIles/CFU_SRC/pynq_z2/pynq_z2/arunQAFDHGDZXVNBDXG_gae.gen/sources_1/bd/system/synth/system.v', Line 923.
WARNING: [Synth 37-95] [ASSIGN-5]Found scalar variable(s) 'processing_system7_0_FIXED_IO_DDR_VRN' declared and are not set.
RTL Name 'processing_system7_0_FIXED_IO_DDR_VRN', Hierarchy 'system', File '/home/jsp/Storage/CFU_PYNQ_FIles/CFU_SRC/pynq_z2/pynq_z2/arunQAFDHGDZXVNBDXG_gae.gen/sources_1/bd/system/synth/system.v', Line 926.
WARNING: [Synth 37-95] [ASSIGN-5]Found scalar variable(s) 'processing_system7_0_FIXED_IO_DDR_VRP' declared and are not set.
RTL Name 'processing_system7_0_FIXED_IO_DDR_VRP', Hierarchy 'system', File '/home/jsp/Storage/CFU_PYNQ_FIles/CFU_SRC/pynq_z2/pynq_z2/arunQAFDHGDZXVNBDXG_gae.gen/sources_1/bd/system/synth/system.v', Line 927.
WARNING: [Synth 37-124] [ASSIGN-5]Some bits in 'processing_system7_0_FIXED_IO_MIO' are not set. First unset bit index is 0. 
RTL Name 'processing_system7_0_FIXED_IO_MIO', Hierarchy 'system', File 'system.v', Line 928.
WARNING: [Synth 37-95] [ASSIGN-5]Found scalar variable(s) 'processing_system7_0_FIXED_IO_PS_CLK' declared and are not set.
RTL Name 'processing_system7_0_FIXED_IO_PS_CLK', Hierarchy 'system', File '/home/jsp/Storage/CFU_PYNQ_FIles/CFU_SRC/pynq_z2/pynq_z2/arunQAFDHGDZXVNBDXG_gae.gen/sources_1/bd/system/synth/system.v', Line 929.
WARNING: [Synth 37-95] [ASSIGN-5]Found scalar variable(s) 'processing_system7_0_FIXED_IO_PS_PORB' declared and are not set.
RTL Name 'processing_system7_0_FIXED_IO_PS_PORB', Hierarchy 'system', File '/home/jsp/Storage/CFU_PYNQ_FIles/CFU_SRC/pynq_z2/pynq_z2/arunQAFDHGDZXVNBDXG_gae.gen/sources_1/bd/system/synth/system.v', Line 930.
WARNING: [Synth 37-95] [ASSIGN-5]Found scalar variable(s) 'processing_system7_0_FIXED_IO_PS_SRSTB' declared and are not set.
RTL Name 'processing_system7_0_FIXED_IO_PS_SRSTB', Hierarchy 'system', File '/home/jsp/Storage/CFU_PYNQ_FIles/CFU_SRC/pynq_z2/pynq_z2/arunQAFDHGDZXVNBDXG_gae.gen/sources_1/bd/system/synth/system.v', Line 931.
WARNING: [Synth 37-123] [ASSIGN-6]Some bits in 'ps7_0_axi_periph_M00_AXI_ARADDR' are not read. First unread bit index is 9. 
RTL Name 'ps7_0_axi_periph_M00_AXI_ARADDR', Hierarchy 'system', File 'system.v', Line 970.
WARNING: [Synth 37-123] [ASSIGN-6]Some bits in 'ps7_0_axi_periph_M00_AXI_AWADDR' are not read. First unread bit index is 9. 
RTL Name 'ps7_0_axi_periph_M00_AXI_AWADDR', Hierarchy 'system', File 'system.v', Line 973.
WARNING: [Synth 37-123] [ASSIGN-6]Some bits in 'ps7_0_axi_periph_M01_AXI_ARADDR' are not read. First unread bit index is 9. 
RTL Name 'ps7_0_axi_periph_M01_AXI_ARADDR', Hierarchy 'system', File 'system.v', Line 987.
WARNING: [Synth 37-123] [ASSIGN-6]Some bits in 'ps7_0_axi_periph_M01_AXI_AWADDR' are not read. First unread bit index is 9. 
RTL Name 'ps7_0_axi_periph_M01_AXI_AWADDR', Hierarchy 'system', File 'system.v', Line 990.
WARNING: [Synth 37-123] [ASSIGN-6]Some bits in 'ps7_0_axi_periph_M02_AXI_ARADDR' are not read. First unread bit index is 9. 
RTL Name 'ps7_0_axi_periph_M02_AXI_ARADDR', Hierarchy 'system', File 'system.v', Line 1004.
WARNING: [Synth 37-123] [ASSIGN-6]Some bits in 'ps7_0_axi_periph_M02_AXI_AWADDR' are not read. First unread bit index is 9. 
RTL Name 'ps7_0_axi_periph_M02_AXI_AWADDR', Hierarchy 'system', File 'system.v', Line 1007.
WARNING: [Synth 37-123] [ASSIGN-6]Some bits in 'ps7_0_axi_periph_M03_AXI_ARADDR' are not read. First unread bit index is 9. 
RTL Name 'ps7_0_axi_periph_M03_AXI_ARADDR', Hierarchy 'system', File 'system.v', Line 1021.
WARNING: [Synth 37-123] [ASSIGN-6]Some bits in 'ps7_0_axi_periph_M03_AXI_AWADDR' are not read. First unread bit index is 9. 
RTL Name 'ps7_0_axi_periph_M03_AXI_AWADDR', Hierarchy 'system', File 'system.v', Line 1024.
WARNING: [Synth 37-125] [ASSIGN-10]Some bits in IO 'M00_ACLK' are not read. First unread bit index is 0. 
RTL Name 'M00_ACLK', Hierarchy 'system_ps7_0_axi_periph_0', File 'system.v', Line 1472.
WARNING: [Synth 37-125] [ASSIGN-10]Some bits in IO 'M00_ARESETN' are not read. First unread bit index is 0. 
RTL Name 'M00_ARESETN', Hierarchy 'system_ps7_0_axi_periph_0', File 'system.v', Line 1473.
WARNING: [Synth 37-125] [ASSIGN-10]Some bits in IO 'M01_ACLK' are not read. First unread bit index is 0. 
RTL Name 'M01_ACLK', Hierarchy 'system_ps7_0_axi_periph_0', File 'system.v', Line 1491.
WARNING: [Synth 37-125] [ASSIGN-10]Some bits in IO 'M01_ARESETN' are not read. First unread bit index is 0. 
RTL Name 'M01_ARESETN', Hierarchy 'system_ps7_0_axi_periph_0', File 'system.v', Line 1492.
WARNING: [Synth 37-125] [ASSIGN-10]Some bits in IO 'M02_ACLK' are not read. First unread bit index is 0. 
RTL Name 'M02_ACLK', Hierarchy 'system_ps7_0_axi_periph_0', File 'system.v', Line 1510.
WARNING: [Synth 37-125] [ASSIGN-10]Some bits in IO 'M02_ARESETN' are not read. First unread bit index is 0. 
RTL Name 'M02_ARESETN', Hierarchy 'system_ps7_0_axi_periph_0', File 'system.v', Line 1511.
WARNING: [Synth 37-125] [ASSIGN-10]Some bits in IO 'M03_ACLK' are not read. First unread bit index is 0. 
RTL Name 'M03_ACLK', Hierarchy 'system_ps7_0_axi_periph_0', File 'system.v', Line 1529.
WARNING: [Synth 37-125] [ASSIGN-10]Some bits in IO 'M03_ARESETN' are not read. First unread bit index is 0. 
RTL Name 'M03_ARESETN', Hierarchy 'system_ps7_0_axi_periph_0', File 'system.v', Line 1530.
WARNING: [Synth 37-125] [ASSIGN-10]Some bits in IO 'M_ACLK' are not read. First unread bit index is 0. 
RTL Name 'M_ACLK', Hierarchy 'm00_couplers_imp_1H7AUOX', File 'system.v', Line 52.
WARNING: [Synth 37-125] [ASSIGN-10]Some bits in IO 'M_ACLK' are not read. First unread bit index is 0. 
RTL Name 'M_ACLK', Hierarchy 'm03_couplers_imp_15QZ4LV', File 'system.v', Line 448.
WARNING: [Synth 37-125] [ASSIGN-10]Some bits in IO 'M_ACLK' are not read. First unread bit index is 0. 
RTL Name 'M_ACLK', Hierarchy 'm02_couplers_imp_FKL2TE', File 'system.v', Line 316.
WARNING: [Synth 37-125] [ASSIGN-10]Some bits in IO 'M_ACLK' are not read. First unread bit index is 0. 
RTL Name 'M_ACLK', Hierarchy 'm01_couplers_imp_4Y7TYO', File 'system.v', Line 184.
WARNING: [Synth 37-125] [ASSIGN-10]Some bits in IO 'M_ACLK' are not read. First unread bit index is 0. 
RTL Name 'M_ACLK', Hierarchy 's00_couplers_imp_11SE3QO', File 'system.v', Line 603.
WARNING: [Synth 37-125] [ASSIGN-10]Some bits in IO 'M_ARESETN' are not read. First unread bit index is 0. 
RTL Name 'M_ARESETN', Hierarchy 'm01_couplers_imp_4Y7TYO', File 'system.v', Line 185.
WARNING: [Synth 37-125] [ASSIGN-10]Some bits in IO 'M_ARESETN' are not read. First unread bit index is 0. 
RTL Name 'M_ARESETN', Hierarchy 'm00_couplers_imp_1H7AUOX', File 'system.v', Line 53.
WARNING: [Synth 37-125] [ASSIGN-10]Some bits in IO 'M_ARESETN' are not read. First unread bit index is 0. 
RTL Name 'M_ARESETN', Hierarchy 'm02_couplers_imp_FKL2TE', File 'system.v', Line 317.
WARNING: [Synth 37-125] [ASSIGN-10]Some bits in IO 'M_ARESETN' are not read. First unread bit index is 0. 
RTL Name 'M_ARESETN', Hierarchy 'm03_couplers_imp_15QZ4LV', File 'system.v', Line 449.
WARNING: [Synth 37-125] [ASSIGN-10]Some bits in IO 'M_ARESETN' are not read. First unread bit index is 0. 
RTL Name 'M_ARESETN', Hierarchy 's00_couplers_imp_11SE3QO', File 'system.v', Line 604.
WARNING: [Synth 37-125] [ASSIGN-10]Some bits in IO 'S00_ACLK' are not read. First unread bit index is 0. 
RTL Name 'S00_ACLK', Hierarchy 'system_ps7_0_axi_periph_0', File 'system.v', Line 1548.
WARNING: [Synth 37-125] [ASSIGN-10]Some bits in IO 'S00_ARESETN' are not read. First unread bit index is 0. 
RTL Name 'S00_ARESETN', Hierarchy 'system_ps7_0_axi_periph_0', File 'system.v', Line 1549.
WARNING: [Synth 37-125] [ASSIGN-10]Some bits in IO 'S_ACLK' are not read. First unread bit index is 0. 
RTL Name 'S_ACLK', Hierarchy 'm02_couplers_imp_FKL2TE', File 'system.v', Line 335.
WARNING: [Synth 37-125] [ASSIGN-10]Some bits in IO 'S_ACLK' are not read. First unread bit index is 0. 
RTL Name 'S_ACLK', Hierarchy 'm01_couplers_imp_4Y7TYO', File 'system.v', Line 203.
WARNING: [Synth 37-125] [ASSIGN-10]Some bits in IO 'S_ACLK' are not read. First unread bit index is 0. 
RTL Name 'S_ACLK', Hierarchy 'm03_couplers_imp_15QZ4LV', File 'system.v', Line 467.
WARNING: [Synth 37-125] [ASSIGN-10]Some bits in IO 'S_ACLK' are not read. First unread bit index is 0. 
RTL Name 'S_ACLK', Hierarchy 'm00_couplers_imp_1H7AUOX', File 'system.v', Line 71.
WARNING: [Synth 37-125] [ASSIGN-10]Some bits in IO 'S_ARESETN' are not read. First unread bit index is 0. 
RTL Name 'S_ARESETN', Hierarchy 'm02_couplers_imp_FKL2TE', File 'system.v', Line 336.
WARNING: [Synth 37-125] [ASSIGN-10]Some bits in IO 'S_ARESETN' are not read. First unread bit index is 0. 
RTL Name 'S_ARESETN', Hierarchy 'm01_couplers_imp_4Y7TYO', File 'system.v', Line 204.
WARNING: [Synth 37-125] [ASSIGN-10]Some bits in IO 'S_ARESETN' are not read. First unread bit index is 0. 
RTL Name 'S_ARESETN', Hierarchy 'm03_couplers_imp_15QZ4LV', File 'system.v', Line 468.
WARNING: [Synth 37-125] [ASSIGN-10]Some bits in IO 'S_ARESETN' are not read. First unread bit index is 0. 
RTL Name 'S_ARESETN', Hierarchy 'm00_couplers_imp_1H7AUOX', File 'system.v', Line 72.
INFO: [Synth 37-85] Total of 57 linter message(s) generated.
INFO: [Synth 37-45] Linter Run Finished!
Synthesis Optimization Runtime : Time (s): cpu = 00:00:06 ; elapsed = 00:00:05 . Memory (MB): peak = 10684.375 ; gain = 0.000 ; free physical = 4937 ; free virtual = 17606
INFO: [Common 17-83] Releasing license: Synthesis
52 Infos, 70 Warnings, 0 Critical Warnings and 0 Errors encountered.
synth_design completed successfully
WARNING: [filemgmt 56-199] Attempt to get parsing info during refresh. "On-the-fly" syntax checking information may be incorrect. [/home/jsp/Storage/CFU_PYNQ_FIles/CFU_SRC/donut-accel/cfu.v:]
WARNING: [filemgmt 56-199] Attempt to get parsing info during refresh. "On-the-fly" syntax checking information may be incorrect. [/home/jsp/Storage/CFU_PYNQ_FIles/CFU_SRC/pynq_z2/pynq_z2/arunQAFDHGDZXVNBDXG_gae.srcs/sources_1/imports/hdl/system_wrapper.v:]
WARNING: [filemgmt 56-199] Attempt to get parsing info during refresh. "On-the-fly" syntax checking information may be incorrect. [/home/jsp/Storage/CFU_PYNQ_FIles/CFU_SRC/pynq_z2/pynq_z2/arunQAFDHGDZXVNBDXG_gae.srcs/sources_1/new/tul_pynq_z2.v:]
WARNING: [filemgmt 56-199] Attempt to get parsing info during refresh. "On-the-fly" syntax checking information may be incorrect. [/home/jsp/Storage/CFU_PYNQ_FIles/CFU_SRC/pynq_z2/pynq_z2/arunQAFDHGDZXVNBDXG_gae.srcs/sources_1/new/tul_pynq_z2.v:]
WARNING: [filemgmt 56-199] Attempt to get parsing info during refresh. "On-the-fly" syntax checking information may be incorrect. [/home/jsp/Storage/CFU_PYNQ_FIles/CFU_SRC/pynq_z2/pynq_z2/arunQAFDHGDZXVNBDXG_gae.srcs/sources_1/new/tul_pynq_z2.v:]
WARNING: [filemgmt 56-199] Attempt to get parsing info during refresh. "On-the-fly" syntax checking information may be incorrect. [/home/jsp/Storage/CFU_PYNQ_FIles/CFU_SRC/donut-accel/cfu.v:]
WARNING: [filemgmt 56-199] Attempt to get parsing info during refresh. "On-the-fly" syntax checking information may be incorrect. [/home/jsp/Storage/CFU_PYNQ_FIles/CFU_SRC/pynq_z2/pynq_z2/arunQAFDHGDZXVNBDXG_gae.srcs/sources_1/imports/hdl/system_wrapper.v:]
WARNING: [filemgmt 56-199] Attempt to get parsing info during refresh. "On-the-fly" syntax checking information may be incorrect. [/home/jsp/Storage/CFU_PYNQ_FIles/CFU_SRC/pynq_z2/pynq_z2/arunQAFDHGDZXVNBDXG_gae.srcs/sources_1/new/tul_pynq_z2.v:]
WARNING: [filemgmt 56-199] Attempt to get parsing info during refresh. "On-the-fly" syntax checking information may be incorrect. [/home/jsp/Storage/CFU_PYNQ_FIles/CFU_SRC/donut-accel/cfu.v:]
WARNING: [filemgmt 56-199] Attempt to get parsing info during refresh. "On-the-fly" syntax checking information may be incorrect. [/home/jsp/Storage/CFU_PYNQ_FIles/CFU_SRC/donut-accel/cfu.v:]
open_bd_design {/home/jsp/Storage/CFU_PYNQ_FIles/CFU_SRC/pynq_z2/pynq_z2/arunQAFDHGDZXVNBDXG_gae.srcs/sources_1/bd/system/system.bd}
create_ip_run [get_files -of_objects [get_fileset sources_1] /home/jsp/Storage/CFU_PYNQ_FIles/CFU_SRC/pynq_z2/pynq_z2/arunQAFDHGDZXVNBDXG_gae.srcs/sources_1/bd/system/system.bd]
synth_design -top system_wrapper -part xc7z020clg400-1 -lint 
Command: synth_design -top system_wrapper -part xc7z020clg400-1 -lint
Starting synth_design
Attempting to get a license for feature 'Synthesis' and/or device 'xc7z020'
INFO: [Common 17-349] Got license for feature 'Synthesis' and/or device 'xc7z020'
INFO: [Synth 8-7079] Multithreading enabled for synth_design using a maximum of 4 processes.
---------------------------------------------------------------------------------
Starting Synthesize : Time (s): cpu = 00:00:05 ; elapsed = 00:00:03 . Memory (MB): peak = 10684.375 ; gain = 0.000 ; free physical = 4959 ; free virtual = 17636
---------------------------------------------------------------------------------
Clean up Linter database...
INFO: [Synth 8-11241] undeclared symbol 'dec_zz_cmd_valid', assumed default net type 'wire' [/home/jsp/Storage/CFU_PYNQ_FIles/CFU_SRC/pynq_z2/pynq_z2/arunQAFDHGDZXVNBDXG_gae.srcs/sources_1/new/Cfu.v:78]
INFO: [Synth 8-11241] undeclared symbol 'dec_zz_cmd_ready', assumed default net type 'wire' [/home/jsp/Storage/CFU_PYNQ_FIles/CFU_SRC/pynq_z2/pynq_z2/arunQAFDHGDZXVNBDXG_gae.srcs/sources_1/new/Cfu.v:78]
INFO: [Synth 8-11241] undeclared symbol 'dec_zz_cmd_payload_function_id', assumed default net type 'wire' [/home/jsp/Storage/CFU_PYNQ_FIles/CFU_SRC/pynq_z2/pynq_z2/arunQAFDHGDZXVNBDXG_gae.srcs/sources_1/new/Cfu.v:79]
INFO: [Synth 8-11241] undeclared symbol 'dec_zz_cmd_payload_inputs_0', assumed default net type 'wire' [/home/jsp/Storage/CFU_PYNQ_FIles/CFU_SRC/pynq_z2/pynq_z2/arunQAFDHGDZXVNBDXG_gae.srcs/sources_1/new/Cfu.v:80]
INFO: [Synth 8-11241] undeclared symbol 'dec_zz_cmd_payload_inputs_1', assumed default net type 'wire' [/home/jsp/Storage/CFU_PYNQ_FIles/CFU_SRC/pynq_z2/pynq_z2/arunQAFDHGDZXVNBDXG_gae.srcs/sources_1/new/Cfu.v:80]
INFO: [Synth 8-11241] undeclared symbol 'dec_zz_rsp_valid', assumed default net type 'wire' [/home/jsp/Storage/CFU_PYNQ_FIles/CFU_SRC/pynq_z2/pynq_z2/arunQAFDHGDZXVNBDXG_gae.srcs/sources_1/new/Cfu.v:81]
INFO: [Synth 8-11241] undeclared symbol 'dec_rsp_ready', assumed default net type 'wire' [/home/jsp/Storage/CFU_PYNQ_FIles/CFU_SRC/pynq_z2/pynq_z2/arunQAFDHGDZXVNBDXG_gae.srcs/sources_1/new/Cfu.v:81]
INFO: [Synth 8-11241] undeclared symbol 'dec_zz_rsp_payload_outputs_0', assumed default net type 'wire' [/home/jsp/Storage/CFU_PYNQ_FIles/CFU_SRC/pynq_z2/pynq_z2/arunQAFDHGDZXVNBDXG_gae.srcs/sources_1/new/Cfu.v:81]
INFO: [Synth 8-11241] undeclared symbol 'dec_reset', assumed default net type 'wire' [/home/jsp/Storage/CFU_PYNQ_FIles/CFU_SRC/pynq_z2/pynq_z2/arunQAFDHGDZXVNBDXG_gae.srcs/sources_1/new/Cfu.v:82]
INFO: [Synth 8-11241] undeclared symbol 'dec_clk', assumed default net type 'wire' [/home/jsp/Storage/CFU_PYNQ_FIles/CFU_SRC/pynq_z2/pynq_z2/arunQAFDHGDZXVNBDXG_gae.srcs/sources_1/new/Cfu.v:82]
INFO: [Synth 8-11241] undeclared symbol 'dec_cfu_id', assumed default net type 'wire' [/home/jsp/Storage/CFU_PYNQ_FIles/CFU_SRC/pynq_z2/pynq_z2/arunQAFDHGDZXVNBDXG_gae.srcs/sources_1/new/Cfu.v:82]
INFO: [Synth 8-6157] synthesizing module 'system_wrapper' [/home/jsp/Storage/CFU_PYNQ_FIles/CFU_SRC/pynq_z2/pynq_z2/arunQAFDHGDZXVNBDXG_gae.srcs/sources_1/imports/hdl/system_wrapper.v:13]
INFO: [Synth 8-6157] synthesizing module 'system' [/home/jsp/Storage/CFU_PYNQ_FIles/CFU_SRC/pynq_z2/pynq_z2/arunQAFDHGDZXVNBDXG_gae.gen/sources_1/bd/system/synth/system.v:846]
INFO: [Synth 8-6157] synthesizing module 'system_axi_gpio_decouple_status_0' [/home/jsp/Storage/CFU_PYNQ_FIles/CFU_SRC/pynq_z2/pynq_z2/.Xil/Vivado-54352-jsp-H370M-D3H/realtime/system_axi_gpio_decouple_status_0_stub.v:6]
INFO: [Synth 8-6155] done synthesizing module 'system_axi_gpio_decouple_status_0' (1#1) [/home/jsp/Storage/CFU_PYNQ_FIles/CFU_SRC/pynq_z2/pynq_z2/.Xil/Vivado-54352-jsp-H370M-D3H/realtime/system_axi_gpio_decouple_status_0_stub.v:6]
INFO: [Synth 8-6157] synthesizing module 'system_axi_gpio_0_0' [/home/jsp/Storage/CFU_PYNQ_FIles/CFU_SRC/pynq_z2/pynq_z2/.Xil/Vivado-54352-jsp-H370M-D3H/realtime/system_axi_gpio_0_0_stub.v:6]
INFO: [Synth 8-6155] done synthesizing module 'system_axi_gpio_0_0' (2#1) [/home/jsp/Storage/CFU_PYNQ_FIles/CFU_SRC/pynq_z2/pynq_z2/.Xil/Vivado-54352-jsp-H370M-D3H/realtime/system_axi_gpio_0_0_stub.v:6]
INFO: [Synth 8-6157] synthesizing module 'system_axi_gpio_to_reconfig_0' [/home/jsp/Storage/CFU_PYNQ_FIles/CFU_SRC/pynq_z2/pynq_z2/.Xil/Vivado-54352-jsp-H370M-D3H/realtime/system_axi_gpio_to_reconfig_0_stub.v:6]
INFO: [Synth 8-6155] done synthesizing module 'system_axi_gpio_to_reconfig_0' (3#1) [/home/jsp/Storage/CFU_PYNQ_FIles/CFU_SRC/pynq_z2/pynq_z2/.Xil/Vivado-54352-jsp-H370M-D3H/realtime/system_axi_gpio_to_reconfig_0_stub.v:6]
INFO: [Synth 8-6157] synthesizing module 'system_axi_gpio_0_1' [/home/jsp/Storage/CFU_PYNQ_FIles/CFU_SRC/pynq_z2/pynq_z2/.Xil/Vivado-54352-jsp-H370M-D3H/realtime/system_axi_gpio_0_1_stub.v:6]
INFO: [Synth 8-6155] done synthesizing module 'system_axi_gpio_0_1' (4#1) [/home/jsp/Storage/CFU_PYNQ_FIles/CFU_SRC/pynq_z2/pynq_z2/.Xil/Vivado-54352-jsp-H370M-D3H/realtime/system_axi_gpio_0_1_stub.v:6]
INFO: [Synth 8-6157] synthesizing module 'system_clk_wiz_0_0' [/home/jsp/Storage/CFU_PYNQ_FIles/CFU_SRC/pynq_z2/pynq_z2/.Xil/Vivado-54352-jsp-H370M-D3H/realtime/system_clk_wiz_0_0_stub.v:6]
INFO: [Synth 8-6155] done synthesizing module 'system_clk_wiz_0_0' (5#1) [/home/jsp/Storage/CFU_PYNQ_FIles/CFU_SRC/pynq_z2/pynq_z2/.Xil/Vivado-54352-jsp-H370M-D3H/realtime/system_clk_wiz_0_0_stub.v:6]
WARNING: [Synth 8-7071] port 'locked' of module 'system_clk_wiz_0_0' is unconnected for instance 'clk_wiz_0' [/home/jsp/Storage/CFU_PYNQ_FIles/CFU_SRC/pynq_z2/pynq_z2/arunQAFDHGDZXVNBDXG_gae.gen/sources_1/bd/system/synth/system.v:1143]
WARNING: [Synth 8-7023] instance 'clk_wiz_0' of module 'system_clk_wiz_0_0' has 4 connections declared, but only 3 given [/home/jsp/Storage/CFU_PYNQ_FIles/CFU_SRC/pynq_z2/pynq_z2/arunQAFDHGDZXVNBDXG_gae.gen/sources_1/bd/system/synth/system.v:1143]
INFO: [Synth 8-6157] synthesizing module 'system_processing_system7_0_0' [/home/jsp/Storage/CFU_PYNQ_FIles/CFU_SRC/pynq_z2/pynq_z2/.Xil/Vivado-54352-jsp-H370M-D3H/realtime/system_processing_system7_0_0_stub.v:6]
INFO: [Synth 8-6155] done synthesizing module 'system_processing_system7_0_0' (6#1) [/home/jsp/Storage/CFU_PYNQ_FIles/CFU_SRC/pynq_z2/pynq_z2/.Xil/Vivado-54352-jsp-H370M-D3H/realtime/system_processing_system7_0_0_stub.v:6]
WARNING: [Synth 8-7071] port 'USB0_PORT_INDCTL' of module 'system_processing_system7_0_0' is unconnected for instance 'processing_system7_0' [/home/jsp/Storage/CFU_PYNQ_FIles/CFU_SRC/pynq_z2/pynq_z2/arunQAFDHGDZXVNBDXG_gae.gen/sources_1/bd/system/synth/system.v:1147]
WARNING: [Synth 8-7071] port 'USB0_VBUS_PWRSELECT' of module 'system_processing_system7_0_0' is unconnected for instance 'processing_system7_0' [/home/jsp/Storage/CFU_PYNQ_FIles/CFU_SRC/pynq_z2/pynq_z2/arunQAFDHGDZXVNBDXG_gae.gen/sources_1/bd/system/synth/system.v:1147]
WARNING: [Synth 8-7023] instance 'processing_system7_0' of module 'system_processing_system7_0_0' has 65 connections declared, but only 63 given [/home/jsp/Storage/CFU_PYNQ_FIles/CFU_SRC/pynq_z2/pynq_z2/arunQAFDHGDZXVNBDXG_gae.gen/sources_1/bd/system/synth/system.v:1147]
INFO: [Synth 8-6157] synthesizing module 'system_ps7_0_axi_periph_0' [/home/jsp/Storage/CFU_PYNQ_FIles/CFU_SRC/pynq_z2/pynq_z2/arunQAFDHGDZXVNBDXG_gae.gen/sources_1/bd/system/synth/system.v:1351]
INFO: [Synth 8-6157] synthesizing module 'm00_couplers_imp_1H7AUOX' [/home/jsp/Storage/CFU_PYNQ_FIles/CFU_SRC/pynq_z2/pynq_z2/arunQAFDHGDZXVNBDXG_gae.gen/sources_1/bd/system/synth/system.v:13]
INFO: [Synth 8-6155] done synthesizing module 'm00_couplers_imp_1H7AUOX' (7#1) [/home/jsp/Storage/CFU_PYNQ_FIles/CFU_SRC/pynq_z2/pynq_z2/arunQAFDHGDZXVNBDXG_gae.gen/sources_1/bd/system/synth/system.v:13]
INFO: [Synth 8-6157] synthesizing module 'm01_couplers_imp_4Y7TYO' [/home/jsp/Storage/CFU_PYNQ_FIles/CFU_SRC/pynq_z2/pynq_z2/arunQAFDHGDZXVNBDXG_gae.gen/sources_1/bd/system/synth/system.v:145]
INFO: [Synth 8-6155] done synthesizing module 'm01_couplers_imp_4Y7TYO' (8#1) [/home/jsp/Storage/CFU_PYNQ_FIles/CFU_SRC/pynq_z2/pynq_z2/arunQAFDHGDZXVNBDXG_gae.gen/sources_1/bd/system/synth/system.v:145]
INFO: [Synth 8-6157] synthesizing module 'm02_couplers_imp_FKL2TE' [/home/jsp/Storage/CFU_PYNQ_FIles/CFU_SRC/pynq_z2/pynq_z2/arunQAFDHGDZXVNBDXG_gae.gen/sources_1/bd/system/synth/system.v:277]
INFO: [Synth 8-6155] done synthesizing module 'm02_couplers_imp_FKL2TE' (9#1) [/home/jsp/Storage/CFU_PYNQ_FIles/CFU_SRC/pynq_z2/pynq_z2/arunQAFDHGDZXVNBDXG_gae.gen/sources_1/bd/system/synth/system.v:277]
INFO: [Synth 8-6157] synthesizing module 'm03_couplers_imp_15QZ4LV' [/home/jsp/Storage/CFU_PYNQ_FIles/CFU_SRC/pynq_z2/pynq_z2/arunQAFDHGDZXVNBDXG_gae.gen/sources_1/bd/system/synth/system.v:409]
INFO: [Synth 8-6155] done synthesizing module 'm03_couplers_imp_15QZ4LV' (10#1) [/home/jsp/Storage/CFU_PYNQ_FIles/CFU_SRC/pynq_z2/pynq_z2/arunQAFDHGDZXVNBDXG_gae.gen/sources_1/bd/system/synth/system.v:409]
INFO: [Synth 8-6157] synthesizing module 's00_couplers_imp_11SE3QO' [/home/jsp/Storage/CFU_PYNQ_FIles/CFU_SRC/pynq_z2/pynq_z2/arunQAFDHGDZXVNBDXG_gae.gen/sources_1/bd/system/synth/system.v:541]
INFO: [Synth 8-6157] synthesizing module 'system_auto_pc_0' [/home/jsp/Storage/CFU_PYNQ_FIles/CFU_SRC/pynq_z2/pynq_z2/.Xil/Vivado-54352-jsp-H370M-D3H/realtime/system_auto_pc_0_stub.v:6]
INFO: [Synth 8-6155] done synthesizing module 'system_auto_pc_0' (11#1) [/home/jsp/Storage/CFU_PYNQ_FIles/CFU_SRC/pynq_z2/pynq_z2/.Xil/Vivado-54352-jsp-H370M-D3H/realtime/system_auto_pc_0_stub.v:6]
INFO: [Synth 8-6155] done synthesizing module 's00_couplers_imp_11SE3QO' (12#1) [/home/jsp/Storage/CFU_PYNQ_FIles/CFU_SRC/pynq_z2/pynq_z2/arunQAFDHGDZXVNBDXG_gae.gen/sources_1/bd/system/synth/system.v:541]
INFO: [Synth 8-6157] synthesizing module 'system_xbar_0' [/home/jsp/Storage/CFU_PYNQ_FIles/CFU_SRC/pynq_z2/pynq_z2/.Xil/Vivado-54352-jsp-H370M-D3H/realtime/system_xbar_0_stub.v:6]
INFO: [Synth 8-6155] done synthesizing module 'system_xbar_0' (13#1) [/home/jsp/Storage/CFU_PYNQ_FIles/CFU_SRC/pynq_z2/pynq_z2/.Xil/Vivado-54352-jsp-H370M-D3H/realtime/system_xbar_0_stub.v:6]
WARNING: [Synth 8-7071] port 'm_axi_awprot' of module 'system_xbar_0' is unconnected for instance 'xbar' [/home/jsp/Storage/CFU_PYNQ_FIles/CFU_SRC/pynq_z2/pynq_z2/arunQAFDHGDZXVNBDXG_gae.gen/sources_1/bd/system/synth/system.v:2111]
WARNING: [Synth 8-7071] port 'm_axi_arprot' of module 'system_xbar_0' is unconnected for instance 'xbar' [/home/jsp/Storage/CFU_PYNQ_FIles/CFU_SRC/pynq_z2/pynq_z2/arunQAFDHGDZXVNBDXG_gae.gen/sources_1/bd/system/synth/system.v:2111]
WARNING: [Synth 8-7023] instance 'xbar' of module 'system_xbar_0' has 40 connections declared, but only 38 given [/home/jsp/Storage/CFU_PYNQ_FIles/CFU_SRC/pynq_z2/pynq_z2/arunQAFDHGDZXVNBDXG_gae.gen/sources_1/bd/system/synth/system.v:2111]
INFO: [Synth 8-6155] done synthesizing module 'system_ps7_0_axi_periph_0' (14#1) [/home/jsp/Storage/CFU_PYNQ_FIles/CFU_SRC/pynq_z2/pynq_z2/arunQAFDHGDZXVNBDXG_gae.gen/sources_1/bd/system/synth/system.v:1351]
INFO: [Synth 8-6157] synthesizing module 'system_rst_ps7_0_100M_0' [/home/jsp/Storage/CFU_PYNQ_FIles/CFU_SRC/pynq_z2/pynq_z2/.Xil/Vivado-54352-jsp-H370M-D3H/realtime/system_rst_ps7_0_100M_0_stub.v:6]
INFO: [Synth 8-6155] done synthesizing module 'system_rst_ps7_0_100M_0' (15#1) [/home/jsp/Storage/CFU_PYNQ_FIles/CFU_SRC/pynq_z2/pynq_z2/.Xil/Vivado-54352-jsp-H370M-D3H/realtime/system_rst_ps7_0_100M_0_stub.v:6]
WARNING: [Synth 8-7071] port 'mb_reset' of module 'system_rst_ps7_0_100M_0' is unconnected for instance 'rst_ps7_0_100M' [/home/jsp/Storage/CFU_PYNQ_FIles/CFU_SRC/pynq_z2/pynq_z2/arunQAFDHGDZXVNBDXG_gae.gen/sources_1/bd/system/synth/system.v:1330]
WARNING: [Synth 8-7071] port 'bus_struct_reset' of module 'system_rst_ps7_0_100M_0' is unconnected for instance 'rst_ps7_0_100M' [/home/jsp/Storage/CFU_PYNQ_FIles/CFU_SRC/pynq_z2/pynq_z2/arunQAFDHGDZXVNBDXG_gae.gen/sources_1/bd/system/synth/system.v:1330]
WARNING: [Synth 8-7071] port 'peripheral_reset' of module 'system_rst_ps7_0_100M_0' is unconnected for instance 'rst_ps7_0_100M' [/home/jsp/Storage/CFU_PYNQ_FIles/CFU_SRC/pynq_z2/pynq_z2/arunQAFDHGDZXVNBDXG_gae.gen/sources_1/bd/system/synth/system.v:1330]
WARNING: [Synth 8-7071] port 'interconnect_aresetn' of module 'system_rst_ps7_0_100M_0' is unconnected for instance 'rst_ps7_0_100M' [/home/jsp/Storage/CFU_PYNQ_FIles/CFU_SRC/pynq_z2/pynq_z2/arunQAFDHGDZXVNBDXG_gae.gen/sources_1/bd/system/synth/system.v:1330]
WARNING: [Synth 8-7023] instance 'rst_ps7_0_100M' of module 'system_rst_ps7_0_100M_0' has 10 connections declared, but only 6 given [/home/jsp/Storage/CFU_PYNQ_FIles/CFU_SRC/pynq_z2/pynq_z2/arunQAFDHGDZXVNBDXG_gae.gen/sources_1/bd/system/synth/system.v:1330]
INFO: [Synth 8-6157] synthesizing module 'system_tul_pynq_z2_0_0' [/home/jsp/Storage/CFU_PYNQ_FIles/CFU_SRC/pynq_z2/pynq_z2/.Xil/Vivado-54352-jsp-H370M-D3H/realtime/system_tul_pynq_z2_0_0_stub.v:6]
INFO: [Synth 8-6155] done synthesizing module 'system_tul_pynq_z2_0_0' (16#1) [/home/jsp/Storage/CFU_PYNQ_FIles/CFU_SRC/pynq_z2/pynq_z2/.Xil/Vivado-54352-jsp-H370M-D3H/realtime/system_tul_pynq_z2_0_0_stub.v:6]
INFO: [Synth 8-6155] done synthesizing module 'system' (17#1) [/home/jsp/Storage/CFU_PYNQ_FIles/CFU_SRC/pynq_z2/pynq_z2/arunQAFDHGDZXVNBDXG_gae.gen/sources_1/bd/system/synth/system.v:846]
INFO: [Synth 8-6155] done synthesizing module 'system_wrapper' (18#1) [/home/jsp/Storage/CFU_PYNQ_FIles/CFU_SRC/pynq_z2/pynq_z2/arunQAFDHGDZXVNBDXG_gae.srcs/sources_1/imports/hdl/system_wrapper.v:13]
---------------------------------------------------------------------------------
Finished Synthesize : Time (s): cpu = 00:00:06 ; elapsed = 00:00:05 . Memory (MB): peak = 10684.375 ; gain = 0.000 ; free physical = 4951 ; free virtual = 17628
---------------------------------------------------------------------------------
Copyright 1986-2022 Xilinx, Inc. All Rights Reserved. Copyright 2022-2024 Advanced Micro Devices, Inc. All Rights Reserved.
---------------------------------------------------------------------------------------------------------------------------------------------
| Tool Version : Vivado v.2024.1 (lin64) Build 5076996 Wed May 22 18:36:09 MDT 2024
| Date         : Tue Nov  4 14:42:28 2025
| Host         : jsp-H370M-D3H running 64-bit Ubuntu 24.04.3 LTS
---------------------------------------------------------------------------------------------------------------------------------------------

RTL Linter Report

Table of Contents
-----------------
1. Summary

1. Summary
----------

+-----------+----------+--------------+----------+
| Rule ID   | Severity | # Violations | # Waived |
+-----------+----------+--------------+----------+
| ASSIGN-5  | WARNING  | 21           | 0        |
| ASSIGN-6  | WARNING  | 8            | 0        |
| ASSIGN-10 | WARNING  | 28           | 0        |
+-----------+----------+--------------+----------+


WARNING: [Synth 37-124] [ASSIGN-5]Some bits in 'processing_system7_0_DDR_ADDR' are not set. First unset bit index is 0. 
RTL Name 'processing_system7_0_DDR_ADDR', Hierarchy 'system', File 'system.v', Line 909.
WARNING: [Synth 37-124] [ASSIGN-5]Some bits in 'processing_system7_0_DDR_BA' are not set. First unset bit index is 0. 
RTL Name 'processing_system7_0_DDR_BA', Hierarchy 'system', File 'system.v', Line 910.
WARNING: [Synth 37-95] [ASSIGN-5]Found scalar variable(s) 'processing_system7_0_DDR_CAS_N' declared and are not set.
RTL Name 'processing_system7_0_DDR_CAS_N', Hierarchy 'system', File '/home/jsp/Storage/CFU_PYNQ_FIles/CFU_SRC/pynq_z2/pynq_z2/arunQAFDHGDZXVNBDXG_gae.gen/sources_1/bd/system/synth/system.v', Line 911.
WARNING: [Synth 37-95] [ASSIGN-5]Found scalar variable(s) 'processing_system7_0_DDR_CKE' declared and are not set.
RTL Name 'processing_system7_0_DDR_CKE', Hierarchy 'system', File '/home/jsp/Storage/CFU_PYNQ_FIles/CFU_SRC/pynq_z2/pynq_z2/arunQAFDHGDZXVNBDXG_gae.gen/sources_1/bd/system/synth/system.v', Line 912.
WARNING: [Synth 37-95] [ASSIGN-5]Found scalar variable(s) 'processing_system7_0_DDR_CK_N' declared and are not set.
RTL Name 'processing_system7_0_DDR_CK_N', Hierarchy 'system', File '/home/jsp/Storage/CFU_PYNQ_FIles/CFU_SRC/pynq_z2/pynq_z2/arunQAFDHGDZXVNBDXG_gae.gen/sources_1/bd/system/synth/system.v', Line 913.
WARNING: [Synth 37-95] [ASSIGN-5]Found scalar variable(s) 'processing_system7_0_DDR_CK_P' declared and are not set.
RTL Name 'processing_system7_0_DDR_CK_P', Hierarchy 'system', File '/home/jsp/Storage/CFU_PYNQ_FIles/CFU_SRC/pynq_z2/pynq_z2/arunQAFDHGDZXVNBDXG_gae.gen/sources_1/bd/system/synth/system.v', Line 914.
WARNING: [Synth 37-95] [ASSIGN-5]Found scalar variable(s) 'processing_system7_0_DDR_CS_N' declared and are not set.
RTL Name 'processing_system7_0_DDR_CS_N', Hierarchy 'system', File '/home/jsp/Storage/CFU_PYNQ_FIles/CFU_SRC/pynq_z2/pynq_z2/arunQAFDHGDZXVNBDXG_gae.gen/sources_1/bd/system/synth/system.v', Line 915.
WARNING: [Synth 37-124] [ASSIGN-5]Some bits in 'processing_system7_0_DDR_DM' are not set. First unset bit index is 0. 
RTL Name 'processing_system7_0_DDR_DM', Hierarchy 'system', File 'system.v', Line 916.
WARNING: [Synth 37-124] [ASSIGN-5]Some bits in 'processing_system7_0_DDR_DQ' are not set. First unset bit index is 0. 
RTL Name 'processing_system7_0_DDR_DQ', Hierarchy 'system', File 'system.v', Line 917.
WARNING: [Synth 37-124] [ASSIGN-5]Some bits in 'processing_system7_0_DDR_DQS_N' are not set. First unset bit index is 0. 
RTL Name 'processing_system7_0_DDR_DQS_N', Hierarchy 'system', File 'system.v', Line 918.
WARNING: [Synth 37-124] [ASSIGN-5]Some bits in 'processing_system7_0_DDR_DQS_P' are not set. First unset bit index is 0. 
RTL Name 'processing_system7_0_DDR_DQS_P', Hierarchy 'system', File 'system.v', Line 919.
WARNING: [Synth 37-95] [ASSIGN-5]Found scalar variable(s) 'processing_system7_0_DDR_ODT' declared and are not set.
RTL Name 'processing_system7_0_DDR_ODT', Hierarchy 'system', File '/home/jsp/Storage/CFU_PYNQ_FIles/CFU_SRC/pynq_z2/pynq_z2/arunQAFDHGDZXVNBDXG_gae.gen/sources_1/bd/system/synth/system.v', Line 920.
WARNING: [Synth 37-95] [ASSIGN-5]Found scalar variable(s) 'processing_system7_0_DDR_RAS_N' declared and are not set.
RTL Name 'processing_system7_0_DDR_RAS_N', Hierarchy 'system', File '/home/jsp/Storage/CFU_PYNQ_FIles/CFU_SRC/pynq_z2/pynq_z2/arunQAFDHGDZXVNBDXG_gae.gen/sources_1/bd/system/synth/system.v', Line 921.
WARNING: [Synth 37-95] [ASSIGN-5]Found scalar variable(s) 'processing_system7_0_DDR_RESET_N' declared and are not set.
RTL Name 'processing_system7_0_DDR_RESET_N', Hierarchy 'system', File '/home/jsp/Storage/CFU_PYNQ_FIles/CFU_SRC/pynq_z2/pynq_z2/arunQAFDHGDZXVNBDXG_gae.gen/sources_1/bd/system/synth/system.v', Line 922.
WARNING: [Synth 37-95] [ASSIGN-5]Found scalar variable(s) 'processing_system7_0_DDR_WE_N' declared and are not set.
RTL Name 'processing_system7_0_DDR_WE_N', Hierarchy 'system', File '/home/jsp/Storage/CFU_PYNQ_FIles/CFU_SRC/pynq_z2/pynq_z2/arunQAFDHGDZXVNBDXG_gae.gen/sources_1/bd/system/synth/system.v', Line 923.
WARNING: [Synth 37-95] [ASSIGN-5]Found scalar variable(s) 'processing_system7_0_FIXED_IO_DDR_VRN' declared and are not set.
RTL Name 'processing_system7_0_FIXED_IO_DDR_VRN', Hierarchy 'system', File '/home/jsp/Storage/CFU_PYNQ_FIles/CFU_SRC/pynq_z2/pynq_z2/arunQAFDHGDZXVNBDXG_gae.gen/sources_1/bd/system/synth/system.v', Line 926.
WARNING: [Synth 37-95] [ASSIGN-5]Found scalar variable(s) 'processing_system7_0_FIXED_IO_DDR_VRP' declared and are not set.
RTL Name 'processing_system7_0_FIXED_IO_DDR_VRP', Hierarchy 'system', File '/home/jsp/Storage/CFU_PYNQ_FIles/CFU_SRC/pynq_z2/pynq_z2/arunQAFDHGDZXVNBDXG_gae.gen/sources_1/bd/system/synth/system.v', Line 927.
WARNING: [Synth 37-124] [ASSIGN-5]Some bits in 'processing_system7_0_FIXED_IO_MIO' are not set. First unset bit index is 0. 
RTL Name 'processing_system7_0_FIXED_IO_MIO', Hierarchy 'system', File 'system.v', Line 928.
WARNING: [Synth 37-95] [ASSIGN-5]Found scalar variable(s) 'processing_system7_0_FIXED_IO_PS_CLK' declared and are not set.
RTL Name 'processing_system7_0_FIXED_IO_PS_CLK', Hierarchy 'system', File '/home/jsp/Storage/CFU_PYNQ_FIles/CFU_SRC/pynq_z2/pynq_z2/arunQAFDHGDZXVNBDXG_gae.gen/sources_1/bd/system/synth/system.v', Line 929.
WARNING: [Synth 37-95] [ASSIGN-5]Found scalar variable(s) 'processing_system7_0_FIXED_IO_PS_PORB' declared and are not set.
RTL Name 'processing_system7_0_FIXED_IO_PS_PORB', Hierarchy 'system', File '/home/jsp/Storage/CFU_PYNQ_FIles/CFU_SRC/pynq_z2/pynq_z2/arunQAFDHGDZXVNBDXG_gae.gen/sources_1/bd/system/synth/system.v', Line 930.
WARNING: [Synth 37-95] [ASSIGN-5]Found scalar variable(s) 'processing_system7_0_FIXED_IO_PS_SRSTB' declared and are not set.
RTL Name 'processing_system7_0_FIXED_IO_PS_SRSTB', Hierarchy 'system', File '/home/jsp/Storage/CFU_PYNQ_FIles/CFU_SRC/pynq_z2/pynq_z2/arunQAFDHGDZXVNBDXG_gae.gen/sources_1/bd/system/synth/system.v', Line 931.
WARNING: [Synth 37-123] [ASSIGN-6]Some bits in 'ps7_0_axi_periph_M00_AXI_ARADDR' are not read. First unread bit index is 9. 
RTL Name 'ps7_0_axi_periph_M00_AXI_ARADDR', Hierarchy 'system', File 'system.v', Line 970.
WARNING: [Synth 37-123] [ASSIGN-6]Some bits in 'ps7_0_axi_periph_M00_AXI_AWADDR' are not read. First unread bit index is 9. 
RTL Name 'ps7_0_axi_periph_M00_AXI_AWADDR', Hierarchy 'system', File 'system.v', Line 973.
WARNING: [Synth 37-123] [ASSIGN-6]Some bits in 'ps7_0_axi_periph_M01_AXI_ARADDR' are not read. First unread bit index is 9. 
RTL Name 'ps7_0_axi_periph_M01_AXI_ARADDR', Hierarchy 'system', File 'system.v', Line 987.
WARNING: [Synth 37-123] [ASSIGN-6]Some bits in 'ps7_0_axi_periph_M01_AXI_AWADDR' are not read. First unread bit index is 9. 
RTL Name 'ps7_0_axi_periph_M01_AXI_AWADDR', Hierarchy 'system', File 'system.v', Line 990.
WARNING: [Synth 37-123] [ASSIGN-6]Some bits in 'ps7_0_axi_periph_M02_AXI_ARADDR' are not read. First unread bit index is 9. 
RTL Name 'ps7_0_axi_periph_M02_AXI_ARADDR', Hierarchy 'system', File 'system.v', Line 1004.
WARNING: [Synth 37-123] [ASSIGN-6]Some bits in 'ps7_0_axi_periph_M02_AXI_AWADDR' are not read. First unread bit index is 9. 
RTL Name 'ps7_0_axi_periph_M02_AXI_AWADDR', Hierarchy 'system', File 'system.v', Line 1007.
WARNING: [Synth 37-123] [ASSIGN-6]Some bits in 'ps7_0_axi_periph_M03_AXI_ARADDR' are not read. First unread bit index is 9. 
RTL Name 'ps7_0_axi_periph_M03_AXI_ARADDR', Hierarchy 'system', File 'system.v', Line 1021.
WARNING: [Synth 37-123] [ASSIGN-6]Some bits in 'ps7_0_axi_periph_M03_AXI_AWADDR' are not read. First unread bit index is 9. 
RTL Name 'ps7_0_axi_periph_M03_AXI_AWADDR', Hierarchy 'system', File 'system.v', Line 1024.
WARNING: [Synth 37-125] [ASSIGN-10]Some bits in IO 'M00_ACLK' are not read. First unread bit index is 0. 
RTL Name 'M00_ACLK', Hierarchy 'system_ps7_0_axi_periph_0', File 'system.v', Line 1472.
WARNING: [Synth 37-125] [ASSIGN-10]Some bits in IO 'M00_ARESETN' are not read. First unread bit index is 0. 
RTL Name 'M00_ARESETN', Hierarchy 'system_ps7_0_axi_periph_0', File 'system.v', Line 1473.
WARNING: [Synth 37-125] [ASSIGN-10]Some bits in IO 'M01_ACLK' are not read. First unread bit index is 0. 
RTL Name 'M01_ACLK', Hierarchy 'system_ps7_0_axi_periph_0', File 'system.v', Line 1491.
WARNING: [Synth 37-125] [ASSIGN-10]Some bits in IO 'M01_ARESETN' are not read. First unread bit index is 0. 
RTL Name 'M01_ARESETN', Hierarchy 'system_ps7_0_axi_periph_0', File 'system.v', Line 1492.
WARNING: [Synth 37-125] [ASSIGN-10]Some bits in IO 'M02_ACLK' are not read. First unread bit index is 0. 
RTL Name 'M02_ACLK', Hierarchy 'system_ps7_0_axi_periph_0', File 'system.v', Line 1510.
WARNING: [Synth 37-125] [ASSIGN-10]Some bits in IO 'M02_ARESETN' are not read. First unread bit index is 0. 
RTL Name 'M02_ARESETN', Hierarchy 'system_ps7_0_axi_periph_0', File 'system.v', Line 1511.
WARNING: [Synth 37-125] [ASSIGN-10]Some bits in IO 'M03_ACLK' are not read. First unread bit index is 0. 
RTL Name 'M03_ACLK', Hierarchy 'system_ps7_0_axi_periph_0', File 'system.v', Line 1529.
WARNING: [Synth 37-125] [ASSIGN-10]Some bits in IO 'M03_ARESETN' are not read. First unread bit index is 0. 
RTL Name 'M03_ARESETN', Hierarchy 'system_ps7_0_axi_periph_0', File 'system.v', Line 1530.
WARNING: [Synth 37-125] [ASSIGN-10]Some bits in IO 'M_ACLK' are not read. First unread bit index is 0. 
RTL Name 'M_ACLK', Hierarchy 'm00_couplers_imp_1H7AUOX', File 'system.v', Line 52.
WARNING: [Synth 37-125] [ASSIGN-10]Some bits in IO 'M_ACLK' are not read. First unread bit index is 0. 
RTL Name 'M_ACLK', Hierarchy 'm03_couplers_imp_15QZ4LV', File 'system.v', Line 448.
WARNING: [Synth 37-125] [ASSIGN-10]Some bits in IO 'M_ACLK' are not read. First unread bit index is 0. 
RTL Name 'M_ACLK', Hierarchy 'm02_couplers_imp_FKL2TE', File 'system.v', Line 316.
WARNING: [Synth 37-125] [ASSIGN-10]Some bits in IO 'M_ACLK' are not read. First unread bit index is 0. 
RTL Name 'M_ACLK', Hierarchy 'm01_couplers_imp_4Y7TYO', File 'system.v', Line 184.
WARNING: [Synth 37-125] [ASSIGN-10]Some bits in IO 'M_ACLK' are not read. First unread bit index is 0. 
RTL Name 'M_ACLK', Hierarchy 's00_couplers_imp_11SE3QO', File 'system.v', Line 603.
WARNING: [Synth 37-125] [ASSIGN-10]Some bits in IO 'M_ARESETN' are not read. First unread bit index is 0. 
RTL Name 'M_ARESETN', Hierarchy 'm01_couplers_imp_4Y7TYO', File 'system.v', Line 185.
WARNING: [Synth 37-125] [ASSIGN-10]Some bits in IO 'M_ARESETN' are not read. First unread bit index is 0. 
RTL Name 'M_ARESETN', Hierarchy 'm00_couplers_imp_1H7AUOX', File 'system.v', Line 53.
WARNING: [Synth 37-125] [ASSIGN-10]Some bits in IO 'M_ARESETN' are not read. First unread bit index is 0. 
RTL Name 'M_ARESETN', Hierarchy 'm02_couplers_imp_FKL2TE', File 'system.v', Line 317.
WARNING: [Synth 37-125] [ASSIGN-10]Some bits in IO 'M_ARESETN' are not read. First unread bit index is 0. 
RTL Name 'M_ARESETN', Hierarchy 'm03_couplers_imp_15QZ4LV', File 'system.v', Line 449.
WARNING: [Synth 37-125] [ASSIGN-10]Some bits in IO 'M_ARESETN' are not read. First unread bit index is 0. 
RTL Name 'M_ARESETN', Hierarchy 's00_couplers_imp_11SE3QO', File 'system.v', Line 604.
WARNING: [Synth 37-125] [ASSIGN-10]Some bits in IO 'S00_ACLK' are not read. First unread bit index is 0. 
RTL Name 'S00_ACLK', Hierarchy 'system_ps7_0_axi_periph_0', File 'system.v', Line 1548.
WARNING: [Synth 37-125] [ASSIGN-10]Some bits in IO 'S00_ARESETN' are not read. First unread bit index is 0. 
RTL Name 'S00_ARESETN', Hierarchy 'system_ps7_0_axi_periph_0', File 'system.v', Line 1549.
WARNING: [Synth 37-125] [ASSIGN-10]Some bits in IO 'S_ACLK' are not read. First unread bit index is 0. 
RTL Name 'S_ACLK', Hierarchy 'm02_couplers_imp_FKL2TE', File 'system.v', Line 335.
WARNING: [Synth 37-125] [ASSIGN-10]Some bits in IO 'S_ACLK' are not read. First unread bit index is 0. 
RTL Name 'S_ACLK', Hierarchy 'm01_couplers_imp_4Y7TYO', File 'system.v', Line 203.
WARNING: [Synth 37-125] [ASSIGN-10]Some bits in IO 'S_ACLK' are not read. First unread bit index is 0. 
RTL Name 'S_ACLK', Hierarchy 'm03_couplers_imp_15QZ4LV', File 'system.v', Line 467.
WARNING: [Synth 37-125] [ASSIGN-10]Some bits in IO 'S_ACLK' are not read. First unread bit index is 0. 
RTL Name 'S_ACLK', Hierarchy 'm00_couplers_imp_1H7AUOX', File 'system.v', Line 71.
WARNING: [Synth 37-125] [ASSIGN-10]Some bits in IO 'S_ARESETN' are not read. First unread bit index is 0. 
RTL Name 'S_ARESETN', Hierarchy 'm02_couplers_imp_FKL2TE', File 'system.v', Line 336.
WARNING: [Synth 37-125] [ASSIGN-10]Some bits in IO 'S_ARESETN' are not read. First unread bit index is 0. 
RTL Name 'S_ARESETN', Hierarchy 'm01_couplers_imp_4Y7TYO', File 'system.v', Line 204.
WARNING: [Synth 37-125] [ASSIGN-10]Some bits in IO 'S_ARESETN' are not read. First unread bit index is 0. 
RTL Name 'S_ARESETN', Hierarchy 'm03_couplers_imp_15QZ4LV', File 'system.v', Line 468.
WARNING: [Synth 37-125] [ASSIGN-10]Some bits in IO 'S_ARESETN' are not read. First unread bit index is 0. 
RTL Name 'S_ARESETN', Hierarchy 'm00_couplers_imp_1H7AUOX', File 'system.v', Line 72.
INFO: [Synth 37-85] Total of 57 linter message(s) generated.
INFO: [Synth 37-45] Linter Run Finished!
Synthesis Optimization Runtime : Time (s): cpu = 00:00:06 ; elapsed = 00:00:05 . Memory (MB): peak = 10684.375 ; gain = 0.000 ; free physical = 4949 ; free virtual = 17625
INFO: [Common 17-83] Releasing license: Synthesis
52 Infos, 70 Warnings, 0 Critical Warnings and 0 Errors encountered.
synth_design completed successfully
launch_runs synth_1 -jobs 12
INFO: [Vivado 12-4149] The synthesis checkpoint for IP '/home/jsp/Storage/CFU_PYNQ_FIles/CFU_SRC/pynq_z2/pynq_z2/arunQAFDHGDZXVNBDXG_gae.srcs/sources_1/ip/cfu_decoupler/cfu_decoupler.xci' is already up-to-date
WARNING: [Vivado 12-7122] Auto Incremental Compile:: No reference checkpoint was found in run synth_1. Auto-incremental flow will not be run, the standard flow will be run instead.
[Tue Nov  4 14:42:36 2025] Launched synth_1...
Run output will be captured here: /home/jsp/Storage/CFU_PYNQ_FIles/CFU_SRC/pynq_z2/pynq_z2/arunQAFDHGDZXVNBDXG_gae.runs/synth_1/runme.log
open_run synth_1 -name synth_1
Design is defaulting to impl run constrset: constrs_1
Design is defaulting to synth run part: xc7z020clg400-1
INFO: [Project 1-454] Reading design checkpoint '/home/jsp/Storage/CFU_PYNQ_FIles/CFU_SRC/pynq_z2/pynq_z2/arunQAFDHGDZXVNBDXG_gae.gen/sources_1/bd/system/ip/system_axi_gpio_decouple_status_0/system_axi_gpio_decouple_status_0.dcp' for cell 'system_i/axi_gpio_config_to'
INFO: [Project 1-454] Reading design checkpoint '/home/jsp/Storage/CFU_PYNQ_FIles/CFU_SRC/pynq_z2/pynq_z2/arunQAFDHGDZXVNBDXG_gae.gen/sources_1/bd/system/ip/system_axi_gpio_0_0/system_axi_gpio_0_0.dcp' for cell 'system_i/axi_gpio_decouple'
INFO: [Project 1-454] Reading design checkpoint '/home/jsp/Storage/CFU_PYNQ_FIles/CFU_SRC/pynq_z2/pynq_z2/arunQAFDHGDZXVNBDXG_gae.gen/sources_1/bd/system/ip/system_axi_gpio_to_reconfig_0/system_axi_gpio_to_reconfig_0.dcp' for cell 'system_i/axi_gpio_decouple_status'
INFO: [Project 1-454] Reading design checkpoint '/home/jsp/Storage/CFU_PYNQ_FIles/CFU_SRC/pynq_z2/pynq_z2/arunQAFDHGDZXVNBDXG_gae.gen/sources_1/bd/system/ip/system_axi_gpio_0_1/system_axi_gpio_0_1.dcp' for cell 'system_i/axi_gpio_to_reconfig'
INFO: [Project 1-454] Reading design checkpoint '/home/jsp/Storage/CFU_PYNQ_FIles/CFU_SRC/pynq_z2/pynq_z2/arunQAFDHGDZXVNBDXG_gae.gen/sources_1/bd/system/ip/system_clk_wiz_0_0/system_clk_wiz_0_0.dcp' for cell 'system_i/clk_wiz_0'
INFO: [Project 1-454] Reading design checkpoint '/home/jsp/Storage/CFU_PYNQ_FIles/CFU_SRC/pynq_z2/pynq_z2/arunQAFDHGDZXVNBDXG_gae.gen/sources_1/bd/system/ip/system_processing_system7_0_0/system_processing_system7_0_0.dcp' for cell 'system_i/processing_system7_0'
INFO: [Project 1-454] Reading design checkpoint '/home/jsp/Storage/CFU_PYNQ_FIles/CFU_SRC/pynq_z2/pynq_z2/arunQAFDHGDZXVNBDXG_gae.gen/sources_1/bd/system/ip/system_rst_ps7_0_100M_0/system_rst_ps7_0_100M_0.dcp' for cell 'system_i/rst_ps7_0_100M'
INFO: [Project 1-454] Reading design checkpoint '/home/jsp/Storage/CFU_PYNQ_FIles/CFU_SRC/pynq_z2/pynq_z2/arunQAFDHGDZXVNBDXG_gae.gen/sources_1/bd/system/ip/system_tul_pynq_z2_0_0/system_tul_pynq_z2_0_0.dcp' for cell 'system_i/tul_pynq_z2_0'
INFO: [Project 1-454] Reading design checkpoint '/home/jsp/Storage/CFU_PYNQ_FIles/CFU_SRC/pynq_z2/pynq_z2/arunQAFDHGDZXVNBDXG_gae.gen/sources_1/bd/system/ip/system_xbar_0/system_xbar_0.dcp' for cell 'system_i/ps7_0_axi_periph/xbar'
INFO: [Project 1-454] Reading design checkpoint '/home/jsp/Storage/CFU_PYNQ_FIles/CFU_SRC/pynq_z2/pynq_z2/arunQAFDHGDZXVNBDXG_gae.gen/sources_1/bd/system/ip/system_auto_pc_0/system_auto_pc_0.dcp' for cell 'system_i/ps7_0_axi_periph/s00_couplers/auto_pc'
INFO: [Project 1-454] Reading design checkpoint '/home/jsp/Storage/CFU_PYNQ_FIles/CFU_SRC/pynq_z2/pynq_z2/arunQAFDHGDZXVNBDXG_gae.gen/sources_1/ip/cfu_decoupler/cfu_decoupler.dcp' for cell 'system_i/tul_pynq_z2_0/inst/Cfu/cfu_decoupler_inst'
Netlist sorting complete. Time (s): cpu = 00:00:00.05 ; elapsed = 00:00:00.05 . Memory (MB): peak = 10684.375 ; gain = 0.000 ; free physical = 5286 ; free virtual = 17970
INFO: [Netlist 29-17] Analyzing 208 Unisim elements for replacement
INFO: [Netlist 29-28] Unisim Transformation completed in 0 CPU seconds
INFO: [Project 1-479] Netlist was created with Vivado 2024.1
INFO: [Project 1-570] Preparing netlist for logic optimization
Parsing XDC File [/home/jsp/Storage/CFU_PYNQ_FIles/CFU_SRC/pynq_z2/pynq_z2/arunQAFDHGDZXVNBDXG_gae.gen/sources_1/bd/system/ip/system_processing_system7_0_0/system_processing_system7_0_0.xdc] for cell 'system_i/processing_system7_0/inst'
Finished Parsing XDC File [/home/jsp/Storage/CFU_PYNQ_FIles/CFU_SRC/pynq_z2/pynq_z2/arunQAFDHGDZXVNBDXG_gae.gen/sources_1/bd/system/ip/system_processing_system7_0_0/system_processing_system7_0_0.xdc] for cell 'system_i/processing_system7_0/inst'
Parsing XDC File [/home/jsp/Storage/CFU_PYNQ_FIles/CFU_SRC/pynq_z2/pynq_z2/arunQAFDHGDZXVNBDXG_gae.gen/sources_1/bd/system/ip/system_clk_wiz_0_0/system_clk_wiz_0_0_board.xdc] for cell 'system_i/clk_wiz_0/inst'
Finished Parsing XDC File [/home/jsp/Storage/CFU_PYNQ_FIles/CFU_SRC/pynq_z2/pynq_z2/arunQAFDHGDZXVNBDXG_gae.gen/sources_1/bd/system/ip/system_clk_wiz_0_0/system_clk_wiz_0_0_board.xdc] for cell 'system_i/clk_wiz_0/inst'
Parsing XDC File [/home/jsp/Storage/CFU_PYNQ_FIles/CFU_SRC/pynq_z2/pynq_z2/arunQAFDHGDZXVNBDXG_gae.gen/sources_1/bd/system/ip/system_clk_wiz_0_0/system_clk_wiz_0_0.xdc] for cell 'system_i/clk_wiz_0/inst'
INFO: [Timing 38-35] Done setting XDC timing constraints. [/home/jsp/Storage/CFU_PYNQ_FIles/CFU_SRC/pynq_z2/pynq_z2/arunQAFDHGDZXVNBDXG_gae.gen/sources_1/bd/system/ip/system_clk_wiz_0_0/system_clk_wiz_0_0.xdc:54]
INFO: [Timing 38-2] Deriving generated clocks [/home/jsp/Storage/CFU_PYNQ_FIles/CFU_SRC/pynq_z2/pynq_z2/arunQAFDHGDZXVNBDXG_gae.gen/sources_1/bd/system/ip/system_clk_wiz_0_0/system_clk_wiz_0_0.xdc:54]
Finished Parsing XDC File [/home/jsp/Storage/CFU_PYNQ_FIles/CFU_SRC/pynq_z2/pynq_z2/arunQAFDHGDZXVNBDXG_gae.gen/sources_1/bd/system/ip/system_clk_wiz_0_0/system_clk_wiz_0_0.xdc] for cell 'system_i/clk_wiz_0/inst'
Parsing XDC File [/home/jsp/Storage/CFU_PYNQ_FIles/CFU_SRC/pynq_z2/pynq_z2/arunQAFDHGDZXVNBDXG_gae.gen/sources_1/bd/system/ip/system_axi_gpio_0_0/system_axi_gpio_0_0_board.xdc] for cell 'system_i/axi_gpio_decouple/U0'
Finished Parsing XDC File [/home/jsp/Storage/CFU_PYNQ_FIles/CFU_SRC/pynq_z2/pynq_z2/arunQAFDHGDZXVNBDXG_gae.gen/sources_1/bd/system/ip/system_axi_gpio_0_0/system_axi_gpio_0_0_board.xdc] for cell 'system_i/axi_gpio_decouple/U0'
Parsing XDC File [/home/jsp/Storage/CFU_PYNQ_FIles/CFU_SRC/pynq_z2/pynq_z2/arunQAFDHGDZXVNBDXG_gae.gen/sources_1/bd/system/ip/system_axi_gpio_0_0/system_axi_gpio_0_0.xdc] for cell 'system_i/axi_gpio_decouple/U0'
Finished Parsing XDC File [/home/jsp/Storage/CFU_PYNQ_FIles/CFU_SRC/pynq_z2/pynq_z2/arunQAFDHGDZXVNBDXG_gae.gen/sources_1/bd/system/ip/system_axi_gpio_0_0/system_axi_gpio_0_0.xdc] for cell 'system_i/axi_gpio_decouple/U0'
Parsing XDC File [/home/jsp/Storage/CFU_PYNQ_FIles/CFU_SRC/pynq_z2/pynq_z2/arunQAFDHGDZXVNBDXG_gae.gen/sources_1/bd/system/ip/system_axi_gpio_0_1/system_axi_gpio_0_1_board.xdc] for cell 'system_i/axi_gpio_to_reconfig/U0'
Finished Parsing XDC File [/home/jsp/Storage/CFU_PYNQ_FIles/CFU_SRC/pynq_z2/pynq_z2/arunQAFDHGDZXVNBDXG_gae.gen/sources_1/bd/system/ip/system_axi_gpio_0_1/system_axi_gpio_0_1_board.xdc] for cell 'system_i/axi_gpio_to_reconfig/U0'
Parsing XDC File [/home/jsp/Storage/CFU_PYNQ_FIles/CFU_SRC/pynq_z2/pynq_z2/arunQAFDHGDZXVNBDXG_gae.gen/sources_1/bd/system/ip/system_axi_gpio_0_1/system_axi_gpio_0_1.xdc] for cell 'system_i/axi_gpio_to_reconfig/U0'
Finished Parsing XDC File [/home/jsp/Storage/CFU_PYNQ_FIles/CFU_SRC/pynq_z2/pynq_z2/arunQAFDHGDZXVNBDXG_gae.gen/sources_1/bd/system/ip/system_axi_gpio_0_1/system_axi_gpio_0_1.xdc] for cell 'system_i/axi_gpio_to_reconfig/U0'
Parsing XDC File [/home/jsp/Storage/CFU_PYNQ_FIles/CFU_SRC/pynq_z2/pynq_z2/arunQAFDHGDZXVNBDXG_gae.gen/sources_1/bd/system/ip/system_axi_gpio_to_reconfig_0/system_axi_gpio_to_reconfig_0_board.xdc] for cell 'system_i/axi_gpio_decouple_status/U0'
Finished Parsing XDC File [/home/jsp/Storage/CFU_PYNQ_FIles/CFU_SRC/pynq_z2/pynq_z2/arunQAFDHGDZXVNBDXG_gae.gen/sources_1/bd/system/ip/system_axi_gpio_to_reconfig_0/system_axi_gpio_to_reconfig_0_board.xdc] for cell 'system_i/axi_gpio_decouple_status/U0'
Parsing XDC File [/home/jsp/Storage/CFU_PYNQ_FIles/CFU_SRC/pynq_z2/pynq_z2/arunQAFDHGDZXVNBDXG_gae.gen/sources_1/bd/system/ip/system_axi_gpio_to_reconfig_0/system_axi_gpio_to_reconfig_0.xdc] for cell 'system_i/axi_gpio_decouple_status/U0'
Finished Parsing XDC File [/home/jsp/Storage/CFU_PYNQ_FIles/CFU_SRC/pynq_z2/pynq_z2/arunQAFDHGDZXVNBDXG_gae.gen/sources_1/bd/system/ip/system_axi_gpio_to_reconfig_0/system_axi_gpio_to_reconfig_0.xdc] for cell 'system_i/axi_gpio_decouple_status/U0'
Parsing XDC File [/home/jsp/Storage/CFU_PYNQ_FIles/CFU_SRC/pynq_z2/pynq_z2/arunQAFDHGDZXVNBDXG_gae.gen/sources_1/bd/system/ip/system_axi_gpio_decouple_status_0/system_axi_gpio_decouple_status_0_board.xdc] for cell 'system_i/axi_gpio_config_to/U0'
Finished Parsing XDC File [/home/jsp/Storage/CFU_PYNQ_FIles/CFU_SRC/pynq_z2/pynq_z2/arunQAFDHGDZXVNBDXG_gae.gen/sources_1/bd/system/ip/system_axi_gpio_decouple_status_0/system_axi_gpio_decouple_status_0_board.xdc] for cell 'system_i/axi_gpio_config_to/U0'
Parsing XDC File [/home/jsp/Storage/CFU_PYNQ_FIles/CFU_SRC/pynq_z2/pynq_z2/arunQAFDHGDZXVNBDXG_gae.gen/sources_1/bd/system/ip/system_axi_gpio_decouple_status_0/system_axi_gpio_decouple_status_0.xdc] for cell 'system_i/axi_gpio_config_to/U0'
Finished Parsing XDC File [/home/jsp/Storage/CFU_PYNQ_FIles/CFU_SRC/pynq_z2/pynq_z2/arunQAFDHGDZXVNBDXG_gae.gen/sources_1/bd/system/ip/system_axi_gpio_decouple_status_0/system_axi_gpio_decouple_status_0.xdc] for cell 'system_i/axi_gpio_config_to/U0'
Parsing XDC File [/home/jsp/Storage/CFU_PYNQ_FIles/CFU_SRC/pynq_z2/pynq_z2/arunQAFDHGDZXVNBDXG_gae.gen/sources_1/bd/system/ip/system_rst_ps7_0_100M_0/system_rst_ps7_0_100M_0_board.xdc] for cell 'system_i/rst_ps7_0_100M/U0'
Finished Parsing XDC File [/home/jsp/Storage/CFU_PYNQ_FIles/CFU_SRC/pynq_z2/pynq_z2/arunQAFDHGDZXVNBDXG_gae.gen/sources_1/bd/system/ip/system_rst_ps7_0_100M_0/system_rst_ps7_0_100M_0_board.xdc] for cell 'system_i/rst_ps7_0_100M/U0'
Parsing XDC File [/home/jsp/Storage/CFU_PYNQ_FIles/CFU_SRC/pynq_z2/pynq_z2/arunQAFDHGDZXVNBDXG_gae.gen/sources_1/bd/system/ip/system_rst_ps7_0_100M_0/system_rst_ps7_0_100M_0.xdc] for cell 'system_i/rst_ps7_0_100M/U0'
Finished Parsing XDC File [/home/jsp/Storage/CFU_PYNQ_FIles/CFU_SRC/pynq_z2/pynq_z2/arunQAFDHGDZXVNBDXG_gae.gen/sources_1/bd/system/ip/system_rst_ps7_0_100M_0/system_rst_ps7_0_100M_0.xdc] for cell 'system_i/rst_ps7_0_100M/U0'
Parsing XDC File [/home/jsp/Storage/CFU_PYNQ_FIles/CFU_SRC/pynq_z2/pynq_z2/pynq_z2.srcs/sources_1/new/tul_pynq_z2.xdc]
WARNING: [Vivado 12-584] No ports matched 'clk125'. [/home/jsp/Storage/CFU_PYNQ_FIles/CFU_SRC/pynq_z2/pynq_z2/pynq_z2.srcs/sources_1/new/tul_pynq_z2.xdc:5]
CRITICAL WARNING: [Common 17-55] 'set_property' expects at least one object. [/home/jsp/Storage/CFU_PYNQ_FIles/CFU_SRC/pynq_z2/pynq_z2/pynq_z2.srcs/sources_1/new/tul_pynq_z2.xdc:5]
Resolution: If [get_<value>] was used to populate the object, check to make sure this command returns at least one valid object.
WARNING: [Vivado 12-584] No ports matched 'clk125'. [/home/jsp/Storage/CFU_PYNQ_FIles/CFU_SRC/pynq_z2/pynq_z2/pynq_z2.srcs/sources_1/new/tul_pynq_z2.xdc:6]
CRITICAL WARNING: [Common 17-55] 'set_property' expects at least one object. [/home/jsp/Storage/CFU_PYNQ_FIles/CFU_SRC/pynq_z2/pynq_z2/pynq_z2.srcs/sources_1/new/tul_pynq_z2.xdc:6]
Resolution: If [get_<value>] was used to populate the object, check to make sure this command returns at least one valid object.
WARNING: [Vivado 12-584] No ports matched 'clk125'. [/home/jsp/Storage/CFU_PYNQ_FIles/CFU_SRC/pynq_z2/pynq_z2/pynq_z2.srcs/sources_1/new/tul_pynq_z2.xdc:41]
CRITICAL WARNING: [Vivado 12-4739] create_clock:No valid object(s) found for '-objects [get_ports clk125]'. [/home/jsp/Storage/CFU_PYNQ_FIles/CFU_SRC/pynq_z2/pynq_z2/pynq_z2.srcs/sources_1/new/tul_pynq_z2.xdc:41]
Resolution: Check if the specified object(s) exists in the current design. If it does, ensure that the correct design hierarchy was specified for the object. If you are working with clocks, make sure create_clock was used to create the clock object before it is referenced.
WARNING: [Vivado 12-507] No nets matched 'sys_clk'. [/home/jsp/Storage/CFU_PYNQ_FIles/CFU_SRC/pynq_z2/pynq_z2/pynq_z2.srcs/sources_1/new/tul_pynq_z2.xdc:43]
WARNING: [Vivado 12-1008] No clocks found for command 'get_clocks -include_generated_clocks -of [get_nets sys_clk]'. [/home/jsp/Storage/CFU_PYNQ_FIles/CFU_SRC/pynq_z2/pynq_z2/pynq_z2.srcs/sources_1/new/tul_pynq_z2.xdc:43]
Resolution: Verify the create_clock command was called to create the clock object before it is referenced.
INFO: [Vivado 12-626] No clocks found. Please use 'create_clock' or 'create_generated_clock' command to create clocks. [/home/jsp/Storage/CFU_PYNQ_FIles/CFU_SRC/pynq_z2/pynq_z2/pynq_z2.srcs/sources_1/new/tul_pynq_z2.xdc:43]
WARNING: [Vivado 12-507] No nets matched 'soc_crg_clkin'. [/home/jsp/Storage/CFU_PYNQ_FIles/CFU_SRC/pynq_z2/pynq_z2/pynq_z2.srcs/sources_1/new/tul_pynq_z2.xdc:43]
WARNING: [Vivado 12-1008] No clocks found for command 'get_clocks -include_generated_clocks -of [get_nets soc_crg_clkin]'. [/home/jsp/Storage/CFU_PYNQ_FIles/CFU_SRC/pynq_z2/pynq_z2/pynq_z2.srcs/sources_1/new/tul_pynq_z2.xdc:43]
Resolution: Verify the create_clock command was called to create the clock object before it is referenced.
INFO: [Vivado 12-626] No clocks found. Please use 'create_clock' or 'create_generated_clock' command to create clocks. [/home/jsp/Storage/CFU_PYNQ_FIles/CFU_SRC/pynq_z2/pynq_z2/pynq_z2.srcs/sources_1/new/tul_pynq_z2.xdc:43]
CRITICAL WARNING: [Vivado 12-4739] set_clock_groups:No valid object(s) found for '-group [get_clocks -include_generated_clocks -of [get_nets sys_clk]]'. [/home/jsp/Storage/CFU_PYNQ_FIles/CFU_SRC/pynq_z2/pynq_z2/pynq_z2.srcs/sources_1/new/tul_pynq_z2.xdc:43]
Resolution: Check if the specified object(s) exists in the current design. If it does, ensure that the correct design hierarchy was specified for the object. If you are working with clocks, make sure create_clock was used to create the clock object before it is referenced.
CRITICAL WARNING: [Vivado 12-4739] set_clock_groups:No valid object(s) found for '-group '. [/home/jsp/Storage/CFU_PYNQ_FIles/CFU_SRC/pynq_z2/pynq_z2/pynq_z2.srcs/sources_1/new/tul_pynq_z2.xdc:43]
Resolution: Check if the specified object(s) exists in the current design. If it does, ensure that the correct design hierarchy was specified for the object. If you are working with clocks, make sure create_clock was used to create the clock object before it is referenced.
CRITICAL WARNING: [Vivado 12-4739] set_clock_groups:No valid object(s) found for '-group [get_clocks -include_generated_clocks -of [get_nets soc_crg_clkin]]'. [/home/jsp/Storage/CFU_PYNQ_FIles/CFU_SRC/pynq_z2/pynq_z2/pynq_z2.srcs/sources_1/new/tul_pynq_z2.xdc:43]
Resolution: Check if the specified object(s) exists in the current design. If it does, ensure that the correct design hierarchy was specified for the object. If you are working with clocks, make sure create_clock was used to create the clock object before it is referenced.
CRITICAL WARNING: [Vivado 12-4739] set_clock_groups:No valid object(s) found for '-group '. [/home/jsp/Storage/CFU_PYNQ_FIles/CFU_SRC/pynq_z2/pynq_z2/pynq_z2.srcs/sources_1/new/tul_pynq_z2.xdc:43]
Resolution: Check if the specified object(s) exists in the current design. If it does, ensure that the correct design hierarchy was specified for the object. If you are working with clocks, make sure create_clock was used to create the clock object before it is referenced.
CRITICAL WARNING: [Constraints 18-4644] set_clock_groups: All clock groups specified are empty. Please specify atleast one clock group which is not empty. [/home/jsp/Storage/CFU_PYNQ_FIles/CFU_SRC/pynq_z2/pynq_z2/pynq_z2.srcs/sources_1/new/tul_pynq_z2.xdc:43]
Finished Parsing XDC File [/home/jsp/Storage/CFU_PYNQ_FIles/CFU_SRC/pynq_z2/pynq_z2/pynq_z2.srcs/sources_1/new/tul_pynq_z2.xdc]
INFO: [Opt 31-138] Pushed 0 inverter(s) to 0 load pin(s).
Netlist sorting complete. Time (s): cpu = 00:00:00 ; elapsed = 00:00:00.01 . Memory (MB): peak = 10794.809 ; gain = 0.000 ; free physical = 4965 ; free virtual = 17650
INFO: [Project 1-111] Unisim Transformation Summary:
  A total of 6 instances were transformed.
  RAM32M => RAM32M (RAMD32(x6), RAMS32(x2)): 2 instances
  RAM32X1D => RAM32X1D (RAMD32(x2)): 4 instances

open_run: Time (s): cpu = 00:00:15 ; elapsed = 00:00:12 . Memory (MB): peak = 10891.695 ; gain = 207.320 ; free physical = 4910 ; free virtual = 17595
open_bd_design {/home/jsp/Storage/CFU_PYNQ_FIles/CFU_SRC/pynq_z2/pynq_z2/arunQAFDHGDZXVNBDXG_gae.srcs/sources_1/bd/system/system.bd}
WARNING: [filemgmt 56-199] Attempt to get parsing info during refresh. "On-the-fly" syntax checking information may be incorrect. [/home/jsp/Storage/CFU_PYNQ_FIles/CFU_SRC/donut-accel/cfu.v:]
WARNING: [filemgmt 56-199] Attempt to get parsing info during refresh. "On-the-fly" syntax checking information may be incorrect. [/home/jsp/Storage/CFU_PYNQ_FIles/CFU_SRC/pynq_z2/pynq_z2/arunQAFDHGDZXVNBDXG_gae.srcs/sources_1/imports/hdl/system_wrapper.v:]
WARNING: [filemgmt 56-199] Attempt to get parsing info during refresh. "On-the-fly" syntax checking information may be incorrect. [/home/jsp/Storage/CFU_PYNQ_FIles/CFU_SRC/pynq_z2/pynq_z2/arunQAFDHGDZXVNBDXG_gae.srcs/sources_1/new/tul_pynq_z2.v:]
WARNING: [filemgmt 56-199] Attempt to get parsing info during refresh. "On-the-fly" syntax checking information may be incorrect. [/home/jsp/Storage/CFU_PYNQ_FIles/CFU_SRC/pynq_z2/pynq_z2/arunQAFDHGDZXVNBDXG_gae.srcs/sources_1/new/tul_pynq_z2.v:]
WARNING: [filemgmt 56-199] Attempt to get parsing info during refresh. "On-the-fly" syntax checking information may be incorrect. [/home/jsp/Storage/CFU_PYNQ_FIles/CFU_SRC/pynq_z2/pynq_z2/arunQAFDHGDZXVNBDXG_gae.srcs/sources_1/new/tul_pynq_z2.v:]
WARNING: [filemgmt 56-199] Attempt to get parsing info during refresh. "On-the-fly" syntax checking information may be incorrect. [/home/jsp/Storage/CFU_PYNQ_FIles/CFU_SRC/donut-accel/cfu.v:]
WARNING: [filemgmt 56-199] Attempt to get parsing info during refresh. "On-the-fly" syntax checking information may be incorrect. [/home/jsp/Storage/CFU_PYNQ_FIles/CFU_SRC/pynq_z2/pynq_z2/arunQAFDHGDZXVNBDXG_gae.srcs/sources_1/imports/hdl/system_wrapper.v:]
WARNING: [filemgmt 56-199] Attempt to get parsing info during refresh. "On-the-fly" syntax checking information may be incorrect. [/home/jsp/Storage/CFU_PYNQ_FIles/CFU_SRC/pynq_z2/pynq_z2/arunQAFDHGDZXVNBDXG_gae.srcs/sources_1/new/tul_pynq_z2.v:]
WARNING: [filemgmt 56-199] Attempt to get parsing info during refresh. "On-the-fly" syntax checking information may be incorrect. [/home/jsp/Storage/CFU_PYNQ_FIles/CFU_SRC/donut-accel/cfu.v:]
WARNING: [filemgmt 56-199] Attempt to get parsing info during refresh. "On-the-fly" syntax checking information may be incorrect. [/home/jsp/Storage/CFU_PYNQ_FIles/CFU_SRC/donut-accel/cfu.v:]
reset_run synth_1
INFO: [Project 1-1160] Copying file /home/jsp/Storage/CFU_PYNQ_FIles/CFU_SRC/pynq_z2/pynq_z2/arunQAFDHGDZXVNBDXG_gae.runs/synth_1/system_wrapper.dcp to /home/jsp/Storage/CFU_PYNQ_FIles/CFU_SRC/pynq_z2/pynq_z2/arunQAFDHGDZXVNBDXG_gae.srcs/utils_1/imports/synth_1 and adding it to utils fileset
WARNING: [filemgmt 56-199] Attempt to get parsing info during refresh. "On-the-fly" syntax checking information may be incorrect. [/home/jsp/Storage/CFU_PYNQ_FIles/CFU_SRC/donut-accel/cfu.v:]
WARNING: [filemgmt 56-199] Attempt to get parsing info during refresh. "On-the-fly" syntax checking information may be incorrect. [/home/jsp/Storage/CFU_PYNQ_FIles/CFU_SRC/pynq_z2/pynq_z2/arunQAFDHGDZXVNBDXG_gae.srcs/sources_1/imports/hdl/system_wrapper.v:]
WARNING: [filemgmt 56-199] Attempt to get parsing info during refresh. "On-the-fly" syntax checking information may be incorrect. [/home/jsp/Storage/CFU_PYNQ_FIles/CFU_SRC/pynq_z2/pynq_z2/arunQAFDHGDZXVNBDXG_gae.srcs/sources_1/new/tul_pynq_z2.v:]
WARNING: [filemgmt 56-199] Attempt to get parsing info during refresh. "On-the-fly" syntax checking information may be incorrect. [/home/jsp/Storage/CFU_PYNQ_FIles/CFU_SRC/pynq_z2/pynq_z2/arunQAFDHGDZXVNBDXG_gae.srcs/sources_1/new/tul_pynq_z2.v:]
WARNING: [filemgmt 56-199] Attempt to get parsing info during refresh. "On-the-fly" syntax checking information may be incorrect. [/home/jsp/Storage/CFU_PYNQ_FIles/CFU_SRC/pynq_z2/pynq_z2/arunQAFDHGDZXVNBDXG_gae.srcs/sources_1/new/tul_pynq_z2.v:]
WARNING: [filemgmt 56-199] Attempt to get parsing info during refresh. "On-the-fly" syntax checking information may be incorrect. [/home/jsp/Storage/CFU_PYNQ_FIles/CFU_SRC/donut-accel/cfu.v:]
WARNING: [filemgmt 56-199] Attempt to get parsing info during refresh. "On-the-fly" syntax checking information may be incorrect. [/home/jsp/Storage/CFU_PYNQ_FIles/CFU_SRC/pynq_z2/pynq_z2/arunQAFDHGDZXVNBDXG_gae.srcs/sources_1/imports/hdl/system_wrapper.v:]
WARNING: [filemgmt 56-199] Attempt to get parsing info during refresh. "On-the-fly" syntax checking information may be incorrect. [/home/jsp/Storage/CFU_PYNQ_FIles/CFU_SRC/pynq_z2/pynq_z2/arunQAFDHGDZXVNBDXG_gae.srcs/sources_1/new/tul_pynq_z2.v:]
WARNING: [filemgmt 56-199] Attempt to get parsing info during refresh. "On-the-fly" syntax checking information may be incorrect. [/home/jsp/Storage/CFU_PYNQ_FIles/CFU_SRC/donut-accel/cfu.v:]
WARNING: [filemgmt 56-199] Attempt to get parsing info during refresh. "On-the-fly" syntax checking information may be incorrect. [/home/jsp/Storage/CFU_PYNQ_FIles/CFU_SRC/donut-accel/cfu.v:]
launch_runs synth_1 -jobs 12
INFO: [Vivado 12-4149] The synthesis checkpoint for IP '/home/jsp/Storage/CFU_PYNQ_FIles/CFU_SRC/pynq_z2/pynq_z2/arunQAFDHGDZXVNBDXG_gae.srcs/sources_1/ip/cfu_decoupler/cfu_decoupler.xci' is already up-to-date
[Tue Nov  4 14:51:06 2025] Launched synth_1...
Run output will be captured here: /home/jsp/Storage/CFU_PYNQ_FIles/CFU_SRC/pynq_z2/pynq_z2/arunQAFDHGDZXVNBDXG_gae.runs/synth_1/runme.log
create_ip_run [get_files -of_objects [get_fileset sources_1] /home/jsp/Storage/CFU_PYNQ_FIles/CFU_SRC/pynq_z2/pynq_z2/arunQAFDHGDZXVNBDXG_gae.srcs/sources_1/bd/system/system.bd]
synth_design -top system_wrapper -part xc7z020clg400-1 -lint 
Command: synth_design -top system_wrapper -part xc7z020clg400-1 -lint
Starting synth_design
Attempting to get a license for feature 'Synthesis' and/or device 'xc7z020'
INFO: [Common 17-349] Got license for feature 'Synthesis' and/or device 'xc7z020'
INFO: [Synth 8-7079] Multithreading enabled for synth_design using a maximum of 4 processes.
---------------------------------------------------------------------------------
Starting Synthesize : Time (s): cpu = 00:00:05 ; elapsed = 00:00:04 . Memory (MB): peak = 10932.043 ; gain = 40.348 ; free physical = 3295 ; free virtual = 16093
---------------------------------------------------------------------------------
Clean up Linter database...
INFO: [Synth 8-11241] undeclared symbol 'dec_zz_cmd_valid', assumed default net type 'wire' [/home/jsp/Storage/CFU_PYNQ_FIles/CFU_SRC/pynq_z2/pynq_z2/arunQAFDHGDZXVNBDXG_gae.srcs/sources_1/new/Cfu.v:78]
INFO: [Synth 8-11241] undeclared symbol 'dec_zz_cmd_ready', assumed default net type 'wire' [/home/jsp/Storage/CFU_PYNQ_FIles/CFU_SRC/pynq_z2/pynq_z2/arunQAFDHGDZXVNBDXG_gae.srcs/sources_1/new/Cfu.v:78]
INFO: [Synth 8-11241] undeclared symbol 'dec_zz_cmd_payload_function_id', assumed default net type 'wire' [/home/jsp/Storage/CFU_PYNQ_FIles/CFU_SRC/pynq_z2/pynq_z2/arunQAFDHGDZXVNBDXG_gae.srcs/sources_1/new/Cfu.v:79]
INFO: [Synth 8-11241] undeclared symbol 'dec_zz_cmd_payload_inputs_0', assumed default net type 'wire' [/home/jsp/Storage/CFU_PYNQ_FIles/CFU_SRC/pynq_z2/pynq_z2/arunQAFDHGDZXVNBDXG_gae.srcs/sources_1/new/Cfu.v:80]
INFO: [Synth 8-11241] undeclared symbol 'dec_zz_cmd_payload_inputs_1', assumed default net type 'wire' [/home/jsp/Storage/CFU_PYNQ_FIles/CFU_SRC/pynq_z2/pynq_z2/arunQAFDHGDZXVNBDXG_gae.srcs/sources_1/new/Cfu.v:80]
INFO: [Synth 8-11241] undeclared symbol 'dec_zz_rsp_valid', assumed default net type 'wire' [/home/jsp/Storage/CFU_PYNQ_FIles/CFU_SRC/pynq_z2/pynq_z2/arunQAFDHGDZXVNBDXG_gae.srcs/sources_1/new/Cfu.v:81]
INFO: [Synth 8-11241] undeclared symbol 'dec_rsp_ready', assumed default net type 'wire' [/home/jsp/Storage/CFU_PYNQ_FIles/CFU_SRC/pynq_z2/pynq_z2/arunQAFDHGDZXVNBDXG_gae.srcs/sources_1/new/Cfu.v:81]
INFO: [Synth 8-11241] undeclared symbol 'dec_zz_rsp_payload_outputs_0', assumed default net type 'wire' [/home/jsp/Storage/CFU_PYNQ_FIles/CFU_SRC/pynq_z2/pynq_z2/arunQAFDHGDZXVNBDXG_gae.srcs/sources_1/new/Cfu.v:81]
INFO: [Synth 8-11241] undeclared symbol 'dec_reset', assumed default net type 'wire' [/home/jsp/Storage/CFU_PYNQ_FIles/CFU_SRC/pynq_z2/pynq_z2/arunQAFDHGDZXVNBDXG_gae.srcs/sources_1/new/Cfu.v:82]
INFO: [Synth 8-11241] undeclared symbol 'dec_clk', assumed default net type 'wire' [/home/jsp/Storage/CFU_PYNQ_FIles/CFU_SRC/pynq_z2/pynq_z2/arunQAFDHGDZXVNBDXG_gae.srcs/sources_1/new/Cfu.v:82]
INFO: [Synth 8-11241] undeclared symbol 'dec_cfu_id', assumed default net type 'wire' [/home/jsp/Storage/CFU_PYNQ_FIles/CFU_SRC/pynq_z2/pynq_z2/arunQAFDHGDZXVNBDXG_gae.srcs/sources_1/new/Cfu.v:82]
INFO: [Synth 8-6157] synthesizing module 'system_wrapper' [/home/jsp/Storage/CFU_PYNQ_FIles/CFU_SRC/pynq_z2/pynq_z2/arunQAFDHGDZXVNBDXG_gae.srcs/sources_1/imports/hdl/system_wrapper.v:13]
INFO: [Synth 8-6157] synthesizing module 'system' [/home/jsp/Storage/CFU_PYNQ_FIles/CFU_SRC/pynq_z2/pynq_z2/arunQAFDHGDZXVNBDXG_gae.gen/sources_1/bd/system/synth/system.v:846]
INFO: [Synth 8-6157] synthesizing module 'system_axi_gpio_decouple_status_0' [/home/jsp/Storage/CFU_PYNQ_FIles/CFU_SRC/pynq_z2/pynq_z2/.Xil/Vivado-54352-jsp-H370M-D3H/realtime/system_axi_gpio_decouple_status_0_stub.v:6]
INFO: [Synth 8-6155] done synthesizing module 'system_axi_gpio_decouple_status_0' (1#1) [/home/jsp/Storage/CFU_PYNQ_FIles/CFU_SRC/pynq_z2/pynq_z2/.Xil/Vivado-54352-jsp-H370M-D3H/realtime/system_axi_gpio_decouple_status_0_stub.v:6]
INFO: [Synth 8-6157] synthesizing module 'system_axi_gpio_0_0' [/home/jsp/Storage/CFU_PYNQ_FIles/CFU_SRC/pynq_z2/pynq_z2/.Xil/Vivado-54352-jsp-H370M-D3H/realtime/system_axi_gpio_0_0_stub.v:6]
INFO: [Synth 8-6155] done synthesizing module 'system_axi_gpio_0_0' (2#1) [/home/jsp/Storage/CFU_PYNQ_FIles/CFU_SRC/pynq_z2/pynq_z2/.Xil/Vivado-54352-jsp-H370M-D3H/realtime/system_axi_gpio_0_0_stub.v:6]
INFO: [Synth 8-6157] synthesizing module 'system_axi_gpio_to_reconfig_0' [/home/jsp/Storage/CFU_PYNQ_FIles/CFU_SRC/pynq_z2/pynq_z2/.Xil/Vivado-54352-jsp-H370M-D3H/realtime/system_axi_gpio_to_reconfig_0_stub.v:6]
INFO: [Synth 8-6155] done synthesizing module 'system_axi_gpio_to_reconfig_0' (3#1) [/home/jsp/Storage/CFU_PYNQ_FIles/CFU_SRC/pynq_z2/pynq_z2/.Xil/Vivado-54352-jsp-H370M-D3H/realtime/system_axi_gpio_to_reconfig_0_stub.v:6]
INFO: [Synth 8-6157] synthesizing module 'system_axi_gpio_0_1' [/home/jsp/Storage/CFU_PYNQ_FIles/CFU_SRC/pynq_z2/pynq_z2/.Xil/Vivado-54352-jsp-H370M-D3H/realtime/system_axi_gpio_0_1_stub.v:6]
INFO: [Synth 8-6155] done synthesizing module 'system_axi_gpio_0_1' (4#1) [/home/jsp/Storage/CFU_PYNQ_FIles/CFU_SRC/pynq_z2/pynq_z2/.Xil/Vivado-54352-jsp-H370M-D3H/realtime/system_axi_gpio_0_1_stub.v:6]
INFO: [Synth 8-6157] synthesizing module 'system_clk_wiz_0_0' [/home/jsp/Storage/CFU_PYNQ_FIles/CFU_SRC/pynq_z2/pynq_z2/.Xil/Vivado-54352-jsp-H370M-D3H/realtime/system_clk_wiz_0_0_stub.v:6]
INFO: [Synth 8-6155] done synthesizing module 'system_clk_wiz_0_0' (5#1) [/home/jsp/Storage/CFU_PYNQ_FIles/CFU_SRC/pynq_z2/pynq_z2/.Xil/Vivado-54352-jsp-H370M-D3H/realtime/system_clk_wiz_0_0_stub.v:6]
WARNING: [Synth 8-7071] port 'locked' of module 'system_clk_wiz_0_0' is unconnected for instance 'clk_wiz_0' [/home/jsp/Storage/CFU_PYNQ_FIles/CFU_SRC/pynq_z2/pynq_z2/arunQAFDHGDZXVNBDXG_gae.gen/sources_1/bd/system/synth/system.v:1143]
WARNING: [Synth 8-7023] instance 'clk_wiz_0' of module 'system_clk_wiz_0_0' has 4 connections declared, but only 3 given [/home/jsp/Storage/CFU_PYNQ_FIles/CFU_SRC/pynq_z2/pynq_z2/arunQAFDHGDZXVNBDXG_gae.gen/sources_1/bd/system/synth/system.v:1143]
INFO: [Synth 8-6157] synthesizing module 'system_processing_system7_0_0' [/home/jsp/Storage/CFU_PYNQ_FIles/CFU_SRC/pynq_z2/pynq_z2/.Xil/Vivado-54352-jsp-H370M-D3H/realtime/system_processing_system7_0_0_stub.v:6]
INFO: [Synth 8-6155] done synthesizing module 'system_processing_system7_0_0' (6#1) [/home/jsp/Storage/CFU_PYNQ_FIles/CFU_SRC/pynq_z2/pynq_z2/.Xil/Vivado-54352-jsp-H370M-D3H/realtime/system_processing_system7_0_0_stub.v:6]
WARNING: [Synth 8-7071] port 'USB0_PORT_INDCTL' of module 'system_processing_system7_0_0' is unconnected for instance 'processing_system7_0' [/home/jsp/Storage/CFU_PYNQ_FIles/CFU_SRC/pynq_z2/pynq_z2/arunQAFDHGDZXVNBDXG_gae.gen/sources_1/bd/system/synth/system.v:1147]
WARNING: [Synth 8-7071] port 'USB0_VBUS_PWRSELECT' of module 'system_processing_system7_0_0' is unconnected for instance 'processing_system7_0' [/home/jsp/Storage/CFU_PYNQ_FIles/CFU_SRC/pynq_z2/pynq_z2/arunQAFDHGDZXVNBDXG_gae.gen/sources_1/bd/system/synth/system.v:1147]
WARNING: [Synth 8-7023] instance 'processing_system7_0' of module 'system_processing_system7_0_0' has 65 connections declared, but only 63 given [/home/jsp/Storage/CFU_PYNQ_FIles/CFU_SRC/pynq_z2/pynq_z2/arunQAFDHGDZXVNBDXG_gae.gen/sources_1/bd/system/synth/system.v:1147]
INFO: [Synth 8-6157] synthesizing module 'system_ps7_0_axi_periph_0' [/home/jsp/Storage/CFU_PYNQ_FIles/CFU_SRC/pynq_z2/pynq_z2/arunQAFDHGDZXVNBDXG_gae.gen/sources_1/bd/system/synth/system.v:1351]
INFO: [Synth 8-6157] synthesizing module 'm00_couplers_imp_1H7AUOX' [/home/jsp/Storage/CFU_PYNQ_FIles/CFU_SRC/pynq_z2/pynq_z2/arunQAFDHGDZXVNBDXG_gae.gen/sources_1/bd/system/synth/system.v:13]
INFO: [Synth 8-6155] done synthesizing module 'm00_couplers_imp_1H7AUOX' (7#1) [/home/jsp/Storage/CFU_PYNQ_FIles/CFU_SRC/pynq_z2/pynq_z2/arunQAFDHGDZXVNBDXG_gae.gen/sources_1/bd/system/synth/system.v:13]
INFO: [Synth 8-6157] synthesizing module 'm01_couplers_imp_4Y7TYO' [/home/jsp/Storage/CFU_PYNQ_FIles/CFU_SRC/pynq_z2/pynq_z2/arunQAFDHGDZXVNBDXG_gae.gen/sources_1/bd/system/synth/system.v:145]
INFO: [Synth 8-6155] done synthesizing module 'm01_couplers_imp_4Y7TYO' (8#1) [/home/jsp/Storage/CFU_PYNQ_FIles/CFU_SRC/pynq_z2/pynq_z2/arunQAFDHGDZXVNBDXG_gae.gen/sources_1/bd/system/synth/system.v:145]
INFO: [Synth 8-6157] synthesizing module 'm02_couplers_imp_FKL2TE' [/home/jsp/Storage/CFU_PYNQ_FIles/CFU_SRC/pynq_z2/pynq_z2/arunQAFDHGDZXVNBDXG_gae.gen/sources_1/bd/system/synth/system.v:277]
INFO: [Synth 8-6155] done synthesizing module 'm02_couplers_imp_FKL2TE' (9#1) [/home/jsp/Storage/CFU_PYNQ_FIles/CFU_SRC/pynq_z2/pynq_z2/arunQAFDHGDZXVNBDXG_gae.gen/sources_1/bd/system/synth/system.v:277]
INFO: [Synth 8-6157] synthesizing module 'm03_couplers_imp_15QZ4LV' [/home/jsp/Storage/CFU_PYNQ_FIles/CFU_SRC/pynq_z2/pynq_z2/arunQAFDHGDZXVNBDXG_gae.gen/sources_1/bd/system/synth/system.v:409]
INFO: [Synth 8-6155] done synthesizing module 'm03_couplers_imp_15QZ4LV' (10#1) [/home/jsp/Storage/CFU_PYNQ_FIles/CFU_SRC/pynq_z2/pynq_z2/arunQAFDHGDZXVNBDXG_gae.gen/sources_1/bd/system/synth/system.v:409]
INFO: [Synth 8-6157] synthesizing module 's00_couplers_imp_11SE3QO' [/home/jsp/Storage/CFU_PYNQ_FIles/CFU_SRC/pynq_z2/pynq_z2/arunQAFDHGDZXVNBDXG_gae.gen/sources_1/bd/system/synth/system.v:541]
INFO: [Synth 8-6157] synthesizing module 'system_auto_pc_0' [/home/jsp/Storage/CFU_PYNQ_FIles/CFU_SRC/pynq_z2/pynq_z2/.Xil/Vivado-54352-jsp-H370M-D3H/realtime/system_auto_pc_0_stub.v:6]
INFO: [Synth 8-6155] done synthesizing module 'system_auto_pc_0' (11#1) [/home/jsp/Storage/CFU_PYNQ_FIles/CFU_SRC/pynq_z2/pynq_z2/.Xil/Vivado-54352-jsp-H370M-D3H/realtime/system_auto_pc_0_stub.v:6]
INFO: [Synth 8-6155] done synthesizing module 's00_couplers_imp_11SE3QO' (12#1) [/home/jsp/Storage/CFU_PYNQ_FIles/CFU_SRC/pynq_z2/pynq_z2/arunQAFDHGDZXVNBDXG_gae.gen/sources_1/bd/system/synth/system.v:541]
INFO: [Synth 8-6157] synthesizing module 'system_xbar_0' [/home/jsp/Storage/CFU_PYNQ_FIles/CFU_SRC/pynq_z2/pynq_z2/.Xil/Vivado-54352-jsp-H370M-D3H/realtime/system_xbar_0_stub.v:6]
INFO: [Synth 8-6155] done synthesizing module 'system_xbar_0' (13#1) [/home/jsp/Storage/CFU_PYNQ_FIles/CFU_SRC/pynq_z2/pynq_z2/.Xil/Vivado-54352-jsp-H370M-D3H/realtime/system_xbar_0_stub.v:6]
WARNING: [Synth 8-7071] port 'm_axi_awprot' of module 'system_xbar_0' is unconnected for instance 'xbar' [/home/jsp/Storage/CFU_PYNQ_FIles/CFU_SRC/pynq_z2/pynq_z2/arunQAFDHGDZXVNBDXG_gae.gen/sources_1/bd/system/synth/system.v:2111]
WARNING: [Synth 8-7071] port 'm_axi_arprot' of module 'system_xbar_0' is unconnected for instance 'xbar' [/home/jsp/Storage/CFU_PYNQ_FIles/CFU_SRC/pynq_z2/pynq_z2/arunQAFDHGDZXVNBDXG_gae.gen/sources_1/bd/system/synth/system.v:2111]
WARNING: [Synth 8-7023] instance 'xbar' of module 'system_xbar_0' has 40 connections declared, but only 38 given [/home/jsp/Storage/CFU_PYNQ_FIles/CFU_SRC/pynq_z2/pynq_z2/arunQAFDHGDZXVNBDXG_gae.gen/sources_1/bd/system/synth/system.v:2111]
INFO: [Synth 8-6155] done synthesizing module 'system_ps7_0_axi_periph_0' (14#1) [/home/jsp/Storage/CFU_PYNQ_FIles/CFU_SRC/pynq_z2/pynq_z2/arunQAFDHGDZXVNBDXG_gae.gen/sources_1/bd/system/synth/system.v:1351]
INFO: [Synth 8-6157] synthesizing module 'system_rst_ps7_0_100M_0' [/home/jsp/Storage/CFU_PYNQ_FIles/CFU_SRC/pynq_z2/pynq_z2/.Xil/Vivado-54352-jsp-H370M-D3H/realtime/system_rst_ps7_0_100M_0_stub.v:6]
INFO: [Synth 8-6155] done synthesizing module 'system_rst_ps7_0_100M_0' (15#1) [/home/jsp/Storage/CFU_PYNQ_FIles/CFU_SRC/pynq_z2/pynq_z2/.Xil/Vivado-54352-jsp-H370M-D3H/realtime/system_rst_ps7_0_100M_0_stub.v:6]
WARNING: [Synth 8-7071] port 'mb_reset' of module 'system_rst_ps7_0_100M_0' is unconnected for instance 'rst_ps7_0_100M' [/home/jsp/Storage/CFU_PYNQ_FIles/CFU_SRC/pynq_z2/pynq_z2/arunQAFDHGDZXVNBDXG_gae.gen/sources_1/bd/system/synth/system.v:1330]
WARNING: [Synth 8-7071] port 'bus_struct_reset' of module 'system_rst_ps7_0_100M_0' is unconnected for instance 'rst_ps7_0_100M' [/home/jsp/Storage/CFU_PYNQ_FIles/CFU_SRC/pynq_z2/pynq_z2/arunQAFDHGDZXVNBDXG_gae.gen/sources_1/bd/system/synth/system.v:1330]
WARNING: [Synth 8-7071] port 'peripheral_reset' of module 'system_rst_ps7_0_100M_0' is unconnected for instance 'rst_ps7_0_100M' [/home/jsp/Storage/CFU_PYNQ_FIles/CFU_SRC/pynq_z2/pynq_z2/arunQAFDHGDZXVNBDXG_gae.gen/sources_1/bd/system/synth/system.v:1330]
WARNING: [Synth 8-7071] port 'interconnect_aresetn' of module 'system_rst_ps7_0_100M_0' is unconnected for instance 'rst_ps7_0_100M' [/home/jsp/Storage/CFU_PYNQ_FIles/CFU_SRC/pynq_z2/pynq_z2/arunQAFDHGDZXVNBDXG_gae.gen/sources_1/bd/system/synth/system.v:1330]
WARNING: [Synth 8-7023] instance 'rst_ps7_0_100M' of module 'system_rst_ps7_0_100M_0' has 10 connections declared, but only 6 given [/home/jsp/Storage/CFU_PYNQ_FIles/CFU_SRC/pynq_z2/pynq_z2/arunQAFDHGDZXVNBDXG_gae.gen/sources_1/bd/system/synth/system.v:1330]
INFO: [Synth 8-6157] synthesizing module 'system_tul_pynq_z2_0_0' [/home/jsp/Storage/CFU_PYNQ_FIles/CFU_SRC/pynq_z2/pynq_z2/.Xil/Vivado-54352-jsp-H370M-D3H/realtime/system_tul_pynq_z2_0_0_stub.v:6]
INFO: [Synth 8-6155] done synthesizing module 'system_tul_pynq_z2_0_0' (16#1) [/home/jsp/Storage/CFU_PYNQ_FIles/CFU_SRC/pynq_z2/pynq_z2/.Xil/Vivado-54352-jsp-H370M-D3H/realtime/system_tul_pynq_z2_0_0_stub.v:6]
INFO: [Synth 8-6155] done synthesizing module 'system' (17#1) [/home/jsp/Storage/CFU_PYNQ_FIles/CFU_SRC/pynq_z2/pynq_z2/arunQAFDHGDZXVNBDXG_gae.gen/sources_1/bd/system/synth/system.v:846]
INFO: [Synth 8-6155] done synthesizing module 'system_wrapper' (18#1) [/home/jsp/Storage/CFU_PYNQ_FIles/CFU_SRC/pynq_z2/pynq_z2/arunQAFDHGDZXVNBDXG_gae.srcs/sources_1/imports/hdl/system_wrapper.v:13]
---------------------------------------------------------------------------------
Finished Synthesize : Time (s): cpu = 00:00:07 ; elapsed = 00:00:05 . Memory (MB): peak = 11037.043 ; gain = 145.348 ; free physical = 3179 ; free virtual = 15979
---------------------------------------------------------------------------------
Copyright 1986-2022 Xilinx, Inc. All Rights Reserved. Copyright 2022-2024 Advanced Micro Devices, Inc. All Rights Reserved.
---------------------------------------------------------------------------------------------------------------------------------------------
| Tool Version : Vivado v.2024.1 (lin64) Build 5076996 Wed May 22 18:36:09 MDT 2024
| Date         : Tue Nov  4 14:51:13 2025
| Host         : jsp-H370M-D3H running 64-bit Ubuntu 24.04.3 LTS
---------------------------------------------------------------------------------------------------------------------------------------------

RTL Linter Report

Table of Contents
-----------------
1. Summary

1. Summary
----------

+-----------+----------+--------------+----------+
| Rule ID   | Severity | # Violations | # Waived |
+-----------+----------+--------------+----------+
| ASSIGN-5  | WARNING  | 21           | 0        |
| ASSIGN-6  | WARNING  | 8            | 0        |
| ASSIGN-10 | WARNING  | 28           | 0        |
+-----------+----------+--------------+----------+


WARNING: [Synth 37-124] [ASSIGN-5]Some bits in 'processing_system7_0_DDR_ADDR' are not set. First unset bit index is 0. 
RTL Name 'processing_system7_0_DDR_ADDR', Hierarchy 'system', File 'system.v', Line 909.
WARNING: [Synth 37-124] [ASSIGN-5]Some bits in 'processing_system7_0_DDR_BA' are not set. First unset bit index is 0. 
RTL Name 'processing_system7_0_DDR_BA', Hierarchy 'system', File 'system.v', Line 910.
WARNING: [Synth 37-95] [ASSIGN-5]Found scalar variable(s) 'processing_system7_0_DDR_CAS_N' declared and are not set.
RTL Name 'processing_system7_0_DDR_CAS_N', Hierarchy 'system', File '/home/jsp/Storage/CFU_PYNQ_FIles/CFU_SRC/pynq_z2/pynq_z2/arunQAFDHGDZXVNBDXG_gae.gen/sources_1/bd/system/synth/system.v', Line 911.
WARNING: [Synth 37-95] [ASSIGN-5]Found scalar variable(s) 'processing_system7_0_DDR_CKE' declared and are not set.
RTL Name 'processing_system7_0_DDR_CKE', Hierarchy 'system', File '/home/jsp/Storage/CFU_PYNQ_FIles/CFU_SRC/pynq_z2/pynq_z2/arunQAFDHGDZXVNBDXG_gae.gen/sources_1/bd/system/synth/system.v', Line 912.
WARNING: [Synth 37-95] [ASSIGN-5]Found scalar variable(s) 'processing_system7_0_DDR_CK_N' declared and are not set.
RTL Name 'processing_system7_0_DDR_CK_N', Hierarchy 'system', File '/home/jsp/Storage/CFU_PYNQ_FIles/CFU_SRC/pynq_z2/pynq_z2/arunQAFDHGDZXVNBDXG_gae.gen/sources_1/bd/system/synth/system.v', Line 913.
WARNING: [Synth 37-95] [ASSIGN-5]Found scalar variable(s) 'processing_system7_0_DDR_CK_P' declared and are not set.
RTL Name 'processing_system7_0_DDR_CK_P', Hierarchy 'system', File '/home/jsp/Storage/CFU_PYNQ_FIles/CFU_SRC/pynq_z2/pynq_z2/arunQAFDHGDZXVNBDXG_gae.gen/sources_1/bd/system/synth/system.v', Line 914.
WARNING: [Synth 37-95] [ASSIGN-5]Found scalar variable(s) 'processing_system7_0_DDR_CS_N' declared and are not set.
RTL Name 'processing_system7_0_DDR_CS_N', Hierarchy 'system', File '/home/jsp/Storage/CFU_PYNQ_FIles/CFU_SRC/pynq_z2/pynq_z2/arunQAFDHGDZXVNBDXG_gae.gen/sources_1/bd/system/synth/system.v', Line 915.
WARNING: [Synth 37-124] [ASSIGN-5]Some bits in 'processing_system7_0_DDR_DM' are not set. First unset bit index is 0. 
RTL Name 'processing_system7_0_DDR_DM', Hierarchy 'system', File 'system.v', Line 916.
WARNING: [Synth 37-124] [ASSIGN-5]Some bits in 'processing_system7_0_DDR_DQ' are not set. First unset bit index is 0. 
RTL Name 'processing_system7_0_DDR_DQ', Hierarchy 'system', File 'system.v', Line 917.
WARNING: [Synth 37-124] [ASSIGN-5]Some bits in 'processing_system7_0_DDR_DQS_N' are not set. First unset bit index is 0. 
RTL Name 'processing_system7_0_DDR_DQS_N', Hierarchy 'system', File 'system.v', Line 918.
WARNING: [Synth 37-124] [ASSIGN-5]Some bits in 'processing_system7_0_DDR_DQS_P' are not set. First unset bit index is 0. 
RTL Name 'processing_system7_0_DDR_DQS_P', Hierarchy 'system', File 'system.v', Line 919.
WARNING: [Synth 37-95] [ASSIGN-5]Found scalar variable(s) 'processing_system7_0_DDR_ODT' declared and are not set.
RTL Name 'processing_system7_0_DDR_ODT', Hierarchy 'system', File '/home/jsp/Storage/CFU_PYNQ_FIles/CFU_SRC/pynq_z2/pynq_z2/arunQAFDHGDZXVNBDXG_gae.gen/sources_1/bd/system/synth/system.v', Line 920.
WARNING: [Synth 37-95] [ASSIGN-5]Found scalar variable(s) 'processing_system7_0_DDR_RAS_N' declared and are not set.
RTL Name 'processing_system7_0_DDR_RAS_N', Hierarchy 'system', File '/home/jsp/Storage/CFU_PYNQ_FIles/CFU_SRC/pynq_z2/pynq_z2/arunQAFDHGDZXVNBDXG_gae.gen/sources_1/bd/system/synth/system.v', Line 921.
WARNING: [Synth 37-95] [ASSIGN-5]Found scalar variable(s) 'processing_system7_0_DDR_RESET_N' declared and are not set.
RTL Name 'processing_system7_0_DDR_RESET_N', Hierarchy 'system', File '/home/jsp/Storage/CFU_PYNQ_FIles/CFU_SRC/pynq_z2/pynq_z2/arunQAFDHGDZXVNBDXG_gae.gen/sources_1/bd/system/synth/system.v', Line 922.
WARNING: [Synth 37-95] [ASSIGN-5]Found scalar variable(s) 'processing_system7_0_DDR_WE_N' declared and are not set.
RTL Name 'processing_system7_0_DDR_WE_N', Hierarchy 'system', File '/home/jsp/Storage/CFU_PYNQ_FIles/CFU_SRC/pynq_z2/pynq_z2/arunQAFDHGDZXVNBDXG_gae.gen/sources_1/bd/system/synth/system.v', Line 923.
WARNING: [Synth 37-95] [ASSIGN-5]Found scalar variable(s) 'processing_system7_0_FIXED_IO_DDR_VRN' declared and are not set.
RTL Name 'processing_system7_0_FIXED_IO_DDR_VRN', Hierarchy 'system', File '/home/jsp/Storage/CFU_PYNQ_FIles/CFU_SRC/pynq_z2/pynq_z2/arunQAFDHGDZXVNBDXG_gae.gen/sources_1/bd/system/synth/system.v', Line 926.
WARNING: [Synth 37-95] [ASSIGN-5]Found scalar variable(s) 'processing_system7_0_FIXED_IO_DDR_VRP' declared and are not set.
RTL Name 'processing_system7_0_FIXED_IO_DDR_VRP', Hierarchy 'system', File '/home/jsp/Storage/CFU_PYNQ_FIles/CFU_SRC/pynq_z2/pynq_z2/arunQAFDHGDZXVNBDXG_gae.gen/sources_1/bd/system/synth/system.v', Line 927.
WARNING: [Synth 37-124] [ASSIGN-5]Some bits in 'processing_system7_0_FIXED_IO_MIO' are not set. First unset bit index is 0. 
RTL Name 'processing_system7_0_FIXED_IO_MIO', Hierarchy 'system', File 'system.v', Line 928.
WARNING: [Synth 37-95] [ASSIGN-5]Found scalar variable(s) 'processing_system7_0_FIXED_IO_PS_CLK' declared and are not set.
RTL Name 'processing_system7_0_FIXED_IO_PS_CLK', Hierarchy 'system', File '/home/jsp/Storage/CFU_PYNQ_FIles/CFU_SRC/pynq_z2/pynq_z2/arunQAFDHGDZXVNBDXG_gae.gen/sources_1/bd/system/synth/system.v', Line 929.
WARNING: [Synth 37-95] [ASSIGN-5]Found scalar variable(s) 'processing_system7_0_FIXED_IO_PS_PORB' declared and are not set.
RTL Name 'processing_system7_0_FIXED_IO_PS_PORB', Hierarchy 'system', File '/home/jsp/Storage/CFU_PYNQ_FIles/CFU_SRC/pynq_z2/pynq_z2/arunQAFDHGDZXVNBDXG_gae.gen/sources_1/bd/system/synth/system.v', Line 930.
WARNING: [Synth 37-95] [ASSIGN-5]Found scalar variable(s) 'processing_system7_0_FIXED_IO_PS_SRSTB' declared and are not set.
RTL Name 'processing_system7_0_FIXED_IO_PS_SRSTB', Hierarchy 'system', File '/home/jsp/Storage/CFU_PYNQ_FIles/CFU_SRC/pynq_z2/pynq_z2/arunQAFDHGDZXVNBDXG_gae.gen/sources_1/bd/system/synth/system.v', Line 931.
WARNING: [Synth 37-123] [ASSIGN-6]Some bits in 'ps7_0_axi_periph_M00_AXI_ARADDR' are not read. First unread bit index is 9. 
RTL Name 'ps7_0_axi_periph_M00_AXI_ARADDR', Hierarchy 'system', File 'system.v', Line 970.
WARNING: [Synth 37-123] [ASSIGN-6]Some bits in 'ps7_0_axi_periph_M00_AXI_AWADDR' are not read. First unread bit index is 9. 
RTL Name 'ps7_0_axi_periph_M00_AXI_AWADDR', Hierarchy 'system', File 'system.v', Line 973.
WARNING: [Synth 37-123] [ASSIGN-6]Some bits in 'ps7_0_axi_periph_M01_AXI_ARADDR' are not read. First unread bit index is 9. 
RTL Name 'ps7_0_axi_periph_M01_AXI_ARADDR', Hierarchy 'system', File 'system.v', Line 987.
WARNING: [Synth 37-123] [ASSIGN-6]Some bits in 'ps7_0_axi_periph_M01_AXI_AWADDR' are not read. First unread bit index is 9. 
RTL Name 'ps7_0_axi_periph_M01_AXI_AWADDR', Hierarchy 'system', File 'system.v', Line 990.
WARNING: [Synth 37-123] [ASSIGN-6]Some bits in 'ps7_0_axi_periph_M02_AXI_ARADDR' are not read. First unread bit index is 9. 
RTL Name 'ps7_0_axi_periph_M02_AXI_ARADDR', Hierarchy 'system', File 'system.v', Line 1004.
WARNING: [Synth 37-123] [ASSIGN-6]Some bits in 'ps7_0_axi_periph_M02_AXI_AWADDR' are not read. First unread bit index is 9. 
RTL Name 'ps7_0_axi_periph_M02_AXI_AWADDR', Hierarchy 'system', File 'system.v', Line 1007.
WARNING: [Synth 37-123] [ASSIGN-6]Some bits in 'ps7_0_axi_periph_M03_AXI_ARADDR' are not read. First unread bit index is 9. 
RTL Name 'ps7_0_axi_periph_M03_AXI_ARADDR', Hierarchy 'system', File 'system.v', Line 1021.
WARNING: [Synth 37-123] [ASSIGN-6]Some bits in 'ps7_0_axi_periph_M03_AXI_AWADDR' are not read. First unread bit index is 9. 
RTL Name 'ps7_0_axi_periph_M03_AXI_AWADDR', Hierarchy 'system', File 'system.v', Line 1024.
WARNING: [Synth 37-125] [ASSIGN-10]Some bits in IO 'M00_ACLK' are not read. First unread bit index is 0. 
RTL Name 'M00_ACLK', Hierarchy 'system_ps7_0_axi_periph_0', File 'system.v', Line 1472.
WARNING: [Synth 37-125] [ASSIGN-10]Some bits in IO 'M00_ARESETN' are not read. First unread bit index is 0. 
RTL Name 'M00_ARESETN', Hierarchy 'system_ps7_0_axi_periph_0', File 'system.v', Line 1473.
WARNING: [Synth 37-125] [ASSIGN-10]Some bits in IO 'M01_ACLK' are not read. First unread bit index is 0. 
RTL Name 'M01_ACLK', Hierarchy 'system_ps7_0_axi_periph_0', File 'system.v', Line 1491.
WARNING: [Synth 37-125] [ASSIGN-10]Some bits in IO 'M01_ARESETN' are not read. First unread bit index is 0. 
RTL Name 'M01_ARESETN', Hierarchy 'system_ps7_0_axi_periph_0', File 'system.v', Line 1492.
WARNING: [Synth 37-125] [ASSIGN-10]Some bits in IO 'M02_ACLK' are not read. First unread bit index is 0. 
RTL Name 'M02_ACLK', Hierarchy 'system_ps7_0_axi_periph_0', File 'system.v', Line 1510.
WARNING: [Synth 37-125] [ASSIGN-10]Some bits in IO 'M02_ARESETN' are not read. First unread bit index is 0. 
RTL Name 'M02_ARESETN', Hierarchy 'system_ps7_0_axi_periph_0', File 'system.v', Line 1511.
WARNING: [Synth 37-125] [ASSIGN-10]Some bits in IO 'M03_ACLK' are not read. First unread bit index is 0. 
RTL Name 'M03_ACLK', Hierarchy 'system_ps7_0_axi_periph_0', File 'system.v', Line 1529.
WARNING: [Synth 37-125] [ASSIGN-10]Some bits in IO 'M03_ARESETN' are not read. First unread bit index is 0. 
RTL Name 'M03_ARESETN', Hierarchy 'system_ps7_0_axi_periph_0', File 'system.v', Line 1530.
WARNING: [Synth 37-125] [ASSIGN-10]Some bits in IO 'M_ACLK' are not read. First unread bit index is 0. 
RTL Name 'M_ACLK', Hierarchy 'm00_couplers_imp_1H7AUOX', File 'system.v', Line 52.
WARNING: [Synth 37-125] [ASSIGN-10]Some bits in IO 'M_ACLK' are not read. First unread bit index is 0. 
RTL Name 'M_ACLK', Hierarchy 'm03_couplers_imp_15QZ4LV', File 'system.v', Line 448.
WARNING: [Synth 37-125] [ASSIGN-10]Some bits in IO 'M_ACLK' are not read. First unread bit index is 0. 
RTL Name 'M_ACLK', Hierarchy 'm02_couplers_imp_FKL2TE', File 'system.v', Line 316.
WARNING: [Synth 37-125] [ASSIGN-10]Some bits in IO 'M_ACLK' are not read. First unread bit index is 0. 
RTL Name 'M_ACLK', Hierarchy 'm01_couplers_imp_4Y7TYO', File 'system.v', Line 184.
WARNING: [Synth 37-125] [ASSIGN-10]Some bits in IO 'M_ACLK' are not read. First unread bit index is 0. 
RTL Name 'M_ACLK', Hierarchy 's00_couplers_imp_11SE3QO', File 'system.v', Line 603.
WARNING: [Synth 37-125] [ASSIGN-10]Some bits in IO 'M_ARESETN' are not read. First unread bit index is 0. 
RTL Name 'M_ARESETN', Hierarchy 'm01_couplers_imp_4Y7TYO', File 'system.v', Line 185.
WARNING: [Synth 37-125] [ASSIGN-10]Some bits in IO 'M_ARESETN' are not read. First unread bit index is 0. 
RTL Name 'M_ARESETN', Hierarchy 'm00_couplers_imp_1H7AUOX', File 'system.v', Line 53.
WARNING: [Synth 37-125] [ASSIGN-10]Some bits in IO 'M_ARESETN' are not read. First unread bit index is 0. 
RTL Name 'M_ARESETN', Hierarchy 'm02_couplers_imp_FKL2TE', File 'system.v', Line 317.
WARNING: [Synth 37-125] [ASSIGN-10]Some bits in IO 'M_ARESETN' are not read. First unread bit index is 0. 
RTL Name 'M_ARESETN', Hierarchy 'm03_couplers_imp_15QZ4LV', File 'system.v', Line 449.
WARNING: [Synth 37-125] [ASSIGN-10]Some bits in IO 'M_ARESETN' are not read. First unread bit index is 0. 
RTL Name 'M_ARESETN', Hierarchy 's00_couplers_imp_11SE3QO', File 'system.v', Line 604.
WARNING: [Synth 37-125] [ASSIGN-10]Some bits in IO 'S00_ACLK' are not read. First unread bit index is 0. 
RTL Name 'S00_ACLK', Hierarchy 'system_ps7_0_axi_periph_0', File 'system.v', Line 1548.
WARNING: [Synth 37-125] [ASSIGN-10]Some bits in IO 'S00_ARESETN' are not read. First unread bit index is 0. 
RTL Name 'S00_ARESETN', Hierarchy 'system_ps7_0_axi_periph_0', File 'system.v', Line 1549.
WARNING: [Synth 37-125] [ASSIGN-10]Some bits in IO 'S_ACLK' are not read. First unread bit index is 0. 
RTL Name 'S_ACLK', Hierarchy 'm02_couplers_imp_FKL2TE', File 'system.v', Line 335.
WARNING: [Synth 37-125] [ASSIGN-10]Some bits in IO 'S_ACLK' are not read. First unread bit index is 0. 
RTL Name 'S_ACLK', Hierarchy 'm01_couplers_imp_4Y7TYO', File 'system.v', Line 203.
WARNING: [Synth 37-125] [ASSIGN-10]Some bits in IO 'S_ACLK' are not read. First unread bit index is 0. 
RTL Name 'S_ACLK', Hierarchy 'm03_couplers_imp_15QZ4LV', File 'system.v', Line 467.
WARNING: [Synth 37-125] [ASSIGN-10]Some bits in IO 'S_ACLK' are not read. First unread bit index is 0. 
RTL Name 'S_ACLK', Hierarchy 'm00_couplers_imp_1H7AUOX', File 'system.v', Line 71.
WARNING: [Synth 37-125] [ASSIGN-10]Some bits in IO 'S_ARESETN' are not read. First unread bit index is 0. 
RTL Name 'S_ARESETN', Hierarchy 'm02_couplers_imp_FKL2TE', File 'system.v', Line 336.
WARNING: [Synth 37-125] [ASSIGN-10]Some bits in IO 'S_ARESETN' are not read. First unread bit index is 0. 
RTL Name 'S_ARESETN', Hierarchy 'm01_couplers_imp_4Y7TYO', File 'system.v', Line 204.
WARNING: [Synth 37-125] [ASSIGN-10]Some bits in IO 'S_ARESETN' are not read. First unread bit index is 0. 
RTL Name 'S_ARESETN', Hierarchy 'm03_couplers_imp_15QZ4LV', File 'system.v', Line 468.
WARNING: [Synth 37-125] [ASSIGN-10]Some bits in IO 'S_ARESETN' are not read. First unread bit index is 0. 
RTL Name 'S_ARESETN', Hierarchy 'm00_couplers_imp_1H7AUOX', File 'system.v', Line 72.
INFO: [Synth 37-85] Total of 57 linter message(s) generated.
INFO: [Synth 37-45] Linter Run Finished!
Synthesis Optimization Runtime : Time (s): cpu = 00:00:07 ; elapsed = 00:00:05 . Memory (MB): peak = 11037.043 ; gain = 145.348 ; free physical = 3162 ; free virtual = 15961
INFO: [Common 17-83] Releasing license: Synthesis
52 Infos, 70 Warnings, 0 Critical Warnings and 0 Errors encountered.
synth_design completed successfully
synth_design: Time (s): cpu = 00:00:07 ; elapsed = 00:00:05 . Memory (MB): peak = 11037.051 ; gain = 145.355 ; free physical = 3162 ; free virtual = 15961
INFO: [Common 17-2834] synth_design peak Physical Memory [PSS] (MB): overall = 3982.479; main = 3333.677; forked = 648.803
INFO: [Common 17-2834] synth_design peak Virtual Memory [VSS] (MB): overall = 12649.328; main = 11037.047; forked = 1612.281
launch_runs impl_1 -jobs 12
INFO: [Vivado 12-4149] The synthesis checkpoint for IP '/home/jsp/Storage/CFU_PYNQ_FIles/CFU_SRC/pynq_z2/pynq_z2/arunQAFDHGDZXVNBDXG_gae.srcs/sources_1/ip/cfu_decoupler/cfu_decoupler.xci' is already up-to-date
WARNING: [Project 1-478] Design 'synth_1' is stale and will not be used when launching 'impl_1'
[Tue Nov  4 14:52:24 2025] Launched impl_1...
Run output will be captured here: /home/jsp/Storage/CFU_PYNQ_FIles/CFU_SRC/pynq_z2/pynq_z2/arunQAFDHGDZXVNBDXG_gae.runs/impl_1/runme.log
open_run impl_1
Netlist sorting complete. Time (s): cpu = 00:00:00.04 ; elapsed = 00:00:00.05 . Memory (MB): peak = 11037.051 ; gain = 0.000 ; free physical = 3959 ; free virtual = 16837
INFO: [Netlist 29-17] Analyzing 208 Unisim elements for replacement
INFO: [Netlist 29-28] Unisim Transformation completed in 0 CPU seconds
INFO: [Project 1-479] Netlist was created with Vivado 2024.1
INFO: [Project 1-570] Preparing netlist for logic optimization
Read ShapeDB Complete: Time (s): cpu = 00:00:00.01 ; elapsed = 00:00:00.01 . Memory (MB): peak = 11037.051 ; gain = 0.000 ; free physical = 3960 ; free virtual = 16838
INFO: [Timing 38-478] Restoring timing data from binary archive.
INFO: [Timing 38-479] Binary timing data restore complete.
INFO: [Project 1-856] Restoring constraints from binary archive.
INFO: [Project 1-853] Binary constraint restore complete.
INFO: [Designutils 20-5722] Start Reading Physical Databases.
Reading placement.
Read Netlist Cache: Time (s): cpu = 00:00:00.01 ; elapsed = 00:00:00.01 . Memory (MB): peak = 11037.051 ; gain = 0.000 ; free physical = 3959 ; free virtual = 16837
Reading placer database...
Read Device Cache: Time (s): cpu = 00:00:00.01 ; elapsed = 00:00:00.01 . Memory (MB): peak = 11037.051 ; gain = 0.000 ; free physical = 3959 ; free virtual = 16837
Read PlaceDB: Time (s): cpu = 00:00:00.22 ; elapsed = 00:00:00.22 . Memory (MB): peak = 11037.051 ; gain = 0.000 ; free physical = 3959 ; free virtual = 16837
Read PulsedLatchDB: Time (s): cpu = 00:00:00 ; elapsed = 00:00:00 . Memory (MB): peak = 11037.051 ; gain = 0.000 ; free physical = 3959 ; free virtual = 16837
Reading routing.
Read RouteStorage: Time (s): cpu = 00:00:00.12 ; elapsed = 00:00:00.04 . Memory (MB): peak = 11037.051 ; gain = 0.000 ; free physical = 3959 ; free virtual = 16837
Read Physdb Files: Time (s): cpu = 00:00:00.36 ; elapsed = 00:00:00.29 . Memory (MB): peak = 11037.051 ; gain = 0.000 ; free physical = 3959 ; free virtual = 16837
Restored from archive | CPU: 0.370000 secs | Memory: 7.477913 MB |
Finished XDEF File Restore: Time (s): cpu = 00:00:00.36 ; elapsed = 00:00:00.29 . Memory (MB): peak = 11037.051 ; gain = 0.000 ; free physical = 3959 ; free virtual = 16837
Netlist sorting complete. Time (s): cpu = 00:00:00 ; elapsed = 00:00:00 . Memory (MB): peak = 11037.051 ; gain = 0.000 ; free physical = 3959 ; free virtual = 16837
INFO: [Project 1-111] Unisim Transformation Summary:
  A total of 6 instances were transformed.
  RAM32M => RAM32M (RAMD32(x6), RAMS32(x2)): 2 instances
  RAM32X1D => RAM32X1D (RAMD32(x2)): 4 instances

CRITICAL WARNING: [Timing 38-282] The design failed to meet the timing requirements. Please see the timing summary report for details on the timing violations.
open_bd_design {/home/jsp/Storage/CFU_PYNQ_FIles/CFU_SRC/pynq_z2/pynq_z2/arunQAFDHGDZXVNBDXG_gae.srcs/sources_1/bd/system/system.bd}
open_bd_design {/home/jsp/Storage/CFU_PYNQ_FIles/CFU_SRC/pynq_z2/pynq_z2/arunQAFDHGDZXVNBDXG_gae.srcs/sources_1/bd/system/system.bd}
startgroup
set_property -dict [list \
  CONFIG.CLKOUT1_JITTER {124.615} \
  CONFIG.CLKOUT1_REQUESTED_OUT_FREQ {100.000} \
  CONFIG.MMCM_CLKOUT0_DIVIDE_F {10.000} \
] [get_bd_cells clk_wiz_0]
endgroup
WARNING: [filemgmt 56-199] Attempt to get parsing info during refresh. "On-the-fly" syntax checking information may be incorrect. [/home/jsp/Storage/CFU_PYNQ_FIles/CFU_SRC/donut-accel/cfu.v:]
WARNING: [filemgmt 56-199] Attempt to get parsing info during refresh. "On-the-fly" syntax checking information may be incorrect. [/home/jsp/Storage/CFU_PYNQ_FIles/CFU_SRC/pynq_z2/pynq_z2/arunQAFDHGDZXVNBDXG_gae.srcs/sources_1/imports/hdl/system_wrapper.v:]
WARNING: [filemgmt 56-199] Attempt to get parsing info during refresh. "On-the-fly" syntax checking information may be incorrect. [/home/jsp/Storage/CFU_PYNQ_FIles/CFU_SRC/pynq_z2/pynq_z2/arunQAFDHGDZXVNBDXG_gae.srcs/sources_1/new/tul_pynq_z2.v:]
WARNING: [filemgmt 56-199] Attempt to get parsing info during refresh. "On-the-fly" syntax checking information may be incorrect. [/home/jsp/Storage/CFU_PYNQ_FIles/CFU_SRC/donut-accel/cfu.v:]
WARNING: [filemgmt 56-199] Attempt to get parsing info during refresh. "On-the-fly" syntax checking information may be incorrect. [/home/jsp/Storage/CFU_PYNQ_FIles/CFU_SRC/donut-accel/cfu.v:]
WARNING: [filemgmt 56-199] Attempt to get parsing info during refresh. "On-the-fly" syntax checking information may be incorrect. [/home/jsp/Storage/CFU_PYNQ_FIles/CFU_SRC/donut-accel/cfu.v:]
WARNING: [filemgmt 56-199] Attempt to get parsing info during refresh. "On-the-fly" syntax checking information may be incorrect. [/home/jsp/Storage/CFU_PYNQ_FIles/CFU_SRC/pynq_z2/pynq_z2/arunQAFDHGDZXVNBDXG_gae.srcs/sources_1/imports/hdl/system_wrapper.v:]
WARNING: [filemgmt 56-199] Attempt to get parsing info during refresh. "On-the-fly" syntax checking information may be incorrect. [/home/jsp/Storage/CFU_PYNQ_FIles/CFU_SRC/pynq_z2/pynq_z2/arunQAFDHGDZXVNBDXG_gae.srcs/sources_1/new/tul_pynq_z2.v:]
WARNING: [filemgmt 56-199] Attempt to get parsing info during refresh. "On-the-fly" syntax checking information may be incorrect. [/home/jsp/Storage/CFU_PYNQ_FIles/CFU_SRC/pynq_z2/pynq_z2/arunQAFDHGDZXVNBDXG_gae.srcs/sources_1/imports/hdl/system_wrapper.v:]
WARNING: [filemgmt 56-199] Attempt to get parsing info during refresh. "On-the-fly" syntax checking information may be incorrect. [/home/jsp/Storage/CFU_PYNQ_FIles/CFU_SRC/pynq_z2/pynq_z2/arunQAFDHGDZXVNBDXG_gae.srcs/sources_1/imports/hdl/system_wrapper.v:]
reset_run system_clk_wiz_0_0_synth_1
save_bd_design
Wrote  : </home/jsp/Storage/CFU_PYNQ_FIles/CFU_SRC/pynq_z2/pynq_z2/arunQAFDHGDZXVNBDXG_gae.srcs/sources_1/bd/system/system.bd> 
Wrote  : </home/jsp/Storage/CFU_PYNQ_FIles/CFU_SRC/pynq_z2/pynq_z2/arunQAFDHGDZXVNBDXG_gae.srcs/sources_1/bd/system/ui/bd_c954508f.ui> 
reset_run synth_1
INFO: [Project 1-1161] Replacing file /home/jsp/Storage/CFU_PYNQ_FIles/CFU_SRC/pynq_z2/pynq_z2/arunQAFDHGDZXVNBDXG_gae.srcs/utils_1/imports/synth_1/system_wrapper.dcp with file /home/jsp/Storage/CFU_PYNQ_FIles/CFU_SRC/pynq_z2/pynq_z2/arunQAFDHGDZXVNBDXG_gae.runs/synth_1/system_wrapper.dcp
WARNING: [filemgmt 56-199] Attempt to get parsing info during refresh. "On-the-fly" syntax checking information may be incorrect. [/home/jsp/Storage/CFU_PYNQ_FIles/CFU_SRC/donut-accel/cfu.v:]
WARNING: [filemgmt 56-199] Attempt to get parsing info during refresh. "On-the-fly" syntax checking information may be incorrect. [/home/jsp/Storage/CFU_PYNQ_FIles/CFU_SRC/pynq_z2/pynq_z2/arunQAFDHGDZXVNBDXG_gae.srcs/sources_1/imports/hdl/system_wrapper.v:]
WARNING: [filemgmt 56-199] Attempt to get parsing info during refresh. "On-the-fly" syntax checking information may be incorrect. [/home/jsp/Storage/CFU_PYNQ_FIles/CFU_SRC/pynq_z2/pynq_z2/arunQAFDHGDZXVNBDXG_gae.srcs/sources_1/new/tul_pynq_z2.v:]
WARNING: [filemgmt 56-199] Attempt to get parsing info during refresh. "On-the-fly" syntax checking information may be incorrect. [/home/jsp/Storage/CFU_PYNQ_FIles/CFU_SRC/pynq_z2/pynq_z2/arunQAFDHGDZXVNBDXG_gae.srcs/sources_1/new/tul_pynq_z2.v:]
WARNING: [filemgmt 56-199] Attempt to get parsing info during refresh. "On-the-fly" syntax checking information may be incorrect. [/home/jsp/Storage/CFU_PYNQ_FIles/CFU_SRC/pynq_z2/pynq_z2/arunQAFDHGDZXVNBDXG_gae.srcs/sources_1/new/tul_pynq_z2.v:]
launch_runs synth_1 -jobs 12
INFO: [Vivado 12-4149] The synthesis checkpoint for IP '/home/jsp/Storage/CFU_PYNQ_FIles/CFU_SRC/pynq_z2/pynq_z2/arunQAFDHGDZXVNBDXG_gae.srcs/sources_1/ip/cfu_decoupler/cfu_decoupler.xci' is already up-to-date
WARNING: [filemgmt 56-199] Attempt to get parsing info during refresh. "On-the-fly" syntax checking information may be incorrect. [/home/jsp/Storage/CFU_PYNQ_FIles/CFU_SRC/donut-accel/cfu.v:]
WARNING: [filemgmt 56-199] Attempt to get parsing info during refresh. "On-the-fly" syntax checking information may be incorrect. [/home/jsp/Storage/CFU_PYNQ_FIles/CFU_SRC/pynq_z2/pynq_z2/arunQAFDHGDZXVNBDXG_gae.srcs/sources_1/imports/hdl/system_wrapper.v:]
WARNING: [filemgmt 56-199] Attempt to get parsing info during refresh. "On-the-fly" syntax checking information may be incorrect. [/home/jsp/Storage/CFU_PYNQ_FIles/CFU_SRC/pynq_z2/pynq_z2/arunQAFDHGDZXVNBDXG_gae.srcs/sources_1/new/tul_pynq_z2.v:]
WARNING: [filemgmt 56-199] Attempt to get parsing info during refresh. "On-the-fly" syntax checking information may be incorrect. [/home/jsp/Storage/CFU_PYNQ_FIles/CFU_SRC/donut-accel/cfu.v:]
WARNING: [filemgmt 56-199] Attempt to get parsing info during refresh. "On-the-fly" syntax checking information may be incorrect. [/home/jsp/Storage/CFU_PYNQ_FIles/CFU_SRC/donut-accel/cfu.v:]
WARNING: [filemgmt 56-199] Attempt to get parsing info during refresh. "On-the-fly" syntax checking information may be incorrect. [/home/jsp/Storage/CFU_PYNQ_FIles/CFU_SRC/donut-accel/cfu.v:]
WARNING: [filemgmt 56-199] Attempt to get parsing info during refresh. "On-the-fly" syntax checking information may be incorrect. [/home/jsp/Storage/CFU_PYNQ_FIles/CFU_SRC/pynq_z2/pynq_z2/arunQAFDHGDZXVNBDXG_gae.srcs/sources_1/imports/hdl/system_wrapper.v:]
WARNING: [filemgmt 56-199] Attempt to get parsing info during refresh. "On-the-fly" syntax checking information may be incorrect. [/home/jsp/Storage/CFU_PYNQ_FIles/CFU_SRC/pynq_z2/pynq_z2/arunQAFDHGDZXVNBDXG_gae.srcs/sources_1/new/tul_pynq_z2.v:]
WARNING: [filemgmt 56-199] Attempt to get parsing info during refresh. "On-the-fly" syntax checking information may be incorrect. [/home/jsp/Storage/CFU_PYNQ_FIles/CFU_SRC/pynq_z2/pynq_z2/arunQAFDHGDZXVNBDXG_gae.srcs/sources_1/new/tul_pynq_z2.v:]
WARNING: [filemgmt 56-199] Attempt to get parsing info during refresh. "On-the-fly" syntax checking information may be incorrect. [/home/jsp/Storage/CFU_PYNQ_FIles/CFU_SRC/pynq_z2/pynq_z2/arunQAFDHGDZXVNBDXG_gae.srcs/sources_1/new/tul_pynq_z2.v:]
WARNING: [filemgmt 56-199] Attempt to get parsing info during refresh. "On-the-fly" syntax checking information may be incorrect. [/home/jsp/Storage/CFU_PYNQ_FIles/CFU_SRC/donut-accel/cfu.v:]
WARNING: [filemgmt 56-199] Attempt to get parsing info during refresh. "On-the-fly" syntax checking information may be incorrect. [/home/jsp/Storage/CFU_PYNQ_FIles/CFU_SRC/pynq_z2/pynq_z2/arunQAFDHGDZXVNBDXG_gae.srcs/sources_1/imports/hdl/system_wrapper.v:]
WARNING: [filemgmt 56-199] Attempt to get parsing info during refresh. "On-the-fly" syntax checking information may be incorrect. [/home/jsp/Storage/CFU_PYNQ_FIles/CFU_SRC/pynq_z2/pynq_z2/arunQAFDHGDZXVNBDXG_gae.srcs/sources_1/new/tul_pynq_z2.v:]
WARNING: [filemgmt 56-199] Attempt to get parsing info during refresh. "On-the-fly" syntax checking information may be incorrect. [/home/jsp/Storage/CFU_PYNQ_FIles/CFU_SRC/pynq_z2/pynq_z2/arunQAFDHGDZXVNBDXG_gae.srcs/sources_1/imports/hdl/system_wrapper.v:]
WARNING: [filemgmt 56-199] Attempt to get parsing info during refresh. "On-the-fly" syntax checking information may be incorrect. [/home/jsp/Storage/CFU_PYNQ_FIles/CFU_SRC/pynq_z2/pynq_z2/arunQAFDHGDZXVNBDXG_gae.srcs/sources_1/imports/hdl/system_wrapper.v:]
WARNING: [BD 41-702] Propagation TCL tries to overwrite USER strength parameter PCW_M_AXI_GP0_FREQMHZ(10) on '/processing_system7_0' with propagated value(100). Command ignored
INFO: [xilinx.com:ip:clk_wiz:6.0-1] /clk_wiz_0 clk_wiz propagate
INFO: [xilinx.com:ip:clk_wiz:6.0-1] /clk_wiz_0 clk_wiz propagate
Wrote  : </home/jsp/Storage/CFU_PYNQ_FIles/CFU_SRC/pynq_z2/pynq_z2/arunQAFDHGDZXVNBDXG_gae.srcs/sources_1/bd/system/system.bd> 
Verilog Output written to : /home/jsp/Storage/CFU_PYNQ_FIles/CFU_SRC/pynq_z2/pynq_z2/arunQAFDHGDZXVNBDXG_gae.gen/sources_1/bd/system/synth/system.v
Verilog Output written to : /home/jsp/Storage/CFU_PYNQ_FIles/CFU_SRC/pynq_z2/pynq_z2/arunQAFDHGDZXVNBDXG_gae.gen/sources_1/bd/system/sim/system.v
Verilog Output written to : /home/jsp/Storage/CFU_PYNQ_FIles/CFU_SRC/pynq_z2/pynq_z2/arunQAFDHGDZXVNBDXG_gae.gen/sources_1/bd/system/hdl/system_wrapper.v
INFO: [BD 41-1029] Generation completed for the IP Integrator block clk_wiz_0 .
WARNING: [IP_Flow 19-4994] Overwriting existing constraint file '/home/jsp/Storage/CFU_PYNQ_FIles/CFU_SRC/pynq_z2/pynq_z2/arunQAFDHGDZXVNBDXG_gae.gen/sources_1/bd/system/ip/system_auto_pc_0/system_auto_pc_0_ooc.xdc'
INFO: [BD 41-1029] Generation completed for the IP Integrator block ps7_0_axi_periph/s00_couplers/auto_pc .
Exporting to file /home/jsp/Storage/CFU_PYNQ_FIles/CFU_SRC/pynq_z2/pynq_z2/arunQAFDHGDZXVNBDXG_gae.gen/sources_1/bd/system/hw_handoff/system.hwh
Generated Hardware Definition File /home/jsp/Storage/CFU_PYNQ_FIles/CFU_SRC/pynq_z2/pynq_z2/arunQAFDHGDZXVNBDXG_gae.gen/sources_1/bd/system/synth/system.hwdef
INFO: [IP_Flow 19-6930] IPCACHE: runCacheChecks() number of threads = 8
INFO: [IP_Flow 19-6921] IPCACHE: Adding cache check func to thread queue for IP system_auto_pc_0
INFO: [IP_Flow 19-6921] IPCACHE: Adding cache check func to thread queue for IP system_clk_wiz_0_0
INFO: [IP_Flow 19-8020] IPCACHE: runCacheChecks() calling threadPool finishWork()
INFO: [IP_Flow 19-6924] IPCACHE: Running cache check for IP inst: system_auto_pc_0
INFO: [IP_Flow 19-6922] IPCACHE: Exporting cached entry 28dbe6f2fca8b92b to dir: /home/jsp/Storage/CFU_PYNQ_FIles/CFU_SRC/pynq_z2/pynq_z2/arunQAFDHGDZXVNBDXG_gae.gen/sources_1/bd/system/ip/system_auto_pc_0
INFO: [IP_Flow 19-6928] IPCACHE: copied cached file /home/jsp/Storage/CFU_PYNQ_FIles/CFU_SRC/pynq_z2/pynq_z2/arunQAFDHGDZXVNBDXG_gae.cache/ip/2024.1/2/8/28dbe6f2fca8b92b/system_auto_pc_0_sim_netlist.v to /home/jsp/Storage/CFU_PYNQ_FIles/CFU_SRC/pynq_z2/pynq_z2/arunQAFDHGDZXVNBDXG_gae.gen/sources_1/bd/system/ip/system_auto_pc_0/system_auto_pc_0_sim_netlist.v.
INFO: [IP_Flow 19-6926] IPCACHE: added file to list for BOM: /home/jsp/Storage/CFU_PYNQ_FIles/CFU_SRC/pynq_z2/pynq_z2/arunQAFDHGDZXVNBDXG_gae.gen/sources_1/bd/system/ip/system_auto_pc_0/system_auto_pc_0_sim_netlist.v
INFO: [IP_Flow 19-6928] IPCACHE: copied cached file /home/jsp/Storage/CFU_PYNQ_FIles/CFU_SRC/pynq_z2/pynq_z2/arunQAFDHGDZXVNBDXG_gae.cache/ip/2024.1/2/8/28dbe6f2fca8b92b/system_auto_pc_0_stub.v to /home/jsp/Storage/CFU_PYNQ_FIles/CFU_SRC/pynq_z2/pynq_z2/arunQAFDHGDZXVNBDXG_gae.gen/sources_1/bd/system/ip/system_auto_pc_0/system_auto_pc_0_stub.v.
INFO: [IP_Flow 19-6926] IPCACHE: added file to list for BOM: /home/jsp/Storage/CFU_PYNQ_FIles/CFU_SRC/pynq_z2/pynq_z2/arunQAFDHGDZXVNBDXG_gae.gen/sources_1/bd/system/ip/system_auto_pc_0/system_auto_pc_0_stub.v
INFO: [IP_Flow 19-6928] IPCACHE: copied cached file /home/jsp/Storage/CFU_PYNQ_FIles/CFU_SRC/pynq_z2/pynq_z2/arunQAFDHGDZXVNBDXG_gae.cache/ip/2024.1/2/8/28dbe6f2fca8b92b/system_auto_pc_0_sim_netlist.vhdl to /home/jsp/Storage/CFU_PYNQ_FIles/CFU_SRC/pynq_z2/pynq_z2/arunQAFDHGDZXVNBDXG_gae.gen/sources_1/bd/system/ip/system_auto_pc_0/system_auto_pc_0_sim_netlist.vhdl.
INFO: [IP_Flow 19-6926] IPCACHE: added file to list for BOM: /home/jsp/Storage/CFU_PYNQ_FIles/CFU_SRC/pynq_z2/pynq_z2/arunQAFDHGDZXVNBDXG_gae.gen/sources_1/bd/system/ip/system_auto_pc_0/system_auto_pc_0_sim_netlist.vhdl
INFO: [IP_Flow 19-6928] IPCACHE: copied cached file /home/jsp/Storage/CFU_PYNQ_FIles/CFU_SRC/pynq_z2/pynq_z2/arunQAFDHGDZXVNBDXG_gae.cache/ip/2024.1/2/8/28dbe6f2fca8b92b/system_auto_pc_0.dcp to /home/jsp/Storage/CFU_PYNQ_FIles/CFU_SRC/pynq_z2/pynq_z2/arunQAFDHGDZXVNBDXG_gae.gen/sources_1/bd/system/ip/system_auto_pc_0/system_auto_pc_0.dcp.
INFO: [IP_Flow 19-6926] IPCACHE: added file to list for BOM: /home/jsp/Storage/CFU_PYNQ_FIles/CFU_SRC/pynq_z2/pynq_z2/arunQAFDHGDZXVNBDXG_gae.gen/sources_1/bd/system/ip/system_auto_pc_0/system_auto_pc_0.dcp
INFO: [IP_Flow 19-6928] IPCACHE: copied cached file /home/jsp/Storage/CFU_PYNQ_FIles/CFU_SRC/pynq_z2/pynq_z2/arunQAFDHGDZXVNBDXG_gae.cache/ip/2024.1/2/8/28dbe6f2fca8b92b/system_auto_pc_0_stub.vhdl to /home/jsp/Storage/CFU_PYNQ_FIles/CFU_SRC/pynq_z2/pynq_z2/arunQAFDHGDZXVNBDXG_gae.gen/sources_1/bd/system/ip/system_auto_pc_0/system_auto_pc_0_stub.vhdl.
INFO: [IP_Flow 19-6926] IPCACHE: added file to list for BOM: /home/jsp/Storage/CFU_PYNQ_FIles/CFU_SRC/pynq_z2/pynq_z2/arunQAFDHGDZXVNBDXG_gae.gen/sources_1/bd/system/ip/system_auto_pc_0/system_auto_pc_0_stub.vhdl
INFO: [IP_Flow 19-4993] Using cached IP synthesis design for IP system_auto_pc_0, cache-ID = 28dbe6f2fca8b92b; cache size = 2.477 MB.
INFO: [IP_Flow 19-6924] IPCACHE: Running cache check for IP inst: system_clk_wiz_0_0
[Tue Nov  4 14:55:27 2025] Launched system_clk_wiz_0_0_synth_1...
Run output will be captured here: /home/jsp/Storage/CFU_PYNQ_FIles/CFU_SRC/pynq_z2/pynq_z2/arunQAFDHGDZXVNBDXG_gae.runs/system_clk_wiz_0_0_synth_1/runme.log
[Tue Nov  4 14:55:27 2025] Launched synth_1...
Run output will be captured here: /home/jsp/Storage/CFU_PYNQ_FIles/CFU_SRC/pynq_z2/pynq_z2/arunQAFDHGDZXVNBDXG_gae.runs/synth_1/runme.log
launch_runs: Time (s): cpu = 00:00:10 ; elapsed = 00:00:06 . Memory (MB): peak = 11810.102 ; gain = 475.984 ; free physical = 3843 ; free virtual = 16728
WARNING: [filemgmt 56-199] Attempt to get parsing info during refresh. "On-the-fly" syntax checking information may be incorrect. [/home/jsp/Storage/CFU_PYNQ_FIles/CFU_SRC/donut-accel/cfu.v:]
WARNING: [filemgmt 56-199] Attempt to get parsing info during refresh. "On-the-fly" syntax checking information may be incorrect. [/home/jsp/Storage/CFU_PYNQ_FIles/CFU_SRC/pynq_z2/pynq_z2/arunQAFDHGDZXVNBDXG_gae.srcs/sources_1/imports/hdl/system_wrapper.v:]
WARNING: [filemgmt 56-199] Attempt to get parsing info during refresh. "On-the-fly" syntax checking information may be incorrect. [/home/jsp/Storage/CFU_PYNQ_FIles/CFU_SRC/pynq_z2/pynq_z2/arunQAFDHGDZXVNBDXG_gae.srcs/sources_1/new/tul_pynq_z2.v:]
WARNING: [filemgmt 56-199] Attempt to get parsing info during refresh. "On-the-fly" syntax checking information may be incorrect. [/home/jsp/Storage/CFU_PYNQ_FIles/CFU_SRC/pynq_z2/pynq_z2/arunQAFDHGDZXVNBDXG_gae.srcs/sources_1/new/tul_pynq_z2.v:]
WARNING: [filemgmt 56-199] Attempt to get parsing info during refresh. "On-the-fly" syntax checking information may be incorrect. [/home/jsp/Storage/CFU_PYNQ_FIles/CFU_SRC/pynq_z2/pynq_z2/arunQAFDHGDZXVNBDXG_gae.srcs/sources_1/new/tul_pynq_z2.v:]
WARNING: [filemgmt 56-199] Attempt to get parsing info during refresh. "On-the-fly" syntax checking information may be incorrect. [/home/jsp/Storage/CFU_PYNQ_FIles/CFU_SRC/donut-accel/cfu.v:]
WARNING: [filemgmt 56-199] Attempt to get parsing info during refresh. "On-the-fly" syntax checking information may be incorrect. [/home/jsp/Storage/CFU_PYNQ_FIles/CFU_SRC/pynq_z2/pynq_z2/arunQAFDHGDZXVNBDXG_gae.srcs/sources_1/imports/hdl/system_wrapper.v:]
WARNING: [filemgmt 56-199] Attempt to get parsing info during refresh. "On-the-fly" syntax checking information may be incorrect. [/home/jsp/Storage/CFU_PYNQ_FIles/CFU_SRC/pynq_z2/pynq_z2/arunQAFDHGDZXVNBDXG_gae.srcs/sources_1/new/tul_pynq_z2.v:]
WARNING: [filemgmt 56-199] Attempt to get parsing info during refresh. "On-the-fly" syntax checking information may be incorrect. [/home/jsp/Storage/CFU_PYNQ_FIles/CFU_SRC/donut-accel/cfu.v:]
WARNING: [filemgmt 56-199] Attempt to get parsing info during refresh. "On-the-fly" syntax checking information may be incorrect. [/home/jsp/Storage/CFU_PYNQ_FIles/CFU_SRC/donut-accel/cfu.v:]
launch_runs impl_1 -jobs 12
INFO: [Vivado 12-4149] The synthesis checkpoint for IP '/home/jsp/Storage/CFU_PYNQ_FIles/CFU_SRC/pynq_z2/pynq_z2/arunQAFDHGDZXVNBDXG_gae.srcs/sources_1/ip/cfu_decoupler/cfu_decoupler.xci' is already up-to-date
WARNING: [Project 1-478] Design 'synth_1' is stale and will not be used when launching 'impl_1'
[Tue Nov  4 14:57:20 2025] Launched impl_1...
Run output will be captured here: /home/jsp/Storage/CFU_PYNQ_FIles/CFU_SRC/pynq_z2/pynq_z2/arunQAFDHGDZXVNBDXG_gae.runs/impl_1/runme.log
create_ip_run [get_files -of_objects [get_fileset sources_1] /home/jsp/Storage/CFU_PYNQ_FIles/CFU_SRC/pynq_z2/pynq_z2/arunQAFDHGDZXVNBDXG_gae.srcs/sources_1/bd/system/system.bd]
refresh_design
Netlist sorting complete. Time (s): cpu = 00:00:00.1 ; elapsed = 00:00:00.05 . Memory (MB): peak = 11810.102 ; gain = 0.000 ; free physical = 1181 ; free virtual = 14562
INFO: [Netlist 29-17] Analyzing 208 Unisim elements for replacement
INFO: [Netlist 29-28] Unisim Transformation completed in 0 CPU seconds
INFO: [Project 1-479] Netlist was created with Vivado 2024.1
INFO: [Project 1-570] Preparing netlist for logic optimization
Read ShapeDB Complete: Time (s): cpu = 00:00:00.02 ; elapsed = 00:00:00.01 . Memory (MB): peak = 11810.102 ; gain = 0.000 ; free physical = 1182 ; free virtual = 14564
INFO: [Timing 38-478] Restoring timing data from binary archive.
INFO: [Timing 38-479] Binary timing data restore complete.
INFO: [Project 1-856] Restoring constraints from binary archive.
INFO: [Project 1-853] Binary constraint restore complete.
INFO: [Designutils 20-5722] Start Reading Physical Databases.
Reading placement.
Read Netlist Cache: Time (s): cpu = 00:00:00.01 ; elapsed = 00:00:00.01 . Memory (MB): peak = 11810.102 ; gain = 0.000 ; free physical = 1021 ; free virtual = 14515
Reading placer database...
Read Device Cache: Time (s): cpu = 00:00:00.01 ; elapsed = 00:00:00.01 . Memory (MB): peak = 11810.102 ; gain = 0.000 ; free physical = 1021 ; free virtual = 14515
Read PlaceDB: Time (s): cpu = 00:00:00.25 ; elapsed = 00:00:00.24 . Memory (MB): peak = 11810.102 ; gain = 0.000 ; free physical = 1021 ; free virtual = 14514
Read PulsedLatchDB: Time (s): cpu = 00:00:00 ; elapsed = 00:00:00 . Memory (MB): peak = 11810.102 ; gain = 0.000 ; free physical = 1021 ; free virtual = 14514
Reading routing.
Read RouteStorage: Time (s): cpu = 00:00:00.11 ; elapsed = 00:00:00.04 . Memory (MB): peak = 11810.102 ; gain = 0.000 ; free physical = 1020 ; free virtual = 14514
Read Physdb Files: Time (s): cpu = 00:00:00.38 ; elapsed = 00:00:00.31 . Memory (MB): peak = 11810.102 ; gain = 0.000 ; free physical = 1020 ; free virtual = 14514
Restored from archive | CPU: 0.380000 secs | Memory: 7.820061 MB |
Finished XDEF File Restore: Time (s): cpu = 00:00:00.38 ; elapsed = 00:00:00.31 . Memory (MB): peak = 11810.102 ; gain = 0.000 ; free physical = 1020 ; free virtual = 14514
CRITICAL WARNING: [Timing 38-282] The design failed to meet the timing requirements. Please see the timing summary report for details on the timing violations.
open_bd_design {/home/jsp/Storage/CFU_PYNQ_FIles/CFU_SRC/pynq_z2/pynq_z2/arunQAFDHGDZXVNBDXG_gae.srcs/sources_1/bd/system/system.bd}
open_bd_design {/home/jsp/Storage/CFU_PYNQ_FIles/CFU_SRC/pynq_z2/pynq_z2/arunQAFDHGDZXVNBDXG_gae.srcs/sources_1/bd/system/system.bd}
set_property location {1 206 466} [get_bd_cells axi_gpio_decouple]
set_property location {1 177 461} [get_bd_cells axi_gpio_decouple]
set_property location {1 176 464} [get_bd_cells axi_gpio_decouple]
report_timing_summary -delay_type min_max -report_unconstrained -check_timing_verbose -max_paths 10 -input_pins -routable_nets -name timing_1
INFO: [Timing 38-91] UpdateTimingParams: Speed grade: -1, Delay Type: min_max.
INFO: [Timing 38-191] Multithreading enabled for timing update using a maximum of 8 CPUs
open_bd_design {/home/jsp/Storage/CFU_PYNQ_FIles/CFU_SRC/pynq_z2/pynq_z2/arunQAFDHGDZXVNBDXG_gae.srcs/sources_1/bd/system/system.bd}
set_property location {1 161 98} [get_bd_cells clk_wiz_0]
CRITICAL WARNING: [PSU-1]  Parameter : PCW_UIPARAM_DDR_DQS_TO_CLK_DELAY_0 has negative value -0.051 . PS DDR interfaces might fail when entering negative DQS skew values. 
CRITICAL WARNING: [PSU-2]  Parameter : PCW_UIPARAM_DDR_DQS_TO_CLK_DELAY_1 has negative value -0.006 . PS DDR interfaces might fail when entering negative DQS skew values. 
CRITICAL WARNING: [PSU-3]  Parameter : PCW_UIPARAM_DDR_DQS_TO_CLK_DELAY_2 has negative value -0.009 . PS DDR interfaces might fail when entering negative DQS skew values. 
CRITICAL WARNING: [PSU-4]  Parameter : PCW_UIPARAM_DDR_DQS_TO_CLK_DELAY_3 has negative value -0.033 . PS DDR interfaces might fail when entering negative DQS skew values. 
WARNING: [IP_Flow 19-474] Invalid Parameter 'Component_Name'
CRITICAL WARNING: [PSU-1]  Parameter : PCW_UIPARAM_DDR_DQS_TO_CLK_DELAY_0 has negative value -0.051 . PS DDR interfaces might fail when entering negative DQS skew values. 
CRITICAL WARNING: [PSU-2]  Parameter : PCW_UIPARAM_DDR_DQS_TO_CLK_DELAY_1 has negative value -0.006 . PS DDR interfaces might fail when entering negative DQS skew values. 
CRITICAL WARNING: [PSU-3]  Parameter : PCW_UIPARAM_DDR_DQS_TO_CLK_DELAY_2 has negative value -0.009 . PS DDR interfaces might fail when entering negative DQS skew values. 
CRITICAL WARNING: [PSU-4]  Parameter : PCW_UIPARAM_DDR_DQS_TO_CLK_DELAY_3 has negative value -0.033 . PS DDR interfaces might fail when entering negative DQS skew values. 
CRITICAL WARNING: [PSU-1]  Parameter : PCW_UIPARAM_DDR_DQS_TO_CLK_DELAY_0 has negative value -0.051 . PS DDR interfaces might fail when entering negative DQS skew values. 
CRITICAL WARNING: [PSU-2]  Parameter : PCW_UIPARAM_DDR_DQS_TO_CLK_DELAY_1 has negative value -0.006 . PS DDR interfaces might fail when entering negative DQS skew values. 
CRITICAL WARNING: [PSU-3]  Parameter : PCW_UIPARAM_DDR_DQS_TO_CLK_DELAY_2 has negative value -0.009 . PS DDR interfaces might fail when entering negative DQS skew values. 
CRITICAL WARNING: [PSU-4]  Parameter : PCW_UIPARAM_DDR_DQS_TO_CLK_DELAY_3 has negative value -0.033 . PS DDR interfaces might fail when entering negative DQS skew values. 
startgroup
set_property -dict [list \
  CONFIG.PCW_QSPI_GRP_SINGLE_SS_ENABLE {1} \
  CONFIG.PCW_USE_M_AXI_GP0 {0} \
] [get_bd_cells processing_system7_0]
CRITICAL WARNING: [PSU-1]  Parameter : PCW_UIPARAM_DDR_DQS_TO_CLK_DELAY_0 has negative value -0.051 . PS DDR interfaces might fail when entering negative DQS skew values. 
CRITICAL WARNING: [PSU-2]  Parameter : PCW_UIPARAM_DDR_DQS_TO_CLK_DELAY_1 has negative value -0.006 . PS DDR interfaces might fail when entering negative DQS skew values. 
CRITICAL WARNING: [PSU-3]  Parameter : PCW_UIPARAM_DDR_DQS_TO_CLK_DELAY_2 has negative value -0.009 . PS DDR interfaces might fail when entering negative DQS skew values. 
CRITICAL WARNING: [PSU-4]  Parameter : PCW_UIPARAM_DDR_DQS_TO_CLK_DELAY_3 has negative value -0.033 . PS DDR interfaces might fail when entering negative DQS skew values. 
WARNING: [BD 41-1684] Pin /processing_system7_0/M_AXI_GP0_ACLK is now disabled. All connections to this pin have been removed. 
delete_bd_objs [get_bd_intf_nets processing_system7_0_M_AXI_GP0]
endgroup
CRITICAL WARNING: [PSU-1]  Parameter : PCW_UIPARAM_DDR_DQS_TO_CLK_DELAY_0 has negative value -0.051 . PS DDR interfaces might fail when entering negative DQS skew values. 
CRITICAL WARNING: [PSU-2]  Parameter : PCW_UIPARAM_DDR_DQS_TO_CLK_DELAY_1 has negative value -0.006 . PS DDR interfaces might fail when entering negative DQS skew values. 
CRITICAL WARNING: [PSU-3]  Parameter : PCW_UIPARAM_DDR_DQS_TO_CLK_DELAY_2 has negative value -0.009 . PS DDR interfaces might fail when entering negative DQS skew values. 
CRITICAL WARNING: [PSU-4]  Parameter : PCW_UIPARAM_DDR_DQS_TO_CLK_DELAY_3 has negative value -0.033 . PS DDR interfaces might fail when entering negative DQS skew values. 
WARNING: [IP_Flow 19-474] Invalid Parameter 'Component_Name'
CRITICAL WARNING: [PSU-1]  Parameter : PCW_UIPARAM_DDR_DQS_TO_CLK_DELAY_0 has negative value -0.051 . PS DDR interfaces might fail when entering negative DQS skew values. 
CRITICAL WARNING: [PSU-2]  Parameter : PCW_UIPARAM_DDR_DQS_TO_CLK_DELAY_1 has negative value -0.006 . PS DDR interfaces might fail when entering negative DQS skew values. 
CRITICAL WARNING: [PSU-3]  Parameter : PCW_UIPARAM_DDR_DQS_TO_CLK_DELAY_2 has negative value -0.009 . PS DDR interfaces might fail when entering negative DQS skew values. 
CRITICAL WARNING: [PSU-4]  Parameter : PCW_UIPARAM_DDR_DQS_TO_CLK_DELAY_3 has negative value -0.033 . PS DDR interfaces might fail when entering negative DQS skew values. 
CRITICAL WARNING: [PSU-1]  Parameter : PCW_UIPARAM_DDR_DQS_TO_CLK_DELAY_0 has negative value -0.051 . PS DDR interfaces might fail when entering negative DQS skew values. 
CRITICAL WARNING: [PSU-2]  Parameter : PCW_UIPARAM_DDR_DQS_TO_CLK_DELAY_1 has negative value -0.006 . PS DDR interfaces might fail when entering negative DQS skew values. 
CRITICAL WARNING: [PSU-3]  Parameter : PCW_UIPARAM_DDR_DQS_TO_CLK_DELAY_2 has negative value -0.009 . PS DDR interfaces might fail when entering negative DQS skew values. 
CRITICAL WARNING: [PSU-4]  Parameter : PCW_UIPARAM_DDR_DQS_TO_CLK_DELAY_3 has negative value -0.033 . PS DDR interfaces might fail when entering negative DQS skew values. 
startgroup
set_property -dict [list \
  CONFIG.PCW_QSPI_GRP_SINGLE_SS_ENABLE {1} \
  CONFIG.PCW_USE_M_AXI_GP0 {1} \
] [get_bd_cells processing_system7_0]
CRITICAL WARNING: [PSU-1]  Parameter : PCW_UIPARAM_DDR_DQS_TO_CLK_DELAY_0 has negative value -0.051 . PS DDR interfaces might fail when entering negative DQS skew values. 
CRITICAL WARNING: [PSU-2]  Parameter : PCW_UIPARAM_DDR_DQS_TO_CLK_DELAY_1 has negative value -0.006 . PS DDR interfaces might fail when entering negative DQS skew values. 
CRITICAL WARNING: [PSU-3]  Parameter : PCW_UIPARAM_DDR_DQS_TO_CLK_DELAY_2 has negative value -0.009 . PS DDR interfaces might fail when entering negative DQS skew values. 
CRITICAL WARNING: [PSU-4]  Parameter : PCW_UIPARAM_DDR_DQS_TO_CLK_DELAY_3 has negative value -0.033 . PS DDR interfaces might fail when entering negative DQS skew values. 
endgroup
apply_bd_automation -rule xilinx.com:bd_rule:axi4 -config { Clk_master {Auto} Clk_slave {/processing_system7_0/FCLK_CLK0 (100 MHz)} Clk_xbar {/processing_system7_0/FCLK_CLK0 (100 MHz)} Master {/processing_system7_0/M_AXI_GP0} Slave {/axi_gpio_config_to/S_AXI} ddr_seg {Auto} intc_ip {/ps7_0_axi_periph} master_apm {0}}  [get_bd_intf_pins processing_system7_0/M_AXI_GP0]
INFO: [BD 41-3093] Triggering Legacy Auto Assign Algorithm
set_property location {1 169 95} [get_bd_cells clk_wiz_0]
delete_bd_objs [get_bd_nets clk_wiz_0_clk_out1]
delete_bd_objs [get_bd_nets reset_rtl_1] [get_bd_nets sys_clock_1] [get_bd_cells clk_wiz_0]
WARNING: [filemgmt 56-199] Attempt to get parsing info during refresh. "On-the-fly" syntax checking information may be incorrect. [/home/jsp/Storage/CFU_PYNQ_FIles/CFU_SRC/donut-accel/cfu.v:]
WARNING: [filemgmt 56-199] Attempt to get parsing info during refresh. "On-the-fly" syntax checking information may be incorrect. [/home/jsp/Storage/CFU_PYNQ_FIles/CFU_SRC/pynq_z2/pynq_z2/arunQAFDHGDZXVNBDXG_gae.srcs/sources_1/imports/hdl/system_wrapper.v:]
WARNING: [filemgmt 56-199] Attempt to get parsing info during refresh. "On-the-fly" syntax checking information may be incorrect. [/home/jsp/Storage/CFU_PYNQ_FIles/CFU_SRC/pynq_z2/pynq_z2/arunQAFDHGDZXVNBDXG_gae.srcs/sources_1/new/tul_pynq_z2.v:]
WARNING: [filemgmt 56-199] Attempt to get parsing info during refresh. "On-the-fly" syntax checking information may be incorrect. [/home/jsp/Storage/CFU_PYNQ_FIles/CFU_SRC/pynq_z2/pynq_z2/arunQAFDHGDZXVNBDXG_gae.srcs/sources_1/new/tul_pynq_z2.v:]
WARNING: [filemgmt 56-199] Attempt to get parsing info during refresh. "On-the-fly" syntax checking information may be incorrect. [/home/jsp/Storage/CFU_PYNQ_FIles/CFU_SRC/pynq_z2/pynq_z2/arunQAFDHGDZXVNBDXG_gae.srcs/sources_1/new/tul_pynq_z2.v:]
delete_bd_objs [get_bd_ports sys_clock]
WARNING: [filemgmt 56-199] Attempt to get parsing info during refresh. "On-the-fly" syntax checking information may be incorrect. [/home/jsp/Storage/CFU_PYNQ_FIles/CFU_SRC/donut-accel/cfu.v:]
WARNING: [filemgmt 56-199] Attempt to get parsing info during refresh. "On-the-fly" syntax checking information may be incorrect. [/home/jsp/Storage/CFU_PYNQ_FIles/CFU_SRC/pynq_z2/pynq_z2/arunQAFDHGDZXVNBDXG_gae.srcs/sources_1/imports/hdl/system_wrapper.v:]
WARNING: [filemgmt 56-199] Attempt to get parsing info during refresh. "On-the-fly" syntax checking information may be incorrect. [/home/jsp/Storage/CFU_PYNQ_FIles/CFU_SRC/pynq_z2/pynq_z2/arunQAFDHGDZXVNBDXG_gae.srcs/sources_1/new/tul_pynq_z2.v:]
WARNING: [filemgmt 56-199] Attempt to get parsing info during refresh. "On-the-fly" syntax checking information may be incorrect. [/home/jsp/Storage/CFU_PYNQ_FIles/CFU_SRC/donut-accel/cfu.v:]
WARNING: [filemgmt 56-199] Attempt to get parsing info during refresh. "On-the-fly" syntax checking information may be incorrect. [/home/jsp/Storage/CFU_PYNQ_FIles/CFU_SRC/donut-accel/cfu.v:]
connect_bd_net [get_bd_pins tul_pynq_z2_0/clk125] [get_bd_pins processing_system7_0/FCLK_CLK0]
delete_bd_objs [get_bd_ports reset_rtl]
WARNING: [filemgmt 56-199] Attempt to get parsing info during refresh. "On-the-fly" syntax checking information may be incorrect. [/home/jsp/Storage/CFU_PYNQ_FIles/CFU_SRC/donut-accel/cfu.v:]
WARNING: [filemgmt 56-199] Attempt to get parsing info during refresh. "On-the-fly" syntax checking information may be incorrect. [/home/jsp/Storage/CFU_PYNQ_FIles/CFU_SRC/pynq_z2/pynq_z2/arunQAFDHGDZXVNBDXG_gae.srcs/sources_1/imports/hdl/system_wrapper.v:]
WARNING: [filemgmt 56-199] Attempt to get parsing info during refresh. "On-the-fly" syntax checking information may be incorrect. [/home/jsp/Storage/CFU_PYNQ_FIles/CFU_SRC/pynq_z2/pynq_z2/arunQAFDHGDZXVNBDXG_gae.srcs/sources_1/new/tul_pynq_z2.v:]
WARNING: [filemgmt 56-199] Attempt to get parsing info during refresh. "On-the-fly" syntax checking information may be incorrect. [/home/jsp/Storage/CFU_PYNQ_FIles/CFU_SRC/pynq_z2/pynq_z2/arunQAFDHGDZXVNBDXG_gae.srcs/sources_1/new/tul_pynq_z2.v:]
WARNING: [filemgmt 56-199] Attempt to get parsing info during refresh. "On-the-fly" syntax checking information may be incorrect. [/home/jsp/Storage/CFU_PYNQ_FIles/CFU_SRC/pynq_z2/pynq_z2/arunQAFDHGDZXVNBDXG_gae.srcs/sources_1/new/tul_pynq_z2.v:]
WARNING: [filemgmt 56-199] Attempt to get parsing info during refresh. "On-the-fly" syntax checking information may be incorrect. [/home/jsp/Storage/CFU_PYNQ_FIles/CFU_SRC/donut-accel/cfu.v:]
WARNING: [filemgmt 56-199] Attempt to get parsing info during refresh. "On-the-fly" syntax checking information may be incorrect. [/home/jsp/Storage/CFU_PYNQ_FIles/CFU_SRC/pynq_z2/pynq_z2/arunQAFDHGDZXVNBDXG_gae.srcs/sources_1/imports/hdl/system_wrapper.v:]
WARNING: [filemgmt 56-199] Attempt to get parsing info during refresh. "On-the-fly" syntax checking information may be incorrect. [/home/jsp/Storage/CFU_PYNQ_FIles/CFU_SRC/pynq_z2/pynq_z2/arunQAFDHGDZXVNBDXG_gae.srcs/sources_1/new/tul_pynq_z2.v:]
WARNING: [filemgmt 56-199] Attempt to get parsing info during refresh. "On-the-fly" syntax checking information may be incorrect. [/home/jsp/Storage/CFU_PYNQ_FIles/CFU_SRC/donut-accel/cfu.v:]
WARNING: [filemgmt 56-199] Attempt to get parsing info during refresh. "On-the-fly" syntax checking information may be incorrect. [/home/jsp/Storage/CFU_PYNQ_FIles/CFU_SRC/donut-accel/cfu.v:]
reset_run synth_1
INFO: [Project 1-1161] Replacing file /home/jsp/Storage/CFU_PYNQ_FIles/CFU_SRC/pynq_z2/pynq_z2/arunQAFDHGDZXVNBDXG_gae.srcs/utils_1/imports/synth_1/system_wrapper.dcp with file /home/jsp/Storage/CFU_PYNQ_FIles/CFU_SRC/pynq_z2/pynq_z2/arunQAFDHGDZXVNBDXG_gae.runs/synth_1/system_wrapper.dcp
save_bd_design
Wrote  : </home/jsp/Storage/CFU_PYNQ_FIles/CFU_SRC/pynq_z2/pynq_z2/arunQAFDHGDZXVNBDXG_gae.srcs/sources_1/bd/system/system.bd> 
Wrote  : </home/jsp/Storage/CFU_PYNQ_FIles/CFU_SRC/pynq_z2/pynq_z2/arunQAFDHGDZXVNBDXG_gae.srcs/sources_1/bd/system/ui/bd_c954508f.ui> 
WARNING: [filemgmt 56-199] Attempt to get parsing info during refresh. "On-the-fly" syntax checking information may be incorrect. [/home/jsp/Storage/CFU_PYNQ_FIles/CFU_SRC/donut-accel/cfu.v:]
WARNING: [filemgmt 56-199] Attempt to get parsing info during refresh. "On-the-fly" syntax checking information may be incorrect. [/home/jsp/Storage/CFU_PYNQ_FIles/CFU_SRC/pynq_z2/pynq_z2/arunQAFDHGDZXVNBDXG_gae.srcs/sources_1/imports/hdl/system_wrapper.v:]
WARNING: [filemgmt 56-199] Attempt to get parsing info during refresh. "On-the-fly" syntax checking information may be incorrect. [/home/jsp/Storage/CFU_PYNQ_FIles/CFU_SRC/pynq_z2/pynq_z2/arunQAFDHGDZXVNBDXG_gae.srcs/sources_1/new/tul_pynq_z2.v:]
WARNING: [filemgmt 56-199] Attempt to get parsing info during refresh. "On-the-fly" syntax checking information may be incorrect. [/home/jsp/Storage/CFU_PYNQ_FIles/CFU_SRC/donut-accel/cfu.v:]
WARNING: [filemgmt 56-199] Attempt to get parsing info during refresh. "On-the-fly" syntax checking information may be incorrect. [/home/jsp/Storage/CFU_PYNQ_FIles/CFU_SRC/donut-accel/cfu.v:]
WARNING: [filemgmt 56-199] Attempt to get parsing info during refresh. "On-the-fly" syntax checking information may be incorrect. [/home/jsp/Storage/CFU_PYNQ_FIles/CFU_SRC/donut-accel/cfu.v:]
WARNING: [filemgmt 56-199] Attempt to get parsing info during refresh. "On-the-fly" syntax checking information may be incorrect. [/home/jsp/Storage/CFU_PYNQ_FIles/CFU_SRC/pynq_z2/pynq_z2/arunQAFDHGDZXVNBDXG_gae.srcs/sources_1/imports/hdl/system_wrapper.v:]
WARNING: [filemgmt 56-199] Attempt to get parsing info during refresh. "On-the-fly" syntax checking information may be incorrect. [/home/jsp/Storage/CFU_PYNQ_FIles/CFU_SRC/pynq_z2/pynq_z2/arunQAFDHGDZXVNBDXG_gae.srcs/sources_1/new/tul_pynq_z2.v:]
WARNING: [filemgmt 56-199] Attempt to get parsing info during refresh. "On-the-fly" syntax checking information may be incorrect. [/home/jsp/Storage/CFU_PYNQ_FIles/CFU_SRC/pynq_z2/pynq_z2/arunQAFDHGDZXVNBDXG_gae.srcs/sources_1/new/tul_pynq_z2.v:]
WARNING: [filemgmt 56-199] Attempt to get parsing info during refresh. "On-the-fly" syntax checking information may be incorrect. [/home/jsp/Storage/CFU_PYNQ_FIles/CFU_SRC/pynq_z2/pynq_z2/arunQAFDHGDZXVNBDXG_gae.srcs/sources_1/new/tul_pynq_z2.v:]
launch_runs impl_1 -jobs 12
INFO: [Vivado 12-4149] The synthesis checkpoint for IP '/home/jsp/Storage/CFU_PYNQ_FIles/CFU_SRC/pynq_z2/pynq_z2/arunQAFDHGDZXVNBDXG_gae.srcs/sources_1/ip/cfu_decoupler/cfu_decoupler.xci' is already up-to-date
WARNING: [BD 41-702] Propagation TCL tries to overwrite USER strength parameter PCW_M_AXI_GP0_FREQMHZ(10) on '/processing_system7_0' with propagated value(100). Command ignored
Wrote  : </home/jsp/Storage/CFU_PYNQ_FIles/CFU_SRC/pynq_z2/pynq_z2/arunQAFDHGDZXVNBDXG_gae.srcs/sources_1/bd/system/system.bd> 
Verilog Output written to : /home/jsp/Storage/CFU_PYNQ_FIles/CFU_SRC/pynq_z2/pynq_z2/arunQAFDHGDZXVNBDXG_gae.gen/sources_1/bd/system/synth/system.v
Verilog Output written to : /home/jsp/Storage/CFU_PYNQ_FIles/CFU_SRC/pynq_z2/pynq_z2/arunQAFDHGDZXVNBDXG_gae.gen/sources_1/bd/system/sim/system.v
Verilog Output written to : /home/jsp/Storage/CFU_PYNQ_FIles/CFU_SRC/pynq_z2/pynq_z2/arunQAFDHGDZXVNBDXG_gae.gen/sources_1/bd/system/hdl/system_wrapper.v
WARNING: [IP_Flow 19-4994] Overwriting existing constraint file '/home/jsp/Storage/CFU_PYNQ_FIles/CFU_SRC/pynq_z2/pynq_z2/arunQAFDHGDZXVNBDXG_gae.gen/sources_1/bd/system/ip/system_auto_pc_0/system_auto_pc_0_ooc.xdc'
INFO: [BD 41-1029] Generation completed for the IP Integrator block ps7_0_axi_periph/s00_couplers/auto_pc .
Exporting to file /home/jsp/Storage/CFU_PYNQ_FIles/CFU_SRC/pynq_z2/pynq_z2/arunQAFDHGDZXVNBDXG_gae.gen/sources_1/bd/system/hw_handoff/system.hwh
Generated Hardware Definition File /home/jsp/Storage/CFU_PYNQ_FIles/CFU_SRC/pynq_z2/pynq_z2/arunQAFDHGDZXVNBDXG_gae.gen/sources_1/bd/system/synth/system.hwdef
INFO: [IP_Flow 19-6924] IPCACHE: Running cache check for IP inst: system_auto_pc_0
INFO: [IP_Flow 19-6922] IPCACHE: Exporting cached entry 28dbe6f2fca8b92b to dir: /home/jsp/Storage/CFU_PYNQ_FIles/CFU_SRC/pynq_z2/pynq_z2/arunQAFDHGDZXVNBDXG_gae.gen/sources_1/bd/system/ip/system_auto_pc_0
INFO: [IP_Flow 19-6928] IPCACHE: copied cached file /home/jsp/Storage/CFU_PYNQ_FIles/CFU_SRC/pynq_z2/pynq_z2/arunQAFDHGDZXVNBDXG_gae.cache/ip/2024.1/2/8/28dbe6f2fca8b92b/system_auto_pc_0_sim_netlist.v to /home/jsp/Storage/CFU_PYNQ_FIles/CFU_SRC/pynq_z2/pynq_z2/arunQAFDHGDZXVNBDXG_gae.gen/sources_1/bd/system/ip/system_auto_pc_0/system_auto_pc_0_sim_netlist.v.
INFO: [IP_Flow 19-6926] IPCACHE: added file to list for BOM: /home/jsp/Storage/CFU_PYNQ_FIles/CFU_SRC/pynq_z2/pynq_z2/arunQAFDHGDZXVNBDXG_gae.gen/sources_1/bd/system/ip/system_auto_pc_0/system_auto_pc_0_sim_netlist.v
INFO: [IP_Flow 19-6928] IPCACHE: copied cached file /home/jsp/Storage/CFU_PYNQ_FIles/CFU_SRC/pynq_z2/pynq_z2/arunQAFDHGDZXVNBDXG_gae.cache/ip/2024.1/2/8/28dbe6f2fca8b92b/system_auto_pc_0_stub.v to /home/jsp/Storage/CFU_PYNQ_FIles/CFU_SRC/pynq_z2/pynq_z2/arunQAFDHGDZXVNBDXG_gae.gen/sources_1/bd/system/ip/system_auto_pc_0/system_auto_pc_0_stub.v.
INFO: [IP_Flow 19-6926] IPCACHE: added file to list for BOM: /home/jsp/Storage/CFU_PYNQ_FIles/CFU_SRC/pynq_z2/pynq_z2/arunQAFDHGDZXVNBDXG_gae.gen/sources_1/bd/system/ip/system_auto_pc_0/system_auto_pc_0_stub.v
INFO: [IP_Flow 19-6928] IPCACHE: copied cached file /home/jsp/Storage/CFU_PYNQ_FIles/CFU_SRC/pynq_z2/pynq_z2/arunQAFDHGDZXVNBDXG_gae.cache/ip/2024.1/2/8/28dbe6f2fca8b92b/system_auto_pc_0_sim_netlist.vhdl to /home/jsp/Storage/CFU_PYNQ_FIles/CFU_SRC/pynq_z2/pynq_z2/arunQAFDHGDZXVNBDXG_gae.gen/sources_1/bd/system/ip/system_auto_pc_0/system_auto_pc_0_sim_netlist.vhdl.
INFO: [IP_Flow 19-6926] IPCACHE: added file to list for BOM: /home/jsp/Storage/CFU_PYNQ_FIles/CFU_SRC/pynq_z2/pynq_z2/arunQAFDHGDZXVNBDXG_gae.gen/sources_1/bd/system/ip/system_auto_pc_0/system_auto_pc_0_sim_netlist.vhdl
INFO: [IP_Flow 19-6928] IPCACHE: copied cached file /home/jsp/Storage/CFU_PYNQ_FIles/CFU_SRC/pynq_z2/pynq_z2/arunQAFDHGDZXVNBDXG_gae.cache/ip/2024.1/2/8/28dbe6f2fca8b92b/system_auto_pc_0.dcp to /home/jsp/Storage/CFU_PYNQ_FIles/CFU_SRC/pynq_z2/pynq_z2/arunQAFDHGDZXVNBDXG_gae.gen/sources_1/bd/system/ip/system_auto_pc_0/system_auto_pc_0.dcp.
INFO: [IP_Flow 19-6926] IPCACHE: added file to list for BOM: /home/jsp/Storage/CFU_PYNQ_FIles/CFU_SRC/pynq_z2/pynq_z2/arunQAFDHGDZXVNBDXG_gae.gen/sources_1/bd/system/ip/system_auto_pc_0/system_auto_pc_0.dcp
INFO: [IP_Flow 19-6928] IPCACHE: copied cached file /home/jsp/Storage/CFU_PYNQ_FIles/CFU_SRC/pynq_z2/pynq_z2/arunQAFDHGDZXVNBDXG_gae.cache/ip/2024.1/2/8/28dbe6f2fca8b92b/system_auto_pc_0_stub.vhdl to /home/jsp/Storage/CFU_PYNQ_FIles/CFU_SRC/pynq_z2/pynq_z2/arunQAFDHGDZXVNBDXG_gae.gen/sources_1/bd/system/ip/system_auto_pc_0/system_auto_pc_0_stub.vhdl.
INFO: [IP_Flow 19-6926] IPCACHE: added file to list for BOM: /home/jsp/Storage/CFU_PYNQ_FIles/CFU_SRC/pynq_z2/pynq_z2/arunQAFDHGDZXVNBDXG_gae.gen/sources_1/bd/system/ip/system_auto_pc_0/system_auto_pc_0_stub.vhdl
INFO: [IP_Flow 19-4993] Using cached IP synthesis design for IP system_auto_pc_0, cache-ID = 28dbe6f2fca8b92b; cache size = 2.543 MB.
WARNING: [Project 1-478] Design 'synth_1' is stale and will not be used when launching 'impl_1'
[Tue Nov  4 15:10:01 2025] Launched synth_1...
Run output will be captured here: /home/jsp/Storage/CFU_PYNQ_FIles/CFU_SRC/pynq_z2/pynq_z2/arunQAFDHGDZXVNBDXG_gae.runs/synth_1/runme.log
[Tue Nov  4 15:10:01 2025] Launched impl_1...
Run output will be captured here: /home/jsp/Storage/CFU_PYNQ_FIles/CFU_SRC/pynq_z2/pynq_z2/arunQAFDHGDZXVNBDXG_gae.runs/impl_1/runme.log
launch_runs: Time (s): cpu = 00:00:11 ; elapsed = 00:00:08 . Memory (MB): peak = 12162.852 ; gain = 352.750 ; free physical = 2060 ; free virtual = 16078
export_ip_user_files -of_objects  [get_files /home/jsp/Storage/CFU_PYNQ_FIles/CFU_SRC/pynq_z2/pynq_z2/arunQAFDHGDZXVNBDXG_gae.srcs/sources_1/imports/hdl/system_wrapper.v] -no_script -reset -force -quiet
remove_files  /home/jsp/Storage/CFU_PYNQ_FIles/CFU_SRC/pynq_z2/pynq_z2/arunQAFDHGDZXVNBDXG_gae.srcs/sources_1/imports/hdl/system_wrapper.v
WARNING: [filemgmt 56-199] Attempt to get parsing info during refresh. "On-the-fly" syntax checking information may be incorrect. [/home/jsp/Storage/CFU_PYNQ_FIles/CFU_SRC/donut-accel/cfu.v:]
WARNING: [filemgmt 56-199] Attempt to get parsing info during refresh. "On-the-fly" syntax checking information may be incorrect. [/home/jsp/Storage/CFU_PYNQ_FIles/CFU_SRC/pynq_z2/pynq_z2/arunQAFDHGDZXVNBDXG_gae.srcs/sources_1/imports/hdl/system_wrapper.v:]
WARNING: [filemgmt 56-199] Attempt to get parsing info during refresh. "On-the-fly" syntax checking information may be incorrect. [/home/jsp/Storage/CFU_PYNQ_FIles/CFU_SRC/pynq_z2/pynq_z2/arunQAFDHGDZXVNBDXG_gae.srcs/sources_1/new/tul_pynq_z2.v:]
WARNING: [filemgmt 56-199] Attempt to get parsing info during refresh. "On-the-fly" syntax checking information may be incorrect. [/home/jsp/Storage/CFU_PYNQ_FIles/CFU_SRC/donut-accel/cfu.v:]
WARNING: [filemgmt 56-199] Attempt to get parsing info during refresh. "On-the-fly" syntax checking information may be incorrect. [/home/jsp/Storage/CFU_PYNQ_FIles/CFU_SRC/donut-accel/cfu.v:]
update_compile_order -fileset sources_1
WARNING: [filemgmt 56-199] Attempt to get parsing info during refresh. "On-the-fly" syntax checking information may be incorrect. [/home/jsp/Storage/CFU_PYNQ_FIles/CFU_SRC/donut-accel/cfu.v:]
WARNING: [filemgmt 56-199] Attempt to get parsing info during refresh. "On-the-fly" syntax checking information may be incorrect. [/home/jsp/Storage/CFU_PYNQ_FIles/CFU_SRC/pynq_z2/pynq_z2/arunQAFDHGDZXVNBDXG_gae.srcs/sources_1/imports/hdl/system_wrapper.v:]
WARNING: [filemgmt 56-199] Attempt to get parsing info during refresh. "On-the-fly" syntax checking information may be incorrect. [/home/jsp/Storage/CFU_PYNQ_FIles/CFU_SRC/pynq_z2/pynq_z2/arunQAFDHGDZXVNBDXG_gae.srcs/sources_1/new/tul_pynq_z2.v:]
WARNING: [filemgmt 56-199] Attempt to get parsing info during refresh. "On-the-fly" syntax checking information may be incorrect. [/home/jsp/Storage/CFU_PYNQ_FIles/CFU_SRC/pynq_z2/pynq_z2/arunQAFDHGDZXVNBDXG_gae.srcs/sources_1/new/tul_pynq_z2.v:]
WARNING: [filemgmt 56-199] Attempt to get parsing info during refresh. "On-the-fly" syntax checking information may be incorrect. [/home/jsp/Storage/CFU_PYNQ_FIles/CFU_SRC/pynq_z2/pynq_z2/arunQAFDHGDZXVNBDXG_gae.srcs/sources_1/new/tul_pynq_z2.v:]
make_wrapper -files [get_files /home/jsp/Storage/CFU_PYNQ_FIles/CFU_SRC/pynq_z2/pynq_z2/arunQAFDHGDZXVNBDXG_gae.srcs/sources_1/bd/system/system.bd] -top
add_files -norecurse /home/jsp/Storage/CFU_PYNQ_FIles/CFU_SRC/pynq_z2/pynq_z2/arunQAFDHGDZXVNBDXG_gae.gen/sources_1/bd/system/hdl/system_wrapper.v
WARNING: [filemgmt 56-199] Attempt to get parsing info during refresh. "On-the-fly" syntax checking information may be incorrect. [/home/jsp/Storage/CFU_PYNQ_FIles/CFU_SRC/donut-accel/cfu.v:]
WARNING: [filemgmt 56-199] Attempt to get parsing info during refresh. "On-the-fly" syntax checking information may be incorrect. [/home/jsp/Storage/CFU_PYNQ_FIles/CFU_SRC/pynq_z2/pynq_z2/arunQAFDHGDZXVNBDXG_gae.srcs/sources_1/imports/hdl/system_wrapper.v:]
WARNING: [filemgmt 56-199] Attempt to get parsing info during refresh. "On-the-fly" syntax checking information may be incorrect. [/home/jsp/Storage/CFU_PYNQ_FIles/CFU_SRC/pynq_z2/pynq_z2/arunQAFDHGDZXVNBDXG_gae.srcs/sources_1/new/tul_pynq_z2.v:]
WARNING: [filemgmt 56-199] Attempt to get parsing info during refresh. "On-the-fly" syntax checking information may be incorrect. [/home/jsp/Storage/CFU_PYNQ_FIles/CFU_SRC/pynq_z2/pynq_z2/arunQAFDHGDZXVNBDXG_gae.srcs/sources_1/new/tul_pynq_z2.v:]
WARNING: [filemgmt 56-199] Attempt to get parsing info during refresh. "On-the-fly" syntax checking information may be incorrect. [/home/jsp/Storage/CFU_PYNQ_FIles/CFU_SRC/pynq_z2/pynq_z2/arunQAFDHGDZXVNBDXG_gae.srcs/sources_1/new/tul_pynq_z2.v:]
update_compile_order -fileset sources_1
WARNING: [filemgmt 56-199] Attempt to get parsing info during refresh. "On-the-fly" syntax checking information may be incorrect. [/home/jsp/Storage/CFU_PYNQ_FIles/CFU_SRC/donut-accel/cfu.v:]
WARNING: [filemgmt 56-199] Attempt to get parsing info during refresh. "On-the-fly" syntax checking information may be incorrect. [/home/jsp/Storage/CFU_PYNQ_FIles/CFU_SRC/pynq_z2/pynq_z2/arunQAFDHGDZXVNBDXG_gae.srcs/sources_1/imports/hdl/system_wrapper.v:]
WARNING: [filemgmt 56-199] Attempt to get parsing info during refresh. "On-the-fly" syntax checking information may be incorrect. [/home/jsp/Storage/CFU_PYNQ_FIles/CFU_SRC/pynq_z2/pynq_z2/arunQAFDHGDZXVNBDXG_gae.srcs/sources_1/new/tul_pynq_z2.v:]
WARNING: [filemgmt 56-199] Attempt to get parsing info during refresh. "On-the-fly" syntax checking information may be incorrect. [/home/jsp/Storage/CFU_PYNQ_FIles/CFU_SRC/pynq_z2/pynq_z2/arunQAFDHGDZXVNBDXG_gae.srcs/sources_1/new/tul_pynq_z2.v:]
WARNING: [filemgmt 56-199] Attempt to get parsing info during refresh. "On-the-fly" syntax checking information may be incorrect. [/home/jsp/Storage/CFU_PYNQ_FIles/CFU_SRC/pynq_z2/pynq_z2/arunQAFDHGDZXVNBDXG_gae.srcs/sources_1/new/tul_pynq_z2.v:]
reset_run synth_1
launch_runs impl_1 -jobs 12
INFO: [Vivado 12-4149] The synthesis checkpoint for IP '/home/jsp/Storage/CFU_PYNQ_FIles/CFU_SRC/pynq_z2/pynq_z2/arunQAFDHGDZXVNBDXG_gae.srcs/sources_1/ip/cfu_decoupler/cfu_decoupler.xci' is already up-to-date
WARNING: [Project 1-478] Design 'synth_1' is stale and will not be used when launching 'impl_1'
[Tue Nov  4 15:11:28 2025] Launched synth_1...
Run output will be captured here: /home/jsp/Storage/CFU_PYNQ_FIles/CFU_SRC/pynq_z2/pynq_z2/arunQAFDHGDZXVNBDXG_gae.runs/synth_1/runme.log
[Tue Nov  4 15:11:28 2025] Launched impl_1...
Run output will be captured here: /home/jsp/Storage/CFU_PYNQ_FIles/CFU_SRC/pynq_z2/pynq_z2/arunQAFDHGDZXVNBDXG_gae.runs/impl_1/runme.log
create_ip_run [get_files -of_objects [get_fileset sources_1] /home/jsp/Storage/CFU_PYNQ_FIles/CFU_SRC/pynq_z2/pynq_z2/arunQAFDHGDZXVNBDXG_gae.srcs/sources_1/bd/system/system.bd]
refresh_design
Netlist sorting complete. Time (s): cpu = 00:00:00.09 ; elapsed = 00:00:00.05 . Memory (MB): peak = 12162.852 ; gain = 0.000 ; free physical = 406 ; free virtual = 12929
INFO: [Netlist 29-17] Analyzing 207 Unisim elements for replacement
INFO: [Netlist 29-28] Unisim Transformation completed in 0 CPU seconds
INFO: [Project 1-479] Netlist was created with Vivado 2024.1
INFO: [Project 1-570] Preparing netlist for logic optimization
Read ShapeDB Complete: Time (s): cpu = 00:00:00.01 ; elapsed = 00:00:00.01 . Memory (MB): peak = 12162.852 ; gain = 0.000 ; free physical = 3449 ; free virtual = 16011
INFO: [Timing 38-478] Restoring timing data from binary archive.
INFO: [Timing 38-479] Binary timing data restore complete.
INFO: [Project 1-856] Restoring constraints from binary archive.
INFO: [Project 1-853] Binary constraint restore complete.
INFO: [Designutils 20-5722] Start Reading Physical Databases.
Reading placement.
Read Netlist Cache: Time (s): cpu = 00:00:00.01 ; elapsed = 00:00:00 . Memory (MB): peak = 12162.852 ; gain = 0.000 ; free physical = 3381 ; free virtual = 15998
Reading placer database...
Read Device Cache: Time (s): cpu = 00:00:00.03 ; elapsed = 00:00:00.01 . Memory (MB): peak = 12162.852 ; gain = 0.000 ; free physical = 3381 ; free virtual = 15998
Read PlaceDB: Time (s): cpu = 00:00:00.24 ; elapsed = 00:00:00.22 . Memory (MB): peak = 12162.852 ; gain = 0.000 ; free physical = 3381 ; free virtual = 15998
Read PulsedLatchDB: Time (s): cpu = 00:00:00 ; elapsed = 00:00:00 . Memory (MB): peak = 12162.852 ; gain = 0.000 ; free physical = 3381 ; free virtual = 15998
Reading routing.
Read RouteStorage: Time (s): cpu = 00:00:00.11 ; elapsed = 00:00:00.04 . Memory (MB): peak = 12162.852 ; gain = 0.000 ; free physical = 3381 ; free virtual = 15998
Read Physdb Files: Time (s): cpu = 00:00:00.39 ; elapsed = 00:00:00.3 . Memory (MB): peak = 12162.852 ; gain = 0.000 ; free physical = 3381 ; free virtual = 15998
Restored from archive | CPU: 0.390000 secs | Memory: 7.220367 MB |
Finished XDEF File Restore: Time (s): cpu = 00:00:00.39 ; elapsed = 00:00:00.3 . Memory (MB): peak = 12162.852 ; gain = 0.000 ; free physical = 3381 ; free virtual = 15998
CRITICAL WARNING: [Timing 38-282] The design failed to meet the timing requirements. Please see the timing summary report for details on the timing violations.
open_bd_design {/home/jsp/Storage/CFU_PYNQ_FIles/CFU_SRC/pynq_z2/pynq_z2/arunQAFDHGDZXVNBDXG_gae.srcs/sources_1/bd/system/system.bd}
open_bd_design {/home/jsp/Storage/CFU_PYNQ_FIles/CFU_SRC/pynq_z2/pynq_z2/arunQAFDHGDZXVNBDXG_gae.srcs/sources_1/bd/system/system.bd}
CRITICAL WARNING: [PSU-1]  Parameter : PCW_UIPARAM_DDR_DQS_TO_CLK_DELAY_0 has negative value -0.051 . PS DDR interfaces might fail when entering negative DQS skew values. 
CRITICAL WARNING: [PSU-2]  Parameter : PCW_UIPARAM_DDR_DQS_TO_CLK_DELAY_1 has negative value -0.006 . PS DDR interfaces might fail when entering negative DQS skew values. 
CRITICAL WARNING: [PSU-3]  Parameter : PCW_UIPARAM_DDR_DQS_TO_CLK_DELAY_2 has negative value -0.009 . PS DDR interfaces might fail when entering negative DQS skew values. 
CRITICAL WARNING: [PSU-4]  Parameter : PCW_UIPARAM_DDR_DQS_TO_CLK_DELAY_3 has negative value -0.033 . PS DDR interfaces might fail when entering negative DQS skew values. 
WARNING: [IP_Flow 19-474] Invalid Parameter 'Component_Name'
CRITICAL WARNING: [PSU-1]  Parameter : PCW_UIPARAM_DDR_DQS_TO_CLK_DELAY_0 has negative value -0.051 . PS DDR interfaces might fail when entering negative DQS skew values. 
CRITICAL WARNING: [PSU-2]  Parameter : PCW_UIPARAM_DDR_DQS_TO_CLK_DELAY_1 has negative value -0.006 . PS DDR interfaces might fail when entering negative DQS skew values. 
CRITICAL WARNING: [PSU-3]  Parameter : PCW_UIPARAM_DDR_DQS_TO_CLK_DELAY_2 has negative value -0.009 . PS DDR interfaces might fail when entering negative DQS skew values. 
CRITICAL WARNING: [PSU-4]  Parameter : PCW_UIPARAM_DDR_DQS_TO_CLK_DELAY_3 has negative value -0.033 . PS DDR interfaces might fail when entering negative DQS skew values. 
startgroup
set_property CONFIG.PCW_EN_CLK1_PORT {1} [get_bd_cells processing_system7_0]
CRITICAL WARNING: [PSU-1]  Parameter : PCW_UIPARAM_DDR_DQS_TO_CLK_DELAY_0 has negative value -0.051 . PS DDR interfaces might fail when entering negative DQS skew values. 
CRITICAL WARNING: [PSU-2]  Parameter : PCW_UIPARAM_DDR_DQS_TO_CLK_DELAY_1 has negative value -0.006 . PS DDR interfaces might fail when entering negative DQS skew values. 
CRITICAL WARNING: [PSU-3]  Parameter : PCW_UIPARAM_DDR_DQS_TO_CLK_DELAY_2 has negative value -0.009 . PS DDR interfaces might fail when entering negative DQS skew values. 
CRITICAL WARNING: [PSU-4]  Parameter : PCW_UIPARAM_DDR_DQS_TO_CLK_DELAY_3 has negative value -0.033 . PS DDR interfaces might fail when entering negative DQS skew values. 
endgroup
delete_bd_objs [get_bd_nets processing_system7_0_FCLK_CLK0]
connect_bd_net [get_bd_pins processing_system7_0/FCLK_CLK1] [get_bd_pins tul_pynq_z2_0/clk125]
startgroup
apply_bd_automation -rule xilinx.com:bd_rule:clkrst -config { Clk {/processing_system7_0/FCLK_CLK0 (100 MHz)} Freq {100} Ref_Clk0 {} Ref_Clk1 {} Ref_Clk2 {}}  [get_bd_pins axi_gpio_config_to/s_axi_aclk]
apply_bd_automation -rule xilinx.com:bd_rule:clkrst -config { Clk {/processing_system7_0/FCLK_CLK0 (100 MHz)} Freq {100} Ref_Clk0 {} Ref_Clk1 {} Ref_Clk2 {}}  [get_bd_pins axi_gpio_decouple/s_axi_aclk]
apply_bd_automation -rule xilinx.com:bd_rule:clkrst -config { Clk {/processing_system7_0/FCLK_CLK0 (100 MHz)} Freq {100} Ref_Clk0 {} Ref_Clk1 {} Ref_Clk2 {}}  [get_bd_pins axi_gpio_decouple_status/s_axi_aclk]
apply_bd_automation -rule xilinx.com:bd_rule:clkrst -config { Clk {/processing_system7_0/FCLK_CLK0 (100 MHz)} Freq {100} Ref_Clk0 {} Ref_Clk1 {} Ref_Clk2 {}}  [get_bd_pins axi_gpio_to_reconfig/s_axi_aclk]
apply_bd_automation -rule xilinx.com:bd_rule:clkrst -config { Clk {/processing_system7_0/FCLK_CLK0 (100 MHz)} Freq {100} Ref_Clk0 {} Ref_Clk1 {} Ref_Clk2 {}}  [get_bd_pins processing_system7_0/M_AXI_GP0_ACLK]
apply_bd_automation -rule xilinx.com:bd_rule:clkrst -config { Clk {/processing_system7_0/FCLK_CLK0 (100 MHz)} Freq {100} Ref_Clk0 {} Ref_Clk1 {} Ref_Clk2 {}}  [get_bd_pins ps7_0_axi_periph/ACLK]
INFO: [BD 5-455] Automation on '/ps7_0_axi_periph/M00_ACLK' will not be run, since it is obsolete due to previously run automations
INFO: [BD 5-455] Automation on '/ps7_0_axi_periph/M01_ACLK' will not be run, since it is obsolete due to previously run automations
INFO: [BD 5-455] Automation on '/ps7_0_axi_periph/M02_ACLK' will not be run, since it is obsolete due to previously run automations
INFO: [BD 5-455] Automation on '/ps7_0_axi_periph/M03_ACLK' will not be run, since it is obsolete due to previously run automations
INFO: [BD 5-455] Automation on '/ps7_0_axi_periph/S00_ACLK' will not be run, since it is obsolete due to previously run automations
apply_bd_automation -rule xilinx.com:bd_rule:clkrst -config { Clk {/processing_system7_0/FCLK_CLK0 (100 MHz)} Freq {100} Ref_Clk0 {} Ref_Clk1 {} Ref_Clk2 {}}  [get_bd_pins rst_ps7_0_100M/slowest_sync_clk]
endgroup
reset_run system_processing_system7_0_0_synth_1
reset_run synth_1
INFO: [Project 1-1161] Replacing file /home/jsp/Storage/CFU_PYNQ_FIles/CFU_SRC/pynq_z2/pynq_z2/arunQAFDHGDZXVNBDXG_gae.srcs/utils_1/imports/synth_1/system_wrapper.dcp with file /home/jsp/Storage/CFU_PYNQ_FIles/CFU_SRC/pynq_z2/pynq_z2/arunQAFDHGDZXVNBDXG_gae.runs/synth_1/system_wrapper.dcp
WARNING: [filemgmt 56-199] Attempt to get parsing info during refresh. "On-the-fly" syntax checking information may be incorrect. [/home/jsp/Storage/CFU_PYNQ_FIles/CFU_SRC/donut-accel/cfu.v:]
WARNING: [filemgmt 56-199] Attempt to get parsing info during refresh. "On-the-fly" syntax checking information may be incorrect. [/home/jsp/Storage/CFU_PYNQ_FIles/CFU_SRC/pynq_z2/pynq_z2/arunQAFDHGDZXVNBDXG_gae.srcs/sources_1/imports/hdl/system_wrapper.v:]
WARNING: [filemgmt 56-199] Attempt to get parsing info during refresh. "On-the-fly" syntax checking information may be incorrect. [/home/jsp/Storage/CFU_PYNQ_FIles/CFU_SRC/pynq_z2/pynq_z2/arunQAFDHGDZXVNBDXG_gae.srcs/sources_1/new/tul_pynq_z2.v:]
WARNING: [filemgmt 56-199] Attempt to get parsing info during refresh. "On-the-fly" syntax checking information may be incorrect. [/home/jsp/Storage/CFU_PYNQ_FIles/CFU_SRC/pynq_z2/pynq_z2/arunQAFDHGDZXVNBDXG_gae.srcs/sources_1/new/tul_pynq_z2.v:]
WARNING: [filemgmt 56-199] Attempt to get parsing info during refresh. "On-the-fly" syntax checking information may be incorrect. [/home/jsp/Storage/CFU_PYNQ_FIles/CFU_SRC/pynq_z2/pynq_z2/arunQAFDHGDZXVNBDXG_gae.srcs/sources_1/new/tul_pynq_z2.v:]
save_bd_design
Wrote  : </home/jsp/Storage/CFU_PYNQ_FIles/CFU_SRC/pynq_z2/pynq_z2/arunQAFDHGDZXVNBDXG_gae.srcs/sources_1/bd/system/system.bd> 
Wrote  : </home/jsp/Storage/CFU_PYNQ_FIles/CFU_SRC/pynq_z2/pynq_z2/arunQAFDHGDZXVNBDXG_gae.srcs/sources_1/bd/system/ui/bd_c954508f.ui> 
launch_runs impl_1 -jobs 12
INFO: [Vivado 12-4149] The synthesis checkpoint for IP '/home/jsp/Storage/CFU_PYNQ_FIles/CFU_SRC/pynq_z2/pynq_z2/arunQAFDHGDZXVNBDXG_gae.srcs/sources_1/ip/cfu_decoupler/cfu_decoupler.xci' is already up-to-date
WARNING: [BD 41-702] Propagation TCL tries to overwrite USER strength parameter PCW_M_AXI_GP0_FREQMHZ(10) on '/processing_system7_0' with propagated value(100). Command ignored
Wrote  : </home/jsp/Storage/CFU_PYNQ_FIles/CFU_SRC/pynq_z2/pynq_z2/arunQAFDHGDZXVNBDXG_gae.srcs/sources_1/bd/system/system.bd> 
Verilog Output written to : /home/jsp/Storage/CFU_PYNQ_FIles/CFU_SRC/pynq_z2/pynq_z2/arunQAFDHGDZXVNBDXG_gae.gen/sources_1/bd/system/synth/system.v
Verilog Output written to : /home/jsp/Storage/CFU_PYNQ_FIles/CFU_SRC/pynq_z2/pynq_z2/arunQAFDHGDZXVNBDXG_gae.gen/sources_1/bd/system/sim/system.v
Verilog Output written to : /home/jsp/Storage/CFU_PYNQ_FIles/CFU_SRC/pynq_z2/pynq_z2/arunQAFDHGDZXVNBDXG_gae.gen/sources_1/bd/system/hdl/system_wrapper.v
INFO: [IP_Flow 19-5611] Unable to find an associated reset port for the interface 'M_AXI_GP0'. A default connection has been created.
INFO: [BD 41-1029] Generation completed for the IP Integrator block processing_system7_0 .
WARNING: [IP_Flow 19-4994] Overwriting existing constraint file '/home/jsp/Storage/CFU_PYNQ_FIles/CFU_SRC/pynq_z2/pynq_z2/arunQAFDHGDZXVNBDXG_gae.gen/sources_1/bd/system/ip/system_auto_pc_0/system_auto_pc_0_ooc.xdc'
INFO: [BD 41-1029] Generation completed for the IP Integrator block ps7_0_axi_periph/s00_couplers/auto_pc .
Exporting to file /home/jsp/Storage/CFU_PYNQ_FIles/CFU_SRC/pynq_z2/pynq_z2/arunQAFDHGDZXVNBDXG_gae.gen/sources_1/bd/system/hw_handoff/system.hwh
Generated Hardware Definition File /home/jsp/Storage/CFU_PYNQ_FIles/CFU_SRC/pynq_z2/pynq_z2/arunQAFDHGDZXVNBDXG_gae.gen/sources_1/bd/system/synth/system.hwdef
INFO: [IP_Flow 19-6924] IPCACHE: Running cache check for IP inst: system_auto_pc_0
INFO: [IP_Flow 19-6922] IPCACHE: Exporting cached entry 28dbe6f2fca8b92b to dir: /home/jsp/Storage/CFU_PYNQ_FIles/CFU_SRC/pynq_z2/pynq_z2/arunQAFDHGDZXVNBDXG_gae.gen/sources_1/bd/system/ip/system_auto_pc_0
INFO: [IP_Flow 19-6928] IPCACHE: copied cached file /home/jsp/Storage/CFU_PYNQ_FIles/CFU_SRC/pynq_z2/pynq_z2/arunQAFDHGDZXVNBDXG_gae.cache/ip/2024.1/2/8/28dbe6f2fca8b92b/system_auto_pc_0_sim_netlist.v to /home/jsp/Storage/CFU_PYNQ_FIles/CFU_SRC/pynq_z2/pynq_z2/arunQAFDHGDZXVNBDXG_gae.gen/sources_1/bd/system/ip/system_auto_pc_0/system_auto_pc_0_sim_netlist.v.
INFO: [IP_Flow 19-6926] IPCACHE: added file to list for BOM: /home/jsp/Storage/CFU_PYNQ_FIles/CFU_SRC/pynq_z2/pynq_z2/arunQAFDHGDZXVNBDXG_gae.gen/sources_1/bd/system/ip/system_auto_pc_0/system_auto_pc_0_sim_netlist.v
INFO: [IP_Flow 19-6928] IPCACHE: copied cached file /home/jsp/Storage/CFU_PYNQ_FIles/CFU_SRC/pynq_z2/pynq_z2/arunQAFDHGDZXVNBDXG_gae.cache/ip/2024.1/2/8/28dbe6f2fca8b92b/system_auto_pc_0_stub.v to /home/jsp/Storage/CFU_PYNQ_FIles/CFU_SRC/pynq_z2/pynq_z2/arunQAFDHGDZXVNBDXG_gae.gen/sources_1/bd/system/ip/system_auto_pc_0/system_auto_pc_0_stub.v.
INFO: [IP_Flow 19-6926] IPCACHE: added file to list for BOM: /home/jsp/Storage/CFU_PYNQ_FIles/CFU_SRC/pynq_z2/pynq_z2/arunQAFDHGDZXVNBDXG_gae.gen/sources_1/bd/system/ip/system_auto_pc_0/system_auto_pc_0_stub.v
INFO: [IP_Flow 19-6928] IPCACHE: copied cached file /home/jsp/Storage/CFU_PYNQ_FIles/CFU_SRC/pynq_z2/pynq_z2/arunQAFDHGDZXVNBDXG_gae.cache/ip/2024.1/2/8/28dbe6f2fca8b92b/system_auto_pc_0_sim_netlist.vhdl to /home/jsp/Storage/CFU_PYNQ_FIles/CFU_SRC/pynq_z2/pynq_z2/arunQAFDHGDZXVNBDXG_gae.gen/sources_1/bd/system/ip/system_auto_pc_0/system_auto_pc_0_sim_netlist.vhdl.
INFO: [IP_Flow 19-6926] IPCACHE: added file to list for BOM: /home/jsp/Storage/CFU_PYNQ_FIles/CFU_SRC/pynq_z2/pynq_z2/arunQAFDHGDZXVNBDXG_gae.gen/sources_1/bd/system/ip/system_auto_pc_0/system_auto_pc_0_sim_netlist.vhdl
INFO: [IP_Flow 19-6928] IPCACHE: copied cached file /home/jsp/Storage/CFU_PYNQ_FIles/CFU_SRC/pynq_z2/pynq_z2/arunQAFDHGDZXVNBDXG_gae.cache/ip/2024.1/2/8/28dbe6f2fca8b92b/system_auto_pc_0.dcp to /home/jsp/Storage/CFU_PYNQ_FIles/CFU_SRC/pynq_z2/pynq_z2/arunQAFDHGDZXVNBDXG_gae.gen/sources_1/bd/system/ip/system_auto_pc_0/system_auto_pc_0.dcp.
INFO: [IP_Flow 19-6926] IPCACHE: added file to list for BOM: /home/jsp/Storage/CFU_PYNQ_FIles/CFU_SRC/pynq_z2/pynq_z2/arunQAFDHGDZXVNBDXG_gae.gen/sources_1/bd/system/ip/system_auto_pc_0/system_auto_pc_0.dcp
INFO: [IP_Flow 19-6928] IPCACHE: copied cached file /home/jsp/Storage/CFU_PYNQ_FIles/CFU_SRC/pynq_z2/pynq_z2/arunQAFDHGDZXVNBDXG_gae.cache/ip/2024.1/2/8/28dbe6f2fca8b92b/system_auto_pc_0_stub.vhdl to /home/jsp/Storage/CFU_PYNQ_FIles/CFU_SRC/pynq_z2/pynq_z2/arunQAFDHGDZXVNBDXG_gae.gen/sources_1/bd/system/ip/system_auto_pc_0/system_auto_pc_0_stub.vhdl.
INFO: [IP_Flow 19-6926] IPCACHE: added file to list for BOM: /home/jsp/Storage/CFU_PYNQ_FIles/CFU_SRC/pynq_z2/pynq_z2/arunQAFDHGDZXVNBDXG_gae.gen/sources_1/bd/system/ip/system_auto_pc_0/system_auto_pc_0_stub.vhdl
INFO: [IP_Flow 19-4993] Using cached IP synthesis design for IP system_auto_pc_0, cache-ID = 28dbe6f2fca8b92b; cache size = 2.543 MB.
WARNING: [Project 1-478] Design 'synth_1' is stale and will not be used when launching 'impl_1'
[Tue Nov  4 15:20:28 2025] Launched system_processing_system7_0_0_synth_1, synth_1...
Run output will be captured here:
system_processing_system7_0_0_synth_1: /home/jsp/Storage/CFU_PYNQ_FIles/CFU_SRC/pynq_z2/pynq_z2/arunQAFDHGDZXVNBDXG_gae.runs/system_processing_system7_0_0_synth_1/runme.log
synth_1: /home/jsp/Storage/CFU_PYNQ_FIles/CFU_SRC/pynq_z2/pynq_z2/arunQAFDHGDZXVNBDXG_gae.runs/synth_1/runme.log
[Tue Nov  4 15:20:28 2025] Launched impl_1...
Run output will be captured here: /home/jsp/Storage/CFU_PYNQ_FIles/CFU_SRC/pynq_z2/pynq_z2/arunQAFDHGDZXVNBDXG_gae.runs/impl_1/runme.log
launch_runs: Time (s): cpu = 00:00:22 ; elapsed = 00:00:19 . Memory (MB): peak = 12535.879 ; gain = 373.027 ; free physical = 1957 ; free virtual = 16111
WARNING: [filemgmt 56-199] Attempt to get parsing info during refresh. "On-the-fly" syntax checking information may be incorrect. [/home/jsp/Storage/CFU_PYNQ_FIles/CFU_SRC/donut-accel/cfu.v:]
WARNING: [filemgmt 56-199] Attempt to get parsing info during refresh. "On-the-fly" syntax checking information may be incorrect. [/home/jsp/Storage/CFU_PYNQ_FIles/CFU_SRC/pynq_z2/pynq_z2/arunQAFDHGDZXVNBDXG_gae.srcs/sources_1/imports/hdl/system_wrapper.v:]
WARNING: [filemgmt 56-199] Attempt to get parsing info during refresh. "On-the-fly" syntax checking information may be incorrect. [/home/jsp/Storage/CFU_PYNQ_FIles/CFU_SRC/pynq_z2/pynq_z2/arunQAFDHGDZXVNBDXG_gae.srcs/sources_1/new/tul_pynq_z2.v:]
WARNING: [filemgmt 56-199] Attempt to get parsing info during refresh. "On-the-fly" syntax checking information may be incorrect. [/home/jsp/Storage/CFU_PYNQ_FIles/CFU_SRC/pynq_z2/pynq_z2/arunQAFDHGDZXVNBDXG_gae.srcs/sources_1/new/tul_pynq_z2.v:]
WARNING: [filemgmt 56-199] Attempt to get parsing info during refresh. "On-the-fly" syntax checking information may be incorrect. [/home/jsp/Storage/CFU_PYNQ_FIles/CFU_SRC/pynq_z2/pynq_z2/arunQAFDHGDZXVNBDXG_gae.srcs/sources_1/new/tul_pynq_z2.v:]
WARNING: [filemgmt 56-199] Attempt to get parsing info during refresh. "On-the-fly" syntax checking information may be incorrect. [/home/jsp/Storage/CFU_PYNQ_FIles/CFU_SRC/donut-accel/cfu.v:]
WARNING: [filemgmt 56-199] Attempt to get parsing info during refresh. "On-the-fly" syntax checking information may be incorrect. [/home/jsp/Storage/CFU_PYNQ_FIles/CFU_SRC/pynq_z2/pynq_z2/arunQAFDHGDZXVNBDXG_gae.srcs/sources_1/imports/hdl/system_wrapper.v:]
WARNING: [filemgmt 56-199] Attempt to get parsing info during refresh. "On-the-fly" syntax checking information may be incorrect. [/home/jsp/Storage/CFU_PYNQ_FIles/CFU_SRC/pynq_z2/pynq_z2/arunQAFDHGDZXVNBDXG_gae.srcs/sources_1/new/tul_pynq_z2.v:]
WARNING: [filemgmt 56-199] Attempt to get parsing info during refresh. "On-the-fly" syntax checking information may be incorrect. [/home/jsp/Storage/CFU_PYNQ_FIles/CFU_SRC/donut-accel/cfu.v:]
WARNING: [filemgmt 56-199] Attempt to get parsing info during refresh. "On-the-fly" syntax checking information may be incorrect. [/home/jsp/Storage/CFU_PYNQ_FIles/CFU_SRC/donut-accel/cfu.v:]
CRITICAL WARNING: [PSU-1]  Parameter : PCW_UIPARAM_DDR_DQS_TO_CLK_DELAY_0 has negative value -0.051 . PS DDR interfaces might fail when entering negative DQS skew values. 
CRITICAL WARNING: [PSU-2]  Parameter : PCW_UIPARAM_DDR_DQS_TO_CLK_DELAY_1 has negative value -0.006 . PS DDR interfaces might fail when entering negative DQS skew values. 
CRITICAL WARNING: [PSU-3]  Parameter : PCW_UIPARAM_DDR_DQS_TO_CLK_DELAY_2 has negative value -0.009 . PS DDR interfaces might fail when entering negative DQS skew values. 
CRITICAL WARNING: [PSU-4]  Parameter : PCW_UIPARAM_DDR_DQS_TO_CLK_DELAY_3 has negative value -0.033 . PS DDR interfaces might fail when entering negative DQS skew values. 
WARNING: [IP_Flow 19-474] Invalid Parameter 'Component_Name'
CRITICAL WARNING: [PSU-1]  Parameter : PCW_UIPARAM_DDR_DQS_TO_CLK_DELAY_0 has negative value -0.051 . PS DDR interfaces might fail when entering negative DQS skew values. 
CRITICAL WARNING: [PSU-2]  Parameter : PCW_UIPARAM_DDR_DQS_TO_CLK_DELAY_1 has negative value -0.006 . PS DDR interfaces might fail when entering negative DQS skew values. 
CRITICAL WARNING: [PSU-3]  Parameter : PCW_UIPARAM_DDR_DQS_TO_CLK_DELAY_2 has negative value -0.009 . PS DDR interfaces might fail when entering negative DQS skew values. 
CRITICAL WARNING: [PSU-4]  Parameter : PCW_UIPARAM_DDR_DQS_TO_CLK_DELAY_3 has negative value -0.033 . PS DDR interfaces might fail when entering negative DQS skew values. 
CRITICAL WARNING: [PSU-1]  Parameter : PCW_UIPARAM_DDR_DQS_TO_CLK_DELAY_0 has negative value -0.051 . PS DDR interfaces might fail when entering negative DQS skew values. 
CRITICAL WARNING: [PSU-2]  Parameter : PCW_UIPARAM_DDR_DQS_TO_CLK_DELAY_1 has negative value -0.006 . PS DDR interfaces might fail when entering negative DQS skew values. 
CRITICAL WARNING: [PSU-3]  Parameter : PCW_UIPARAM_DDR_DQS_TO_CLK_DELAY_2 has negative value -0.009 . PS DDR interfaces might fail when entering negative DQS skew values. 
CRITICAL WARNING: [PSU-4]  Parameter : PCW_UIPARAM_DDR_DQS_TO_CLK_DELAY_3 has negative value -0.033 . PS DDR interfaces might fail when entering negative DQS skew values. 
startgroup
set_property -dict [list \
  CONFIG.PCW_FPGA1_PERIPHERAL_FREQMHZ {60} \
  CONFIG.PCW_QSPI_GRP_SINGLE_SS_ENABLE {1} \
] [get_bd_cells processing_system7_0]
CRITICAL WARNING: [PSU-1]  Parameter : PCW_UIPARAM_DDR_DQS_TO_CLK_DELAY_0 has negative value -0.051 . PS DDR interfaces might fail when entering negative DQS skew values. 
CRITICAL WARNING: [PSU-2]  Parameter : PCW_UIPARAM_DDR_DQS_TO_CLK_DELAY_1 has negative value -0.006 . PS DDR interfaces might fail when entering negative DQS skew values. 
CRITICAL WARNING: [PSU-3]  Parameter : PCW_UIPARAM_DDR_DQS_TO_CLK_DELAY_2 has negative value -0.009 . PS DDR interfaces might fail when entering negative DQS skew values. 
CRITICAL WARNING: [PSU-4]  Parameter : PCW_UIPARAM_DDR_DQS_TO_CLK_DELAY_3 has negative value -0.033 . PS DDR interfaces might fail when entering negative DQS skew values. 
endgroup
reset_run system_processing_system7_0_0_synth_1
reset_run synth_1
INFO: [Project 1-1161] Replacing file /home/jsp/Storage/CFU_PYNQ_FIles/CFU_SRC/pynq_z2/pynq_z2/arunQAFDHGDZXVNBDXG_gae.srcs/utils_1/imports/synth_1/system_wrapper.dcp with file /home/jsp/Storage/CFU_PYNQ_FIles/CFU_SRC/pynq_z2/pynq_z2/arunQAFDHGDZXVNBDXG_gae.runs/synth_1/system_wrapper.dcp
save_bd_design
Wrote  : </home/jsp/Storage/CFU_PYNQ_FIles/CFU_SRC/pynq_z2/pynq_z2/arunQAFDHGDZXVNBDXG_gae.srcs/sources_1/bd/system/system.bd> 
Wrote  : </home/jsp/Storage/CFU_PYNQ_FIles/CFU_SRC/pynq_z2/pynq_z2/arunQAFDHGDZXVNBDXG_gae.srcs/sources_1/bd/system/ui/bd_c954508f.ui> 
WARNING: [filemgmt 56-199] Attempt to get parsing info during refresh. "On-the-fly" syntax checking information may be incorrect. [/home/jsp/Storage/CFU_PYNQ_FIles/CFU_SRC/donut-accel/cfu.v:]
WARNING: [filemgmt 56-199] Attempt to get parsing info during refresh. "On-the-fly" syntax checking information may be incorrect. [/home/jsp/Storage/CFU_PYNQ_FIles/CFU_SRC/pynq_z2/pynq_z2/arunQAFDHGDZXVNBDXG_gae.srcs/sources_1/imports/hdl/system_wrapper.v:]
WARNING: [filemgmt 56-199] Attempt to get parsing info during refresh. "On-the-fly" syntax checking information may be incorrect. [/home/jsp/Storage/CFU_PYNQ_FIles/CFU_SRC/pynq_z2/pynq_z2/arunQAFDHGDZXVNBDXG_gae.srcs/sources_1/new/tul_pynq_z2.v:]
WARNING: [filemgmt 56-199] Attempt to get parsing info during refresh. "On-the-fly" syntax checking information may be incorrect. [/home/jsp/Storage/CFU_PYNQ_FIles/CFU_SRC/pynq_z2/pynq_z2/arunQAFDHGDZXVNBDXG_gae.srcs/sources_1/new/tul_pynq_z2.v:]
WARNING: [filemgmt 56-199] Attempt to get parsing info during refresh. "On-the-fly" syntax checking information may be incorrect. [/home/jsp/Storage/CFU_PYNQ_FIles/CFU_SRC/pynq_z2/pynq_z2/arunQAFDHGDZXVNBDXG_gae.srcs/sources_1/new/tul_pynq_z2.v:]
launch_runs impl_1 -jobs 12
INFO: [Vivado 12-4149] The synthesis checkpoint for IP '/home/jsp/Storage/CFU_PYNQ_FIles/CFU_SRC/pynq_z2/pynq_z2/arunQAFDHGDZXVNBDXG_gae.srcs/sources_1/ip/cfu_decoupler/cfu_decoupler.xci' is already up-to-date
WARNING: [BD 41-702] Propagation TCL tries to overwrite USER strength parameter PCW_M_AXI_GP0_FREQMHZ(10) on '/processing_system7_0' with propagated value(100). Command ignored
Wrote  : </home/jsp/Storage/CFU_PYNQ_FIles/CFU_SRC/pynq_z2/pynq_z2/arunQAFDHGDZXVNBDXG_gae.srcs/sources_1/bd/system/system.bd> 
Verilog Output written to : /home/jsp/Storage/CFU_PYNQ_FIles/CFU_SRC/pynq_z2/pynq_z2/arunQAFDHGDZXVNBDXG_gae.gen/sources_1/bd/system/synth/system.v
Verilog Output written to : /home/jsp/Storage/CFU_PYNQ_FIles/CFU_SRC/pynq_z2/pynq_z2/arunQAFDHGDZXVNBDXG_gae.gen/sources_1/bd/system/sim/system.v
Verilog Output written to : /home/jsp/Storage/CFU_PYNQ_FIles/CFU_SRC/pynq_z2/pynq_z2/arunQAFDHGDZXVNBDXG_gae.gen/sources_1/bd/system/hdl/system_wrapper.v
INFO: [IP_Flow 19-5611] Unable to find an associated reset port for the interface 'M_AXI_GP0'. A default connection has been created.
INFO: [BD 41-1029] Generation completed for the IP Integrator block processing_system7_0 .
WARNING: [IP_Flow 19-4994] Overwriting existing constraint file '/home/jsp/Storage/CFU_PYNQ_FIles/CFU_SRC/pynq_z2/pynq_z2/arunQAFDHGDZXVNBDXG_gae.gen/sources_1/bd/system/ip/system_auto_pc_0/system_auto_pc_0_ooc.xdc'
INFO: [BD 41-1029] Generation completed for the IP Integrator block ps7_0_axi_periph/s00_couplers/auto_pc .
Exporting to file /home/jsp/Storage/CFU_PYNQ_FIles/CFU_SRC/pynq_z2/pynq_z2/arunQAFDHGDZXVNBDXG_gae.gen/sources_1/bd/system/hw_handoff/system.hwh
Generated Hardware Definition File /home/jsp/Storage/CFU_PYNQ_FIles/CFU_SRC/pynq_z2/pynq_z2/arunQAFDHGDZXVNBDXG_gae.gen/sources_1/bd/system/synth/system.hwdef
INFO: [IP_Flow 19-6924] IPCACHE: Running cache check for IP inst: system_auto_pc_0
INFO: [IP_Flow 19-6922] IPCACHE: Exporting cached entry 28dbe6f2fca8b92b to dir: /home/jsp/Storage/CFU_PYNQ_FIles/CFU_SRC/pynq_z2/pynq_z2/arunQAFDHGDZXVNBDXG_gae.gen/sources_1/bd/system/ip/system_auto_pc_0
INFO: [IP_Flow 19-6928] IPCACHE: copied cached file /home/jsp/Storage/CFU_PYNQ_FIles/CFU_SRC/pynq_z2/pynq_z2/arunQAFDHGDZXVNBDXG_gae.cache/ip/2024.1/2/8/28dbe6f2fca8b92b/system_auto_pc_0_sim_netlist.v to /home/jsp/Storage/CFU_PYNQ_FIles/CFU_SRC/pynq_z2/pynq_z2/arunQAFDHGDZXVNBDXG_gae.gen/sources_1/bd/system/ip/system_auto_pc_0/system_auto_pc_0_sim_netlist.v.
INFO: [IP_Flow 19-6926] IPCACHE: added file to list for BOM: /home/jsp/Storage/CFU_PYNQ_FIles/CFU_SRC/pynq_z2/pynq_z2/arunQAFDHGDZXVNBDXG_gae.gen/sources_1/bd/system/ip/system_auto_pc_0/system_auto_pc_0_sim_netlist.v
INFO: [IP_Flow 19-6928] IPCACHE: copied cached file /home/jsp/Storage/CFU_PYNQ_FIles/CFU_SRC/pynq_z2/pynq_z2/arunQAFDHGDZXVNBDXG_gae.cache/ip/2024.1/2/8/28dbe6f2fca8b92b/system_auto_pc_0_stub.v to /home/jsp/Storage/CFU_PYNQ_FIles/CFU_SRC/pynq_z2/pynq_z2/arunQAFDHGDZXVNBDXG_gae.gen/sources_1/bd/system/ip/system_auto_pc_0/system_auto_pc_0_stub.v.
INFO: [IP_Flow 19-6926] IPCACHE: added file to list for BOM: /home/jsp/Storage/CFU_PYNQ_FIles/CFU_SRC/pynq_z2/pynq_z2/arunQAFDHGDZXVNBDXG_gae.gen/sources_1/bd/system/ip/system_auto_pc_0/system_auto_pc_0_stub.v
INFO: [IP_Flow 19-6928] IPCACHE: copied cached file /home/jsp/Storage/CFU_PYNQ_FIles/CFU_SRC/pynq_z2/pynq_z2/arunQAFDHGDZXVNBDXG_gae.cache/ip/2024.1/2/8/28dbe6f2fca8b92b/system_auto_pc_0_sim_netlist.vhdl to /home/jsp/Storage/CFU_PYNQ_FIles/CFU_SRC/pynq_z2/pynq_z2/arunQAFDHGDZXVNBDXG_gae.gen/sources_1/bd/system/ip/system_auto_pc_0/system_auto_pc_0_sim_netlist.vhdl.
INFO: [IP_Flow 19-6926] IPCACHE: added file to list for BOM: /home/jsp/Storage/CFU_PYNQ_FIles/CFU_SRC/pynq_z2/pynq_z2/arunQAFDHGDZXVNBDXG_gae.gen/sources_1/bd/system/ip/system_auto_pc_0/system_auto_pc_0_sim_netlist.vhdl
INFO: [IP_Flow 19-6928] IPCACHE: copied cached file /home/jsp/Storage/CFU_PYNQ_FIles/CFU_SRC/pynq_z2/pynq_z2/arunQAFDHGDZXVNBDXG_gae.cache/ip/2024.1/2/8/28dbe6f2fca8b92b/system_auto_pc_0.dcp to /home/jsp/Storage/CFU_PYNQ_FIles/CFU_SRC/pynq_z2/pynq_z2/arunQAFDHGDZXVNBDXG_gae.gen/sources_1/bd/system/ip/system_auto_pc_0/system_auto_pc_0.dcp.
INFO: [IP_Flow 19-6926] IPCACHE: added file to list for BOM: /home/jsp/Storage/CFU_PYNQ_FIles/CFU_SRC/pynq_z2/pynq_z2/arunQAFDHGDZXVNBDXG_gae.gen/sources_1/bd/system/ip/system_auto_pc_0/system_auto_pc_0.dcp
INFO: [IP_Flow 19-6928] IPCACHE: copied cached file /home/jsp/Storage/CFU_PYNQ_FIles/CFU_SRC/pynq_z2/pynq_z2/arunQAFDHGDZXVNBDXG_gae.cache/ip/2024.1/2/8/28dbe6f2fca8b92b/system_auto_pc_0_stub.vhdl to /home/jsp/Storage/CFU_PYNQ_FIles/CFU_SRC/pynq_z2/pynq_z2/arunQAFDHGDZXVNBDXG_gae.gen/sources_1/bd/system/ip/system_auto_pc_0/system_auto_pc_0_stub.vhdl.
INFO: [IP_Flow 19-6926] IPCACHE: added file to list for BOM: /home/jsp/Storage/CFU_PYNQ_FIles/CFU_SRC/pynq_z2/pynq_z2/arunQAFDHGDZXVNBDXG_gae.gen/sources_1/bd/system/ip/system_auto_pc_0/system_auto_pc_0_stub.vhdl
INFO: [IP_Flow 19-4993] Using cached IP synthesis design for IP system_auto_pc_0, cache-ID = 28dbe6f2fca8b92b; cache size = 2.543 MB.
WARNING: [Project 1-478] Design 'synth_1' is stale and will not be used when launching 'impl_1'
[Tue Nov  4 15:28:57 2025] Launched system_processing_system7_0_0_synth_1, synth_1...
Run output will be captured here:
system_processing_system7_0_0_synth_1: /home/jsp/Storage/CFU_PYNQ_FIles/CFU_SRC/pynq_z2/pynq_z2/arunQAFDHGDZXVNBDXG_gae.runs/system_processing_system7_0_0_synth_1/runme.log
synth_1: /home/jsp/Storage/CFU_PYNQ_FIles/CFU_SRC/pynq_z2/pynq_z2/arunQAFDHGDZXVNBDXG_gae.runs/synth_1/runme.log
[Tue Nov  4 15:28:57 2025] Launched impl_1...
Run output will be captured here: /home/jsp/Storage/CFU_PYNQ_FIles/CFU_SRC/pynq_z2/pynq_z2/arunQAFDHGDZXVNBDXG_gae.runs/impl_1/runme.log
launch_runs: Time (s): cpu = 00:00:27 ; elapsed = 00:00:22 . Memory (MB): peak = 12815.902 ; gain = 280.023 ; free physical = 2077 ; free virtual = 16079
WARNING: [filemgmt 56-199] Attempt to get parsing info during refresh. "On-the-fly" syntax checking information may be incorrect. [/home/jsp/Storage/CFU_PYNQ_FIles/CFU_SRC/donut-accel/cfu.v:]
WARNING: [filemgmt 56-199] Attempt to get parsing info during refresh. "On-the-fly" syntax checking information may be incorrect. [/home/jsp/Storage/CFU_PYNQ_FIles/CFU_SRC/pynq_z2/pynq_z2/arunQAFDHGDZXVNBDXG_gae.srcs/sources_1/imports/hdl/system_wrapper.v:]
WARNING: [filemgmt 56-199] Attempt to get parsing info during refresh. "On-the-fly" syntax checking information may be incorrect. [/home/jsp/Storage/CFU_PYNQ_FIles/CFU_SRC/pynq_z2/pynq_z2/arunQAFDHGDZXVNBDXG_gae.srcs/sources_1/new/tul_pynq_z2.v:]
WARNING: [filemgmt 56-199] Attempt to get parsing info during refresh. "On-the-fly" syntax checking information may be incorrect. [/home/jsp/Storage/CFU_PYNQ_FIles/CFU_SRC/pynq_z2/pynq_z2/arunQAFDHGDZXVNBDXG_gae.srcs/sources_1/new/tul_pynq_z2.v:]
WARNING: [filemgmt 56-199] Attempt to get parsing info during refresh. "On-the-fly" syntax checking information may be incorrect. [/home/jsp/Storage/CFU_PYNQ_FIles/CFU_SRC/pynq_z2/pynq_z2/arunQAFDHGDZXVNBDXG_gae.srcs/sources_1/new/tul_pynq_z2.v:]
validate_bd_design -force
WARNING: [BD 41-702] Propagation TCL tries to overwrite USER strength parameter PCW_M_AXI_GP0_FREQMHZ(10) on '/processing_system7_0' with propagated value(100). Command ignored
CRITICAL WARNING: [PSU-1]  Parameter : PCW_UIPARAM_DDR_DQS_TO_CLK_DELAY_0 has negative value -0.051 . PS DDR interfaces might fail when entering negative DQS skew values. 
CRITICAL WARNING: [PSU-2]  Parameter : PCW_UIPARAM_DDR_DQS_TO_CLK_DELAY_1 has negative value -0.006 . PS DDR interfaces might fail when entering negative DQS skew values. 
CRITICAL WARNING: [PSU-3]  Parameter : PCW_UIPARAM_DDR_DQS_TO_CLK_DELAY_2 has negative value -0.009 . PS DDR interfaces might fail when entering negative DQS skew values. 
CRITICAL WARNING: [PSU-4]  Parameter : PCW_UIPARAM_DDR_DQS_TO_CLK_DELAY_3 has negative value -0.033 . PS DDR interfaces might fail when entering negative DQS skew values. 
WARNING: [IP_Flow 19-474] Invalid Parameter 'Component_Name'
CRITICAL WARNING: [PSU-1]  Parameter : PCW_UIPARAM_DDR_DQS_TO_CLK_DELAY_0 has negative value -0.051 . PS DDR interfaces might fail when entering negative DQS skew values. 
CRITICAL WARNING: [PSU-2]  Parameter : PCW_UIPARAM_DDR_DQS_TO_CLK_DELAY_1 has negative value -0.006 . PS DDR interfaces might fail when entering negative DQS skew values. 
CRITICAL WARNING: [PSU-3]  Parameter : PCW_UIPARAM_DDR_DQS_TO_CLK_DELAY_2 has negative value -0.009 . PS DDR interfaces might fail when entering negative DQS skew values. 
CRITICAL WARNING: [PSU-4]  Parameter : PCW_UIPARAM_DDR_DQS_TO_CLK_DELAY_3 has negative value -0.033 . PS DDR interfaces might fail when entering negative DQS skew values. 
CRITICAL WARNING: [PSU-1]  Parameter : PCW_UIPARAM_DDR_DQS_TO_CLK_DELAY_0 has negative value -0.051 . PS DDR interfaces might fail when entering negative DQS skew values. 
CRITICAL WARNING: [PSU-2]  Parameter : PCW_UIPARAM_DDR_DQS_TO_CLK_DELAY_1 has negative value -0.006 . PS DDR interfaces might fail when entering negative DQS skew values. 
CRITICAL WARNING: [PSU-3]  Parameter : PCW_UIPARAM_DDR_DQS_TO_CLK_DELAY_2 has negative value -0.009 . PS DDR interfaces might fail when entering negative DQS skew values. 
CRITICAL WARNING: [PSU-4]  Parameter : PCW_UIPARAM_DDR_DQS_TO_CLK_DELAY_3 has negative value -0.033 . PS DDR interfaces might fail when entering negative DQS skew values. 
CRITICAL WARNING: [PSU-1]  Parameter : PCW_UIPARAM_DDR_DQS_TO_CLK_DELAY_0 has negative value -0.051 . PS DDR interfaces might fail when entering negative DQS skew values. 
CRITICAL WARNING: [PSU-2]  Parameter : PCW_UIPARAM_DDR_DQS_TO_CLK_DELAY_1 has negative value -0.006 . PS DDR interfaces might fail when entering negative DQS skew values. 
CRITICAL WARNING: [PSU-3]  Parameter : PCW_UIPARAM_DDR_DQS_TO_CLK_DELAY_2 has negative value -0.009 . PS DDR interfaces might fail when entering negative DQS skew values. 
CRITICAL WARNING: [PSU-4]  Parameter : PCW_UIPARAM_DDR_DQS_TO_CLK_DELAY_3 has negative value -0.033 . PS DDR interfaces might fail when entering negative DQS skew values. 
CRITICAL WARNING: [PSU-1]  Parameter : PCW_UIPARAM_DDR_DQS_TO_CLK_DELAY_0 has negative value -0.051 . PS DDR interfaces might fail when entering negative DQS skew values. 
CRITICAL WARNING: [PSU-2]  Parameter : PCW_UIPARAM_DDR_DQS_TO_CLK_DELAY_1 has negative value -0.006 . PS DDR interfaces might fail when entering negative DQS skew values. 
CRITICAL WARNING: [PSU-3]  Parameter : PCW_UIPARAM_DDR_DQS_TO_CLK_DELAY_2 has negative value -0.009 . PS DDR interfaces might fail when entering negative DQS skew values. 
CRITICAL WARNING: [PSU-4]  Parameter : PCW_UIPARAM_DDR_DQS_TO_CLK_DELAY_3 has negative value -0.033 . PS DDR interfaces might fail when entering negative DQS skew values. 
startgroup
set_property -dict [list \
  CONFIG.PCW_EN_CLK0_PORT {0} \
  CONFIG.PCW_FPGA1_PERIPHERAL_FREQMHZ {40} \
] [get_bd_cells processing_system7_0]
CRITICAL WARNING: [PSU-1]  Parameter : PCW_UIPARAM_DDR_DQS_TO_CLK_DELAY_0 has negative value -0.051 . PS DDR interfaces might fail when entering negative DQS skew values. 
CRITICAL WARNING: [PSU-2]  Parameter : PCW_UIPARAM_DDR_DQS_TO_CLK_DELAY_1 has negative value -0.006 . PS DDR interfaces might fail when entering negative DQS skew values. 
CRITICAL WARNING: [PSU-3]  Parameter : PCW_UIPARAM_DDR_DQS_TO_CLK_DELAY_2 has negative value -0.009 . PS DDR interfaces might fail when entering negative DQS skew values. 
CRITICAL WARNING: [PSU-4]  Parameter : PCW_UIPARAM_DDR_DQS_TO_CLK_DELAY_3 has negative value -0.033 . PS DDR interfaces might fail when entering negative DQS skew values. 
WARNING: [BD 41-1684] Pin /processing_system7_0/FCLK_CLK0 is now disabled. All connections to this pin have been removed. 
endgroup
startgroup
apply_bd_automation -rule xilinx.com:bd_rule:clkrst -config { Clk {New Clocking Wizard} Freq {100} Ref_Clk0 {} Ref_Clk1 {} Ref_Clk2 {}}  [get_bd_pins axi_gpio_config_to/s_axi_aclk]
INFO: [BD 5-455] Automation on '/axi_gpio_decouple/s_axi_aclk' will not be run, since it is obsolete due to previously run automations
INFO: [BD 5-455] Automation on '/axi_gpio_decouple_status/s_axi_aclk' will not be run, since it is obsolete due to previously run automations
INFO: [BD 5-455] Automation on '/axi_gpio_to_reconfig/s_axi_aclk' will not be run, since it is obsolete due to previously run automations
INFO: [BD 5-455] Automation on '/processing_system7_0/M_AXI_GP0_ACLK' will not be run, since it is obsolete due to previously run automations
INFO: [BD 5-455] Automation on '/ps7_0_axi_periph/ACLK' will not be run, since it is obsolete due to previously run automations
INFO: [BD 5-455] Automation on '/ps7_0_axi_periph/M00_ACLK' will not be run, since it is obsolete due to previously run automations
INFO: [BD 5-455] Automation on '/ps7_0_axi_periph/M01_ACLK' will not be run, since it is obsolete due to previously run automations
INFO: [BD 5-455] Automation on '/ps7_0_axi_periph/M02_ACLK' will not be run, since it is obsolete due to previously run automations
INFO: [BD 5-455] Automation on '/ps7_0_axi_periph/M03_ACLK' will not be run, since it is obsolete due to previously run automations
INFO: [BD 5-455] Automation on '/ps7_0_axi_periph/S00_ACLK' will not be run, since it is obsolete due to previously run automations
INFO: [BD 5-455] Automation on '/rst_ps7_0_100M/slowest_sync_clk' will not be run, since it is obsolete due to previously run automations
endgroup
startgroup
apply_bd_automation -rule xilinx.com:bd_rule:board -config { Board_Interface {sys_clock ( System Clock ) } Manual_Source {Auto}}  [get_bd_pins clk_wiz/clk_in1]
INFO: [board_rule 100-100] set_property CONFIG.USE_BOARD_FLOW true [get_bd_cells /clk_wiz]
INFO: [board_rule 100-100] set_property CONFIG.CLK_IN1_BOARD_INTERFACE sys_clock [get_bd_cells /clk_wiz]
WARNING: [BD 5-670] It is required to provide a frequency value for a user created input clock port. Please use the <-freq_hz $freq_val> argument of the create_bd_port command. ie create_bd_port -dir I -type clk -freq_hz 100000000 clkin
INFO: [BoardRule 102-10] create_bd_port -dir I sys_clock -type clk
INFO: [BoardRule 102-5] set_property CONFIG.FREQ_HZ 100000000 /sys_clock
INFO: [BoardRule 102-6] set_property CONFIG.PHASE 0.0 /sys_clock
INFO: [BoardRule 102-15] connect_bd_net /sys_clock /clk_wiz/clk_in1
INFO: [BoardRule 102-17] set_property CONFIG.FREQ_HZ 125000000 /sys_clock
apply_bd_automation -rule xilinx.com:bd_rule:board -config { Manual_Source {New External Port (ACTIVE_HIGH)}}  [get_bd_pins clk_wiz/reset]
INFO: [BoardRule 102-10] create_bd_port -dir I reset_rtl -type rst
INFO: [BoardRule 102-7] set_property CONFIG.POLARITY ACTIVE_HIGH /reset_rtl
INFO: [BoardRule 102-15] connect_bd_net /reset_rtl /clk_wiz/reset
INFO: [BoardRule 102-19] set_property CONFIG.POLARITY ACTIVE_HIGH /reset_rtl
WARNING: [BoardRule 102-1] Board automation did not generate location constraint for /clk_wiz/reset. Users may need to specify the location constraint manually.
endgroup
reset_run system_processing_system7_0_0_synth_1
reset_run synth_1
INFO: [Project 1-1161] Replacing file /home/jsp/Storage/CFU_PYNQ_FIles/CFU_SRC/pynq_z2/pynq_z2/arunQAFDHGDZXVNBDXG_gae.srcs/utils_1/imports/synth_1/system_wrapper.dcp with file /home/jsp/Storage/CFU_PYNQ_FIles/CFU_SRC/pynq_z2/pynq_z2/arunQAFDHGDZXVNBDXG_gae.runs/synth_1/system_wrapper.dcp
save_bd_design
WARNING: [filemgmt 56-199] Attempt to get parsing info during refresh. "On-the-fly" syntax checking information may be incorrect. [/home/jsp/Storage/CFU_PYNQ_FIles/CFU_SRC/donut-accel/cfu.v:]
WARNING: [filemgmt 56-199] Attempt to get parsing info during refresh. "On-the-fly" syntax checking information may be incorrect. [/home/jsp/Storage/CFU_PYNQ_FIles/CFU_SRC/pynq_z2/pynq_z2/arunQAFDHGDZXVNBDXG_gae.srcs/sources_1/imports/hdl/system_wrapper.v:]
WARNING: [filemgmt 56-199] Attempt to get parsing info during refresh. "On-the-fly" syntax checking information may be incorrect. [/home/jsp/Storage/CFU_PYNQ_FIles/CFU_SRC/pynq_z2/pynq_z2/arunQAFDHGDZXVNBDXG_gae.srcs/sources_1/new/tul_pynq_z2.v:]
WARNING: [filemgmt 56-199] Attempt to get parsing info during refresh. "On-the-fly" syntax checking information may be incorrect. [/home/jsp/Storage/CFU_PYNQ_FIles/CFU_SRC/pynq_z2/pynq_z2/arunQAFDHGDZXVNBDXG_gae.srcs/sources_1/new/tul_pynq_z2.v:]
WARNING: [filemgmt 56-199] Attempt to get parsing info during refresh. "On-the-fly" syntax checking information may be incorrect. [/home/jsp/Storage/CFU_PYNQ_FIles/CFU_SRC/pynq_z2/pynq_z2/arunQAFDHGDZXVNBDXG_gae.srcs/sources_1/new/tul_pynq_z2.v:]
Wrote  : </home/jsp/Storage/CFU_PYNQ_FIles/CFU_SRC/pynq_z2/pynq_z2/arunQAFDHGDZXVNBDXG_gae.srcs/sources_1/bd/system/system.bd> 
Wrote  : </home/jsp/Storage/CFU_PYNQ_FIles/CFU_SRC/pynq_z2/pynq_z2/arunQAFDHGDZXVNBDXG_gae.srcs/sources_1/bd/system/ui/bd_c954508f.ui> 
launch_runs impl_1 -jobs 12
INFO: [Vivado 12-4149] The synthesis checkpoint for IP '/home/jsp/Storage/CFU_PYNQ_FIles/CFU_SRC/pynq_z2/pynq_z2/arunQAFDHGDZXVNBDXG_gae.srcs/sources_1/ip/cfu_decoupler/cfu_decoupler.xci' is already up-to-date
WARNING: [BD 41-702] Propagation TCL tries to overwrite USER strength parameter PCW_M_AXI_GP0_FREQMHZ(10) on '/processing_system7_0' with propagated value(100). Command ignored
INFO: [xilinx.com:ip:clk_wiz:6.0-1] /clk_wiz clk_wiz propagate
INFO: [xilinx.com:ip:clk_wiz:6.0-1] /clk_wiz clk_wiz propagate
Wrote  : </home/jsp/Storage/CFU_PYNQ_FIles/CFU_SRC/pynq_z2/pynq_z2/arunQAFDHGDZXVNBDXG_gae.srcs/sources_1/bd/system/system.bd> 
Verilog Output written to : /home/jsp/Storage/CFU_PYNQ_FIles/CFU_SRC/pynq_z2/pynq_z2/arunQAFDHGDZXVNBDXG_gae.gen/sources_1/bd/system/synth/system.v
Verilog Output written to : /home/jsp/Storage/CFU_PYNQ_FIles/CFU_SRC/pynq_z2/pynq_z2/arunQAFDHGDZXVNBDXG_gae.gen/sources_1/bd/system/sim/system.v
Verilog Output written to : /home/jsp/Storage/CFU_PYNQ_FIles/CFU_SRC/pynq_z2/pynq_z2/arunQAFDHGDZXVNBDXG_gae.gen/sources_1/bd/system/hdl/system_wrapper.v
INFO: [IP_Flow 19-5611] Unable to find an associated reset port for the interface 'M_AXI_GP0'. A default connection has been created.
INFO: [BD 41-1029] Generation completed for the IP Integrator block processing_system7_0 .
INFO: [BD 41-1029] Generation completed for the IP Integrator block clk_wiz .
WARNING: [IP_Flow 19-4994] Overwriting existing constraint file '/home/jsp/Storage/CFU_PYNQ_FIles/CFU_SRC/pynq_z2/pynq_z2/arunQAFDHGDZXVNBDXG_gae.gen/sources_1/bd/system/ip/system_auto_pc_0/system_auto_pc_0_ooc.xdc'
INFO: [BD 41-1029] Generation completed for the IP Integrator block ps7_0_axi_periph/s00_couplers/auto_pc .
Exporting to file /home/jsp/Storage/CFU_PYNQ_FIles/CFU_SRC/pynq_z2/pynq_z2/arunQAFDHGDZXVNBDXG_gae.gen/sources_1/bd/system/hw_handoff/system.hwh
Generated Hardware Definition File /home/jsp/Storage/CFU_PYNQ_FIles/CFU_SRC/pynq_z2/pynq_z2/arunQAFDHGDZXVNBDXG_gae.gen/sources_1/bd/system/synth/system.hwdef
INFO: [IP_Flow 19-6930] IPCACHE: runCacheChecks() number of threads = 8
INFO: [IP_Flow 19-6921] IPCACHE: Adding cache check func to thread queue for IP system_auto_pc_0
INFO: [IP_Flow 19-6921] IPCACHE: Adding cache check func to thread queue for IP system_clk_wiz_0
INFO: [IP_Flow 19-8020] IPCACHE: runCacheChecks() calling threadPool finishWork()
INFO: [IP_Flow 19-6924] IPCACHE: Running cache check for IP inst: system_auto_pc_0
INFO: [IP_Flow 19-6922] IPCACHE: Exporting cached entry 28dbe6f2fca8b92b to dir: /home/jsp/Storage/CFU_PYNQ_FIles/CFU_SRC/pynq_z2/pynq_z2/arunQAFDHGDZXVNBDXG_gae.gen/sources_1/bd/system/ip/system_auto_pc_0
INFO: [IP_Flow 19-6928] IPCACHE: copied cached file /home/jsp/Storage/CFU_PYNQ_FIles/CFU_SRC/pynq_z2/pynq_z2/arunQAFDHGDZXVNBDXG_gae.cache/ip/2024.1/2/8/28dbe6f2fca8b92b/system_auto_pc_0_sim_netlist.v to /home/jsp/Storage/CFU_PYNQ_FIles/CFU_SRC/pynq_z2/pynq_z2/arunQAFDHGDZXVNBDXG_gae.gen/sources_1/bd/system/ip/system_auto_pc_0/system_auto_pc_0_sim_netlist.v.
INFO: [IP_Flow 19-6926] IPCACHE: added file to list for BOM: /home/jsp/Storage/CFU_PYNQ_FIles/CFU_SRC/pynq_z2/pynq_z2/arunQAFDHGDZXVNBDXG_gae.gen/sources_1/bd/system/ip/system_auto_pc_0/system_auto_pc_0_sim_netlist.v
INFO: [IP_Flow 19-6928] IPCACHE: copied cached file /home/jsp/Storage/CFU_PYNQ_FIles/CFU_SRC/pynq_z2/pynq_z2/arunQAFDHGDZXVNBDXG_gae.cache/ip/2024.1/2/8/28dbe6f2fca8b92b/system_auto_pc_0_stub.v to /home/jsp/Storage/CFU_PYNQ_FIles/CFU_SRC/pynq_z2/pynq_z2/arunQAFDHGDZXVNBDXG_gae.gen/sources_1/bd/system/ip/system_auto_pc_0/system_auto_pc_0_stub.v.
INFO: [IP_Flow 19-6926] IPCACHE: added file to list for BOM: /home/jsp/Storage/CFU_PYNQ_FIles/CFU_SRC/pynq_z2/pynq_z2/arunQAFDHGDZXVNBDXG_gae.gen/sources_1/bd/system/ip/system_auto_pc_0/system_auto_pc_0_stub.v
INFO: [IP_Flow 19-6928] IPCACHE: copied cached file /home/jsp/Storage/CFU_PYNQ_FIles/CFU_SRC/pynq_z2/pynq_z2/arunQAFDHGDZXVNBDXG_gae.cache/ip/2024.1/2/8/28dbe6f2fca8b92b/system_auto_pc_0_sim_netlist.vhdl to /home/jsp/Storage/CFU_PYNQ_FIles/CFU_SRC/pynq_z2/pynq_z2/arunQAFDHGDZXVNBDXG_gae.gen/sources_1/bd/system/ip/system_auto_pc_0/system_auto_pc_0_sim_netlist.vhdl.
INFO: [IP_Flow 19-6926] IPCACHE: added file to list for BOM: /home/jsp/Storage/CFU_PYNQ_FIles/CFU_SRC/pynq_z2/pynq_z2/arunQAFDHGDZXVNBDXG_gae.gen/sources_1/bd/system/ip/system_auto_pc_0/system_auto_pc_0_sim_netlist.vhdl
INFO: [IP_Flow 19-6928] IPCACHE: copied cached file /home/jsp/Storage/CFU_PYNQ_FIles/CFU_SRC/pynq_z2/pynq_z2/arunQAFDHGDZXVNBDXG_gae.cache/ip/2024.1/2/8/28dbe6f2fca8b92b/system_auto_pc_0.dcp to /home/jsp/Storage/CFU_PYNQ_FIles/CFU_SRC/pynq_z2/pynq_z2/arunQAFDHGDZXVNBDXG_gae.gen/sources_1/bd/system/ip/system_auto_pc_0/system_auto_pc_0.dcp.
INFO: [IP_Flow 19-6926] IPCACHE: added file to list for BOM: /home/jsp/Storage/CFU_PYNQ_FIles/CFU_SRC/pynq_z2/pynq_z2/arunQAFDHGDZXVNBDXG_gae.gen/sources_1/bd/system/ip/system_auto_pc_0/system_auto_pc_0.dcp
INFO: [IP_Flow 19-6928] IPCACHE: copied cached file /home/jsp/Storage/CFU_PYNQ_FIles/CFU_SRC/pynq_z2/pynq_z2/arunQAFDHGDZXVNBDXG_gae.cache/ip/2024.1/2/8/28dbe6f2fca8b92b/system_auto_pc_0_stub.vhdl to /home/jsp/Storage/CFU_PYNQ_FIles/CFU_SRC/pynq_z2/pynq_z2/arunQAFDHGDZXVNBDXG_gae.gen/sources_1/bd/system/ip/system_auto_pc_0/system_auto_pc_0_stub.vhdl.
INFO: [IP_Flow 19-6926] IPCACHE: added file to list for BOM: /home/jsp/Storage/CFU_PYNQ_FIles/CFU_SRC/pynq_z2/pynq_z2/arunQAFDHGDZXVNBDXG_gae.gen/sources_1/bd/system/ip/system_auto_pc_0/system_auto_pc_0_stub.vhdl
INFO: [IP_Flow 19-4993] Using cached IP synthesis design for IP system_auto_pc_0, cache-ID = 28dbe6f2fca8b92b; cache size = 2.543 MB.
INFO: [IP_Flow 19-6924] IPCACHE: Running cache check for IP inst: system_clk_wiz_0
WARNING: [Project 1-478] Design 'synth_1' is stale and will not be used when launching 'impl_1'
[Tue Nov  4 18:11:34 2025] Launched system_processing_system7_0_0_synth_1, system_clk_wiz_0_synth_1, synth_1...
Run output will be captured here:
system_processing_system7_0_0_synth_1: /home/jsp/Storage/CFU_PYNQ_FIles/CFU_SRC/pynq_z2/pynq_z2/arunQAFDHGDZXVNBDXG_gae.runs/system_processing_system7_0_0_synth_1/runme.log
system_clk_wiz_0_synth_1: /home/jsp/Storage/CFU_PYNQ_FIles/CFU_SRC/pynq_z2/pynq_z2/arunQAFDHGDZXVNBDXG_gae.runs/system_clk_wiz_0_synth_1/runme.log
synth_1: /home/jsp/Storage/CFU_PYNQ_FIles/CFU_SRC/pynq_z2/pynq_z2/arunQAFDHGDZXVNBDXG_gae.runs/synth_1/runme.log
[Tue Nov  4 18:11:34 2025] Launched impl_1...
Run output will be captured here: /home/jsp/Storage/CFU_PYNQ_FIles/CFU_SRC/pynq_z2/pynq_z2/arunQAFDHGDZXVNBDXG_gae.runs/impl_1/runme.log
launch_runs: Time (s): cpu = 00:00:30 ; elapsed = 00:00:23 . Memory (MB): peak = 13117.922 ; gain = 302.020 ; free physical = 1919 ; free virtual = 15844
WARNING: [filemgmt 56-199] Attempt to get parsing info during refresh. "On-the-fly" syntax checking information may be incorrect. [/home/jsp/Storage/CFU_PYNQ_FIles/CFU_SRC/donut-accel/cfu.v:]
WARNING: [filemgmt 56-199] Attempt to get parsing info during refresh. "On-the-fly" syntax checking information may be incorrect. [/home/jsp/Storage/CFU_PYNQ_FIles/CFU_SRC/pynq_z2/pynq_z2/arunQAFDHGDZXVNBDXG_gae.srcs/sources_1/imports/hdl/system_wrapper.v:]
WARNING: [filemgmt 56-199] Attempt to get parsing info during refresh. "On-the-fly" syntax checking information may be incorrect. [/home/jsp/Storage/CFU_PYNQ_FIles/CFU_SRC/pynq_z2/pynq_z2/arunQAFDHGDZXVNBDXG_gae.srcs/sources_1/new/tul_pynq_z2.v:]
WARNING: [filemgmt 56-199] Attempt to get parsing info during refresh. "On-the-fly" syntax checking information may be incorrect. [/home/jsp/Storage/CFU_PYNQ_FIles/CFU_SRC/pynq_z2/pynq_z2/arunQAFDHGDZXVNBDXG_gae.srcs/sources_1/new/tul_pynq_z2.v:]
WARNING: [filemgmt 56-199] Attempt to get parsing info during refresh. "On-the-fly" syntax checking information may be incorrect. [/home/jsp/Storage/CFU_PYNQ_FIles/CFU_SRC/pynq_z2/pynq_z2/arunQAFDHGDZXVNBDXG_gae.srcs/sources_1/new/tul_pynq_z2.v:]
WARNING: [filemgmt 56-199] Attempt to get parsing info during refresh. "On-the-fly" syntax checking information may be incorrect. [/home/jsp/Storage/CFU_PYNQ_FIles/CFU_SRC/donut-accel/cfu.v:]
WARNING: [filemgmt 56-199] Attempt to get parsing info during refresh. "On-the-fly" syntax checking information may be incorrect. [/home/jsp/Storage/CFU_PYNQ_FIles/CFU_SRC/pynq_z2/pynq_z2/arunQAFDHGDZXVNBDXG_gae.srcs/sources_1/imports/hdl/system_wrapper.v:]
WARNING: [filemgmt 56-199] Attempt to get parsing info during refresh. "On-the-fly" syntax checking information may be incorrect. [/home/jsp/Storage/CFU_PYNQ_FIles/CFU_SRC/pynq_z2/pynq_z2/arunQAFDHGDZXVNBDXG_gae.srcs/sources_1/new/tul_pynq_z2.v:]
WARNING: [filemgmt 56-199] Attempt to get parsing info during refresh. "On-the-fly" syntax checking information may be incorrect. [/home/jsp/Storage/CFU_PYNQ_FIles/CFU_SRC/pynq_z2/pynq_z2/arunQAFDHGDZXVNBDXG_gae.srcs/sources_1/new/tul_pynq_z2.v:]
WARNING: [filemgmt 56-199] Attempt to get parsing info during refresh. "On-the-fly" syntax checking information may be incorrect. [/home/jsp/Storage/CFU_PYNQ_FIles/CFU_SRC/pynq_z2/pynq_z2/arunQAFDHGDZXVNBDXG_gae.srcs/sources_1/new/tul_pynq_z2.v:]
CRITICAL WARNING: [PSU-1]  Parameter : PCW_UIPARAM_DDR_DQS_TO_CLK_DELAY_0 has negative value -0.051 . PS DDR interfaces might fail when entering negative DQS skew values. 
CRITICAL WARNING: [PSU-2]  Parameter : PCW_UIPARAM_DDR_DQS_TO_CLK_DELAY_1 has negative value -0.006 . PS DDR interfaces might fail when entering negative DQS skew values. 
CRITICAL WARNING: [PSU-3]  Parameter : PCW_UIPARAM_DDR_DQS_TO_CLK_DELAY_2 has negative value -0.009 . PS DDR interfaces might fail when entering negative DQS skew values. 
CRITICAL WARNING: [PSU-4]  Parameter : PCW_UIPARAM_DDR_DQS_TO_CLK_DELAY_3 has negative value -0.033 . PS DDR interfaces might fail when entering negative DQS skew values. 
WARNING: [IP_Flow 19-474] Invalid Parameter 'Component_Name'
CRITICAL WARNING: [PSU-1]  Parameter : PCW_UIPARAM_DDR_DQS_TO_CLK_DELAY_0 has negative value -0.051 . PS DDR interfaces might fail when entering negative DQS skew values. 
CRITICAL WARNING: [PSU-2]  Parameter : PCW_UIPARAM_DDR_DQS_TO_CLK_DELAY_1 has negative value -0.006 . PS DDR interfaces might fail when entering negative DQS skew values. 
CRITICAL WARNING: [PSU-3]  Parameter : PCW_UIPARAM_DDR_DQS_TO_CLK_DELAY_2 has negative value -0.009 . PS DDR interfaces might fail when entering negative DQS skew values. 
CRITICAL WARNING: [PSU-4]  Parameter : PCW_UIPARAM_DDR_DQS_TO_CLK_DELAY_3 has negative value -0.033 . PS DDR interfaces might fail when entering negative DQS skew values. 
startgroup
set_property CONFIG.PCW_FPGA1_PERIPHERAL_FREQMHZ {60} [get_bd_cells processing_system7_0]
CRITICAL WARNING: [PSU-1]  Parameter : PCW_UIPARAM_DDR_DQS_TO_CLK_DELAY_0 has negative value -0.051 . PS DDR interfaces might fail when entering negative DQS skew values. 
CRITICAL WARNING: [PSU-2]  Parameter : PCW_UIPARAM_DDR_DQS_TO_CLK_DELAY_1 has negative value -0.006 . PS DDR interfaces might fail when entering negative DQS skew values. 
CRITICAL WARNING: [PSU-3]  Parameter : PCW_UIPARAM_DDR_DQS_TO_CLK_DELAY_2 has negative value -0.009 . PS DDR interfaces might fail when entering negative DQS skew values. 
CRITICAL WARNING: [PSU-4]  Parameter : PCW_UIPARAM_DDR_DQS_TO_CLK_DELAY_3 has negative value -0.033 . PS DDR interfaces might fail when entering negative DQS skew values. 
endgroup
validate_bd_design
WARNING: [BD 41-702] Propagation TCL tries to overwrite USER strength parameter PCW_M_AXI_GP0_FREQMHZ(10) on '/processing_system7_0' with propagated value(100). Command ignored
INFO: [xilinx.com:ip:clk_wiz:6.0-1] /clk_wiz clk_wiz propagate
save_bd_design
Wrote  : </home/jsp/Storage/CFU_PYNQ_FIles/CFU_SRC/pynq_z2/pynq_z2/arunQAFDHGDZXVNBDXG_gae.srcs/sources_1/bd/system/system.bd> 
Wrote  : </home/jsp/Storage/CFU_PYNQ_FIles/CFU_SRC/pynq_z2/pynq_z2/arunQAFDHGDZXVNBDXG_gae.srcs/sources_1/bd/system/ui/bd_c954508f.ui> 
reset_run system_processing_system7_0_0_synth_1
reset_run synth_1
INFO: [Project 1-1161] Replacing file /home/jsp/Storage/CFU_PYNQ_FIles/CFU_SRC/pynq_z2/pynq_z2/arunQAFDHGDZXVNBDXG_gae.srcs/utils_1/imports/synth_1/system_wrapper.dcp with file /home/jsp/Storage/CFU_PYNQ_FIles/CFU_SRC/pynq_z2/pynq_z2/arunQAFDHGDZXVNBDXG_gae.runs/synth_1/system_wrapper.dcp
WARNING: [filemgmt 56-199] Attempt to get parsing info during refresh. "On-the-fly" syntax checking information may be incorrect. [/home/jsp/Storage/CFU_PYNQ_FIles/CFU_SRC/donut-accel/cfu.v:]
WARNING: [filemgmt 56-199] Attempt to get parsing info during refresh. "On-the-fly" syntax checking information may be incorrect. [/home/jsp/Storage/CFU_PYNQ_FIles/CFU_SRC/pynq_z2/pynq_z2/arunQAFDHGDZXVNBDXG_gae.srcs/sources_1/imports/hdl/system_wrapper.v:]
WARNING: [filemgmt 56-199] Attempt to get parsing info during refresh. "On-the-fly" syntax checking information may be incorrect. [/home/jsp/Storage/CFU_PYNQ_FIles/CFU_SRC/pynq_z2/pynq_z2/arunQAFDHGDZXVNBDXG_gae.srcs/sources_1/new/tul_pynq_z2.v:]
WARNING: [filemgmt 56-199] Attempt to get parsing info during refresh. "On-the-fly" syntax checking information may be incorrect. [/home/jsp/Storage/CFU_PYNQ_FIles/CFU_SRC/pynq_z2/pynq_z2/arunQAFDHGDZXVNBDXG_gae.srcs/sources_1/new/tul_pynq_z2.v:]
WARNING: [filemgmt 56-199] Attempt to get parsing info during refresh. "On-the-fly" syntax checking information may be incorrect. [/home/jsp/Storage/CFU_PYNQ_FIles/CFU_SRC/pynq_z2/pynq_z2/arunQAFDHGDZXVNBDXG_gae.srcs/sources_1/new/tul_pynq_z2.v:]
launch_runs impl_1 -jobs 12
INFO: [Vivado 12-4149] The synthesis checkpoint for IP '/home/jsp/Storage/CFU_PYNQ_FIles/CFU_SRC/pynq_z2/pynq_z2/arunQAFDHGDZXVNBDXG_gae.srcs/sources_1/ip/cfu_decoupler/cfu_decoupler.xci' is already up-to-date
INFO: [BD 41-1662] The design 'system.bd' is already validated. Therefore parameter propagation will not be re-run.
Verilog Output written to : /home/jsp/Storage/CFU_PYNQ_FIles/CFU_SRC/pynq_z2/pynq_z2/arunQAFDHGDZXVNBDXG_gae.gen/sources_1/bd/system/synth/system.v
Verilog Output written to : /home/jsp/Storage/CFU_PYNQ_FIles/CFU_SRC/pynq_z2/pynq_z2/arunQAFDHGDZXVNBDXG_gae.gen/sources_1/bd/system/sim/system.v
Verilog Output written to : /home/jsp/Storage/CFU_PYNQ_FIles/CFU_SRC/pynq_z2/pynq_z2/arunQAFDHGDZXVNBDXG_gae.gen/sources_1/bd/system/hdl/system_wrapper.v
INFO: [IP_Flow 19-5611] Unable to find an associated reset port for the interface 'M_AXI_GP0'. A default connection has been created.
INFO: [BD 41-1029] Generation completed for the IP Integrator block processing_system7_0 .
WARNING: [IP_Flow 19-4994] Overwriting existing constraint file '/home/jsp/Storage/CFU_PYNQ_FIles/CFU_SRC/pynq_z2/pynq_z2/arunQAFDHGDZXVNBDXG_gae.gen/sources_1/bd/system/ip/system_auto_pc_0/system_auto_pc_0_ooc.xdc'
INFO: [BD 41-1029] Generation completed for the IP Integrator block ps7_0_axi_periph/s00_couplers/auto_pc .
Exporting to file /home/jsp/Storage/CFU_PYNQ_FIles/CFU_SRC/pynq_z2/pynq_z2/arunQAFDHGDZXVNBDXG_gae.gen/sources_1/bd/system/hw_handoff/system.hwh
Generated Hardware Definition File /home/jsp/Storage/CFU_PYNQ_FIles/CFU_SRC/pynq_z2/pynq_z2/arunQAFDHGDZXVNBDXG_gae.gen/sources_1/bd/system/synth/system.hwdef
INFO: [IP_Flow 19-6924] IPCACHE: Running cache check for IP inst: system_auto_pc_0
INFO: [IP_Flow 19-6922] IPCACHE: Exporting cached entry 28dbe6f2fca8b92b to dir: /home/jsp/Storage/CFU_PYNQ_FIles/CFU_SRC/pynq_z2/pynq_z2/arunQAFDHGDZXVNBDXG_gae.gen/sources_1/bd/system/ip/system_auto_pc_0
INFO: [IP_Flow 19-6928] IPCACHE: copied cached file /home/jsp/Storage/CFU_PYNQ_FIles/CFU_SRC/pynq_z2/pynq_z2/arunQAFDHGDZXVNBDXG_gae.cache/ip/2024.1/2/8/28dbe6f2fca8b92b/system_auto_pc_0_sim_netlist.v to /home/jsp/Storage/CFU_PYNQ_FIles/CFU_SRC/pynq_z2/pynq_z2/arunQAFDHGDZXVNBDXG_gae.gen/sources_1/bd/system/ip/system_auto_pc_0/system_auto_pc_0_sim_netlist.v.
INFO: [IP_Flow 19-6926] IPCACHE: added file to list for BOM: /home/jsp/Storage/CFU_PYNQ_FIles/CFU_SRC/pynq_z2/pynq_z2/arunQAFDHGDZXVNBDXG_gae.gen/sources_1/bd/system/ip/system_auto_pc_0/system_auto_pc_0_sim_netlist.v
INFO: [IP_Flow 19-6928] IPCACHE: copied cached file /home/jsp/Storage/CFU_PYNQ_FIles/CFU_SRC/pynq_z2/pynq_z2/arunQAFDHGDZXVNBDXG_gae.cache/ip/2024.1/2/8/28dbe6f2fca8b92b/system_auto_pc_0_stub.v to /home/jsp/Storage/CFU_PYNQ_FIles/CFU_SRC/pynq_z2/pynq_z2/arunQAFDHGDZXVNBDXG_gae.gen/sources_1/bd/system/ip/system_auto_pc_0/system_auto_pc_0_stub.v.
INFO: [IP_Flow 19-6926] IPCACHE: added file to list for BOM: /home/jsp/Storage/CFU_PYNQ_FIles/CFU_SRC/pynq_z2/pynq_z2/arunQAFDHGDZXVNBDXG_gae.gen/sources_1/bd/system/ip/system_auto_pc_0/system_auto_pc_0_stub.v
INFO: [IP_Flow 19-6928] IPCACHE: copied cached file /home/jsp/Storage/CFU_PYNQ_FIles/CFU_SRC/pynq_z2/pynq_z2/arunQAFDHGDZXVNBDXG_gae.cache/ip/2024.1/2/8/28dbe6f2fca8b92b/system_auto_pc_0_sim_netlist.vhdl to /home/jsp/Storage/CFU_PYNQ_FIles/CFU_SRC/pynq_z2/pynq_z2/arunQAFDHGDZXVNBDXG_gae.gen/sources_1/bd/system/ip/system_auto_pc_0/system_auto_pc_0_sim_netlist.vhdl.
INFO: [IP_Flow 19-6926] IPCACHE: added file to list for BOM: /home/jsp/Storage/CFU_PYNQ_FIles/CFU_SRC/pynq_z2/pynq_z2/arunQAFDHGDZXVNBDXG_gae.gen/sources_1/bd/system/ip/system_auto_pc_0/system_auto_pc_0_sim_netlist.vhdl
INFO: [IP_Flow 19-6928] IPCACHE: copied cached file /home/jsp/Storage/CFU_PYNQ_FIles/CFU_SRC/pynq_z2/pynq_z2/arunQAFDHGDZXVNBDXG_gae.cache/ip/2024.1/2/8/28dbe6f2fca8b92b/system_auto_pc_0.dcp to /home/jsp/Storage/CFU_PYNQ_FIles/CFU_SRC/pynq_z2/pynq_z2/arunQAFDHGDZXVNBDXG_gae.gen/sources_1/bd/system/ip/system_auto_pc_0/system_auto_pc_0.dcp.
INFO: [IP_Flow 19-6926] IPCACHE: added file to list for BOM: /home/jsp/Storage/CFU_PYNQ_FIles/CFU_SRC/pynq_z2/pynq_z2/arunQAFDHGDZXVNBDXG_gae.gen/sources_1/bd/system/ip/system_auto_pc_0/system_auto_pc_0.dcp
INFO: [IP_Flow 19-6928] IPCACHE: copied cached file /home/jsp/Storage/CFU_PYNQ_FIles/CFU_SRC/pynq_z2/pynq_z2/arunQAFDHGDZXVNBDXG_gae.cache/ip/2024.1/2/8/28dbe6f2fca8b92b/system_auto_pc_0_stub.vhdl to /home/jsp/Storage/CFU_PYNQ_FIles/CFU_SRC/pynq_z2/pynq_z2/arunQAFDHGDZXVNBDXG_gae.gen/sources_1/bd/system/ip/system_auto_pc_0/system_auto_pc_0_stub.vhdl.
INFO: [IP_Flow 19-6926] IPCACHE: added file to list for BOM: /home/jsp/Storage/CFU_PYNQ_FIles/CFU_SRC/pynq_z2/pynq_z2/arunQAFDHGDZXVNBDXG_gae.gen/sources_1/bd/system/ip/system_auto_pc_0/system_auto_pc_0_stub.vhdl
INFO: [IP_Flow 19-4993] Using cached IP synthesis design for IP system_auto_pc_0, cache-ID = 28dbe6f2fca8b92b; cache size = 2.610 MB.
WARNING: [Project 1-478] Design 'synth_1' is stale and will not be used when launching 'impl_1'
[Tue Nov  4 18:15:46 2025] Launched system_processing_system7_0_0_synth_1, synth_1...
Run output will be captured here:
system_processing_system7_0_0_synth_1: /home/jsp/Storage/CFU_PYNQ_FIles/CFU_SRC/pynq_z2/pynq_z2/arunQAFDHGDZXVNBDXG_gae.runs/system_processing_system7_0_0_synth_1/runme.log
synth_1: /home/jsp/Storage/CFU_PYNQ_FIles/CFU_SRC/pynq_z2/pynq_z2/arunQAFDHGDZXVNBDXG_gae.runs/synth_1/runme.log
[Tue Nov  4 18:15:46 2025] Launched impl_1...
Run output will be captured here: /home/jsp/Storage/CFU_PYNQ_FIles/CFU_SRC/pynq_z2/pynq_z2/arunQAFDHGDZXVNBDXG_gae.runs/impl_1/runme.log
launch_runs: Time (s): cpu = 00:00:25 ; elapsed = 00:00:21 . Memory (MB): peak = 13339.844 ; gain = 221.922 ; free physical = 3436 ; free virtual = 15847
WARNING: [filemgmt 56-199] Attempt to get parsing info during refresh. "On-the-fly" syntax checking information may be incorrect. [/home/jsp/Storage/CFU_PYNQ_FIles/CFU_SRC/donut-accel/cfu.v:]
WARNING: [filemgmt 56-199] Attempt to get parsing info during refresh. "On-the-fly" syntax checking information may be incorrect. [/home/jsp/Storage/CFU_PYNQ_FIles/CFU_SRC/pynq_z2/pynq_z2/arunQAFDHGDZXVNBDXG_gae.srcs/sources_1/imports/hdl/system_wrapper.v:]
WARNING: [filemgmt 56-199] Attempt to get parsing info during refresh. "On-the-fly" syntax checking information may be incorrect. [/home/jsp/Storage/CFU_PYNQ_FIles/CFU_SRC/pynq_z2/pynq_z2/arunQAFDHGDZXVNBDXG_gae.srcs/sources_1/new/tul_pynq_z2.v:]
WARNING: [filemgmt 56-199] Attempt to get parsing info during refresh. "On-the-fly" syntax checking information may be incorrect. [/home/jsp/Storage/CFU_PYNQ_FIles/CFU_SRC/pynq_z2/pynq_z2/arunQAFDHGDZXVNBDXG_gae.srcs/sources_1/new/tul_pynq_z2.v:]
WARNING: [filemgmt 56-199] Attempt to get parsing info during refresh. "On-the-fly" syntax checking information may be incorrect. [/home/jsp/Storage/CFU_PYNQ_FIles/CFU_SRC/pynq_z2/pynq_z2/arunQAFDHGDZXVNBDXG_gae.srcs/sources_1/new/tul_pynq_z2.v:]
CRITICAL WARNING: [PSU-1]  Parameter : PCW_UIPARAM_DDR_DQS_TO_CLK_DELAY_0 has negative value -0.051 . PS DDR interfaces might fail when entering negative DQS skew values. 
CRITICAL WARNING: [PSU-2]  Parameter : PCW_UIPARAM_DDR_DQS_TO_CLK_DELAY_1 has negative value -0.006 . PS DDR interfaces might fail when entering negative DQS skew values. 
CRITICAL WARNING: [PSU-3]  Parameter : PCW_UIPARAM_DDR_DQS_TO_CLK_DELAY_2 has negative value -0.009 . PS DDR interfaces might fail when entering negative DQS skew values. 
CRITICAL WARNING: [PSU-4]  Parameter : PCW_UIPARAM_DDR_DQS_TO_CLK_DELAY_3 has negative value -0.033 . PS DDR interfaces might fail when entering negative DQS skew values. 
WARNING: [IP_Flow 19-474] Invalid Parameter 'Component_Name'
CRITICAL WARNING: [PSU-1]  Parameter : PCW_UIPARAM_DDR_DQS_TO_CLK_DELAY_0 has negative value -0.051 . PS DDR interfaces might fail when entering negative DQS skew values. 
CRITICAL WARNING: [PSU-2]  Parameter : PCW_UIPARAM_DDR_DQS_TO_CLK_DELAY_1 has negative value -0.006 . PS DDR interfaces might fail when entering negative DQS skew values. 
CRITICAL WARNING: [PSU-3]  Parameter : PCW_UIPARAM_DDR_DQS_TO_CLK_DELAY_2 has negative value -0.009 . PS DDR interfaces might fail when entering negative DQS skew values. 
CRITICAL WARNING: [PSU-4]  Parameter : PCW_UIPARAM_DDR_DQS_TO_CLK_DELAY_3 has negative value -0.033 . PS DDR interfaces might fail when entering negative DQS skew values. 
startgroup
set_property CONFIG.PCW_FPGA1_PERIPHERAL_FREQMHZ {80} [get_bd_cells processing_system7_0]
CRITICAL WARNING: [PSU-1]  Parameter : PCW_UIPARAM_DDR_DQS_TO_CLK_DELAY_0 has negative value -0.051 . PS DDR interfaces might fail when entering negative DQS skew values. 
CRITICAL WARNING: [PSU-2]  Parameter : PCW_UIPARAM_DDR_DQS_TO_CLK_DELAY_1 has negative value -0.006 . PS DDR interfaces might fail when entering negative DQS skew values. 
CRITICAL WARNING: [PSU-3]  Parameter : PCW_UIPARAM_DDR_DQS_TO_CLK_DELAY_2 has negative value -0.009 . PS DDR interfaces might fail when entering negative DQS skew values. 
CRITICAL WARNING: [PSU-4]  Parameter : PCW_UIPARAM_DDR_DQS_TO_CLK_DELAY_3 has negative value -0.033 . PS DDR interfaces might fail when entering negative DQS skew values. 
endgroup
reset_run system_processing_system7_0_0_synth_1
reset_run synth_1
INFO: [Project 1-1161] Replacing file /home/jsp/Storage/CFU_PYNQ_FIles/CFU_SRC/pynq_z2/pynq_z2/arunQAFDHGDZXVNBDXG_gae.srcs/utils_1/imports/synth_1/system_wrapper.dcp with file /home/jsp/Storage/CFU_PYNQ_FIles/CFU_SRC/pynq_z2/pynq_z2/arunQAFDHGDZXVNBDXG_gae.runs/synth_1/system_wrapper.dcp
save_bd_design
Wrote  : </home/jsp/Storage/CFU_PYNQ_FIles/CFU_SRC/pynq_z2/pynq_z2/arunQAFDHGDZXVNBDXG_gae.srcs/sources_1/bd/system/system.bd> 
WARNING: [filemgmt 56-199] Attempt to get parsing info during refresh. "On-the-fly" syntax checking information may be incorrect. [/home/jsp/Storage/CFU_PYNQ_FIles/CFU_SRC/donut-accel/cfu.v:]
WARNING: [filemgmt 56-199] Attempt to get parsing info during refresh. "On-the-fly" syntax checking information may be incorrect. [/home/jsp/Storage/CFU_PYNQ_FIles/CFU_SRC/pynq_z2/pynq_z2/arunQAFDHGDZXVNBDXG_gae.srcs/sources_1/imports/hdl/system_wrapper.v:]
WARNING: [filemgmt 56-199] Attempt to get parsing info during refresh. "On-the-fly" syntax checking information may be incorrect. [/home/jsp/Storage/CFU_PYNQ_FIles/CFU_SRC/pynq_z2/pynq_z2/arunQAFDHGDZXVNBDXG_gae.srcs/sources_1/new/tul_pynq_z2.v:]
WARNING: [filemgmt 56-199] Attempt to get parsing info during refresh. "On-the-fly" syntax checking information may be incorrect. [/home/jsp/Storage/CFU_PYNQ_FIles/CFU_SRC/pynq_z2/pynq_z2/arunQAFDHGDZXVNBDXG_gae.srcs/sources_1/new/tul_pynq_z2.v:]
WARNING: [filemgmt 56-199] Attempt to get parsing info during refresh. "On-the-fly" syntax checking information may be incorrect. [/home/jsp/Storage/CFU_PYNQ_FIles/CFU_SRC/pynq_z2/pynq_z2/arunQAFDHGDZXVNBDXG_gae.srcs/sources_1/new/tul_pynq_z2.v:]
launch_runs impl_1 -jobs 12
INFO: [Vivado 12-4149] The synthesis checkpoint for IP '/home/jsp/Storage/CFU_PYNQ_FIles/CFU_SRC/pynq_z2/pynq_z2/arunQAFDHGDZXVNBDXG_gae.srcs/sources_1/ip/cfu_decoupler/cfu_decoupler.xci' is already up-to-date
WARNING: [BD 41-702] Propagation TCL tries to overwrite USER strength parameter PCW_M_AXI_GP0_FREQMHZ(10) on '/processing_system7_0' with propagated value(100). Command ignored
INFO: [xilinx.com:ip:clk_wiz:6.0-1] /clk_wiz clk_wiz propagate
INFO: [xilinx.com:ip:clk_wiz:6.0-1] /clk_wiz clk_wiz propagate
Wrote  : </home/jsp/Storage/CFU_PYNQ_FIles/CFU_SRC/pynq_z2/pynq_z2/arunQAFDHGDZXVNBDXG_gae.srcs/sources_1/bd/system/system.bd> 
Verilog Output written to : /home/jsp/Storage/CFU_PYNQ_FIles/CFU_SRC/pynq_z2/pynq_z2/arunQAFDHGDZXVNBDXG_gae.gen/sources_1/bd/system/synth/system.v
Verilog Output written to : /home/jsp/Storage/CFU_PYNQ_FIles/CFU_SRC/pynq_z2/pynq_z2/arunQAFDHGDZXVNBDXG_gae.gen/sources_1/bd/system/sim/system.v
Verilog Output written to : /home/jsp/Storage/CFU_PYNQ_FIles/CFU_SRC/pynq_z2/pynq_z2/arunQAFDHGDZXVNBDXG_gae.gen/sources_1/bd/system/hdl/system_wrapper.v
INFO: [IP_Flow 19-5611] Unable to find an associated reset port for the interface 'M_AXI_GP0'. A default connection has been created.
INFO: [BD 41-1029] Generation completed for the IP Integrator block processing_system7_0 .
WARNING: [IP_Flow 19-4994] Overwriting existing constraint file '/home/jsp/Storage/CFU_PYNQ_FIles/CFU_SRC/pynq_z2/pynq_z2/arunQAFDHGDZXVNBDXG_gae.gen/sources_1/bd/system/ip/system_auto_pc_0/system_auto_pc_0_ooc.xdc'
INFO: [BD 41-1029] Generation completed for the IP Integrator block ps7_0_axi_periph/s00_couplers/auto_pc .
Exporting to file /home/jsp/Storage/CFU_PYNQ_FIles/CFU_SRC/pynq_z2/pynq_z2/arunQAFDHGDZXVNBDXG_gae.gen/sources_1/bd/system/hw_handoff/system.hwh
Generated Hardware Definition File /home/jsp/Storage/CFU_PYNQ_FIles/CFU_SRC/pynq_z2/pynq_z2/arunQAFDHGDZXVNBDXG_gae.gen/sources_1/bd/system/synth/system.hwdef
INFO: [IP_Flow 19-6924] IPCACHE: Running cache check for IP inst: system_auto_pc_0
INFO: [IP_Flow 19-6922] IPCACHE: Exporting cached entry 28dbe6f2fca8b92b to dir: /home/jsp/Storage/CFU_PYNQ_FIles/CFU_SRC/pynq_z2/pynq_z2/arunQAFDHGDZXVNBDXG_gae.gen/sources_1/bd/system/ip/system_auto_pc_0
INFO: [IP_Flow 19-6928] IPCACHE: copied cached file /home/jsp/Storage/CFU_PYNQ_FIles/CFU_SRC/pynq_z2/pynq_z2/arunQAFDHGDZXVNBDXG_gae.cache/ip/2024.1/2/8/28dbe6f2fca8b92b/system_auto_pc_0_sim_netlist.v to /home/jsp/Storage/CFU_PYNQ_FIles/CFU_SRC/pynq_z2/pynq_z2/arunQAFDHGDZXVNBDXG_gae.gen/sources_1/bd/system/ip/system_auto_pc_0/system_auto_pc_0_sim_netlist.v.
INFO: [IP_Flow 19-6926] IPCACHE: added file to list for BOM: /home/jsp/Storage/CFU_PYNQ_FIles/CFU_SRC/pynq_z2/pynq_z2/arunQAFDHGDZXVNBDXG_gae.gen/sources_1/bd/system/ip/system_auto_pc_0/system_auto_pc_0_sim_netlist.v
INFO: [IP_Flow 19-6928] IPCACHE: copied cached file /home/jsp/Storage/CFU_PYNQ_FIles/CFU_SRC/pynq_z2/pynq_z2/arunQAFDHGDZXVNBDXG_gae.cache/ip/2024.1/2/8/28dbe6f2fca8b92b/system_auto_pc_0_stub.v to /home/jsp/Storage/CFU_PYNQ_FIles/CFU_SRC/pynq_z2/pynq_z2/arunQAFDHGDZXVNBDXG_gae.gen/sources_1/bd/system/ip/system_auto_pc_0/system_auto_pc_0_stub.v.
INFO: [IP_Flow 19-6926] IPCACHE: added file to list for BOM: /home/jsp/Storage/CFU_PYNQ_FIles/CFU_SRC/pynq_z2/pynq_z2/arunQAFDHGDZXVNBDXG_gae.gen/sources_1/bd/system/ip/system_auto_pc_0/system_auto_pc_0_stub.v
INFO: [IP_Flow 19-6928] IPCACHE: copied cached file /home/jsp/Storage/CFU_PYNQ_FIles/CFU_SRC/pynq_z2/pynq_z2/arunQAFDHGDZXVNBDXG_gae.cache/ip/2024.1/2/8/28dbe6f2fca8b92b/system_auto_pc_0_sim_netlist.vhdl to /home/jsp/Storage/CFU_PYNQ_FIles/CFU_SRC/pynq_z2/pynq_z2/arunQAFDHGDZXVNBDXG_gae.gen/sources_1/bd/system/ip/system_auto_pc_0/system_auto_pc_0_sim_netlist.vhdl.
INFO: [IP_Flow 19-6926] IPCACHE: added file to list for BOM: /home/jsp/Storage/CFU_PYNQ_FIles/CFU_SRC/pynq_z2/pynq_z2/arunQAFDHGDZXVNBDXG_gae.gen/sources_1/bd/system/ip/system_auto_pc_0/system_auto_pc_0_sim_netlist.vhdl
INFO: [IP_Flow 19-6928] IPCACHE: copied cached file /home/jsp/Storage/CFU_PYNQ_FIles/CFU_SRC/pynq_z2/pynq_z2/arunQAFDHGDZXVNBDXG_gae.cache/ip/2024.1/2/8/28dbe6f2fca8b92b/system_auto_pc_0.dcp to /home/jsp/Storage/CFU_PYNQ_FIles/CFU_SRC/pynq_z2/pynq_z2/arunQAFDHGDZXVNBDXG_gae.gen/sources_1/bd/system/ip/system_auto_pc_0/system_auto_pc_0.dcp.
INFO: [IP_Flow 19-6926] IPCACHE: added file to list for BOM: /home/jsp/Storage/CFU_PYNQ_FIles/CFU_SRC/pynq_z2/pynq_z2/arunQAFDHGDZXVNBDXG_gae.gen/sources_1/bd/system/ip/system_auto_pc_0/system_auto_pc_0.dcp
INFO: [IP_Flow 19-6928] IPCACHE: copied cached file /home/jsp/Storage/CFU_PYNQ_FIles/CFU_SRC/pynq_z2/pynq_z2/arunQAFDHGDZXVNBDXG_gae.cache/ip/2024.1/2/8/28dbe6f2fca8b92b/system_auto_pc_0_stub.vhdl to /home/jsp/Storage/CFU_PYNQ_FIles/CFU_SRC/pynq_z2/pynq_z2/arunQAFDHGDZXVNBDXG_gae.gen/sources_1/bd/system/ip/system_auto_pc_0/system_auto_pc_0_stub.vhdl.
INFO: [IP_Flow 19-6926] IPCACHE: added file to list for BOM: /home/jsp/Storage/CFU_PYNQ_FIles/CFU_SRC/pynq_z2/pynq_z2/arunQAFDHGDZXVNBDXG_gae.gen/sources_1/bd/system/ip/system_auto_pc_0/system_auto_pc_0_stub.vhdl
INFO: [IP_Flow 19-4993] Using cached IP synthesis design for IP system_auto_pc_0, cache-ID = 28dbe6f2fca8b92b; cache size = 2.610 MB.
WARNING: [Project 1-478] Design 'synth_1' is stale and will not be used when launching 'impl_1'
[Tue Nov  4 18:26:00 2025] Launched system_processing_system7_0_0_synth_1, synth_1...
Run output will be captured here:
system_processing_system7_0_0_synth_1: /home/jsp/Storage/CFU_PYNQ_FIles/CFU_SRC/pynq_z2/pynq_z2/arunQAFDHGDZXVNBDXG_gae.runs/system_processing_system7_0_0_synth_1/runme.log
synth_1: /home/jsp/Storage/CFU_PYNQ_FIles/CFU_SRC/pynq_z2/pynq_z2/arunQAFDHGDZXVNBDXG_gae.runs/synth_1/runme.log
[Tue Nov  4 18:26:00 2025] Launched impl_1...
Run output will be captured here: /home/jsp/Storage/CFU_PYNQ_FIles/CFU_SRC/pynq_z2/pynq_z2/arunQAFDHGDZXVNBDXG_gae.runs/impl_1/runme.log
launch_runs: Time (s): cpu = 00:00:26 ; elapsed = 00:00:23 . Memory (MB): peak = 13753.977 ; gain = 243.914 ; free physical = 3412 ; free virtual = 15824
WARNING: [filemgmt 56-199] Attempt to get parsing info during refresh. "On-the-fly" syntax checking information may be incorrect. [/home/jsp/Storage/CFU_PYNQ_FIles/CFU_SRC/donut-accel/cfu.v:]
WARNING: [filemgmt 56-199] Attempt to get parsing info during refresh. "On-the-fly" syntax checking information may be incorrect. [/home/jsp/Storage/CFU_PYNQ_FIles/CFU_SRC/pynq_z2/pynq_z2/arunQAFDHGDZXVNBDXG_gae.srcs/sources_1/imports/hdl/system_wrapper.v:]
WARNING: [filemgmt 56-199] Attempt to get parsing info during refresh. "On-the-fly" syntax checking information may be incorrect. [/home/jsp/Storage/CFU_PYNQ_FIles/CFU_SRC/pynq_z2/pynq_z2/arunQAFDHGDZXVNBDXG_gae.srcs/sources_1/new/tul_pynq_z2.v:]
WARNING: [filemgmt 56-199] Attempt to get parsing info during refresh. "On-the-fly" syntax checking information may be incorrect. [/home/jsp/Storage/CFU_PYNQ_FIles/CFU_SRC/pynq_z2/pynq_z2/arunQAFDHGDZXVNBDXG_gae.srcs/sources_1/new/tul_pynq_z2.v:]
WARNING: [filemgmt 56-199] Attempt to get parsing info during refresh. "On-the-fly" syntax checking information may be incorrect. [/home/jsp/Storage/CFU_PYNQ_FIles/CFU_SRC/pynq_z2/pynq_z2/arunQAFDHGDZXVNBDXG_gae.srcs/sources_1/new/tul_pynq_z2.v:]
create_ip_run [get_files -of_objects [get_fileset sources_1] /home/jsp/Storage/CFU_PYNQ_FIles/CFU_SRC/pynq_z2/pynq_z2/arunQAFDHGDZXVNBDXG_gae.srcs/sources_1/bd/system/system.bd]
refresh_design
Netlist sorting complete. Time (s): cpu = 00:00:00.09 ; elapsed = 00:00:00.04 . Memory (MB): peak = 13753.977 ; gain = 0.000 ; free physical = 3503 ; free virtual = 15813
INFO: [Netlist 29-17] Analyzing 208 Unisim elements for replacement
INFO: [Netlist 29-28] Unisim Transformation completed in 0 CPU seconds
INFO: [Project 1-479] Netlist was created with Vivado 2024.1
INFO: [Project 1-570] Preparing netlist for logic optimization
Read ShapeDB Complete: Time (s): cpu = 00:00:00.01 ; elapsed = 00:00:00.01 . Memory (MB): peak = 13753.977 ; gain = 0.000 ; free physical = 3503 ; free virtual = 15813
INFO: [Timing 38-478] Restoring timing data from binary archive.
INFO: [Timing 38-479] Binary timing data restore complete.
INFO: [Project 1-856] Restoring constraints from binary archive.
INFO: [Project 1-853] Binary constraint restore complete.
INFO: [Designutils 20-5722] Start Reading Physical Databases.
Reading placement.
Read Netlist Cache: Time (s): cpu = 00:00:00 ; elapsed = 00:00:00 . Memory (MB): peak = 13753.977 ; gain = 0.000 ; free physical = 3503 ; free virtual = 15813
Reading placer database...
Read Device Cache: Time (s): cpu = 00:00:00.02 ; elapsed = 00:00:00.01 . Memory (MB): peak = 13753.977 ; gain = 0.000 ; free physical = 3503 ; free virtual = 15813
Read PlaceDB: Time (s): cpu = 00:00:00.23 ; elapsed = 00:00:00.22 . Memory (MB): peak = 13753.977 ; gain = 0.000 ; free physical = 3503 ; free virtual = 15813
Read PulsedLatchDB: Time (s): cpu = 00:00:00 ; elapsed = 00:00:00 . Memory (MB): peak = 13753.977 ; gain = 0.000 ; free physical = 3503 ; free virtual = 15813
Reading routing.
Read RouteStorage: Time (s): cpu = 00:00:00.11 ; elapsed = 00:00:00.04 . Memory (MB): peak = 13753.977 ; gain = 0.000 ; free physical = 3503 ; free virtual = 15813
Read Physdb Files: Time (s): cpu = 00:00:00.36 ; elapsed = 00:00:00.29 . Memory (MB): peak = 13753.977 ; gain = 0.000 ; free physical = 3503 ; free virtual = 15813
Restored from archive | CPU: 0.370000 secs | Memory: 7.525658 MB |
Finished XDEF File Restore: Time (s): cpu = 00:00:00.36 ; elapsed = 00:00:00.29 . Memory (MB): peak = 13753.977 ; gain = 0.000 ; free physical = 3503 ; free virtual = 15813
CRITICAL WARNING: [Timing 38-282] The design failed to meet the timing requirements. Please see the timing summary report for details on the timing violations.
exit
INFO: [Common 17-206] Exiting Vivado at Tue Nov  4 19:29:02 2025...
